sample_idx,label,audio_path,segment_id,Energy_Rất_yếu,Energy_Yếu,Energy_Vừa,Energy_Mạnh,Energy_Rất_mạnh,Harmony_Thấp,Harmony_Trung_bình,Harmony_Cao,Pitch_Rất_trầm,Pitch_Trầm,Pitch_Trung,Pitch_Cao,Pitch_Rất_cao,Spectral_Thấp,Spectral_Trung_bình,Spectral_Cao,Tempo_Chậm,Tempo_Vừa,Tempo_Nhanh,Timbre_Rất_thấp,Timbre_Thấp,Timbre_Trung_bình,Timbre_Cao,Timbre_Rất_cao,Vibrato_Ít_luyến,Vibrato_Vừa,Vibrato_Nhiều_luyến
0,Ca trù,ca_tru/audio_17_017.wav,1,0.9638,0.0156,0.0137,0.0047,0.0022,0.3328,0.3335,0.3337,0.1215,0.8285,0.0438,0.005,0.0013,0.0083,0.0333,0.9584,0.2741,0.6756,0.0503,0.2493,0.248,0.1976,0.1949,0.1102,0.8518,0.1308,0.0175
1,Ca trù,ca_tru/audio_17_017.wav,2,0.851,0.0676,0.0498,0.0215,0.01,0.3327,0.3335,0.3337,0.0564,0.8792,0.0585,0.0048,0.0011,0.0278,0.092,0.8802,0.64,0.3185,0.0415,0.2129,0.2133,0.2103,0.2094,0.1541,0.9999,0.0001,0.0
2,Ca trù,ca_tru/audio_17_090.wav,1,0.2261,0.1211,0.5935,0.0417,0.0176,0.3309,0.334,0.3351,0.0228,0.9278,0.046,0.0028,0.0006,0.0407,0.9297,0.0296,0.0067,0.9844,0.0089,0.2369,0.236,0.2005,0.1985,0.1281,0.0079,0.985,0.0071
3,Ca trù,ca_tru/audio_17_090.wav,2,0.4848,0.1308,0.3243,0.042,0.0182,0.3317,0.3338,0.3345,0.0504,0.7434,0.1957,0.0086,0.0018,0.1593,0.7907,0.05,0.0067,0.9844,0.0089,0.2569,0.255,0.1936,0.1906,0.1039,0.0712,0.5044,0.4244
4,Ca trù,ca_tru/audio_17_028.wav,1,0.0349,0.0329,0.9094,0.0158,0.0069,0.3341,0.3334,0.3325,0.0505,0.8919,0.052,0.0045,0.0011,0.4549,0.4744,0.0707,0.0021,0.0073,0.9906,0.2312,0.2301,0.1983,0.1967,0.1437,0.2482,0.7144,0.0374
5,Ca trù,ca_tru/audio_17_028.wav,2,0.0628,0.0562,0.8356,0.0308,0.0145,0.3342,0.3334,0.3324,0.2018,0.7053,0.0803,0.0099,0.0026,0.5622,0.3838,0.054,0.0422,0.1103,0.8475,0.2356,0.2343,0.197,0.1952,0.1379,0.3175,0.6429,0.0396
6,Ca trù,ca_tru/audio_13_005.wav,1,0.7575,0.1026,0.0836,0.0376,0.0187,0.3328,0.3335,0.3338,0.2616,0.6326,0.0905,0.012,0.0032,0.0069,0.0265,0.9666,0.969,0.0242,0.0069,0.1888,0.1895,0.2067,0.2073,0.2077,0.0805,0.8978,0.0217
7,Ca trù,ca_tru/audio_13_005.wav,2,0.6974,0.1166,0.1131,0.0478,0.025,0.3325,0.3335,0.334,0.0503,0.7332,0.2057,0.009,0.0019,0.0294,0.2007,0.7699,0.0542,0.7019,0.2439,0.1741,0.1752,0.208,0.2095,0.2332,0.0001,0.9998,0.0001
8,Ca trù,ca_tru/audio_33_096.wav,1,0.4586,0.1414,0.2917,0.0698,0.0386,0.3346,0.3331,0.3322,0.1112,0.8282,0.0533,0.0059,0.0015,0.0447,0.8298,0.1254,0.64,0.3185,0.0415,0.2487,0.247,0.195,0.1925,0.1169,0.191,0.7749,0.0341
9,Ca trù,ca_tru/audio_33_096.wav,2,0.559,0.187,0.1324,0.0795,0.0421,0.3348,0.3332,0.3321,0.1623,0.783,0.0476,0.0057,0.0014,0.0624,0.7197,0.2179,0.0263,0.1483,0.8254,0.2426,0.2411,0.1963,0.1941,0.1258,0.0107,0.9844,0.0048
10,Ca trù,ca_tru/audio_19_001.wav,1,0.0852,0.1301,0.5704,0.1381,0.0762,0.3337,0.3335,0.3328,0.1642,0.7372,0.086,0.01,0.0026,0.7836,0.151,0.0654,0.0067,0.9844,0.0089,0.215,0.2147,0.2028,0.202,0.1655,0.0005,0.0015,0.9981
11,Ca trù,ca_tru/audio_19_001.wav,2,0.1855,0.1169,0.5962,0.0662,0.0353,0.3327,0.3337,0.3336,0.0027,0.9944,0.0026,0.0002,0.0,0.9707,0.0224,0.0069,0.0263,0.1483,0.8254,0.2128,0.2127,0.2043,0.2037,0.1665,0.3693,0.5905,0.0402
12,Ca trù,ca_tru/audio_19_004.wav,1,0.0721,0.1336,0.5811,0.1465,0.0667,0.3345,0.3333,0.3322,0.0003,0.9994,0.0003,0.0,0.0,0.7622,0.1644,0.0734,0.0021,0.0073,0.9906,0.2189,0.2184,0.2014,0.2004,0.1608,0.0518,0.8413,0.1069
13,Ca trù,ca_tru/audio_19_004.wav,2,0.0702,0.16,0.4954,0.1993,0.075,0.332,0.3337,0.3342,0.0575,0.8658,0.0696,0.0058,0.0014,0.8405,0.1145,0.045,0.0263,0.1483,0.8254,0.2209,0.2204,0.2012,0.2001,0.1574,0.0205,0.085,0.8945
14,Ca trù,ca_tru/audio_9_003.wav,1,0.6615,0.1673,0.0934,0.0532,0.0247,0.3345,0.3331,0.3324,0.0242,0.1358,0.8297,0.0088,0.0016,0.0568,0.3766,0.5666,0.0542,0.7019,0.2439,0.2267,0.2264,0.2048,0.2033,0.1388,0.0709,0.6684,0.2606
15,Ca trù,ca_tru/audio_9_003.wav,2,0.6683,0.1526,0.0987,0.054,0.0263,0.3336,0.3336,0.3329,0.0274,0.9555,0.0152,0.0015,0.0004,0.0419,0.126,0.8321,0.0263,0.1483,0.8254,0.1969,0.1972,0.2035,0.2037,0.1986,0.3045,0.6562,0.0393
16,Ca trù,ca_tru/audio_25_002.wav,1,0.3683,0.1342,0.4332,0.0449,0.0194,0.3324,0.3336,0.334,0.5241,0.4073,0.0576,0.0087,0.0024,0.6155,0.3232,0.0614,0.0542,0.7019,0.2439,0.2356,0.2344,0.1982,0.1963,0.1355,0.0898,0.887,0.0232
17,Ca trù,ca_tru/audio_25_002.wav,2,0.1137,0.1423,0.4963,0.1477,0.1,0.3329,0.3333,0.3338,0.0175,0.0539,0.91,0.0163,0.0023,0.7857,0.1569,0.0574,0.0067,0.9844,0.0089,0.2421,0.2409,0.1987,0.1964,0.1219,0.0291,0.9312,0.0397
18,Ca trù,ca_tru/audio_2_010.wav,1,0.0565,0.1363,0.6605,0.1102,0.0365,0.3333,0.3333,0.3334,0.6154,0.3026,0.0668,0.0118,0.0034,0.7544,0.1698,0.0758,0.0542,0.7019,0.2439,0.2258,0.2251,0.2,0.1987,0.1505,0.3407,0.6193,0.04
19,Ca trù,ca_tru/audio_2_010.wav,2,0.0635,0.2061,0.6109,0.0934,0.0263,0.3331,0.3333,0.3335,0.0361,0.8838,0.0745,0.0045,0.001,0.7258,0.1867,0.0875,0.0542,0.7019,0.2439,0.2236,0.2229,0.1998,0.1986,0.155,0.06,0.3461,0.5939
20,Ca trù,ca_tru/audio_24_003.wav,1,0.0863,0.1355,0.5422,0.1514,0.0847,0.3341,0.3331,0.3328,0.0395,0.0532,0.0782,0.3906,0.4385,0.8026,0.1634,0.034,0.9905,0.0078,0.0017,0.2187,0.2184,0.2029,0.2019,0.1581,0.0709,0.6697,0.2594
21,Ca trù,ca_tru/audio_24_003.wav,2,0.0691,0.1522,0.5344,0.1765,0.0677,0.3337,0.3332,0.3332,0.0866,0.8497,0.057,0.0055,0.0013,0.7748,0.1566,0.0686,0.0263,0.1483,0.8254,0.2223,0.2217,0.2015,0.2004,0.1541,0.0501,0.8501,0.0998
22,Ca trù,ca_tru/audio_17_005.wav,1,0.5742,0.1778,0.1317,0.0759,0.0404,0.3335,0.3335,0.3331,0.0225,0.0297,0.0423,0.1673,0.7383,0.0483,0.4584,0.4933,0.0542,0.7019,0.2439,0.2154,0.2154,0.2057,0.2049,0.1586,0.2196,0.2983,0.4821
23,Ca trù,ca_tru/audio_17_005.wav,2,0.877,0.0473,0.0514,0.0164,0.0079,0.3339,0.3334,0.3326,0.616,0.3018,0.067,0.0118,0.0034,0.8114,0.1569,0.0318,0.0372,0.9449,0.0179,0.181,0.1822,0.2136,0.2147,0.2086,0.9717,0.0243,0.0041
24,Ca trù,ca_tru/audio_38_010.wav,1,0.3829,0.2314,0.1714,0.1325,0.0819,0.3336,0.3334,0.333,0.6055,0.222,0.1162,0.0409,0.0153,0.5084,0.2942,0.1974,0.5359,0.2878,0.1764,0.1938,0.1941,0.2008,0.2011,0.2103,0.7144,0.2038,0.0819
25,Ca trù,ca_tru/audio_38_010.wav,2,0.3829,0.2314,0.1714,0.1325,0.0819,0.3336,0.3334,0.333,0.6055,0.222,0.1162,0.0409,0.0153,0.5084,0.2942,0.1974,0.5359,0.2878,0.1764,0.1938,0.1941,0.2008,0.2011,0.2103,0.7144,0.2038,0.0819
26,Ca trù,ca_tru/audio_3_002.wav,1,0.0651,0.2054,0.3373,0.3135,0.0786,0.3335,0.3334,0.3331,0.5809,0.345,0.0614,0.0099,0.0028,0.8182,0.1288,0.053,0.9905,0.0078,0.0017,0.2271,0.2262,0.1991,0.1977,0.1498,0.0002,0.9996,0.0001
27,Ca trù,ca_tru/audio_3_002.wav,2,0.0697,0.3542,0.3259,0.207,0.0432,0.3336,0.3334,0.333,0.1138,0.842,0.0388,0.0044,0.0011,0.9785,0.0165,0.0049,0.0542,0.7019,0.2439,0.2356,0.2344,0.1976,0.1958,0.1365,0.0027,0.9953,0.0021
28,Ca trù,ca_tru/audio_33_072.wav,1,0.6726,0.1122,0.1721,0.0304,0.0127,0.334,0.3334,0.3326,0.7666,0.195,0.0319,0.0051,0.0014,0.9343,0.052,0.0137,0.969,0.0242,0.0069,0.2211,0.2207,0.2039,0.2028,0.1515,0.568,0.3955,0.0365
29,Ca trù,ca_tru/audio_33_072.wav,2,0.7059,0.1305,0.0931,0.0472,0.0233,0.3342,0.3332,0.3326,0.1853,0.7605,0.0471,0.0057,0.0014,0.4485,0.4882,0.0633,0.0372,0.9449,0.0179,0.2436,0.2418,0.1945,0.1923,0.1279,0.1675,0.8002,0.0322
30,Ca trù,ca_tru/audio_27_001.wav,1,0.1274,0.1371,0.6826,0.0386,0.0142,0.3329,0.3336,0.3335,0.0058,0.0264,0.9644,0.0028,0.0005,0.1804,0.7274,0.0922,0.0067,0.9844,0.0089,0.2185,0.2184,0.2052,0.2042,0.1536,0.0727,0.5687,0.3587
31,Ca trù,ca_tru/audio_27_001.wav,2,0.3142,0.1444,0.4163,0.0798,0.0452,0.3329,0.3333,0.3337,0.0877,0.3727,0.5098,0.0251,0.0048,0.0686,0.6372,0.2942,0.8157,0.1334,0.0509,0.1761,0.177,0.2041,0.2054,0.2375,0.0025,0.9956,0.0019
32,Ca trù,ca_tru/audio_17_035.wav,1,0.2262,0.1263,0.5887,0.0416,0.0172,0.3326,0.3335,0.334,0.1401,0.6979,0.1435,0.0149,0.0037,0.0274,0.178,0.7945,0.0263,0.1483,0.8254,0.2282,0.2274,0.1995,0.1981,0.1468,0.0003,0.9996,0.0002
33,Ca trù,ca_tru/audio_17_035.wav,2,0.2199,0.1106,0.6046,0.0447,0.0203,0.3333,0.3335,0.3332,0.2249,0.6872,0.0759,0.0096,0.0025,0.1531,0.7941,0.0528,0.0263,0.1483,0.8254,0.2421,0.2406,0.1963,0.1942,0.1268,0.084,0.8937,0.0223
34,Ca trù,ca_tru/audio_33_001.wav,1,0.8369,0.0759,0.0527,0.0236,0.0109,0.3355,0.3333,0.3312,0.1177,0.8059,0.0673,0.0073,0.0018,0.1873,0.7289,0.0838,0.0542,0.7019,0.2439,0.2467,0.245,0.1947,0.1923,0.1212,0.0045,0.0161,0.9794
35,Ca trù,ca_tru/audio_33_001.wav,2,0.508,0.2098,0.1401,0.0925,0.0495,0.3339,0.3335,0.3326,0.3535,0.5626,0.0713,0.01,0.0027,0.292,0.6268,0.0812,0.0263,0.1483,0.8254,0.2612,0.2585,0.188,0.1851,0.1072,0.0002,0.9997,0.0001
36,Ca trù,ca_tru/audio_9_007.wav,1,0.9491,0.0207,0.022,0.0057,0.0025,0.3345,0.3334,0.3321,0.0055,0.025,0.9664,0.0027,0.0005,0.0321,0.1823,0.7856,0.9336,0.0507,0.0157,0.2276,0.2271,0.2028,0.2013,0.1412,0.0073,0.0272,0.9655
37,Ca trù,ca_tru/audio_9_007.wav,2,0.5916,0.1682,0.1301,0.0718,0.0382,0.3331,0.3332,0.3337,0.2275,0.3108,0.2975,0.1221,0.0421,0.0558,0.1466,0.7976,0.0067,0.9844,0.0089,0.1797,0.1804,0.2029,0.2039,0.2331,0.0129,0.0347,0.9524
38,Ca trù,ca_tru/audio_1_007.wav,1,0.1163,0.0912,0.7117,0.0534,0.0274,0.333,0.3336,0.3334,0.0668,0.8175,0.1064,0.0076,0.0017,0.4682,0.462,0.0698,0.0542,0.7019,0.2439,0.1979,0.1984,0.2078,0.2079,0.188,0.3891,0.5707,0.0403
39,Ca trù,ca_tru/audio_1_007.wav,2,0.0561,0.0671,0.8068,0.0471,0.0229,0.3337,0.3336,0.3327,0.4507,0.4708,0.0661,0.0097,0.0026,0.0428,0.8987,0.0585,0.2741,0.6756,0.0503,0.2268,0.2261,0.2015,0.2001,0.1456,0.0455,0.8714,0.0831
40,Ca trù,ca_tru/audio_17_098.wav,1,0.4202,0.1467,0.3716,0.0435,0.0181,0.3327,0.3336,0.3337,0.1535,0.6463,0.1766,0.0189,0.0047,0.0413,0.8048,0.1539,0.0263,0.1483,0.8254,0.2389,0.2376,0.1978,0.1958,0.1299,0.0332,0.1515,0.8153
41,Ca trù,ca_tru/audio_17_098.wav,2,0.5394,0.1283,0.2764,0.0391,0.0168,0.3333,0.3334,0.3332,0.0862,0.4888,0.3987,0.0217,0.0046,0.0113,0.0397,0.949,0.969,0.0242,0.0069,0.2274,0.2269,0.2032,0.2016,0.1409,0.0106,0.029,0.9605
42,Ca trù,ca_tru/audio_21_010.wav,1,0.0965,0.1492,0.4243,0.1954,0.1346,0.3339,0.3333,0.3328,0.0394,0.8348,0.1186,0.006,0.0013,0.6852,0.21,0.1047,0.0021,0.0073,0.9906,0.2268,0.2259,0.1996,0.1982,0.1495,0.037,0.1739,0.7891
43,Ca trù,ca_tru/audio_21_010.wav,2,0.0644,0.0665,0.8052,0.0428,0.0211,0.3335,0.3335,0.333,0.1216,0.8313,0.0414,0.0046,0.0012,0.6227,0.2433,0.1341,0.0542,0.7019,0.2439,0.2266,0.2257,0.1992,0.1979,0.1507,0.0014,0.9976,0.001
44,Ca trù,ca_tru/audio_28_003.wav,1,0.9097,0.0352,0.0378,0.0117,0.0055,0.3314,0.3334,0.3351,0.9167,0.0582,0.0193,0.0045,0.0014,0.1586,0.7827,0.0587,0.0372,0.9449,0.0179,0.1605,0.1618,0.202,0.2042,0.2714,0.8142,0.1649,0.0209
45,Ca trù,ca_tru/audio_28_003.wav,2,0.9826,0.0082,0.0061,0.0022,0.0009,0.3309,0.3334,0.3356,0.9376,0.0458,0.0131,0.0027,0.0008,0.2029,0.7322,0.0649,0.9905,0.0078,0.0017,0.1766,0.1777,0.2096,0.211,0.2251,0.8122,0.1667,0.0211
46,Ca trù,ca_tru/audio_3_005.wav,1,0.0736,0.3721,0.376,0.1445,0.0338,0.3335,0.3335,0.333,0.035,0.866,0.0929,0.005,0.0011,0.8241,0.125,0.0509,0.2741,0.6756,0.0503,0.2305,0.2294,0.1981,0.1966,0.1454,0.0676,0.437,0.4954
47,Ca trù,ca_tru/audio_3_005.wav,2,0.0681,0.2778,0.3612,0.2405,0.0524,0.3336,0.3334,0.333,0.0267,0.0763,0.8623,0.0306,0.0041,0.8429,0.1125,0.0446,0.2741,0.6756,0.0503,0.2276,0.2267,0.1989,0.1976,0.1491,0.0467,0.8659,0.0873
48,Ca trù,ca_tru/audio_3_004.wav,1,0.0632,0.3204,0.2529,0.3094,0.054,0.3334,0.3335,0.3332,0.3036,0.6021,0.0804,0.011,0.0029,0.9845,0.0121,0.0034,0.64,0.3185,0.0415,0.2333,0.2322,0.1981,0.1964,0.14,0.0466,0.8667,0.0867
49,Ca trù,ca_tru/audio_3_004.wav,2,0.0674,0.2656,0.3575,0.2538,0.0555,0.3331,0.3335,0.3334,0.1445,0.8051,0.0439,0.0051,0.0013,0.8204,0.1274,0.0522,0.0067,0.9844,0.0089,0.2344,0.2333,0.1985,0.1968,0.1369,0.0708,0.6703,0.2589
50,Ca trù,ca_tru/audio_17_022.wav,1,0.1506,0.1068,0.647,0.0625,0.0331,0.3335,0.3333,0.3332,0.0352,0.8703,0.0885,0.0049,0.0011,0.0213,0.0697,0.9089,0.0263,0.1483,0.8254,0.2081,0.2081,0.2039,0.2035,0.1763,0.0726,0.6124,0.3151
51,Ca trù,ca_tru/audio_17_022.wav,2,0.9172,0.0425,0.0268,0.0095,0.0039,0.3346,0.3331,0.3323,0.0858,0.4363,0.4486,0.0242,0.0051,0.0233,0.1152,0.8615,0.0067,0.9844,0.0089,0.2125,0.2125,0.2042,0.2035,0.1673,0.0116,0.0315,0.9569
52,Ca trù,ca_tru/audio_16_011.wav,1,0.6639,0.1437,0.1081,0.0558,0.0285,0.3328,0.3336,0.3336,0.2916,0.645,0.0544,0.0071,0.0018,0.047,0.7362,0.2168,0.996,0.0032,0.0008,0.1868,0.1886,0.2305,0.2313,0.1629,0.1737,0.7936,0.0327
53,Ca trù,ca_tru/audio_16_011.wav,2,0.5189,0.198,0.1439,0.09,0.0492,0.3333,0.3336,0.3331,0.0173,0.0841,0.8898,0.0075,0.0013,0.0169,0.0553,0.9278,0.0067,0.9844,0.0089,0.1931,0.1939,0.2115,0.212,0.1895,0.0124,0.0482,0.9394
54,Ca trù,ca_tru/audio_33_095.wav,1,0.5851,0.1795,0.1245,0.0731,0.0379,0.3356,0.3331,0.3313,0.0322,0.8851,0.0773,0.0044,0.001,0.0617,0.8521,0.0861,0.0542,0.7019,0.2439,0.2589,0.2563,0.1891,0.1862,0.1095,0.0014,0.9978,0.0008
55,Ca trù,ca_tru/audio_33_095.wav,2,0.2584,0.1263,0.5183,0.0639,0.0332,0.3341,0.3331,0.3328,0.4856,0.4037,0.0909,0.0154,0.0044,0.0273,0.0917,0.8809,0.969,0.0242,0.0069,0.2384,0.2372,0.1979,0.1959,0.1306,0.0648,0.9163,0.0189
56,Ca trù,ca_tru/audio_1_001.wav,1,0.1117,0.1486,0.443,0.1716,0.125,0.3333,0.3334,0.3333,0.0533,0.6808,0.2539,0.01,0.0021,0.1442,0.7962,0.0596,0.8674,0.0982,0.0344,0.215,0.2151,0.2069,0.206,0.157,0.0069,0.9898,0.0033
57,Ca trù,ca_tru/audio_1_001.wav,2,0.1125,0.3816,0.4169,0.0686,0.0204,0.333,0.3336,0.3334,0.0531,0.6723,0.2623,0.0101,0.0021,0.0455,0.8687,0.0858,0.8965,0.0877,0.0157,0.2243,0.224,0.2046,0.2032,0.1439,0.0149,0.9787,0.0064
58,Ca trù,ca_tru/audio_24_016.wav,1,0.0902,0.475,0.3309,0.0819,0.022,0.3346,0.3333,0.3321,0.2773,0.5927,0.1105,0.0153,0.0041,0.9355,0.0482,0.0162,0.8965,0.0877,0.0157,0.2259,0.2251,0.2004,0.1991,0.1495,0.0274,0.1196,0.853
59,Ca trù,ca_tru/audio_24_016.wav,2,0.1002,0.5655,0.2481,0.0674,0.0188,0.3335,0.3334,0.3331,0.0337,0.8861,0.0747,0.0045,0.001,0.8597,0.1017,0.0386,0.0422,0.1103,0.8475,0.226,0.2252,0.1996,0.1983,0.1508,0.0013,0.0039,0.9948
60,Ca trù,ca_tru/audio_17_013.wav,1,0.0248,0.0247,0.9338,0.0117,0.005,0.3339,0.3334,0.3327,0.0514,0.8997,0.0439,0.004,0.001,0.3499,0.5898,0.0603,0.0067,0.9844,0.0089,0.2382,0.2379,0.2067,0.2043,0.1128,0.0433,0.8809,0.0758
61,Ca trù,ca_tru/audio_17_013.wav,2,0.5213,0.1252,0.2949,0.0407,0.0179,0.3338,0.3334,0.3328,0.1792,0.6578,0.1421,0.0167,0.0043,0.0389,0.9121,0.0491,0.0542,0.7019,0.2439,0.235,0.2345,0.2042,0.2022,0.1241,0.047,0.2389,0.7141
62,Ca trù,ca_tru/audio_36_015.wav,1,0.956,0.0183,0.0174,0.0057,0.0026,0.3332,0.3336,0.3332,0.2187,0.6177,0.1406,0.0182,0.0048,0.0222,0.0705,0.9073,0.64,0.3185,0.0415,0.224,0.2241,0.2098,0.2083,0.1338,0.0134,0.0528,0.9337
63,Ca trù,ca_tru/audio_36_015.wav,2,0.851,0.0649,0.0522,0.0216,0.0103,0.3337,0.3334,0.3329,0.2002,0.6326,0.1446,0.018,0.0046,0.0328,0.0991,0.8682,0.0263,0.1483,0.8254,0.2164,0.2165,0.2077,0.2068,0.1526,0.0468,0.1067,0.8465
64,Ca trù,ca_tru/audio_6_004.wav,1,0.9149,0.0393,0.0289,0.0116,0.0053,0.3339,0.3332,0.3329,0.0365,0.9143,0.0448,0.0036,0.0008,0.0131,0.0731,0.9138,0.0067,0.9844,0.0089,0.2268,0.2262,0.2022,0.2008,0.144,0.1045,0.8702,0.0253
65,Ca trù,ca_tru/audio_6_004.wav,2,0.0162,0.0171,0.9556,0.0079,0.0033,0.3334,0.3332,0.3335,0.0492,0.752,0.1885,0.0085,0.0018,0.0375,0.1073,0.8553,0.9336,0.0507,0.0157,0.2245,0.2243,0.2068,0.2053,0.139,0.0085,0.0319,0.9596
66,Ca trù,ca_tru/audio_32_006.wav,1,0.7953,0.0998,0.0617,0.0297,0.0135,0.3345,0.3331,0.3324,0.5502,0.3688,0.0671,0.0108,0.003,0.07,0.3496,0.5804,0.969,0.0242,0.0069,0.2482,0.2461,0.1924,0.19,0.1233,0.895,0.0919,0.0131
67,Ca trù,ca_tru/audio_32_006.wav,2,0.7942,0.0958,0.065,0.0306,0.0144,0.3347,0.333,0.3322,0.0048,0.9903,0.0044,0.0004,0.0001,0.0622,0.4477,0.4901,0.0263,0.1483,0.8254,0.2522,0.2499,0.1907,0.1882,0.1189,0.0017,0.9971,0.0012
68,Ca trù,ca_tru/audio_10_003.wav,1,0.0712,0.0604,0.8211,0.0322,0.0152,0.3341,0.3333,0.3326,0.4681,0.4323,0.0827,0.0132,0.0037,0.3266,0.6097,0.0637,0.0542,0.7019,0.2439,0.2329,0.232,0.2005,0.1988,0.1358,0.0786,0.9,0.0214
69,Ca trù,ca_tru/audio_10_003.wav,2,0.003,0.0037,0.9909,0.0017,0.0007,0.3336,0.3332,0.3332,0.0686,0.5142,0.3975,0.0164,0.0034,0.0192,0.9479,0.0329,0.0542,0.7019,0.2439,0.2238,0.2232,0.2018,0.2005,0.1506,0.0042,0.9937,0.0021
70,Ca trù,ca_tru/audio_35_001.wav,1,0.0732,0.2724,0.5369,0.0923,0.0253,0.333,0.3335,0.3334,0.1011,0.8037,0.0847,0.0084,0.0021,0.0046,0.9903,0.0051,0.8989,0.0759,0.0252,0.2459,0.2443,0.1951,0.1928,0.1219,0.052,0.8402,0.1078
71,Ca trù,ca_tru/audio_35_001.wav,2,0.0178,0.0189,0.9517,0.0082,0.0034,0.3323,0.3337,0.334,0.1311,0.7777,0.081,0.0082,0.0019,0.7296,0.2297,0.0407,0.0542,0.7019,0.2439,0.2139,0.2138,0.204,0.2033,0.1649,0.9998,0.0002,0.0
72,Ca trù,ca_tru/audio_5_002.wav,1,0.0863,0.07,0.8067,0.0262,0.0108,0.3328,0.3334,0.3338,0.2866,0.6111,0.0873,0.0119,0.0032,0.0525,0.6312,0.3163,0.0542,0.7019,0.2439,0.1908,0.1923,0.2242,0.2248,0.1679,0.5208,0.441,0.0382
73,Ca trù,ca_tru/audio_5_002.wav,2,0.3198,0.3914,0.2166,0.0538,0.0183,0.3328,0.3333,0.3338,0.352,0.5219,0.1057,0.016,0.0044,0.0118,0.0589,0.9293,0.0542,0.7019,0.2439,0.2088,0.2092,0.2103,0.2098,0.1619,0.157,0.8117,0.0313
74,Ca trù,ca_tru/audio_11_006.wav,1,0.9887,0.0051,0.0041,0.0014,0.0006,0.3315,0.3339,0.3346,0.2727,0.57,0.1332,0.019,0.0051,0.2407,0.6873,0.072,0.0067,0.9844,0.0089,0.2396,0.2387,0.2012,0.199,0.1215,0.0255,0.1102,0.8643
75,Ca trù,ca_tru/audio_11_006.wav,2,0.5479,0.1251,0.243,0.0552,0.0288,0.3322,0.3336,0.3342,0.139,0.806,0.0482,0.0054,0.0013,0.1231,0.8328,0.0441,0.0542,0.7019,0.2439,0.2313,0.2311,0.2064,0.2045,0.1267,0.2533,0.7091,0.0376
76,Ca trù,ca_tru/audio_33_079.wav,1,0.8995,0.0385,0.0429,0.013,0.0061,0.3341,0.3333,0.3326,0.083,0.5088,0.3838,0.0201,0.0043,0.4944,0.4458,0.0598,0.0067,0.9844,0.0089,0.2289,0.2282,0.2019,0.2003,0.1407,0.0464,0.2342,0.7194
77,Ca trù,ca_tru/audio_33_079.wav,2,0.0433,0.0922,0.7766,0.065,0.023,0.3338,0.3333,0.3328,0.1164,0.815,0.0604,0.0066,0.0017,0.881,0.0871,0.0318,0.2741,0.6756,0.0503,0.2577,0.2552,0.1896,0.1868,0.1107,0.3417,0.6183,0.04
78,Ca trù,ca_tru/audio_7_003.wav,1,0.0295,0.0335,0.9194,0.0127,0.0049,0.3337,0.3335,0.3328,0.029,0.1517,0.8067,0.0106,0.0019,0.915,0.0628,0.0221,0.2741,0.6756,0.0503,0.2368,0.2361,0.2035,0.2014,0.1223,0.0755,0.1553,0.7692
79,Ca trù,ca_tru/audio_7_003.wav,2,0.0187,0.0267,0.9313,0.0164,0.0069,0.3335,0.3335,0.3329,0.226,0.7159,0.0503,0.0062,0.0016,0.7806,0.153,0.0664,0.8674,0.0982,0.0344,0.2192,0.2192,0.2074,0.2063,0.1479,0.028,0.1232,0.8487
80,Ca trù,ca_tru/audio_35_011.wav,1,0.1049,0.143,0.4875,0.1589,0.1058,0.3332,0.3335,0.3333,0.1424,0.7911,0.0585,0.0064,0.0016,0.9269,0.0546,0.0185,0.0263,0.1483,0.8254,0.2085,0.2085,0.2044,0.204,0.1746,0.833,0.1478,0.0192
81,Ca trù,ca_tru/audio_35_011.wav,2,0.0941,0.1413,0.4996,0.1639,0.101,0.3332,0.3335,0.3333,0.6219,0.3211,0.0478,0.0072,0.0019,0.8295,0.122,0.0486,0.8398,0.1172,0.043,0.2047,0.2048,0.204,0.2038,0.1826,0.9952,0.004,0.0008
82,Ca trù,ca_tru/audio_24_000.wav,1,0.0769,0.1417,0.5304,0.1693,0.0817,0.3337,0.3333,0.3331,0.0373,0.0521,0.0804,0.5609,0.2694,0.9546,0.0366,0.0088,0.8157,0.1334,0.0509,0.2175,0.2172,0.2032,0.2023,0.1599,0.0132,0.9735,0.0134
83,Ca trù,ca_tru/audio_24_000.wav,2,0.0178,0.0335,0.925,0.0174,0.0062,0.3347,0.3331,0.3322,0.0669,0.7063,0.2136,0.0109,0.0023,0.7924,0.1455,0.062,0.7337,0.1856,0.0808,0.2137,0.2135,0.2041,0.2033,0.1654,0.0295,0.93,0.0405
84,Ca trù,ca_tru/audio_20_004.wav,1,0.0302,0.1311,0.0874,0.6928,0.0585,0.3344,0.3329,0.3327,0.0324,0.0959,0.8389,0.0287,0.0041,0.9937,0.0049,0.0014,0.969,0.0242,0.0069,0.1618,0.1627,0.1947,0.1965,0.2844,0.0102,0.9801,0.0097
85,Ca trù,ca_tru/audio_20_004.wav,2,0.0473,0.6598,0.0651,0.1966,0.0312,0.333,0.3331,0.3339,0.0924,0.6318,0.2572,0.0154,0.0032,0.9805,0.0153,0.0042,0.969,0.0242,0.0069,0.1634,0.1643,0.196,0.1978,0.2786,0.2192,0.7449,0.0359
86,Ca trù,ca_tru/audio_33_071.wav,1,0.4621,0.2125,0.2635,0.045,0.017,0.3345,0.3334,0.3321,0.1055,0.8506,0.0385,0.0043,0.0011,0.206,0.7396,0.0544,0.64,0.3185,0.0415,0.2406,0.2391,0.1964,0.1943,0.1296,0.0723,0.6295,0.2982
87,Ca trù,ca_tru/audio_33_071.wav,2,0.2516,0.1542,0.4269,0.1025,0.0648,0.334,0.3333,0.3327,0.4189,0.4783,0.086,0.0132,0.0036,0.5672,0.3728,0.0601,0.969,0.0242,0.0069,0.2511,0.2492,0.194,0.1914,0.1143,0.004,0.994,0.002
88,Ca trù,ca_tru/audio_9_005.wav,1,0.4077,0.2362,0.2901,0.0482,0.0179,0.335,0.3332,0.3317,0.1573,0.7091,0.1171,0.0131,0.0033,0.0287,0.1446,0.8267,0.2741,0.6756,0.0503,0.2185,0.2185,0.2074,0.2063,0.1494,0.0655,0.4074,0.5271
89,Ca trù,ca_tru/audio_9_005.wav,2,0.9652,0.0149,0.0143,0.0039,0.0017,0.3326,0.3338,0.3337,0.057,0.7258,0.2056,0.0096,0.002,0.0234,0.1356,0.841,0.0542,0.7019,0.2439,0.2115,0.2118,0.2093,0.2086,0.1589,0.0121,0.9825,0.0054
90,Ca trù,ca_tru/audio_1_010.wav,1,0.0385,0.0744,0.0876,0.2029,0.5966,0.3321,0.3332,0.3346,0.1852,0.5545,0.2253,0.0279,0.007,0.0304,0.8771,0.0925,0.969,0.0242,0.0069,0.1323,0.1339,0.1933,0.197,0.3436,0.2289,0.7347,0.0364
91,Ca trù,ca_tru/audio_1_010.wav,2,0.0475,0.0851,0.1035,0.2002,0.5638,0.333,0.3333,0.3337,0.01,0.013,0.018,0.0587,0.9003,0.0011,0.9974,0.0015,0.0021,0.0073,0.9906,0.1323,0.1335,0.18,0.1829,0.3713,0.0023,0.0079,0.9898
92,Ca trù,ca_tru/audio_27_008.wav,1,0.0298,0.052,0.8695,0.035,0.0137,0.3334,0.3335,0.3331,0.0321,0.8812,0.0813,0.0044,0.001,0.9808,0.015,0.0041,0.2741,0.6756,0.0503,0.2236,0.2232,0.2034,0.2021,0.1478,0.0716,0.6512,0.2772
93,Ca trù,ca_tru/audio_27_008.wav,2,0.0656,0.222,0.5548,0.1242,0.0335,0.3334,0.3335,0.3331,0.0573,0.9137,0.0257,0.0027,0.0007,0.9064,0.0762,0.0174,0.64,0.3185,0.0415,0.221,0.2206,0.2033,0.2021,0.153,0.0676,0.721,0.2114
94,Ca trù,ca_tru/audio_36_017.wav,1,0.3829,0.2314,0.1714,0.1325,0.0819,0.3336,0.3334,0.333,0.6055,0.222,0.1162,0.0409,0.0153,0.5084,0.2942,0.1974,0.5359,0.2878,0.1764,0.1938,0.1941,0.2008,0.2011,0.2103,0.7144,0.2038,0.0819
95,Ca trù,ca_tru/audio_36_017.wav,2,0.3829,0.2314,0.1714,0.1325,0.0819,0.3336,0.3334,0.333,0.6055,0.222,0.1162,0.0409,0.0153,0.5084,0.2942,0.1974,0.5359,0.2878,0.1764,0.1938,0.1941,0.2008,0.2011,0.2103,0.7144,0.2038,0.0819
96,Ca trù,ca_tru/audio_17_089.wav,1,0.604,0.1143,0.2097,0.0477,0.0243,0.3324,0.3336,0.3341,0.8236,0.1458,0.0253,0.0041,0.0011,0.0092,0.9744,0.0164,0.0542,0.7019,0.2439,0.2211,0.2209,0.2048,0.2036,0.1496,0.9826,0.0148,0.0026
97,Ca trù,ca_tru/audio_17_089.wav,2,0.7014,0.0987,0.1392,0.0402,0.0206,0.3324,0.3336,0.334,0.0661,0.5665,0.3497,0.0146,0.0031,0.0478,0.7372,0.215,0.0067,0.9844,0.0089,0.2135,0.2136,0.2065,0.2057,0.1606,0.0687,0.7072,0.2242
98,Ca trù,ca_tru/audio_32_011.wav,1,0.8409,0.0765,0.0498,0.0226,0.0102,0.333,0.3333,0.3337,0.7009,0.1824,0.0826,0.0252,0.0089,0.0354,0.1229,0.8417,0.64,0.3185,0.0415,0.2489,0.2469,0.1933,0.1909,0.12,0.7923,0.154,0.0537
99,Ca trù,ca_tru/audio_32_011.wav,2,0.8483,0.0747,0.0466,0.021,0.0094,0.3331,0.3333,0.3337,0.702,0.1819,0.0822,0.0251,0.0088,0.0412,0.1501,0.8087,0.64,0.3185,0.0415,0.2448,0.2431,0.1948,0.1925,0.1249,0.7662,0.1712,0.0626
100,Ca trù,ca_tru/audio_35_005.wav,1,0.164,0.1416,0.6384,0.0405,0.0154,0.3329,0.3336,0.3335,0.0401,0.9209,0.0352,0.003,0.0007,0.7118,0.2416,0.0466,0.8965,0.0877,0.0157,0.2204,0.2201,0.2046,0.2035,0.1515,0.0092,0.9866,0.0043
101,Ca trù,ca_tru/audio_35_005.wav,2,0.0828,0.1255,0.5938,0.1286,0.0694,0.3328,0.3335,0.3336,0.0311,0.9499,0.0169,0.0017,0.0004,0.917,0.0664,0.0167,0.0067,0.9844,0.0089,0.2275,0.2269,0.202,0.2006,0.143,0.7104,0.2607,0.0289
102,Ca trù,ca_tru/audio_30_008.wav,1,0.0565,0.0824,0.8255,0.0262,0.0094,0.3344,0.3333,0.3322,0.0521,0.6984,0.2377,0.0097,0.002,0.8801,0.0885,0.0314,0.0021,0.0073,0.9906,0.2216,0.221,0.2003,0.1992,0.158,0.0705,0.4872,0.4423
103,Ca trù,ca_tru/audio_30_008.wav,2,0.0423,0.0456,0.8889,0.0167,0.0065,0.3344,0.3332,0.3323,0.0858,0.7746,0.1267,0.0104,0.0025,0.8629,0.1053,0.0318,0.969,0.0242,0.0069,0.2201,0.2195,0.2005,0.1995,0.1604,0.0581,0.3279,0.614
104,Ca trù,ca_tru/audio_17_038.wav,1,0.7462,0.0862,0.1171,0.0336,0.0169,0.3325,0.3335,0.3339,0.127,0.8256,0.0415,0.0047,0.0012,0.0446,0.7608,0.1946,0.64,0.3185,0.0415,0.2067,0.207,0.2084,0.208,0.1698,0.3403,0.6197,0.04
105,Ca trù,ca_tru/audio_17_038.wav,2,0.6616,0.132,0.1216,0.0554,0.0294,0.3324,0.3336,0.334,0.0039,0.017,0.9767,0.002,0.0003,0.033,0.8913,0.0757,0.0067,0.9844,0.0089,0.1916,0.1923,0.2093,0.2098,0.197,0.0133,0.9808,0.0058
106,Ca trù,ca_tru/audio_33_103.wav,1,0.8571,0.0518,0.0645,0.018,0.0086,0.3358,0.3331,0.331,0.06,0.6948,0.2317,0.0111,0.0024,0.0535,0.3414,0.6051,0.2741,0.6756,0.0503,0.2544,0.2522,0.1913,0.1886,0.1134,0.0084,0.0313,0.9603
107,Ca trù,ca_tru/audio_33_103.wav,2,0.4974,0.1229,0.3066,0.0492,0.0239,0.3345,0.3332,0.3323,0.0116,0.0369,0.939,0.0109,0.0016,0.0603,0.1569,0.7829,0.9905,0.0078,0.0017,0.239,0.2377,0.1974,0.1953,0.1305,0.0001,0.9998,0.0001
108,Ca trù,ca_tru/audio_15_001.wav,1,0.5674,0.179,0.1344,0.0776,0.0416,0.3335,0.3333,0.3333,0.0653,0.0976,0.158,0.5349,0.1442,0.0992,0.2181,0.6827,0.0372,0.9449,0.0179,0.1807,0.1813,0.1998,0.2008,0.2374,0.0612,0.1323,0.8065
109,Ca trù,ca_tru/audio_15_001.wav,2,0.5559,0.1832,0.1371,0.0804,0.0434,0.3325,0.3335,0.334,0.7401,0.1866,0.0571,0.0124,0.0038,0.0426,0.1186,0.8388,0.8989,0.0759,0.0252,0.1676,0.1685,0.1968,0.1984,0.2686,0.9942,0.0049,0.0009
110,Ca trù,ca_tru/audio_32_007.wav,1,0.7539,0.137,0.0648,0.0314,0.013,0.334,0.3332,0.3327,0.0565,0.5908,0.3382,0.0121,0.0025,0.0992,0.592,0.3089,0.2741,0.6756,0.0503,0.2467,0.2447,0.1924,0.1901,0.126,0.0473,0.8632,0.0895
111,Ca trù,ca_tru/audio_32_007.wav,2,0.7379,0.1293,0.0757,0.0392,0.0179,0.334,0.3332,0.3328,0.4745,0.4541,0.0602,0.0088,0.0024,0.0547,0.1513,0.7939,0.0263,0.1483,0.8254,0.2411,0.2395,0.1949,0.1928,0.1316,0.8604,0.123,0.0166
112,Ca trù,ca_tru/audio_33_003.wav,1,0.7189,0.1162,0.0975,0.0447,0.0227,0.3344,0.3333,0.3323,0.037,0.0507,0.0759,0.4159,0.4205,0.081,0.198,0.721,0.64,0.3185,0.0415,0.2163,0.216,0.2022,0.2013,0.1642,0.0116,0.9771,0.0114
113,Ca trù,ca_tru/audio_33_003.wav,2,0.9031,0.038,0.0439,0.0105,0.0045,0.3346,0.3333,0.3321,0.0647,0.1362,0.4886,0.2885,0.0219,0.121,0.7802,0.0988,0.8674,0.0982,0.0344,0.2292,0.2283,0.2,0.1985,0.144,0.0035,0.0122,0.9843
114,Ca trù,ca_tru/audio_17_084.wav,1,0.7917,0.0795,0.0836,0.0301,0.0151,0.3317,0.3339,0.3344,0.0424,0.878,0.0737,0.0049,0.0011,0.0119,0.0656,0.9225,0.8965,0.0877,0.0157,0.2149,0.2149,0.2057,0.2048,0.1598,0.226,0.7378,0.0363
115,Ca trù,ca_tru/audio_17_084.wav,2,0.0495,0.0463,0.8789,0.0181,0.0073,0.3339,0.3334,0.3327,0.0555,0.7615,0.1719,0.0091,0.002,0.9233,0.0631,0.0136,0.0263,0.1483,0.8254,0.2373,0.2364,0.2006,0.1986,0.1271,0.0062,0.9885,0.0053
116,Ca trù,ca_tru/audio_17_048.wav,1,0.5148,0.2041,0.1411,0.0909,0.0491,0.3332,0.3333,0.3336,0.0946,0.742,0.1483,0.0123,0.0029,0.0338,0.209,0.7572,0.2741,0.6756,0.0503,0.1741,0.1754,0.2144,0.216,0.2202,0.9702,0.0255,0.0043
117,Ca trù,ca_tru/audio_17_048.wav,2,0.6098,0.153,0.134,0.0669,0.0363,0.3324,0.3337,0.334,0.5417,0.3729,0.0716,0.011,0.0029,0.0273,0.903,0.0698,0.969,0.0242,0.0069,0.1778,0.1788,0.2075,0.2087,0.2272,0.9892,0.0088,0.002
118,Ca trù,ca_tru/audio_26_003.wav,1,0.0656,0.3882,0.2527,0.2483,0.0452,0.3326,0.3336,0.3338,0.6606,0.2326,0.0816,0.0191,0.0061,0.0673,0.3423,0.5904,0.0372,0.9449,0.0179,0.1726,0.1736,0.2033,0.2047,0.2458,0.9422,0.0459,0.0118
119,Ca trù,ca_tru/audio_26_003.wav,2,0.0656,0.3882,0.2527,0.2483,0.0452,0.3326,0.3336,0.3338,0.6606,0.2326,0.0816,0.0191,0.0061,0.0673,0.3423,0.5904,0.0372,0.9449,0.0179,0.1726,0.1736,0.2033,0.2047,0.2458,0.9422,0.0459,0.0118
120,Ca trù,ca_tru/audio_33_092.wav,1,0.361,0.1465,0.3695,0.0785,0.0445,0.3344,0.3333,0.3323,0.032,0.9344,0.0304,0.0026,0.0006,0.1278,0.2484,0.6238,0.7604,0.1691,0.0705,0.2273,0.2266,0.2008,0.1994,0.1459,0.3969,0.5628,0.0403
121,Ca trù,ca_tru/audio_33_092.wav,2,0.1655,0.1221,0.659,0.0382,0.0151,0.3338,0.3335,0.3327,0.1009,0.8073,0.0816,0.0082,0.002,0.1609,0.7796,0.0595,0.969,0.0242,0.0069,0.2583,0.2557,0.1893,0.1865,0.1102,0.02,0.9569,0.0231
122,Ca trù,ca_tru/audio_13_010.wav,1,0.7807,0.0986,0.0714,0.0333,0.016,0.3321,0.3336,0.3343,0.0654,0.6877,0.2324,0.012,0.0026,0.018,0.0593,0.9226,0.0372,0.9449,0.0179,0.2173,0.2175,0.2102,0.2091,0.146,0.0233,0.0987,0.8781
123,Ca trù,ca_tru/audio_13_010.wav,2,0.8707,0.0556,0.0464,0.0184,0.0088,0.3315,0.3339,0.3346,0.0539,0.4853,0.4456,0.0127,0.0025,0.9893,0.0085,0.0022,0.969,0.0242,0.0069,0.2253,0.225,0.2052,0.2037,0.1408,0.0719,0.527,0.4011
124,Ca trù,ca_tru/audio_17_027.wav,1,0.8496,0.0691,0.0496,0.0217,0.0101,0.3335,0.3333,0.3332,0.0018,0.0064,0.9904,0.0012,0.0002,0.0086,0.0461,0.9453,0.64,0.3185,0.0415,0.2171,0.2169,0.2041,0.2031,0.1588,0.0276,0.1208,0.8517
125,Ca trù,ca_tru/audio_17_027.wav,2,0.4391,0.1258,0.3635,0.0487,0.0229,0.3347,0.3332,0.3321,0.5824,0.3254,0.075,0.0133,0.0039,0.8749,0.0909,0.0342,0.996,0.0032,0.0008,0.2341,0.2332,0.2009,0.1991,0.1327,0.9837,0.0133,0.003
126,Ca trù,ca_tru/audio_17_006.wav,1,0.6146,0.1866,0.1496,0.0357,0.0135,0.3335,0.3335,0.333,0.1245,0.788,0.0771,0.0084,0.0021,0.0976,0.8515,0.0509,0.0372,0.9449,0.0179,0.2464,0.2454,0.2005,0.1978,0.1099,0.0001,0.9998,0.0001
127,Ca trù,ca_tru/audio_17_006.wav,2,0.6363,0.1652,0.1075,0.0609,0.0301,0.3338,0.3335,0.3327,0.0512,0.7272,0.2104,0.0092,0.0019,0.1014,0.851,0.0476,0.0067,0.9844,0.0089,0.2442,0.2436,0.2042,0.2014,0.1066,0.0367,0.9061,0.0572
128,Ca trù,ca_tru/audio_27_014.wav,1,0.338,0.1311,0.4383,0.0613,0.0313,0.3331,0.3334,0.3335,0.6269,0.2995,0.0611,0.0098,0.0026,0.4375,0.4979,0.0647,0.0372,0.9449,0.0179,0.1933,0.1943,0.2136,0.214,0.1848,0.8448,0.1371,0.0181
129,Ca trù,ca_tru/audio_27_014.wav,2,0.3338,0.1317,0.44,0.0624,0.0321,0.3331,0.3334,0.3335,0.2482,0.503,0.2142,0.0281,0.0065,0.6591,0.2939,0.047,0.0372,0.9449,0.0179,0.1862,0.1872,0.2112,0.212,0.2033,0.356,0.6039,0.0401
130,Ca trù,ca_tru/audio_11_004.wav,1,0.8317,0.0596,0.0772,0.0212,0.0102,0.3339,0.3335,0.3326,0.0413,0.8203,0.1306,0.0064,0.0014,0.9827,0.0136,0.0037,0.0422,0.1103,0.8475,0.233,0.2322,0.2017,0.1999,0.1331,0.0875,0.8897,0.0228
131,Ca trù,ca_tru/audio_11_004.wav,2,0.722,0.116,0.0955,0.0442,0.0224,0.3323,0.3337,0.334,0.0337,0.9058,0.0557,0.0039,0.0009,0.9015,0.0816,0.0169,0.2741,0.6756,0.0503,0.2374,0.2368,0.2031,0.2009,0.1218,0.0307,0.9262,0.0431
132,Ca trù,ca_tru/audio_29_008.wav,1,0.8961,0.043,0.0452,0.011,0.0046,0.3318,0.3338,0.3344,0.0069,0.0292,0.9597,0.0036,0.0006,0.0361,0.9423,0.0216,0.0542,0.7019,0.2439,0.1826,0.1838,0.2144,0.2155,0.2038,0.0658,0.4106,0.5237
133,Ca trù,ca_tru/audio_29_008.wav,2,0.0892,0.1497,0.4274,0.2049,0.1289,0.3335,0.3335,0.333,0.2839,0.6292,0.0744,0.0099,0.0026,0.1047,0.8514,0.0439,0.64,0.3185,0.0415,0.2336,0.2327,0.2,0.1982,0.1355,0.0168,0.9649,0.0183
134,Ca trù,ca_tru/audio_17_088.wav,1,0.6655,0.1045,0.1848,0.0315,0.0136,0.3321,0.3337,0.3342,0.0221,0.9434,0.0317,0.0022,0.0005,0.3183,0.6191,0.0627,0.0067,0.9844,0.0089,0.2404,0.2398,0.2032,0.2008,0.1158,0.1135,0.86,0.0265
135,Ca trù,ca_tru/audio_17_088.wav,2,0.8962,0.0421,0.0407,0.0142,0.0068,0.3309,0.3339,0.3352,0.2314,0.6285,0.1203,0.0157,0.0041,0.3584,0.5761,0.0655,0.0067,0.9844,0.0089,0.2268,0.2261,0.2007,0.1993,0.147,0.0195,0.0804,0.9001
136,Ca trù,ca_tru/audio_11_007.wav,1,0.591,0.1147,0.2234,0.0472,0.0237,0.3323,0.3336,0.3341,0.0979,0.1233,0.1556,0.2591,0.3641,0.1019,0.2218,0.6763,0.996,0.0032,0.0008,0.1764,0.1771,0.2005,0.2017,0.2442,0.2991,0.3277,0.3732
137,Ca trù,ca_tru/audio_11_007.wav,2,0.591,0.1147,0.2234,0.0472,0.0237,0.3323,0.3336,0.3341,0.0979,0.1233,0.1556,0.2591,0.3641,0.1019,0.2218,0.6763,0.996,0.0032,0.0008,0.1764,0.1771,0.2005,0.2017,0.2442,0.2991,0.3277,0.3732
138,Ca trù,ca_tru/audio_10_008.wav,1,0.3357,0.1254,0.468,0.0486,0.0223,0.3336,0.3333,0.3331,0.2509,0.6251,0.1061,0.0141,0.0037,0.8775,0.0895,0.033,0.0263,0.1483,0.8254,0.2382,0.2371,0.1987,0.1967,0.1293,0.0316,0.9233,0.0451
139,Ca trù,ca_tru/audio_10_008.wav,2,0.1176,0.1151,0.6292,0.0875,0.0506,0.3325,0.3335,0.334,0.0756,0.814,0.1001,0.0084,0.002,0.0282,0.907,0.0648,0.0263,0.1483,0.8254,0.2286,0.2279,0.2013,0.1997,0.1425,0.0186,0.9604,0.021
140,Ca trù,ca_tru/audio_33_051.wav,1,0.2382,0.1239,0.5404,0.0641,0.0334,0.3332,0.3333,0.3334,0.3672,0.5054,0.1065,0.0164,0.0045,0.0491,0.1322,0.8187,0.0067,0.9844,0.0089,0.2396,0.2382,0.197,0.195,0.1301,0.6974,0.2729,0.0297
141,Ca trù,ca_tru/audio_33_051.wav,2,0.5309,0.1214,0.2726,0.0502,0.025,0.3326,0.3335,0.3339,0.1105,0.6508,0.2168,0.0178,0.0041,0.1068,0.8446,0.0486,0.8965,0.0877,0.0157,0.2543,0.2521,0.1922,0.1894,0.112,0.0185,0.0758,0.9056
142,Ca trù,ca_tru/audio_33_054.wav,1,0.5658,0.1849,0.1305,0.0778,0.041,0.3358,0.3331,0.3311,0.4497,0.4557,0.0791,0.0122,0.0034,0.0432,0.1944,0.7624,0.0067,0.9844,0.0089,0.2406,0.2394,0.1982,0.1961,0.1256,0.6574,0.3104,0.0321
143,Ca trù,ca_tru/audio_33_054.wav,2,0.643,0.1138,0.1685,0.049,0.0258,0.335,0.3333,0.3317,0.0242,0.9507,0.0227,0.002,0.0005,0.0235,0.1191,0.8574,0.0542,0.7019,0.2439,0.2508,0.2489,0.1932,0.1906,0.1165,0.0022,0.9962,0.0016
144,Ca trù,ca_tru/audio_22_001.wav,1,0.0846,0.7721,0.0922,0.0397,0.0113,0.3322,0.3335,0.3343,0.2176,0.714,0.0591,0.0074,0.0019,0.5891,0.3587,0.0522,0.0021,0.0073,0.9906,0.2268,0.2263,0.2035,0.202,0.1414,0.27,0.6917,0.0383
145,Ca trù,ca_tru/audio_22_001.wav,2,0.0681,0.1853,0.4037,0.2624,0.0804,0.3329,0.3334,0.3338,0.0081,0.9852,0.0061,0.0005,0.0001,0.0207,0.9587,0.0205,0.8989,0.0759,0.0252,0.2146,0.2145,0.2041,0.2033,0.1635,0.0021,0.9967,0.0012
146,Ca trù,ca_tru/audio_24_006.wav,1,0.005,0.0076,0.9828,0.0033,0.0012,0.3357,0.3329,0.3313,0.012,0.9671,0.0192,0.0013,0.0003,0.9623,0.0296,0.0081,0.0542,0.7019,0.2439,0.2182,0.2178,0.2019,0.2009,0.1612,0.0322,0.9215,0.0463
147,Ca trù,ca_tru/audio_24_006.wav,2,0.257,0.1184,0.5592,0.0452,0.0202,0.3372,0.3329,0.33,0.0171,0.9704,0.0112,0.0011,0.0003,0.1332,0.7918,0.075,0.0542,0.7019,0.2439,0.2092,0.2092,0.2049,0.2044,0.1723,0.5158,0.4459,0.0383
148,Ca trù,ca_tru/audio_0_022.wav,1,0.0046,0.9835,0.006,0.0048,0.0011,0.3338,0.3334,0.3329,0.0379,0.0526,0.08,0.4844,0.3452,0.0849,0.2005,0.7146,0.969,0.0242,0.0069,0.2232,0.2226,0.2007,0.1995,0.154,0.0841,0.8936,0.0223
149,Ca trù,ca_tru/audio_0_022.wav,2,0.16,0.5993,0.0918,0.1126,0.0364,0.3336,0.3334,0.333,0.3204,0.5317,0.124,0.0188,0.0051,0.0726,0.1824,0.745,0.8965,0.0877,0.0157,0.2213,0.2208,0.2011,0.2,0.1568,0.019,0.9594,0.0216
150,Ca trù,ca_tru/audio_17_050.wav,1,0.8082,0.082,0.0672,0.0287,0.014,0.3324,0.3335,0.3341,0.0652,0.3164,0.591,0.0228,0.0045,0.0501,0.7438,0.2061,0.8965,0.0877,0.0157,0.2099,0.21,0.205,0.2045,0.1705,0.0048,0.0137,0.9815
151,Ca trù,ca_tru/audio_17_050.wav,2,0.6371,0.1462,0.123,0.0613,0.0325,0.3322,0.3336,0.3342,0.061,0.7116,0.2143,0.0109,0.0023,0.0415,0.7923,0.1662,0.0263,0.1483,0.8254,0.1909,0.1916,0.208,0.2085,0.2009,0.071,0.5008,0.4281
152,Ca trù,ca_tru/audio_17_040.wav,1,0.6683,0.1334,0.1152,0.0546,0.0286,0.3327,0.3335,0.3338,0.0428,0.8134,0.1356,0.0067,0.0015,0.7826,0.1846,0.0328,0.7764,0.1589,0.0646,0.2205,0.2208,0.211,0.2096,0.1381,0.2274,0.7362,0.0363
153,Ca trù,ca_tru/audio_17_040.wav,2,0.3815,0.2603,0.2899,0.0501,0.0182,0.334,0.3333,0.3326,0.0744,0.7206,0.1903,0.0121,0.0027,0.0547,0.913,0.0323,0.0067,0.9844,0.0089,0.2527,0.2507,0.1929,0.1902,0.1134,0.0691,0.4613,0.4695
154,Ca trù,ca_tru/audio_2_009.wav,1,0.0638,0.0522,0.8497,0.0238,0.0105,0.3319,0.3337,0.3345,0.7595,0.1974,0.0355,0.0059,0.0017,0.7111,0.1953,0.0936,0.0542,0.7019,0.2439,0.2242,0.2234,0.1996,0.1984,0.1544,0.0127,0.9746,0.0127
155,Ca trù,ca_tru/audio_2_009.wav,2,0.4072,0.1297,0.3786,0.0565,0.0282,0.333,0.3334,0.3337,0.1406,0.802,0.0501,0.0058,0.0015,0.8469,0.1174,0.0357,0.0263,0.1483,0.8254,0.2197,0.2192,0.2008,0.1998,0.1606,0.7973,0.1804,0.0223
156,Ca trù,ca_tru/audio_34_002.wav,1,0.4265,0.2598,0.2481,0.0481,0.0176,0.3349,0.3331,0.3319,0.8999,0.0812,0.0155,0.0027,0.0007,0.0444,0.3172,0.6384,0.9905,0.0078,0.0017,0.2133,0.2132,0.2045,0.2038,0.1652,0.9996,0.0004,0.0001
157,Ca trù,ca_tru/audio_34_002.wav,2,0.5187,0.1388,0.286,0.0398,0.0166,0.3338,0.3336,0.3327,0.0521,0.1851,0.7272,0.0301,0.0054,0.0652,0.7062,0.2286,0.64,0.3185,0.0415,0.2188,0.2184,0.2022,0.2012,0.1594,0.0001,0.0003,0.9995
158,Ca trù,ca_tru/audio_17_067.wav,1,0.0958,0.1021,0.7587,0.0315,0.0118,0.3318,0.3337,0.3345,0.0616,0.5758,0.3463,0.0134,0.0028,0.0106,0.0537,0.9357,0.2741,0.6756,0.0503,0.2232,0.2228,0.2034,0.2021,0.1486,0.0024,0.9958,0.0018
159,Ca trù,ca_tru/audio_17_067.wav,2,0.1737,0.1155,0.6072,0.0673,0.0362,0.3319,0.3336,0.3345,0.0341,0.2114,0.7412,0.0112,0.0021,0.0356,0.2609,0.7035,0.2741,0.6756,0.0503,0.2081,0.2085,0.2092,0.2086,0.1656,0.0118,0.9829,0.0053
160,Ca trù,ca_tru/audio_2_013.wav,1,0.0596,0.1188,0.6677,0.1103,0.0436,0.3337,0.3332,0.3332,0.1353,0.8119,0.0461,0.0053,0.0014,0.7731,0.1582,0.0687,0.0542,0.7019,0.2439,0.2273,0.2264,0.1994,0.198,0.1488,0.007,0.9897,0.0034
161,Ca trù,ca_tru/audio_2_013.wav,2,0.0331,0.0314,0.9142,0.0149,0.0064,0.3312,0.3337,0.3351,0.5914,0.3496,0.0495,0.0075,0.0021,0.74,0.1783,0.0817,0.0067,0.9844,0.0089,0.2252,0.2244,0.1996,0.1983,0.1524,0.0051,0.9906,0.0043
162,Ca trù,ca_tru/audio_20_001.wav,1,0.2098,0.5169,0.1999,0.0557,0.0178,0.3347,0.3331,0.3322,0.076,0.5916,0.313,0.016,0.0034,0.4253,0.5046,0.0701,0.8989,0.0759,0.0252,0.2341,0.2328,0.1967,0.1951,0.1413,0.0212,0.0885,0.8903
163,Ca trù,ca_tru/audio_20_001.wav,2,0.0951,0.12,0.7375,0.0348,0.0126,0.3347,0.3333,0.332,0.065,0.713,0.2081,0.0113,0.0025,0.0044,0.9912,0.0045,0.8965,0.0877,0.0157,0.2361,0.2348,0.1969,0.1951,0.137,0.0988,0.8766,0.0245
164,Ca trù,ca_tru/audio_33_073.wav,1,0.7141,0.0891,0.1476,0.0332,0.0161,0.3338,0.3335,0.3327,0.7667,0.1952,0.0316,0.0051,0.0014,0.5549,0.3782,0.067,0.2741,0.6756,0.0503,0.2375,0.2363,0.1982,0.1963,0.1317,0.9994,0.0005,0.0001
165,Ca trù,ca_tru/audio_33_073.wav,2,0.7411,0.1174,0.0817,0.0403,0.0194,0.3342,0.3334,0.3324,0.0493,0.7961,0.1451,0.0078,0.0017,0.0129,0.9718,0.0154,0.8398,0.1172,0.043,0.2502,0.2481,0.1926,0.1901,0.1191,0.0654,0.7458,0.1889
166,Ca trù,ca_tru/audio_34_003.wav,1,0.5074,0.2028,0.2312,0.0425,0.0162,0.3342,0.3332,0.3326,0.0567,0.8695,0.0669,0.0056,0.0013,0.017,0.9461,0.0369,0.8965,0.0877,0.0157,0.2628,0.26,0.1876,0.1846,0.105,0.0613,0.3587,0.5801
167,Ca trù,ca_tru/audio_34_003.wav,2,0.2937,0.2083,0.4305,0.0491,0.0184,0.3347,0.3331,0.3322,0.9358,0.0473,0.0133,0.0028,0.0009,0.058,0.5243,0.4177,0.7947,0.1471,0.0581,0.2129,0.213,0.2064,0.2057,0.1619,0.9938,0.0053,0.001
168,Ca trù,ca_tru/audio_33_022.wav,1,0.105,0.0738,0.7758,0.0315,0.0139,0.3341,0.3334,0.3324,0.0404,0.8279,0.1242,0.0062,0.0013,0.3068,0.6314,0.0618,0.0021,0.0073,0.9906,0.2601,0.2574,0.1884,0.1855,0.1086,0.0674,0.724,0.2086
169,Ca trù,ca_tru/audio_33_022.wav,2,0.0975,0.0723,0.7895,0.0286,0.0121,0.3337,0.3334,0.3329,0.7058,0.2312,0.0511,0.0092,0.0027,0.7395,0.2223,0.0382,0.969,0.0242,0.0069,0.2461,0.2444,0.1947,0.1924,0.1224,0.0115,0.9773,0.0112
170,Ca trù,ca_tru/audio_34_007.wav,1,0.6677,0.1486,0.1019,0.0547,0.0271,0.3342,0.3334,0.3324,0.414,0.4813,0.0876,0.0134,0.0037,0.5824,0.3548,0.0628,0.7462,0.1779,0.0759,0.1929,0.1937,0.2103,0.2107,0.1924,0.0164,0.9767,0.0069
171,Ca trù,ca_tru/audio_34_007.wav,2,0.2945,0.4924,0.1443,0.0517,0.0172,0.334,0.3335,0.3325,0.7724,0.1894,0.0318,0.0051,0.0014,0.0422,0.8373,0.1204,0.0372,0.9449,0.0179,0.2218,0.2216,0.2057,0.2045,0.1463,0.9275,0.063,0.0095
172,Ca trù,ca_tru/audio_27_005.wav,1,0.1838,0.1373,0.6223,0.0407,0.0159,0.3325,0.3333,0.3342,0.0987,0.8581,0.038,0.0041,0.001,0.6219,0.3288,0.0494,0.8989,0.0759,0.0252,0.1848,0.1859,0.2128,0.2138,0.2026,0.0661,0.7384,0.1955
173,Ca trù,ca_tru/audio_27_005.wav,2,0.0383,0.0359,0.9044,0.0151,0.0063,0.3339,0.3335,0.3327,0.0195,0.0238,0.0305,0.0708,0.8553,0.9467,0.0417,0.0116,0.9905,0.0078,0.0017,0.1701,0.1712,0.2048,0.2065,0.2475,0.004,0.0117,0.9843
174,Ca trù,ca_tru/audio_33_033.wav,1,0.9774,0.0106,0.0084,0.0026,0.0011,0.3327,0.3335,0.3339,0.0526,0.4594,0.4726,0.0128,0.0026,0.6246,0.323,0.0524,0.0372,0.9449,0.0179,0.2416,0.2401,0.1959,0.1938,0.1286,0.9537,0.0399,0.0064
175,Ca trù,ca_tru/audio_33_033.wav,2,0.0497,0.0611,0.8265,0.0424,0.0202,0.3334,0.3333,0.3333,0.4615,0.434,0.0867,0.0139,0.0039,0.4292,0.5055,0.0653,0.2741,0.6756,0.0503,0.2283,0.2274,0.1995,0.1981,0.1467,0.1738,0.7935,0.0327
176,Ca trù,ca_tru/audio_34_006.wav,1,0.0547,0.1101,0.7885,0.035,0.0116,0.3348,0.3335,0.3318,0.0689,0.3383,0.5649,0.0232,0.0047,0.0441,0.8065,0.1494,0.2741,0.6756,0.0503,0.2123,0.2122,0.2042,0.2035,0.1677,0.0028,0.0082,0.9891
177,Ca trù,ca_tru/audio_34_006.wav,2,0.9843,0.0072,0.0057,0.002,0.0009,0.3341,0.3335,0.3324,0.1125,0.5922,0.2692,0.0213,0.0049,0.6659,0.2795,0.0546,0.9905,0.0078,0.0017,0.18,0.1809,0.2081,0.2093,0.2216,0.0534,0.8325,0.1141
178,Ca trù,ca_tru/audio_37_003.wav,1,0.5858,0.1678,0.134,0.073,0.0394,0.3347,0.3331,0.3323,0.055,0.5299,0.4003,0.0123,0.0025,0.7712,0.1594,0.0694,0.0542,0.7019,0.2439,0.161,0.1619,0.1948,0.1967,0.2856,0.2814,0.68,0.0387
179,Ca trù,ca_tru/audio_37_003.wav,2,0.9776,0.0093,0.0091,0.0028,0.0013,0.3347,0.333,0.3322,0.0242,0.0715,0.8762,0.0247,0.0034,0.7871,0.1534,0.0595,0.9905,0.0078,0.0017,0.1631,0.1641,0.1963,0.1981,0.2785,0.0688,0.7052,0.226
180,Ca trù,ca_tru/audio_27_004.wav,1,0.6038,0.1299,0.2167,0.0351,0.0145,0.3331,0.3334,0.3334,0.0715,0.7037,0.2097,0.0123,0.0027,0.143,0.7882,0.0689,0.0372,0.9449,0.0179,0.2278,0.2276,0.2069,0.2052,0.1325,0.0715,0.6546,0.2739
181,Ca trù,ca_tru/audio_27_004.wav,2,0.6288,0.1438,0.1801,0.0338,0.0134,0.3338,0.3335,0.3327,0.4448,0.4555,0.0831,0.013,0.0036,0.044,0.9261,0.0299,0.0067,0.9844,0.0089,0.2129,0.2131,0.208,0.2073,0.1587,0.0617,0.3633,0.575
182,Ca trù,ca_tru/audio_33_076.wav,1,0.3098,0.1371,0.4432,0.0713,0.0386,0.3336,0.3336,0.3329,0.0281,0.9486,0.0209,0.0019,0.0005,0.0255,0.9077,0.0668,0.0542,0.7019,0.2439,0.2453,0.2443,0.2006,0.198,0.1118,0.1024,0.8726,0.025
183,Ca trù,ca_tru/audio_33_076.wav,2,0.8763,0.0504,0.0478,0.0173,0.0083,0.3339,0.3336,0.3326,0.0548,0.5243,0.4059,0.0125,0.0025,0.0106,0.9706,0.0188,0.0542,0.7019,0.2439,0.2617,0.259,0.1883,0.1853,0.1055,0.0611,0.3568,0.5821
184,Ca trù,ca_tru/audio_28_001.wav,1,0.8924,0.0394,0.0497,0.0126,0.0058,0.3314,0.3337,0.3349,0.1593,0.6494,0.1711,0.0165,0.0037,0.12,0.8215,0.0585,0.0067,0.9844,0.0089,0.1651,0.1664,0.2069,0.2089,0.2527,0.3231,0.6372,0.0397
185,Ca trù,ca_tru/audio_28_001.wav,2,0.8215,0.0891,0.0533,0.025,0.0111,0.3312,0.3334,0.3354,0.1698,0.5985,0.2069,0.0203,0.0045,0.8304,0.1397,0.0299,0.0372,0.9449,0.0179,0.1925,0.1933,0.2114,0.2118,0.191,0.0645,0.9166,0.0189
186,Ca trù,ca_tru/audio_33_052.wav,1,0.1445,0.1303,0.5639,0.1,0.0614,0.3323,0.3335,0.3342,0.1387,0.5409,0.2862,0.0278,0.0065,0.0416,0.8398,0.1187,0.0372,0.9449,0.0179,0.2277,0.2269,0.1998,0.1984,0.1471,0.0024,0.0071,0.9905
187,Ca trù,ca_tru/audio_33_052.wav,2,0.3074,0.1449,0.4205,0.0811,0.0462,0.3318,0.3336,0.3346,0.0831,0.7398,0.1624,0.012,0.0027,0.0441,0.1228,0.8332,0.0021,0.0073,0.9906,0.2552,0.253,0.1911,0.1884,0.1124,0.0437,0.2157,0.7406
188,Ca trù,ca_tru/audio_0_011.wav,1,0.3112,0.4925,0.1004,0.0708,0.025,0.333,0.3333,0.3336,0.0919,0.6175,0.2691,0.0176,0.0039,0.0038,0.0148,0.9814,0.0067,0.9844,0.0089,0.1918,0.1925,0.2092,0.2097,0.1969,0.0025,0.9955,0.002
189,Ca trù,ca_tru/audio_0_011.wav,2,0.0525,0.7734,0.0526,0.0994,0.0221,0.3345,0.3332,0.3323,0.1295,0.685,0.1655,0.0161,0.0039,0.0125,0.0654,0.9221,0.0067,0.9844,0.0089,0.2041,0.2046,0.2093,0.2091,0.1729,0.9703,0.0254,0.0042
190,Ca trù,ca_tru/audio_33_019.wav,1,0.6756,0.1409,0.1032,0.0533,0.0269,0.3354,0.3331,0.3315,0.7146,0.2416,0.0365,0.0057,0.0016,0.2627,0.6756,0.0617,0.0263,0.1483,0.8254,0.2444,0.243,0.1972,0.1948,0.1207,0.6113,0.3541,0.0346
191,Ca trù,ca_tru/audio_33_019.wav,2,0.8523,0.0599,0.0566,0.021,0.0102,0.3351,0.3332,0.3317,0.1036,0.7143,0.1666,0.0127,0.0028,0.4004,0.531,0.0687,0.0263,0.1483,0.8254,0.2529,0.2511,0.1942,0.1914,0.1104,0.968,0.0274,0.0045
192,Ca trù,ca_tru/audio_17_087.wav,1,0.7299,0.0915,0.1237,0.0364,0.0185,0.3332,0.3334,0.3334,0.0506,0.789,0.1505,0.008,0.0018,0.4758,0.4652,0.059,0.2741,0.6756,0.0503,0.2473,0.2459,0.1971,0.1946,0.115,0.0567,0.8131,0.1302
193,Ca trù,ca_tru/audio_17_087.wav,2,0.7208,0.1032,0.1123,0.042,0.0218,0.3321,0.3337,0.3342,0.0402,0.8281,0.1243,0.0062,0.0013,0.017,0.0816,0.9014,0.0542,0.7019,0.2439,0.2067,0.2069,0.2065,0.2061,0.1737,0.0283,0.9337,0.038
194,Ca trù,ca_tru/audio_22_007.wav,1,0.0537,0.6602,0.1417,0.1207,0.0237,0.3312,0.3339,0.3349,0.0134,0.9628,0.022,0.0015,0.0003,0.0822,0.881,0.0367,0.0021,0.0073,0.9906,0.2418,0.2407,0.1994,0.1971,0.121,0.0323,0.9213,0.0465
195,Ca trù,ca_tru/audio_22_007.wav,2,0.1133,0.7292,0.1019,0.0429,0.0127,0.3322,0.3337,0.334,0.2966,0.6408,0.0539,0.0069,0.0018,0.8129,0.1575,0.0296,0.0021,0.0073,0.9906,0.2322,0.2316,0.2024,0.2006,0.1331,0.4882,0.4727,0.039
196,Ca trù,ca_tru/audio_18_004.wav,1,0.0372,0.8079,0.0449,0.0922,0.0178,0.3334,0.3332,0.3334,0.761,0.1511,0.0636,0.0181,0.0061,0.089,0.8565,0.0545,0.0542,0.7019,0.2439,0.1475,0.1486,0.1908,0.1933,0.3198,0.7923,0.154,0.0537
197,Ca trù,ca_tru/audio_18_004.wav,2,0.0696,0.5259,0.0794,0.2726,0.0525,0.3329,0.3333,0.3338,0.5778,0.3149,0.0877,0.0154,0.0041,0.4115,0.5136,0.0749,0.0542,0.7019,0.2439,0.1393,0.1406,0.1875,0.1905,0.3421,0.9999,0.0001,0.0
198,Ca trù,ca_tru/audio_24_011.wav,1,0.021,0.0218,0.9439,0.0094,0.0039,0.3345,0.333,0.3325,0.0268,0.9085,0.0604,0.0035,0.0008,0.9499,0.0394,0.0107,0.996,0.0032,0.0008,0.2311,0.2303,0.2011,0.1994,0.1382,0.0277,0.9619,0.0104
199,Ca trù,ca_tru/audio_24_011.wav,2,0.0344,0.0667,0.8377,0.0447,0.0165,0.3349,0.333,0.332,0.0537,0.483,0.4481,0.0127,0.0025,0.9041,0.0716,0.0243,0.8965,0.0877,0.0157,0.222,0.2215,0.2023,0.2011,0.1532,0.046,0.2319,0.7221
200,Ca trù,ca_tru/audio_17_037.wav,1,0.8325,0.083,0.0507,0.0234,0.0104,0.3332,0.3333,0.3335,0.3646,0.5719,0.0543,0.0073,0.0019,0.005,0.0215,0.9735,0.0372,0.9449,0.0179,0.2314,0.2307,0.2013,0.1996,0.137,0.6974,0.2728,0.0297
201,Ca trù,ca_tru/audio_17_037.wav,2,0.7614,0.0884,0.0979,0.0346,0.0176,0.3324,0.3336,0.334,0.0385,0.9108,0.0463,0.0036,0.0008,0.44,0.4994,0.0606,0.9905,0.0078,0.0017,0.213,0.2131,0.208,0.2072,0.1586,0.1484,0.8212,0.0304
202,Ca trù,ca_tru/audio_31_002.wav,1,0.0628,0.1863,0.2934,0.3608,0.0967,0.3345,0.3331,0.3324,0.7168,0.2198,0.0512,0.0095,0.0028,0.6703,0.2181,0.1117,0.0263,0.1483,0.8254,0.2198,0.2193,0.2014,0.2004,0.159,0.041,0.1986,0.7604
203,Ca trù,ca_tru/audio_31_002.wav,2,0.077,0.1566,0.4229,0.2321,0.1114,0.3339,0.3334,0.3328,0.2343,0.707,0.0507,0.0063,0.0016,0.6823,0.2114,0.1063,0.0263,0.1483,0.8254,0.2226,0.2221,0.2017,0.2005,0.153,0.1493,0.8202,0.0305
204,Ca trù,ca_tru/audio_32_005.wav,1,0.8126,0.0892,0.0584,0.0273,0.0125,0.3336,0.3334,0.3331,0.0369,0.05,0.0741,0.3836,0.4553,0.0624,0.172,0.7655,0.0263,0.1483,0.8254,0.2399,0.2384,0.1955,0.1935,0.1326,0.0913,0.1785,0.7303
205,Ca trù,ca_tru/audio_32_005.wav,2,0.0509,0.0519,0.8708,0.0189,0.0074,0.3346,0.3331,0.3322,0.3532,0.5376,0.0921,0.0135,0.0037,0.0582,0.8757,0.0661,0.0067,0.9844,0.0089,0.2447,0.2428,0.193,0.1909,0.1286,0.005,0.9925,0.0025
206,Ca trù,ca_tru/audio_14_010.wav,1,0.0289,0.0561,0.0618,0.1577,0.6954,0.3347,0.3332,0.3321,0.0588,0.6461,0.281,0.0117,0.0025,0.0287,0.9528,0.0185,0.0372,0.9449,0.0179,0.2682,0.2653,0.1876,0.1842,0.0947,0.0461,0.2321,0.7218
207,Ca trù,ca_tru/audio_14_010.wav,2,0.0073,0.0253,0.0163,0.9119,0.0392,0.334,0.3335,0.3325,0.0397,0.8336,0.1194,0.006,0.0013,0.035,0.9409,0.0241,0.0372,0.9449,0.0179,0.2325,0.2332,0.2171,0.2145,0.1027,0.0442,0.877,0.0788
208,Ca trù,ca_tru/audio_3_003.wav,1,0.0662,0.244,0.3459,0.2815,0.0624,0.3334,0.3335,0.3331,0.2847,0.6431,0.062,0.0081,0.0021,0.8926,0.0786,0.0288,0.8965,0.0877,0.0157,0.2359,0.2347,0.198,0.1961,0.1353,0.1288,0.8428,0.0284
209,Ca trù,ca_tru/audio_3_003.wav,2,0.0672,0.2082,0.458,0.2102,0.0565,0.3333,0.3336,0.3331,0.0579,0.9044,0.0334,0.0034,0.0008,0.9561,0.0337,0.0101,0.0372,0.9449,0.0179,0.2391,0.2377,0.197,0.195,0.1312,0.0179,0.9621,0.02
210,Ca trù,ca_tru/audio_0_000.wav,1,0.0734,0.4208,0.3313,0.1421,0.0324,0.3327,0.3335,0.3337,0.008,0.0104,0.0143,0.0461,0.9212,0.0879,0.2013,0.7108,0.0067,0.9844,0.0089,0.2029,0.2031,0.2051,0.2049,0.184,0.9958,0.0035,0.0007
211,Ca trù,ca_tru/audio_0_000.wav,2,0.0427,0.6569,0.0713,0.2006,0.0286,0.3322,0.3338,0.334,0.3827,0.5023,0.0962,0.0147,0.004,0.0614,0.4726,0.466,0.0542,0.7019,0.2439,0.2133,0.2133,0.2056,0.2049,0.163,0.2184,0.7458,0.0358
212,Ca trù,ca_tru/audio_33_075.wav,1,0.9184,0.0355,0.0297,0.0112,0.0052,0.3336,0.3335,0.3329,0.0044,0.9918,0.0035,0.0003,0.0001,0.0388,0.9362,0.025,0.0542,0.7019,0.2439,0.2697,0.2667,0.1861,0.1826,0.095,0.1018,0.8733,0.0249
213,Ca trù,ca_tru/audio_33_075.wav,2,0.7497,0.1096,0.0826,0.039,0.0191,0.3336,0.3336,0.3328,0.024,0.9547,0.0192,0.0017,0.0004,0.0466,0.7871,0.1663,0.0542,0.7019,0.2439,0.2585,0.256,0.1897,0.1868,0.109,0.0056,0.9897,0.0047
214,Ca trù,ca_tru/audio_23_007.wav,1,0.1557,0.0935,0.6907,0.0411,0.0189,0.3346,0.3334,0.3319,0.0044,0.0165,0.9757,0.0029,0.0005,0.649,0.2942,0.0568,0.996,0.0032,0.0008,0.2085,0.2087,0.2073,0.2068,0.1688,0.0001,0.0004,0.9995
215,Ca trù,ca_tru/audio_23_007.wav,2,0.9534,0.0224,0.0167,0.0053,0.0022,0.3342,0.3336,0.3322,0.0545,0.7744,0.161,0.0083,0.0018,0.893,0.0884,0.0186,0.996,0.0032,0.0008,0.1771,0.1781,0.2071,0.2085,0.2291,0.0728,0.5878,0.3395
216,Ca trù,ca_tru/audio_17_074.wav,1,0.616,0.1078,0.2149,0.0413,0.02,0.3334,0.3333,0.3334,0.1222,0.6833,0.1744,0.0162,0.0039,0.0379,0.2797,0.6824,0.0263,0.1483,0.8254,0.2102,0.2103,0.2062,0.2056,0.1678,0.0008,0.0026,0.9966
217,Ca trù,ca_tru/audio_17_074.wav,2,0.7964,0.0954,0.0639,0.0302,0.0141,0.3342,0.3331,0.3327,0.0753,0.7269,0.1831,0.0119,0.0027,0.0069,0.0258,0.9673,0.0542,0.7019,0.2439,0.2227,0.2222,0.2022,0.201,0.1518,0.0572,0.3197,0.6231
218,Ca trù,ca_tru/audio_34_001.wav,1,0.7905,0.0696,0.1043,0.0242,0.0114,0.3342,0.3333,0.3325,0.4254,0.463,0.0928,0.0147,0.0041,0.8103,0.1341,0.0556,0.7034,0.2036,0.093,0.2316,0.2307,0.1993,0.1977,0.1406,0.6047,0.3604,0.0349
219,Ca trù,ca_tru/audio_34_001.wav,2,0.4814,0.3373,0.1192,0.0458,0.0163,0.3356,0.3333,0.3311,0.0797,0.8289,0.0829,0.007,0.0016,0.0136,0.0528,0.9336,0.0372,0.9449,0.0179,0.21,0.2101,0.206,0.2054,0.1685,0.5348,0.4275,0.0377
220,Ca trù,ca_tru/audio_24_008.wav,1,0.0611,0.1905,0.6226,0.098,0.0278,0.3335,0.3332,0.3333,0.0385,0.0534,0.0818,0.5498,0.2765,0.9494,0.0392,0.0114,0.0542,0.7019,0.2439,0.2265,0.2259,0.2027,0.2013,0.1436,0.0109,0.0299,0.9592
221,Ca trù,ca_tru/audio_24_008.wav,2,0.0905,0.4098,0.3945,0.0825,0.0226,0.3345,0.3332,0.3323,0.0405,0.8333,0.1188,0.006,0.0013,0.8219,0.1472,0.0309,0.969,0.0242,0.0069,0.2211,0.2206,0.2017,0.2006,0.1562,0.0715,0.5142,0.4143
222,Ca trù,ca_tru/audio_17_023.wav,1,0.1203,0.086,0.7262,0.0453,0.0222,0.3333,0.3333,0.3335,0.0133,0.9663,0.0188,0.0013,0.0003,0.0371,0.1063,0.8566,0.0067,0.9844,0.0089,0.2235,0.223,0.2029,0.2017,0.1489,0.0009,0.0031,0.996
223,Ca trù,ca_tru/audio_17_023.wav,2,0.3176,0.1367,0.4381,0.07,0.0376,0.3333,0.3333,0.3334,0.0725,0.7592,0.1553,0.0106,0.0024,0.0291,0.9082,0.0626,0.2741,0.6756,0.0503,0.1997,0.2002,0.2094,0.2094,0.1813,0.0647,0.7522,0.1831
224,Ca trù,ca_tru/audio_0_026.wav,1,0.0518,0.5689,0.1271,0.2188,0.0333,0.3342,0.3334,0.3324,0.1199,0.6833,0.1767,0.0162,0.0039,0.0082,0.035,0.9568,0.0067,0.9844,0.0089,0.231,0.2301,0.2,0.1983,0.1406,0.0437,0.2158,0.7406
225,Ca trù,ca_tru/audio_0_026.wav,2,0.1146,0.7633,0.0694,0.0405,0.0122,0.3337,0.3333,0.333,0.0916,0.1195,0.1577,0.2911,0.3401,0.1206,0.2433,0.6362,0.0067,0.9844,0.0089,0.2192,0.2188,0.2016,0.2006,0.1598,0.9719,0.0227,0.0054
226,Ca trù,ca_tru/audio_22_002.wav,1,0.0718,0.3684,0.3515,0.1705,0.0378,0.332,0.3336,0.3344,0.0712,0.4282,0.4769,0.0197,0.004,0.0444,0.2884,0.6672,0.2741,0.6756,0.0503,0.2169,0.2166,0.2037,0.2027,0.1601,0.0129,0.9814,0.0057
227,Ca trù,ca_tru/audio_22_002.wav,2,0.0938,0.7746,0.0823,0.0382,0.0112,0.3318,0.3336,0.3346,0.0159,0.9661,0.0164,0.0013,0.0003,0.0066,0.9865,0.0069,0.0422,0.1103,0.8475,0.2324,0.2317,0.2017,0.2,0.1341,0.0012,0.9982,0.0007
228,Ca trù,ca_tru/audio_33_058.wav,1,0.4256,0.141,0.3255,0.0698,0.0382,0.3346,0.3334,0.3321,0.368,0.5686,0.0542,0.0073,0.0019,0.0213,0.9582,0.0205,0.0542,0.7019,0.2439,0.2503,0.2484,0.1935,0.1909,0.117,0.1679,0.7998,0.0322
229,Ca trù,ca_tru/audio_33_058.wav,2,0.2979,0.1237,0.4976,0.0544,0.0264,0.3337,0.3332,0.333,0.5182,0.3136,0.1273,0.0309,0.01,0.0614,0.16,0.7786,0.0067,0.9844,0.0089,0.2282,0.2275,0.2008,0.1993,0.1443,0.5297,0.4324,0.0379
230,Ca trù,ca_tru/audio_2_003.wav,1,0.077,0.1575,0.3863,0.2524,0.1269,0.3324,0.3336,0.334,0.3433,0.5905,0.0566,0.0076,0.002,0.6451,0.2317,0.1232,0.0021,0.0073,0.9906,0.2205,0.22,0.2006,0.1995,0.1594,0.055,0.3002,0.6449
231,Ca trù,ca_tru/audio_2_003.wav,2,0.0867,0.1278,0.5802,0.1317,0.0736,0.3327,0.3335,0.3338,0.5003,0.4346,0.055,0.008,0.0022,0.6261,0.2415,0.1324,0.8157,0.1334,0.0509,0.2278,0.2269,0.1991,0.1977,0.1484,0.1727,0.7947,0.0326
232,Ca trù,ca_tru/audio_1_000.wav,1,0.1421,0.1547,0.4257,0.1567,0.1208,0.3331,0.3335,0.3334,0.6409,0.3064,0.0442,0.0067,0.0018,0.7827,0.1527,0.0646,0.0372,0.9449,0.0179,0.2022,0.2024,0.2036,0.2035,0.1883,0.6814,0.2879,0.0307
233,Ca trù,ca_tru/audio_1_000.wav,2,0.0759,0.1513,0.4836,0.1982,0.091,0.3334,0.3334,0.3331,0.0065,0.0257,0.9634,0.0038,0.0006,0.1047,0.848,0.0473,0.8157,0.1334,0.0509,0.2004,0.2007,0.2052,0.2052,0.1885,0.0665,0.7341,0.1994
234,Ca trù,ca_tru/audio_20_003.wav,1,0.1044,0.6637,0.1629,0.0536,0.0153,0.334,0.3331,0.3329,0.2026,0.5802,0.1913,0.0211,0.0048,0.9369,0.0473,0.0159,0.969,0.0242,0.0069,0.1777,0.1785,0.2021,0.2033,0.2384,0.2276,0.7361,0.0364
235,Ca trù,ca_tru/audio_20_003.wav,2,0.0605,0.1364,0.6317,0.1265,0.045,0.3329,0.3332,0.3339,0.1605,0.4338,0.361,0.0371,0.0076,0.7761,0.1559,0.0681,0.969,0.0242,0.0069,0.1604,0.1613,0.1929,0.1948,0.2906,0.7759,0.2,0.0241
236,Ca trù,ca_tru/audio_33_053.wav,1,0.5858,0.1196,0.2159,0.0518,0.0269,0.3339,0.3332,0.3329,0.2015,0.7426,0.0486,0.0059,0.0015,0.0426,0.8411,0.1163,0.6878,0.2126,0.0996,0.2491,0.2473,0.1941,0.1916,0.118,0.2859,0.6753,0.0388
237,Ca trù,ca_tru/audio_33_053.wav,2,0.5403,0.1315,0.2342,0.061,0.033,0.3343,0.3333,0.3324,0.225,0.6397,0.1164,0.015,0.0039,0.0441,0.1253,0.8305,0.0263,0.1483,0.8254,0.2214,0.2208,0.2013,0.2001,0.1564,0.0359,0.9515,0.0126
238,Ca trù,ca_tru/audio_5_007.wav,1,0.5673,0.2566,0.1216,0.0399,0.0146,0.3334,0.3333,0.3333,0.0316,0.9488,0.0174,0.0017,0.0004,0.0135,0.9699,0.0166,0.996,0.0032,0.0008,0.1775,0.1787,0.2123,0.2137,0.2177,0.3664,0.5934,0.0402
239,Ca trù,ca_tru/audio_5_007.wav,2,0.8884,0.0582,0.0338,0.0139,0.0058,0.3326,0.3334,0.334,0.4755,0.4232,0.0839,0.0136,0.0038,0.008,0.0371,0.9548,0.0067,0.9844,0.0089,0.1826,0.1836,0.2113,0.2123,0.2103,0.0356,0.9519,0.0125
240,Ca trù,ca_tru/audio_38_004.wav,1,0.0269,0.8539,0.0485,0.0594,0.0113,0.3318,0.3337,0.3345,0.065,0.6258,0.2932,0.0132,0.0028,0.0476,0.8019,0.1505,0.0263,0.1483,0.8254,0.229,0.2284,0.2026,0.201,0.139,0.0555,0.8205,0.124
241,Ca trù,ca_tru/audio_38_004.wav,2,0.4554,0.2977,0.1832,0.0468,0.0168,0.3319,0.3337,0.3343,0.0537,0.8245,0.1133,0.007,0.0015,0.1488,0.8028,0.0483,0.0263,0.1483,0.8254,0.2234,0.2233,0.2065,0.2051,0.1416,0.025,0.9654,0.0096
242,Ca trù,ca_tru/audio_15_002.wav,1,0.9412,0.0253,0.022,0.0079,0.0036,0.3322,0.3334,0.3344,0.8349,0.1246,0.0322,0.0064,0.0019,0.0749,0.1837,0.7413,0.2741,0.6756,0.0503,0.1738,0.1747,0.2009,0.2022,0.2485,0.9943,0.0048,0.0009
243,Ca trù,ca_tru/audio_15_002.wav,2,0.9546,0.0197,0.0169,0.006,0.0028,0.3321,0.3335,0.3344,0.6802,0.2635,0.0464,0.0076,0.0021,0.0723,0.1778,0.7499,0.2741,0.6756,0.0503,0.1785,0.1792,0.2011,0.2022,0.239,0.9948,0.0044,0.0008
244,Ca trù,ca_tru/audio_24_017.wav,1,0.0211,0.0395,0.9173,0.0164,0.0057,0.335,0.333,0.3319,0.0178,0.947,0.0327,0.0021,0.0005,0.8843,0.0846,0.0311,0.0422,0.1103,0.8475,0.2287,0.2278,0.1997,0.1982,0.1457,0.0428,0.21,0.7472
245,Ca trù,ca_tru/audio_24_017.wav,2,0.0485,0.0933,0.7543,0.0748,0.0291,0.3346,0.3331,0.3323,0.0647,0.5544,0.3633,0.0145,0.003,0.3991,0.516,0.0848,0.0263,0.1483,0.8254,0.2295,0.2287,0.2003,0.1988,0.1428,0.0726,0.5641,0.3632
246,Ca trù,ca_tru/audio_33_005.wav,1,0.8769,0.0535,0.0514,0.0129,0.0053,0.3348,0.3334,0.3318,0.293,0.5579,0.1258,0.0183,0.005,0.1275,0.8049,0.0676,0.8965,0.0877,0.0157,0.2514,0.2493,0.192,0.1894,0.1179,0.0037,0.0131,0.9832
247,Ca trù,ca_tru/audio_33_005.wav,2,0.485,0.1367,0.2778,0.0651,0.0353,0.3343,0.3334,0.3323,0.1734,0.6749,0.1325,0.0154,0.0039,0.0241,0.9288,0.047,0.0263,0.1483,0.8254,0.2451,0.2434,0.195,0.1927,0.1239,0.0273,0.0677,0.905
248,Ca trù,ca_tru/audio_33_046.wav,1,0.6548,0.1638,0.0987,0.0559,0.0267,0.3327,0.3337,0.3336,0.0651,0.6274,0.2915,0.0132,0.0028,0.3554,0.5725,0.0721,0.969,0.0242,0.0069,0.2411,0.2397,0.197,0.1949,0.1273,0.0018,0.0061,0.9921
249,Ca trù,ca_tru/audio_33_046.wav,2,0.3144,0.2219,0.3953,0.0499,0.0185,0.333,0.3336,0.3334,0.2083,0.641,0.1301,0.0164,0.0043,0.0205,0.9522,0.0272,0.969,0.0242,0.0069,0.2331,0.2322,0.1996,0.1979,0.1371,0.0016,0.9972,0.0012
250,Ca trù,ca_tru/audio_33_011.wav,1,0.8019,0.076,0.0794,0.0285,0.0142,0.3342,0.3334,0.3325,0.0726,0.656,0.2546,0.0137,0.003,0.0193,0.1065,0.8743,0.9336,0.0507,0.0157,0.2526,0.2505,0.1916,0.189,0.1163,0.065,0.7497,0.1854
251,Ca trù,ca_tru/audio_33_011.wav,2,0.3554,0.1492,0.3662,0.082,0.0473,0.3331,0.3334,0.3335,0.5066,0.3834,0.0899,0.0156,0.0045,0.077,0.8263,0.0967,0.0263,0.1483,0.8254,0.2464,0.2446,0.1942,0.1919,0.1229,0.0054,0.9919,0.0027
252,Ca trù,ca_tru/audio_17_095.wav,1,0.8437,0.0588,0.066,0.0212,0.0103,0.3332,0.3336,0.3332,0.1306,0.7004,0.1504,0.0149,0.0036,0.2847,0.6521,0.0632,0.0372,0.9449,0.0179,0.2127,0.2129,0.208,0.2072,0.1592,0.0626,0.3725,0.5649
253,Ca trù,ca_tru/audio_17_095.wav,2,0.973,0.0126,0.0094,0.0034,0.0015,0.3325,0.3336,0.334,0.0627,0.8821,0.0494,0.0047,0.0011,0.252,0.6852,0.0628,0.0067,0.9844,0.0089,0.2453,0.2441,0.1984,0.196,0.1162,0.0478,0.8608,0.0913
254,Ca trù,ca_tru/audio_12_011.wav,1,0.0569,0.6206,0.159,0.137,0.0265,0.3343,0.3336,0.3322,0.0558,0.3659,0.5604,0.0151,0.0029,0.044,0.3667,0.5893,0.0372,0.9449,0.0179,0.275,0.2718,0.1846,0.1808,0.0877,0.0672,0.7256,0.2072
255,Ca trù,ca_tru/audio_12_011.wav,2,0.0557,0.4985,0.1523,0.2548,0.0386,0.3343,0.3334,0.3323,0.0,1.0,0.0,0.0,0.0,0.0079,0.0285,0.9636,0.0372,0.9449,0.0179,0.2445,0.2432,0.1977,0.1953,0.1193,0.0005,0.9992,0.0003
256,Ca trù,ca_tru/audio_8_000.wav,1,0.0597,0.4694,0.1827,0.2478,0.0403,0.3332,0.3335,0.3334,0.1624,0.7599,0.0677,0.008,0.002,0.0306,0.1015,0.8679,0.64,0.3185,0.0415,0.2168,0.2163,0.2,0.1991,0.1678,0.1871,0.7791,0.0338
257,Ca trù,ca_tru/audio_8_000.wav,2,0.4167,0.3864,0.1034,0.068,0.0255,0.3335,0.3333,0.3333,0.0616,0.8896,0.0436,0.0042,0.001,0.0082,0.0293,0.9625,0.0542,0.7019,0.2439,0.2342,0.2329,0.1966,0.1949,0.1413,0.0321,0.1451,0.8229
258,Ca trù,ca_tru/audio_29_004.wav,1,0.2625,0.1413,0.535,0.0435,0.0177,0.3335,0.3335,0.333,0.0588,0.9121,0.0258,0.0027,0.0007,0.0086,0.9797,0.0117,0.2741,0.6756,0.0503,0.2148,0.2147,0.205,0.2042,0.1613,0.1383,0.8323,0.0294
259,Ca trù,ca_tru/audio_29_004.wav,2,0.6252,0.1239,0.2032,0.0337,0.014,0.3332,0.3336,0.3333,0.0135,0.9654,0.0194,0.0014,0.0003,0.0359,0.8418,0.1223,0.0067,0.9844,0.0089,0.2029,0.2037,0.2156,0.2153,0.1625,0.0153,0.9782,0.0065
260,Ca trù,ca_tru/audio_33_065.wav,1,0.4745,0.1414,0.2756,0.0697,0.0387,0.3339,0.3332,0.3329,0.0419,0.0582,0.0878,0.4264,0.3857,0.1031,0.2317,0.6651,0.0021,0.0073,0.9906,0.2099,0.2098,0.2032,0.2027,0.1744,0.0642,0.9169,0.0188
261,Ca trù,ca_tru/audio_33_065.wav,2,0.7067,0.1244,0.0979,0.0472,0.0238,0.334,0.3335,0.3324,0.0421,0.892,0.0602,0.0046,0.0011,0.063,0.7984,0.1386,0.0021,0.0073,0.9906,0.2497,0.2477,0.1928,0.1904,0.1194,0.0673,0.7244,0.2083
262,Ca trù,ca_tru/audio_17_102.wav,1,0.5877,0.1245,0.202,0.0559,0.03,0.3323,0.3337,0.3341,0.0201,0.9636,0.0146,0.0013,0.0003,0.002,0.9954,0.0026,0.8157,0.1334,0.0509,0.1984,0.199,0.2099,0.2099,0.1828,0.9602,0.0343,0.0056
263,Ca trù,ca_tru/audio_17_102.wav,2,0.962,0.0171,0.0137,0.005,0.0023,0.3326,0.3337,0.3337,0.8512,0.1217,0.0222,0.0038,0.0011,0.0106,0.0574,0.932,0.8965,0.0877,0.0157,0.2091,0.2092,0.2057,0.2051,0.1709,0.3182,0.6422,0.0396
264,Ca trù,ca_tru/audio_37_011.wav,1,0.7904,0.0791,0.0854,0.03,0.0151,0.3334,0.3334,0.3332,0.053,0.438,0.4929,0.0134,0.0027,0.8171,0.1322,0.0507,0.0263,0.1483,0.8254,0.1539,0.1549,0.1911,0.1933,0.3069,0.0089,0.9869,0.0042
265,Ca trù,ca_tru/audio_37_011.wav,2,0.4793,0.208,0.1544,0.1011,0.0573,0.3336,0.3333,0.3331,0.8001,0.1296,0.0517,0.014,0.0046,0.7711,0.1589,0.07,0.7947,0.1471,0.0581,0.1679,0.1687,0.1961,0.1977,0.2695,0.796,0.1516,0.0525
266,Ca trù,ca_tru/audio_33_026.wav,1,0.4323,0.1448,0.308,0.0737,0.0413,0.3344,0.3333,0.3323,0.0275,0.0369,0.0533,0.2233,0.659,0.045,0.18,0.775,0.2741,0.6756,0.0503,0.2163,0.2161,0.2036,0.2027,0.1613,0.1094,0.2024,0.6882
267,Ca trù,ca_tru/audio_33_026.wav,2,0.4472,0.131,0.3334,0.0585,0.0299,0.3336,0.3332,0.3332,0.0375,0.153,0.7873,0.0188,0.0034,0.0274,0.0838,0.8888,0.8674,0.0982,0.0344,0.2281,0.2275,0.2022,0.2007,0.1415,0.0726,0.6142,0.3132
268,Ca trù,ca_tru/audio_17_072.wav,1,0.4838,0.1232,0.3239,0.047,0.0221,0.3338,0.3332,0.333,0.0423,0.8156,0.134,0.0067,0.0014,0.0574,0.1524,0.7902,0.0542,0.7019,0.2439,0.2112,0.2111,0.2024,0.2018,0.1734,0.0689,0.7043,0.2268
269,Ca trù,ca_tru/audio_17_072.wav,2,0.0307,0.0356,0.9027,0.0214,0.0097,0.3342,0.3331,0.3327,0.0697,0.8267,0.0942,0.0077,0.0018,0.0811,0.1889,0.73,0.0422,0.1103,0.8475,0.2114,0.2113,0.2038,0.2032,0.1703,0.0002,0.0007,0.999
270,Ca trù,ca_tru/audio_17_002.wav,1,0.8066,0.0956,0.0579,0.0276,0.0124,0.3312,0.3333,0.3355,0.1803,0.64,0.1594,0.0165,0.0038,0.8196,0.1505,0.0299,0.2741,0.6756,0.0503,0.1923,0.193,0.2109,0.2114,0.1923,0.0891,0.8878,0.0231
271,Ca trù,ca_tru/audio_17_002.wav,2,0.964,0.0148,0.0146,0.0046,0.0021,0.3321,0.3332,0.3346,0.8352,0.1267,0.0308,0.0057,0.0016,0.0397,0.9075,0.0528,0.0542,0.7019,0.2439,0.1858,0.1866,0.208,0.2089,0.2108,0.6936,0.2765,0.03
272,Ca trù,ca_tru/audio_24_014.wav,1,0.0662,0.0685,0.7989,0.0444,0.022,0.3344,0.3331,0.3325,0.0287,0.8994,0.0672,0.0038,0.0008,0.9576,0.0322,0.0102,0.8674,0.0982,0.0344,0.2257,0.2252,0.2034,0.202,0.1437,0.0514,0.8436,0.1051
273,Ca trù,ca_tru/audio_24_014.wav,2,0.1321,0.1627,0.6472,0.0427,0.0153,0.3345,0.3331,0.3324,0.0461,0.8908,0.0574,0.0046,0.0011,0.9311,0.0515,0.0175,0.8674,0.0982,0.0344,0.2254,0.2247,0.201,0.1997,0.1493,0.0011,0.9981,0.0008
274,Ca trù,ca_tru/audio_17_097.wav,1,0.6959,0.1114,0.1523,0.0286,0.0118,0.3323,0.3335,0.3342,0.2579,0.6693,0.0626,0.0081,0.0021,0.148,0.8012,0.0508,0.0542,0.7019,0.2439,0.2557,0.2538,0.1933,0.1903,0.1068,0.0652,0.7474,0.1874
275,Ca trù,ca_tru/audio_17_097.wav,2,0.6576,0.1054,0.1719,0.0432,0.022,0.3329,0.3336,0.3336,0.0699,0.7413,0.1763,0.0103,0.0022,0.2333,0.7094,0.0573,0.0067,0.9844,0.0089,0.2316,0.2311,0.2034,0.2016,0.1323,0.7174,0.2542,0.0284
276,Ca trù,ca_tru/audio_5_000.wav,1,0.0331,0.0405,0.9062,0.0147,0.0056,0.3329,0.3332,0.3339,0.9534,0.0351,0.0092,0.0018,0.0005,0.2842,0.6519,0.0639,0.0263,0.1483,0.8254,0.1538,0.1549,0.1954,0.1977,0.2982,0.9841,0.013,0.0029
277,Ca trù,ca_tru/audio_5_000.wav,2,0.6636,0.1812,0.1107,0.0323,0.0122,0.3324,0.3334,0.3342,0.6067,0.3059,0.071,0.0127,0.0037,0.0359,0.2556,0.7085,0.0067,0.9844,0.0089,0.198,0.1989,0.2152,0.2153,0.1726,0.633,0.3335,0.0335
278,Ca trù,ca_tru/audio_4_002.wav,1,0.9162,0.0346,0.0325,0.0113,0.0054,0.3327,0.3335,0.3339,0.009,0.0117,0.0162,0.0543,0.9089,0.0244,0.937,0.0386,0.969,0.0242,0.0069,0.2137,0.2139,0.2079,0.2071,0.1574,0.0005,0.0016,0.9978
279,Ca trù,ca_tru/audio_4_002.wav,2,0.6661,0.1316,0.1187,0.0547,0.0289,0.3322,0.3336,0.3342,0.0582,0.533,0.3927,0.0133,0.0027,0.3727,0.5665,0.0607,0.0372,0.9449,0.0179,0.2063,0.207,0.215,0.2145,0.1572,0.0001,0.9998,0.0001
280,Ca trù,ca_tru/audio_22_004.wav,1,0.0138,0.9356,0.0214,0.0243,0.0049,0.3318,0.3338,0.3345,0.0657,0.6435,0.2751,0.013,0.0028,0.0502,0.7791,0.1707,0.8674,0.0982,0.0344,0.2307,0.23,0.2014,0.1997,0.1383,0.0694,0.6957,0.2349
281,Ca trù,ca_tru/audio_22_004.wav,2,0.3755,0.3314,0.2236,0.0514,0.0181,0.3319,0.3337,0.3343,0.055,0.8105,0.1255,0.0074,0.0016,0.1172,0.8394,0.0434,0.0263,0.1483,0.8254,0.2263,0.226,0.205,0.2035,0.1392,0.1261,0.8458,0.0281
282,Ca trù,ca_tru/audio_10_001.wav,1,0.1762,0.1136,0.6121,0.0642,0.034,0.3344,0.3333,0.3324,0.2219,0.6976,0.0694,0.0087,0.0023,0.0567,0.7279,0.2154,0.0067,0.9844,0.0089,0.2191,0.2186,0.2016,0.2006,0.1601,0.6791,0.2901,0.0309
283,Ca trù,ca_tru/audio_10_001.wav,2,0.0441,0.0764,0.7961,0.059,0.0244,0.3346,0.3333,0.3322,0.1283,0.6252,0.2214,0.0203,0.0048,0.0511,0.8925,0.0563,0.0067,0.9844,0.0089,0.2168,0.2164,0.2022,0.2013,0.1633,0.006,0.0217,0.9723
284,Ca trù,ca_tru/audio_17_060.wav,1,0.8865,0.0501,0.0399,0.016,0.0075,0.3326,0.3335,0.3338,0.0527,0.4393,0.4923,0.013,0.0026,0.0412,0.1158,0.8429,0.0542,0.7019,0.2439,0.2076,0.2076,0.2039,0.2034,0.1774,0.0249,0.9655,0.0096
285,Ca trù,ca_tru/audio_17_060.wav,2,0.6895,0.1214,0.1481,0.0292,0.0118,0.3329,0.3334,0.3337,0.1603,0.7247,0.1006,0.0115,0.0029,0.0128,0.0701,0.9171,0.996,0.0032,0.0008,0.2319,0.231,0.1999,0.1982,0.1391,0.0416,0.8878,0.0706
286,Ca trù,ca_tru/audio_2_012.wav,1,0.0121,0.0172,0.9566,0.01,0.0041,0.3328,0.3334,0.3338,0.1385,0.7986,0.0549,0.0063,0.0016,0.7664,0.1624,0.0712,0.0542,0.7019,0.2439,0.2262,0.2254,0.1994,0.1981,0.1508,0.0001,0.0004,0.9995
287,Ca trù,ca_tru/audio_2_012.wav,2,0.0147,0.0192,0.9502,0.0111,0.0048,0.333,0.3334,0.3336,0.013,0.9729,0.0128,0.0011,0.0003,0.7659,0.1625,0.0716,0.0542,0.7019,0.2439,0.2256,0.2248,0.1998,0.1985,0.1512,0.4684,0.4921,0.0395
288,Ca trù,ca_tru/audio_6_003.wav,1,0.8636,0.0548,0.0533,0.0191,0.0093,0.3338,0.3332,0.333,0.0684,0.1348,0.3694,0.395,0.0324,0.0909,0.2036,0.7055,0.0263,0.1483,0.8254,0.1874,0.1879,0.2023,0.203,0.2193,0.0706,0.1477,0.7816
289,Ca trù,ca_tru/audio_6_003.wav,2,0.944,0.0278,0.0192,0.0064,0.0027,0.3349,0.333,0.3321,0.0458,0.2248,0.7083,0.0177,0.0034,0.0587,0.4963,0.445,0.0372,0.9449,0.0179,0.2032,0.2035,0.2058,0.2056,0.1818,0.0008,0.0027,0.9965
290,Ca trù,ca_tru/audio_33_012.wav,1,0.3702,0.1429,0.3725,0.0737,0.0407,0.3335,0.3333,0.3332,0.3047,0.6136,0.0698,0.0094,0.0025,0.0253,0.9219,0.0528,0.681,0.2164,0.1026,0.2521,0.2501,0.1928,0.1902,0.1148,0.9262,0.0641,0.0097
291,Ca trù,ca_tru/audio_33_012.wav,2,0.4209,0.1284,0.3691,0.0546,0.0269,0.3336,0.3332,0.3332,0.5759,0.2847,0.1063,0.0251,0.0081,0.0688,0.1707,0.7605,0.9905,0.0078,0.0017,0.2336,0.2326,0.199,0.1972,0.1377,0.9924,0.0064,0.0012
292,Ca trù,ca_tru/audio_33_074.wav,1,0.7437,0.1136,0.083,0.04,0.0195,0.3341,0.3334,0.3325,0.1047,0.8498,0.0399,0.0045,0.0011,0.023,0.9284,0.0486,0.0542,0.7019,0.2439,0.2515,0.2497,0.1941,0.1914,0.1133,0.0206,0.9554,0.0241
293,Ca trù,ca_tru/audio_33_074.wav,2,0.8877,0.0452,0.0443,0.0154,0.0074,0.3334,0.3336,0.333,0.0956,0.8571,0.0416,0.0046,0.0011,0.0369,0.8437,0.1194,0.0542,0.7019,0.2439,0.2643,0.2615,0.1874,0.1843,0.1024,0.0482,0.9362,0.0155
294,Ca trù,ca_tru/audio_11_000.wav,1,0.7886,0.0706,0.1036,0.0252,0.012,0.3321,0.3338,0.3341,0.7686,0.1911,0.0332,0.0055,0.0015,0.0465,0.7175,0.2361,0.8398,0.1172,0.043,0.2035,0.2039,0.2079,0.2077,0.1771,0.7323,0.2404,0.0274
295,Ca trù,ca_tru/audio_11_000.wav,2,0.7827,0.0734,0.1039,0.0269,0.0131,0.3337,0.3334,0.3329,0.0827,0.655,0.2439,0.0151,0.0033,0.9684,0.0243,0.0074,0.0372,0.9449,0.0179,0.2238,0.2233,0.2028,0.2016,0.1485,0.0221,0.9692,0.0087
296,Ca trù,ca_tru/audio_32_003.wav,1,0.0003,0.0004,0.999,0.0002,0.0001,0.334,0.3332,0.3328,0.2282,0.6672,0.0901,0.0115,0.003,0.1075,0.7919,0.1006,0.996,0.0032,0.0008,0.2456,0.2436,0.1928,0.1906,0.1275,0.0007,0.9989,0.0004
297,Ca trù,ca_tru/audio_32_003.wav,2,0.7101,0.1482,0.0796,0.0428,0.0192,0.3342,0.3332,0.3326,0.0308,0.8887,0.0754,0.0042,0.0009,0.0933,0.7383,0.1684,0.0542,0.7019,0.2439,0.2464,0.2444,0.1925,0.1902,0.1264,0.5571,0.4059,0.0369
298,Ca trù,ca_tru/audio_21_001.wav,1,0.1207,0.0839,0.7329,0.0422,0.0203,0.3342,0.3333,0.3325,0.1614,0.7673,0.0621,0.0073,0.0019,0.6721,0.2173,0.1106,0.0542,0.7019,0.2439,0.2291,0.2282,0.1997,0.1982,0.1449,0.0724,0.622,0.3056
299,Ca trù,ca_tru/audio_21_001.wav,2,0.114,0.1049,0.6675,0.0732,0.0405,0.3342,0.3335,0.3324,0.2057,0.6424,0.1312,0.0164,0.0043,0.6778,0.2143,0.1079,0.0067,0.9844,0.0089,0.2363,0.2349,0.1964,0.1946,0.1379,0.0235,0.0999,0.8766
300,Ca trù,ca_tru/audio_18_009.wav,1,0.0474,0.293,0.0679,0.5293,0.0624,0.3335,0.3333,0.3333,0.1948,0.5601,0.2164,0.0234,0.0052,0.1252,0.8218,0.053,0.0542,0.7019,0.2439,0.1584,0.1595,0.197,0.1992,0.2858,0.7323,0.2404,0.0274
301,Ca trù,ca_tru/audio_18_009.wav,2,0.0343,0.176,0.0952,0.6418,0.0527,0.3322,0.3334,0.3343,0.3556,0.4708,0.1463,0.0219,0.0054,0.0771,0.8521,0.0708,0.0542,0.7019,0.2439,0.1519,0.1532,0.1987,0.2013,0.2948,0.9461,0.0466,0.0073
302,Ca trù,ca_tru/audio_17_016.wav,1,0.7675,0.0956,0.0835,0.0356,0.0178,0.3337,0.3335,0.3328,0.068,0.8646,0.0605,0.0056,0.0014,0.0201,0.9649,0.015,0.0542,0.7019,0.2439,0.2345,0.2339,0.2033,0.2013,0.1269,0.0154,0.0616,0.923
303,Ca trù,ca_tru/audio_17_016.wav,2,0.2777,0.1426,0.5179,0.0439,0.0179,0.3329,0.3335,0.3336,0.0374,0.8488,0.1071,0.0055,0.0012,0.0206,0.9361,0.0433,0.0542,0.7019,0.2439,0.2436,0.2426,0.2,0.1976,0.1163,0.0562,0.8165,0.1273
304,Ca trù,ca_tru/audio_17_008.wav,1,0.771,0.0909,0.0862,0.0345,0.0174,0.3334,0.3335,0.3331,0.0616,0.5048,0.4159,0.0148,0.003,0.0207,0.9326,0.0467,0.0067,0.9844,0.0089,0.2166,0.2167,0.2087,0.2077,0.1502,0.0666,0.7324,0.201
305,Ca trù,ca_tru/audio_17_008.wav,2,0.8828,0.0445,0.0501,0.0153,0.0073,0.3336,0.3335,0.3329,0.0522,0.4493,0.483,0.0129,0.0026,0.0067,0.9865,0.0069,0.0067,0.9844,0.0089,0.2251,0.2252,0.2099,0.2083,0.1316,0.0496,0.8527,0.0978
306,Ca trù,ca_tru/audio_11_003.wav,1,0.6947,0.1202,0.1109,0.0488,0.0255,0.3323,0.3337,0.3341,0.0312,0.9398,0.0262,0.0023,0.0005,0.1474,0.8043,0.0483,0.0372,0.9449,0.0179,0.197,0.1979,0.2137,0.2138,0.1777,0.9668,0.0285,0.0047
307,Ca trù,ca_tru/audio_11_003.wav,2,0.5846,0.1445,0.2197,0.0365,0.0147,0.3327,0.3336,0.3336,0.4695,0.4668,0.054,0.0077,0.0021,0.9719,0.0215,0.0065,0.0422,0.1103,0.8475,0.2209,0.2211,0.2108,0.2095,0.1378,0.987,0.0111,0.002
308,Ca trù,ca_tru/audio_26_000.wav,1,0.0584,0.1781,0.2465,0.4136,0.1034,0.3321,0.3335,0.3344,0.7412,0.2101,0.0399,0.0068,0.0019,0.0983,0.4405,0.4612,0.0372,0.9449,0.0179,0.1663,0.1673,0.1993,0.201,0.2662,0.9999,0.0001,0.0
309,Ca trù,ca_tru/audio_26_000.wav,2,0.0847,0.7903,0.0548,0.0545,0.0157,0.332,0.3335,0.3345,0.1292,0.8227,0.0421,0.0048,0.0012,0.0444,0.1706,0.785,0.0372,0.9449,0.0179,0.1667,0.1676,0.1995,0.2013,0.2649,0.7865,0.1903,0.0232
310,Ca trù,ca_tru/audio_0_014.wav,1,0.0405,0.7609,0.0881,0.0928,0.0176,0.333,0.3338,0.3332,0.0954,0.7362,0.1529,0.0126,0.003,0.017,0.0583,0.9247,0.9905,0.0078,0.0017,0.2323,0.2315,0.2012,0.1994,0.1356,0.9524,0.0411,0.0065
311,Ca trù,ca_tru/audio_0_014.wav,2,0.0224,0.8842,0.0311,0.0525,0.0099,0.3333,0.3336,0.3331,0.0123,0.0158,0.0219,0.0736,0.8764,0.0166,0.0581,0.9253,0.64,0.3185,0.0415,0.2222,0.2218,0.2032,0.202,0.1508,0.0102,0.9852,0.0047
312,Ca trù,ca_tru/audio_33_002.wav,1,0.3482,0.1395,0.4028,0.071,0.0385,0.3345,0.3332,0.3322,0.0744,0.8627,0.0561,0.0055,0.0013,0.0594,0.2671,0.6735,0.0542,0.7019,0.2439,0.237,0.2358,0.1982,0.1963,0.1328,0.0503,0.849,0.1007
313,Ca trù,ca_tru/audio_33_002.wav,2,0.4079,0.1425,0.338,0.0719,0.0396,0.3344,0.3335,0.3322,0.0175,0.0542,0.9082,0.0175,0.0025,0.1296,0.8137,0.0567,0.8398,0.1172,0.043,0.2469,0.2451,0.194,0.1917,0.1223,0.0668,0.731,0.2023
314,Ca trù,ca_tru/audio_14_003.wav,1,0.0497,0.127,0.1596,0.4549,0.2088,0.3352,0.3331,0.3317,0.0369,0.9409,0.0197,0.002,0.0005,0.0191,0.9649,0.0159,0.0067,0.9844,0.0089,0.1885,0.1906,0.2367,0.2373,0.1469,0.0622,0.9194,0.0184
315,Ca trù,ca_tru/audio_14_003.wav,2,0.074,0.1523,0.3001,0.297,0.1766,0.334,0.3334,0.3326,0.0132,0.9666,0.0185,0.0013,0.0003,0.0253,0.9218,0.0529,0.0372,0.9449,0.0179,0.1874,0.1889,0.2241,0.2249,0.1746,0.0267,0.9385,0.0349
316,Ca trù,ca_tru/audio_33_078.wav,1,0.5295,0.2112,0.1298,0.0857,0.0439,0.3336,0.3335,0.3329,0.3991,0.527,0.0627,0.0088,0.0024,0.043,0.3226,0.6344,0.0067,0.9844,0.0089,0.2365,0.2361,0.2052,0.203,0.1192,0.9916,0.0071,0.0013
317,Ca trù,ca_tru/audio_33_078.wav,2,0.059,0.0576,0.8328,0.0342,0.0164,0.3339,0.3334,0.3327,0.2197,0.5444,0.2008,0.0278,0.0073,0.8617,0.1068,0.0315,0.0372,0.9449,0.0179,0.2201,0.2197,0.2032,0.2021,0.1549,0.0693,0.9109,0.0198
318,Ca trù,ca_tru/audio_33_010.wav,1,0.4411,0.1286,0.3475,0.0552,0.0276,0.3344,0.3332,0.3324,0.0642,0.5799,0.3391,0.0139,0.0029,0.0348,0.1248,0.8404,0.2741,0.6756,0.0503,0.2347,0.2336,0.1989,0.1971,0.1357,0.0243,0.9663,0.0094
319,Ca trù,ca_tru/audio_33_010.wav,2,0.692,0.0962,0.1551,0.0378,0.0189,0.3343,0.3334,0.3323,0.0111,0.0394,0.9403,0.008,0.0013,0.0451,0.1276,0.8273,0.8965,0.0877,0.0157,0.2364,0.2353,0.199,0.1971,0.1322,0.0365,0.9069,0.0566
320,Ca trù,ca_tru/audio_31_000.wav,1,0.0615,0.1895,0.648,0.0783,0.0227,0.3343,0.3332,0.3325,0.0312,0.898,0.0659,0.004,0.0009,0.7193,0.1904,0.0903,0.0372,0.9449,0.0179,0.2254,0.2247,0.2008,0.1995,0.1497,0.0581,0.804,0.1379
321,Ca trù,ca_tru/audio_31_000.wav,2,0.0533,0.185,0.2092,0.463,0.0894,0.3345,0.3332,0.3323,0.1747,0.763,0.0542,0.0065,0.0017,0.6503,0.2289,0.1208,0.7124,0.1983,0.0893,0.2195,0.219,0.2009,0.1999,0.1607,0.0656,0.4081,0.5264
322,Ca trù,ca_tru/audio_38_000.wav,1,0.107,0.1396,0.5112,0.1465,0.0957,0.3331,0.3334,0.3335,0.1859,0.7446,0.0603,0.0073,0.0019,0.9322,0.0528,0.015,0.969,0.0242,0.0069,0.1835,0.1846,0.213,0.2141,0.2048,0.6535,0.3141,0.0324
323,Ca trù,ca_tru/audio_38_000.wav,2,0.0493,0.0774,0.7848,0.0612,0.0272,0.3326,0.3335,0.334,0.612,0.3347,0.0448,0.0067,0.0018,0.3086,0.6249,0.0665,0.0263,0.1483,0.8254,0.2197,0.2196,0.2057,0.2046,0.1505,0.5396,0.4229,0.0376
324,Ca trù,ca_tru/audio_27_007.wav,1,0.0945,0.1172,0.6242,0.1044,0.0598,0.3336,0.3335,0.3329,0.0242,0.9215,0.0505,0.003,0.0007,0.8703,0.1067,0.0229,0.64,0.3185,0.0415,0.2281,0.2275,0.2024,0.2009,0.1411,0.0366,0.9065,0.0569
325,Ca trù,ca_tru/audio_27_007.wav,2,0.1579,0.1504,0.4663,0.1323,0.0931,0.3337,0.3335,0.3328,0.6885,0.2412,0.0567,0.0105,0.0031,0.7541,0.1695,0.0764,0.64,0.3185,0.0415,0.2117,0.2117,0.2063,0.2057,0.1647,0.4602,0.5001,0.0396
326,Ca trù,ca_tru/audio_17_064.wav,1,0.9573,0.0191,0.0168,0.0048,0.002,0.3322,0.3336,0.3341,0.3181,0.6192,0.0538,0.007,0.0018,0.048,0.8855,0.0665,0.64,0.3185,0.0415,0.2196,0.2193,0.2042,0.2031,0.1538,0.9669,0.0284,0.0047
327,Ca trù,ca_tru/audio_17_064.wav,2,0.056,0.0988,0.8036,0.0309,0.0106,0.3323,0.3336,0.334,0.605,0.3346,0.0504,0.0078,0.0022,0.0382,0.9327,0.029,0.2741,0.6756,0.0503,0.2362,0.2355,0.2028,0.2008,0.1247,0.5141,0.4475,0.0384
328,Ca trù,ca_tru/audio_14_005.wav,1,0.055,0.167,0.2171,0.4494,0.1115,0.3324,0.3337,0.3339,0.4112,0.5222,0.0566,0.0079,0.0021,0.9253,0.0611,0.0136,0.0067,0.9844,0.0089,0.2567,0.2557,0.2002,0.1966,0.0908,0.1207,0.8519,0.0274
329,Ca trù,ca_tru/audio_14_005.wav,2,0.045,0.2773,0.1241,0.502,0.0517,0.3345,0.3331,0.3324,0.0164,0.9582,0.0234,0.0016,0.0004,0.0248,0.9146,0.0606,0.0067,0.9844,0.0089,0.1941,0.1954,0.2206,0.2209,0.1689,0.0502,0.2623,0.6875
330,Ca trù,ca_tru/audio_37_015.wav,1,0.5325,0.1901,0.1436,0.0864,0.0474,0.333,0.3332,0.3338,0.1037,0.5596,0.3135,0.0193,0.004,0.7511,0.1948,0.0541,0.0542,0.7019,0.2439,0.1656,0.1665,0.196,0.1977,0.2741,0.8988,0.0885,0.0127
331,Ca trù,ca_tru/audio_37_015.wav,2,0.6178,0.1593,0.1226,0.0658,0.0345,0.335,0.3331,0.3319,0.0571,0.5894,0.3392,0.0119,0.0024,0.8487,0.1112,0.0401,0.9905,0.0078,0.0017,0.1585,0.1595,0.1938,0.1958,0.2924,0.0209,0.9546,0.0245
332,Ca trù,ca_tru/audio_33_106.wav,1,0.064,0.1833,0.5531,0.1547,0.045,0.3337,0.3332,0.333,0.4713,0.3709,0.1249,0.0253,0.0076,0.0373,0.1089,0.8538,0.0422,0.1103,0.8475,0.2454,0.2437,0.1947,0.1924,0.1238,0.7144,0.2038,0.0819
333,Ca trù,ca_tru/audio_33_106.wav,2,0.064,0.1833,0.5531,0.1547,0.045,0.3337,0.3332,0.333,0.4713,0.3709,0.1249,0.0253,0.0076,0.0373,0.1089,0.8538,0.0422,0.1103,0.8475,0.2454,0.2437,0.1947,0.1924,0.1238,0.7144,0.2038,0.0819
334,Ca trù,ca_tru/audio_33_020.wav,1,0.1938,0.1457,0.6023,0.042,0.0162,0.334,0.3334,0.3326,0.193,0.7278,0.0687,0.0084,0.0022,0.3539,0.585,0.0611,0.0021,0.0073,0.9906,0.2392,0.2377,0.1959,0.1939,0.1334,0.0002,0.9996,0.0002
335,Ca trù,ca_tru/audio_33_020.wav,2,0.9401,0.0246,0.0238,0.0079,0.0037,0.3342,0.3334,0.3323,0.0355,0.8704,0.0881,0.005,0.0011,0.7427,0.2133,0.044,0.0021,0.0073,0.9906,0.2352,0.2344,0.2012,0.1993,0.1298,0.0592,0.7965,0.1442
336,Ca trù,ca_tru/audio_33_028.wav,1,0.4405,0.1381,0.3191,0.0665,0.0358,0.334,0.3332,0.3328,0.0419,0.0589,0.0905,0.5019,0.3069,0.0806,0.1942,0.7252,0.0263,0.1483,0.8254,0.2181,0.2178,0.2027,0.2018,0.1596,0.0669,0.1416,0.7915
337,Ca trù,ca_tru/audio_33_028.wav,2,0.9824,0.0077,0.0066,0.0022,0.001,0.336,0.3331,0.3309,0.0133,0.9654,0.0196,0.0014,0.0003,0.0877,0.6925,0.2197,0.0372,0.9449,0.0179,0.246,0.2443,0.1944,0.1921,0.1231,0.0562,0.8161,0.1277
338,Ca trù,ca_tru/audio_17_086.wav,1,0.6998,0.0982,0.1609,0.0287,0.0124,0.3327,0.3337,0.3336,0.8321,0.1269,0.0326,0.0065,0.0019,0.9714,0.0219,0.0067,0.0542,0.7019,0.2439,0.2151,0.2154,0.2103,0.2094,0.1497,0.9685,0.027,0.0045
339,Ca trù,ca_tru/audio_17_086.wav,2,0.7334,0.1117,0.0918,0.042,0.0212,0.3324,0.3337,0.3339,0.0636,0.8528,0.0763,0.006,0.0014,0.643,0.3059,0.0512,0.2741,0.6756,0.0503,0.2367,0.2359,0.2014,0.1994,0.1266,0.0014,0.9978,0.0008
340,Ca trù,ca_tru/audio_17_010.wav,1,0.7108,0.109,0.1125,0.0445,0.0233,0.3335,0.3335,0.333,0.1029,0.7843,0.1008,0.0097,0.0024,0.0093,0.0405,0.9502,0.9905,0.0078,0.0017,0.1964,0.1969,0.2074,0.2076,0.1918,0.0404,0.8924,0.0672
341,Ca trù,ca_tru/audio_17_010.wav,2,0.5709,0.1202,0.2546,0.0378,0.0165,0.3338,0.3334,0.3328,0.2165,0.6131,0.1465,0.0189,0.0049,0.0594,0.9027,0.0379,0.0067,0.9844,0.0089,0.2329,0.2325,0.2051,0.2032,0.1264,0.0367,0.9061,0.0572
342,Ca trù,ca_tru/audio_15_005.wav,1,0.8042,0.0898,0.0631,0.0291,0.0137,0.3324,0.3333,0.3343,0.5679,0.3621,0.0583,0.0091,0.0025,0.0607,0.1673,0.772,0.2741,0.6756,0.0503,0.1754,0.1762,0.2016,0.2029,0.244,0.9835,0.0135,0.0031
343,Ca trù,ca_tru/audio_15_005.wav,2,0.6941,0.1401,0.0929,0.049,0.0238,0.3325,0.3333,0.3343,0.8818,0.0953,0.0188,0.0033,0.0009,0.0576,0.1575,0.7849,0.2741,0.6756,0.0503,0.1774,0.1782,0.202,0.2032,0.2391,0.9095,0.0708,0.0197
344,Ca trù,ca_tru/audio_24_010.wav,1,0.0726,0.1524,0.5038,0.1912,0.08,0.3343,0.3333,0.3324,0.2036,0.6494,0.127,0.0158,0.0041,0.8952,0.0772,0.0276,0.0372,0.9449,0.0179,0.2269,0.2261,0.2003,0.1989,0.1478,0.0078,0.0291,0.9631
345,Ca trù,ca_tru/audio_24_010.wav,2,0.0235,0.0244,0.9341,0.0125,0.0055,0.3349,0.3332,0.332,0.0007,0.9986,0.0007,0.0001,0.0,0.7666,0.1618,0.0716,0.2741,0.6756,0.0503,0.2191,0.2186,0.2015,0.2005,0.1602,0.0705,0.4889,0.4406
346,Ca trù,ca_tru/audio_0_016.wav,1,0.1413,0.7135,0.0721,0.0558,0.0173,0.333,0.3333,0.3337,0.0781,0.8866,0.0312,0.0034,0.0008,0.0997,0.2174,0.683,0.0067,0.9844,0.0089,0.2193,0.2189,0.202,0.2009,0.159,0.813,0.1401,0.047
347,Ca trù,ca_tru/audio_0_016.wav,2,0.0632,0.2726,0.2772,0.326,0.061,0.3335,0.3334,0.3332,0.0384,0.254,0.6934,0.0119,0.0023,0.027,0.1556,0.8174,0.996,0.0032,0.0008,0.2303,0.2295,0.2006,0.199,0.1406,0.0018,0.9973,0.001
348,Ca trù,ca_tru/audio_17_076.wav,1,0.7264,0.0869,0.1382,0.0326,0.0159,0.3334,0.3333,0.3333,0.055,0.5482,0.3822,0.0121,0.0024,0.0364,0.2742,0.6894,0.0067,0.9844,0.0089,0.2279,0.2273,0.2016,0.2001,0.143,0.0728,0.5808,0.3464
349,Ca trù,ca_tru/audio_17_076.wav,2,0.4601,0.1251,0.3412,0.0497,0.0238,0.333,0.3334,0.3336,0.019,0.9458,0.0326,0.0022,0.0005,0.0249,0.0796,0.8956,0.0067,0.9844,0.0089,0.2129,0.2128,0.2046,0.2039,0.1657,0.0722,0.5361,0.3917
350,Ca trù,ca_tru/audio_17_029.wav,1,0.1587,0.1167,0.6104,0.0734,0.0408,0.3338,0.3333,0.3329,0.0236,0.1329,0.8333,0.0086,0.0016,0.0516,0.455,0.4934,0.9905,0.0078,0.0017,0.2238,0.2232,0.201,0.1997,0.1523,0.0008,0.9987,0.0005
351,Ca trù,ca_tru/audio_17_029.wav,2,0.0593,0.112,0.6835,0.1028,0.0424,0.3341,0.3334,0.3324,0.3332,0.5135,0.1278,0.0199,0.0055,0.0324,0.8914,0.0762,0.0067,0.9844,0.0089,0.2279,0.2271,0.1999,0.1984,0.1466,0.0678,0.9127,0.0195
352,Ca trù,ca_tru/audio_24_009.wav,1,0.0765,0.1409,0.536,0.1666,0.08,0.3338,0.3334,0.3328,0.0667,0.8331,0.0917,0.0069,0.0015,0.7834,0.1512,0.0654,0.0263,0.1483,0.8254,0.218,0.2176,0.2024,0.2014,0.1606,0.0591,0.923,0.0178
353,Ca trù,ca_tru/audio_24_009.wav,2,0.049,0.083,0.7726,0.0669,0.0285,0.3349,0.3331,0.3319,0.1774,0.6827,0.122,0.0143,0.0037,0.9366,0.0479,0.0155,0.9905,0.0078,0.0017,0.2273,0.2265,0.2005,0.1991,0.1465,0.0107,0.0411,0.9482
354,Ca trù,ca_tru/audio_33_099.wav,1,0.923,0.0298,0.0329,0.0097,0.0045,0.3339,0.3335,0.3326,0.1135,0.6028,0.2581,0.0208,0.0048,0.4357,0.4967,0.0676,0.9905,0.0078,0.0017,0.2422,0.2405,0.1943,0.1922,0.1307,0.0635,0.3834,0.5531
355,Ca trù,ca_tru/audio_33_099.wav,2,0.7571,0.1342,0.0644,0.0313,0.013,0.3337,0.3335,0.3328,0.0878,0.5314,0.3561,0.0203,0.0044,0.3758,0.5625,0.0616,0.9336,0.0507,0.0157,0.2389,0.2374,0.1956,0.1936,0.1344,0.0484,0.8584,0.0932
356,Ca trù,ca_tru/audio_12_006.wav,1,0.0678,0.1906,0.4325,0.239,0.0701,0.3334,0.3335,0.3331,0.0953,0.8637,0.036,0.004,0.001,0.0055,0.9883,0.0063,0.0372,0.9449,0.0179,0.2836,0.28,0.1808,0.1767,0.0789,0.0004,0.9994,0.0002
357,Ca trù,ca_tru/audio_12_006.wav,2,0.0475,0.0956,0.121,0.2681,0.4678,0.3351,0.3332,0.3316,0.2192,0.673,0.093,0.0118,0.0031,0.5462,0.397,0.0568,0.0372,0.9449,0.0179,0.2434,0.2428,0.2045,0.2018,0.1075,0.0008,0.0028,0.9964
358,Ca trù,ca_tru/audio_37_021.wav,1,0.6405,0.1531,0.1143,0.0608,0.0313,0.3366,0.3325,0.3308,0.0417,0.2892,0.6545,0.0123,0.0023,0.8454,0.1155,0.039,0.0021,0.0073,0.9906,0.1537,0.1547,0.1918,0.194,0.3059,0.0643,0.3926,0.5431
359,Ca trù,ca_tru/audio_37_021.wav,2,0.5798,0.1768,0.1295,0.0745,0.0394,0.3343,0.3331,0.3325,0.035,0.8719,0.0872,0.0049,0.0011,0.8119,0.1353,0.0528,0.0263,0.1483,0.8254,0.165,0.1659,0.1961,0.1978,0.2753,0.0081,0.9846,0.0073
360,Ca trù,ca_tru/audio_17_003.wav,1,0.0906,0.0731,0.7769,0.04,0.0195,0.3353,0.3332,0.3314,0.4767,0.4483,0.0636,0.009,0.0024,0.8956,0.0775,0.0269,0.0542,0.7019,0.2439,0.1997,0.2002,0.2093,0.2093,0.1815,0.288,0.6731,0.0389
361,Ca trù,ca_tru/audio_17_003.wav,2,0.95,0.0211,0.0192,0.0066,0.003,0.3312,0.3335,0.3353,0.9409,0.0437,0.0122,0.0025,0.0007,0.0297,0.9253,0.045,0.0067,0.9844,0.0089,0.168,0.1691,0.2046,0.2064,0.2518,0.9581,0.036,0.0058
362,Ca trù,ca_tru/audio_17_069.wav,1,0.983,0.0071,0.007,0.002,0.0009,0.3326,0.3335,0.3339,0.497,0.4186,0.0704,0.011,0.003,0.5143,0.4252,0.0605,0.2741,0.6756,0.0503,0.2202,0.2208,0.2148,0.2134,0.1308,0.2413,0.7217,0.0371
363,Ca trù,ca_tru/audio_17_069.wav,2,0.9232,0.0316,0.0333,0.0084,0.0036,0.3323,0.3336,0.3341,0.0491,0.8825,0.0621,0.005,0.0012,0.0179,0.9694,0.0127,0.2741,0.6756,0.0503,0.2347,0.2341,0.2035,0.2015,0.1263,0.0702,0.9099,0.0199
364,Ca trù,ca_tru/audio_17_036.wav,1,0.0194,0.0344,0.9182,0.0204,0.0077,0.3334,0.3332,0.3333,0.0937,0.6775,0.21,0.0153,0.0035,0.011,0.9728,0.0162,0.0263,0.1483,0.8254,0.219,0.2186,0.2018,0.2008,0.1598,0.0648,0.7511,0.1841
365,Ca trù,ca_tru/audio_17_036.wav,2,0.1451,0.1083,0.6446,0.0663,0.0357,0.3338,0.3334,0.3328,0.0841,0.8437,0.0643,0.0063,0.0016,0.0073,0.9812,0.0114,0.0263,0.1483,0.8254,0.2516,0.2497,0.193,0.1904,0.1153,0.0056,0.9897,0.0047
366,Ca trù,ca_tru/audio_17_075.wav,1,0.667,0.0987,0.1791,0.0372,0.018,0.3328,0.3334,0.3339,0.05,0.8334,0.1086,0.0065,0.0014,0.0108,0.0396,0.9495,0.0067,0.9844,0.0089,0.2231,0.2228,0.2039,0.2027,0.1475,0.0211,0.9539,0.025
367,Ca trù,ca_tru/audio_17_075.wav,2,0.8028,0.1013,0.0568,0.0272,0.0119,0.3344,0.3331,0.3325,0.0302,0.1747,0.7824,0.0107,0.002,0.0122,0.0437,0.9441,0.0542,0.7019,0.2439,0.2111,0.2112,0.2057,0.2051,0.1669,0.0269,0.938,0.0352
368,Ca trù,ca_tru/audio_17_026.wav,1,0.0954,0.0705,0.7843,0.034,0.0158,0.3334,0.3332,0.3334,0.1753,0.7314,0.0811,0.0097,0.0025,0.0152,0.0505,0.9343,0.0372,0.9449,0.0179,0.2311,0.2305,0.2026,0.2009,0.1348,0.0122,0.033,0.9549
369,Ca trù,ca_tru/audio_17_026.wav,2,0.744,0.0916,0.1291,0.0249,0.0105,0.3349,0.333,0.3321,0.0363,0.8722,0.0854,0.005,0.0011,0.0504,0.4129,0.5367,0.64,0.3185,0.0415,0.2241,0.2238,0.2057,0.2042,0.1422,0.0666,0.7327,0.2007
370,Ca trù,ca_tru/audio_33_015.wav,1,0.5832,0.1817,0.1239,0.0734,0.0379,0.3335,0.3336,0.333,0.5986,0.3069,0.0763,0.0141,0.0041,0.0511,0.3814,0.5675,0.8965,0.0877,0.0157,0.2319,0.2313,0.2035,0.2017,0.1316,0.6051,0.36,0.0349
371,Ca trù,ca_tru/audio_33_015.wav,2,0.4515,0.1345,0.3185,0.0625,0.033,0.3338,0.3332,0.333,0.5375,0.326,0.1072,0.0224,0.0069,0.0816,0.1952,0.7232,0.0542,0.7019,0.2439,0.2202,0.2198,0.2033,0.2022,0.1545,0.7742,0.2016,0.0242
372,Ca trù,ca_tru/audio_17_062.wav,1,0.7755,0.0736,0.1159,0.0241,0.011,0.3328,0.3335,0.3337,0.0134,0.0425,0.9295,0.0128,0.0018,0.0747,0.1787,0.7466,0.8965,0.0877,0.0157,0.2004,0.2007,0.2053,0.2053,0.1883,0.0228,0.9494,0.0278
373,Ca trù,ca_tru/audio_17_062.wav,2,0.937,0.0276,0.0257,0.0069,0.0029,0.3328,0.3334,0.3338,0.0455,0.3096,0.6287,0.0135,0.0026,0.0056,0.0234,0.971,0.0263,0.1483,0.8254,0.2188,0.2184,0.2018,0.2008,0.1602,0.0148,0.9697,0.0155
374,Ca trù,ca_tru/audio_10_000.wav,1,0.1308,0.0921,0.7028,0.0495,0.0247,0.3344,0.3333,0.3323,0.2905,0.6009,0.0925,0.0127,0.0034,0.8725,0.0928,0.0348,0.64,0.3185,0.0415,0.2319,0.231,0.2006,0.1989,0.1377,0.8454,0.1365,0.0181
375,Ca trù,ca_tru/audio_10_000.wav,2,0.0367,0.0373,0.896,0.0206,0.0094,0.3345,0.3333,0.3323,0.2204,0.6913,0.0762,0.0096,0.0025,0.1454,0.8011,0.0535,0.64,0.3185,0.0415,0.2275,0.2266,0.1999,0.1985,0.1475,0.3206,0.6398,0.0397
376,Ca trù,ca_tru/audio_8_004.wav,1,0.4695,0.1314,0.3091,0.0593,0.0308,0.3329,0.3333,0.3338,0.9056,0.0702,0.0191,0.0039,0.0012,0.0159,0.0526,0.9314,0.0263,0.1483,0.8254,0.23,0.2295,0.2041,0.2024,0.134,0.9206,0.0625,0.0169
377,Ca trù,ca_tru/audio_8_004.wav,2,0.0294,0.0596,0.0659,0.1812,0.6639,0.332,0.3337,0.3343,0.0528,0.3173,0.6101,0.0166,0.0033,0.0585,0.7117,0.2298,0.64,0.3185,0.0415,0.2336,0.2324,0.1974,0.1957,0.1409,0.0151,0.0602,0.9246
378,Ca trù,ca_tru/audio_17_033.wav,1,0.1265,0.0864,0.7403,0.0329,0.014,0.3334,0.3335,0.3331,0.0186,0.0995,0.8733,0.0073,0.0013,0.0429,0.3513,0.6058,0.0542,0.7019,0.2439,0.2451,0.2435,0.1957,0.1934,0.1223,0.0165,0.9656,0.0179
379,Ca trù,ca_tru/audio_17_033.wav,2,0.0238,0.0261,0.9356,0.0104,0.0041,0.3332,0.3333,0.3335,0.0891,0.666,0.2261,0.0154,0.0035,0.0106,0.9732,0.0162,0.0263,0.1483,0.8254,0.2358,0.2347,0.1984,0.1965,0.1345,0.0452,0.8729,0.0819
380,Ca trù,ca_tru/audio_33_000.wav,1,0.4079,0.1459,0.328,0.0756,0.0426,0.334,0.3334,0.3327,0.2777,0.6462,0.0653,0.0086,0.0023,0.039,0.2356,0.7254,0.64,0.3185,0.0415,0.2298,0.2291,0.2008,0.1992,0.1412,0.0698,0.9103,0.0199
381,Ca trù,ca_tru/audio_33_000.wav,2,0.4791,0.135,0.2885,0.0634,0.0339,0.3343,0.3333,0.3325,0.0272,0.0364,0.0525,0.2127,0.6712,0.0866,0.2038,0.7096,0.0263,0.1483,0.8254,0.2088,0.2087,0.2034,0.2029,0.1762,0.0661,0.4151,0.5188
382,Ca trù,ca_tru/audio_23_004.wav,1,0.5569,0.1259,0.2626,0.0382,0.0164,0.3343,0.3333,0.3324,0.0185,0.9588,0.0207,0.0016,0.0004,0.9396,0.0493,0.0111,0.2741,0.6756,0.0503,0.1736,0.1746,0.206,0.2075,0.2382,0.0533,0.2867,0.66
383,Ca trù,ca_tru/audio_23_004.wav,2,0.5827,0.2093,0.1555,0.0382,0.0143,0.335,0.3331,0.3319,0.1542,0.7895,0.049,0.0058,0.0015,0.8411,0.1333,0.0256,0.0372,0.9449,0.0179,0.209,0.2091,0.2071,0.2066,0.1682,0.0017,0.0058,0.9925
384,Ca trù,ca_tru/audio_13_011.wav,1,0.6232,0.1507,0.1275,0.0642,0.0343,0.3319,0.3337,0.3344,0.0497,0.8279,0.1142,0.0067,0.0014,0.0224,0.9619,0.0157,0.0067,0.9844,0.0089,0.2138,0.2143,0.2125,0.2116,0.1478,0.3015,0.6593,0.0392
385,Ca trù,ca_tru/audio_13_011.wav,2,0.6503,0.1433,0.1171,0.0586,0.0306,0.3318,0.3337,0.3345,0.0852,0.5087,0.3841,0.0184,0.0037,0.0466,0.4378,0.5155,0.0372,0.9449,0.0179,0.2123,0.2129,0.2133,0.2124,0.1491,0.3639,0.5959,0.0402
386,Ca trù,ca_tru/audio_26_002.wav,1,0.0309,0.1617,0.0822,0.6762,0.0489,0.3324,0.3337,0.334,0.579,0.3652,0.047,0.0069,0.0019,0.0791,0.6433,0.2776,0.64,0.3185,0.0415,0.178,0.1792,0.2121,0.2135,0.2171,0.8834,0.1022,0.0143
387,Ca trù,ca_tru/audio_26_002.wav,2,0.013,0.0588,0.0225,0.8704,0.0352,0.3329,0.3336,0.3335,0.6593,0.2682,0.059,0.0105,0.003,0.053,0.4775,0.4696,0.2741,0.6756,0.0503,0.1873,0.1884,0.2142,0.215,0.195,0.9853,0.0125,0.0022
388,Ca trù,ca_tru/audio_6_002.wav,1,0.3108,0.1345,0.4507,0.068,0.0361,0.3333,0.3333,0.3334,0.254,0.6131,0.1136,0.0153,0.0041,0.0544,0.5097,0.4359,0.2741,0.6756,0.0503,0.1997,0.2002,0.2082,0.2083,0.1836,0.0076,0.9856,0.0068
389,Ca trù,ca_tru/audio_6_002.wav,2,0.0169,0.0178,0.953,0.0086,0.0037,0.3343,0.333,0.3326,0.1752,0.6814,0.125,0.0146,0.0037,0.0364,0.1082,0.8554,0.0372,0.9449,0.0179,0.2171,0.217,0.2052,0.2042,0.1565,0.0176,0.046,0.9364
390,Ca trù,ca_tru/audio_3_009.wav,1,0.0695,0.1705,0.4605,0.2223,0.0772,0.3319,0.3335,0.3346,0.0231,0.9603,0.0148,0.0014,0.0003,0.707,0.1975,0.0955,0.64,0.3185,0.0415,0.2122,0.2121,0.2044,0.2038,0.1674,0.0521,0.9316,0.0164
391,Ca trù,ca_tru/audio_3_009.wav,2,0.0519,0.1591,0.1951,0.4794,0.1146,0.3327,0.3333,0.334,0.2571,0.6785,0.0555,0.0071,0.0018,0.6809,0.2123,0.1068,0.8965,0.0877,0.0157,0.2024,0.2026,0.2051,0.205,0.1849,0.775,0.2009,0.0241
392,Ca trù,ca_tru/audio_30_011.wav,1,0.4156,0.2715,0.2463,0.0489,0.0177,0.3328,0.3335,0.3337,0.8578,0.1096,0.0261,0.005,0.0015,0.9422,0.0445,0.0133,0.8398,0.1172,0.043,0.2188,0.2183,0.2014,0.2004,0.1612,0.9632,0.0316,0.0052
393,Ca trù,ca_tru/audio_30_011.wav,2,0.4156,0.2715,0.2463,0.0489,0.0177,0.3328,0.3335,0.3337,0.8578,0.1096,0.0261,0.005,0.0015,0.9422,0.0445,0.0133,0.8398,0.1172,0.043,0.2188,0.2183,0.2014,0.2004,0.1612,0.9632,0.0316,0.0052
394,Ca trù,ca_tru/audio_22_009.wav,1,0.0847,0.152,0.4073,0.2227,0.1333,0.3331,0.3334,0.3334,0.5863,0.2551,0.1144,0.0327,0.0114,0.1092,0.7521,0.1387,0.0372,0.9449,0.0179,0.1405,0.1417,0.189,0.1919,0.337,0.7144,0.2038,0.0819
395,Ca trù,ca_tru/audio_22_009.wav,2,0.3829,0.2314,0.1714,0.1325,0.0819,0.3336,0.3334,0.333,0.6055,0.222,0.1162,0.0409,0.0153,0.5084,0.2942,0.1974,0.5359,0.2878,0.1764,0.1938,0.1941,0.2008,0.2011,0.2103,0.7144,0.2038,0.0819
396,Ca trù,ca_tru/audio_30_000.wav,1,0.0558,0.0696,0.7999,0.0503,0.0244,0.3343,0.3334,0.3324,0.3146,0.5849,0.0854,0.0119,0.0032,0.6811,0.2121,0.1068,0.0372,0.9449,0.0179,0.2317,0.2306,0.1979,0.1963,0.1436,0.0632,0.7656,0.1711
397,Ca trù,ca_tru/audio_30_000.wav,2,0.0899,0.104,0.6763,0.0837,0.046,0.3342,0.3332,0.3326,0.069,0.8988,0.0284,0.003,0.0008,0.9661,0.0272,0.0067,0.8965,0.0877,0.0157,0.2054,0.2054,0.2029,0.2027,0.1836,0.1435,0.8266,0.0299
398,Ca trù,ca_tru/audio_33_013.wav,1,0.4384,0.1471,0.2954,0.0759,0.0431,0.3337,0.3336,0.3327,0.079,0.7949,0.1146,0.0093,0.0022,0.0386,0.8483,0.1132,0.8157,0.1334,0.0509,0.2345,0.2336,0.1999,0.198,0.134,0.0922,0.8843,0.0236
399,Ca trù,ca_tru/audio_33_013.wav,2,0.509,0.2087,0.1404,0.0923,0.0495,0.3333,0.3335,0.3331,0.4562,0.4073,0.1108,0.0199,0.0058,0.0604,0.8373,0.1023,0.64,0.3185,0.0415,0.2535,0.2514,0.1926,0.1899,0.1125,0.0024,0.9957,0.0019
400,Ca trù,ca_tru/audio_36_003.wav,1,0.734,0.1157,0.0876,0.042,0.0207,0.3337,0.3334,0.3329,0.0575,0.7578,0.1731,0.0094,0.0021,0.0088,0.9837,0.0074,0.996,0.0032,0.0008,0.2544,0.2529,0.1964,0.1933,0.103,0.0461,0.8686,0.0853
401,Ca trù,ca_tru/audio_36_003.wav,2,0.7897,0.0796,0.0853,0.0302,0.0152,0.3336,0.3334,0.3329,0.0892,0.7663,0.131,0.0109,0.0026,0.0159,0.9622,0.0219,0.0067,0.9844,0.0089,0.2165,0.2168,0.2113,0.2102,0.1452,0.0318,0.9226,0.0455
402,Ca trù,ca_tru/audio_33_101.wav,1,0.7355,0.1097,0.0923,0.0416,0.021,0.3351,0.3331,0.3318,0.0505,0.4109,0.523,0.013,0.0026,0.0666,0.6101,0.3233,0.0422,0.1103,0.8475,0.2565,0.2542,0.1908,0.188,0.1106,0.0143,0.0567,0.929
403,Ca trù,ca_tru/audio_33_101.wav,2,0.4034,0.1428,0.3415,0.0724,0.04,0.3338,0.3332,0.333,0.1919,0.6948,0.0982,0.0119,0.0031,0.0866,0.2007,0.7127,0.0021,0.0073,0.9906,0.2199,0.2195,0.2021,0.201,0.1575,0.3991,0.5606,0.0403
404,Ca trù,ca_tru/audio_33_008.wav,1,0.5983,0.121,0.199,0.0534,0.0283,0.3342,0.3333,0.3325,0.3152,0.5185,0.1388,0.0216,0.006,0.0764,0.1951,0.7286,0.0021,0.0073,0.9906,0.2165,0.2161,0.202,0.2011,0.1643,0.2055,0.7594,0.035
405,Ca trù,ca_tru/audio_33_008.wav,2,0.815,0.0872,0.0583,0.027,0.0125,0.3349,0.3334,0.3317,0.0228,0.1138,0.8521,0.0095,0.0017,0.1701,0.7348,0.0951,0.0263,0.1483,0.8254,0.2435,0.2419,0.1947,0.1925,0.1274,0.0198,0.051,0.9292
406,Ca trù,ca_tru/audio_12_008.wav,1,0.0579,0.4692,0.1697,0.2625,0.0407,0.3336,0.3334,0.3329,0.4897,0.417,0.0775,0.0124,0.0034,0.0181,0.9454,0.0365,0.0372,0.9449,0.0179,0.3048,0.2994,0.1685,0.1637,0.0636,0.0728,0.5848,0.3425
407,Ca trù,ca_tru/audio_12_008.wav,2,0.0524,0.1807,0.2027,0.4732,0.091,0.3345,0.3333,0.3322,0.0621,0.5454,0.3755,0.0141,0.0029,0.0417,0.7932,0.1651,0.0372,0.9449,0.0179,0.2539,0.2522,0.1956,0.1927,0.1056,0.0655,0.7446,0.1899
408,Ca trù,ca_tru/audio_17_068.wav,1,0.877,0.0632,0.041,0.0134,0.0054,0.3319,0.3336,0.3345,0.0786,0.7953,0.1146,0.0093,0.0022,0.0306,0.2038,0.7657,0.2741,0.6756,0.0503,0.2171,0.2169,0.2047,0.2037,0.1576,0.0005,0.9991,0.0003
409,Ca trù,ca_tru/audio_17_068.wav,2,0.9231,0.0394,0.0246,0.0091,0.0038,0.3315,0.3338,0.3348,0.0361,0.2176,0.7324,0.0117,0.0022,0.05,0.539,0.4109,0.2741,0.6756,0.0503,0.237,0.2361,0.2009,0.1988,0.1273,0.0451,0.8731,0.0818
410,Ca trù,ca_tru/audio_17_009.wav,1,0.8887,0.0459,0.0487,0.0118,0.0049,0.3332,0.3335,0.3333,0.0318,0.9101,0.0536,0.0037,0.0008,0.0215,0.9572,0.0213,0.0542,0.7019,0.2439,0.2588,0.257,0.1943,0.1911,0.0989,0.0492,0.8546,0.0962
411,Ca trù,ca_tru/audio_17_009.wav,2,0.8394,0.056,0.0788,0.0178,0.0081,0.3334,0.3335,0.333,0.0276,0.9053,0.0627,0.0036,0.0008,0.0241,0.944,0.0319,0.0542,0.7019,0.2439,0.219,0.2193,0.2115,0.2103,0.14,0.0315,0.9571,0.0114
412,Ca trù,ca_tru/audio_15_004.wav,1,0.9439,0.0261,0.0192,0.0074,0.0033,0.3304,0.3336,0.336,0.6321,0.2915,0.0623,0.0109,0.0031,0.0972,0.2207,0.6821,0.8965,0.0877,0.0157,0.1856,0.1862,0.2022,0.203,0.223,0.8986,0.0887,0.0127
413,Ca trù,ca_tru/audio_15_004.wav,2,0.8082,0.0775,0.072,0.0283,0.014,0.3336,0.3332,0.3332,0.0628,0.0881,0.1313,0.4264,0.2914,0.074,0.1881,0.7379,0.0372,0.9449,0.0179,0.1782,0.1789,0.1997,0.2008,0.2424,0.4161,0.5437,0.0402
414,Ca trù,ca_tru/audio_34_004.wav,1,0.2542,0.1546,0.5294,0.0443,0.0175,0.3342,0.3335,0.3323,0.0567,0.5436,0.3843,0.0128,0.0026,0.1128,0.8422,0.045,0.996,0.0032,0.0008,0.2522,0.2501,0.1926,0.19,0.115,0.0404,0.0944,0.8653
415,Ca trù,ca_tru/audio_34_004.wav,2,0.0302,0.0536,0.8662,0.036,0.014,0.3341,0.3335,0.3324,0.0492,0.2384,0.6898,0.019,0.0036,0.0089,0.9755,0.0156,0.64,0.3185,0.0415,0.2299,0.2291,0.2005,0.1989,0.1416,0.0407,0.1962,0.7631
416,Ca trù,ca_tru/audio_4_000.wav,1,0.7811,0.0785,0.0954,0.03,0.0151,0.3326,0.3335,0.3339,0.0145,0.9588,0.0248,0.0016,0.0004,0.5269,0.4154,0.0577,0.9905,0.0078,0.0017,0.2093,0.2096,0.2094,0.2088,0.163,0.5029,0.4585,0.0387
417,Ca trù,ca_tru/audio_4_000.wav,2,0.6777,0.1031,0.1551,0.0424,0.0218,0.3324,0.3335,0.334,0.1106,0.8467,0.0375,0.0042,0.001,0.0186,0.9408,0.0406,0.64,0.3185,0.0415,0.2027,0.2032,0.2104,0.2102,0.1734,0.3333,0.6269,0.0399
418,Ca trù,ca_tru/audio_6_001.wav,1,0.9074,0.0477,0.0302,0.0105,0.0043,0.3347,0.333,0.3322,0.076,0.3861,0.5097,0.0234,0.0048,0.009,0.0366,0.9544,0.0067,0.9844,0.0089,0.2105,0.2104,0.2044,0.2038,0.1709,0.0354,0.0846,0.88
419,Ca trù,ca_tru/audio_6_001.wav,2,0.1384,0.0912,0.7026,0.0457,0.0221,0.3335,0.3333,0.3333,0.0212,0.9515,0.0249,0.0019,0.0004,0.0478,0.1314,0.8208,0.0067,0.9844,0.0089,0.2168,0.2166,0.2036,0.2027,0.1603,0.0726,0.6073,0.32
420,Ca trù,ca_tru/audio_32_002.wav,1,0.8667,0.0692,0.0396,0.0171,0.0073,0.3346,0.3332,0.3322,0.0265,0.9234,0.0463,0.0031,0.0007,0.0624,0.8226,0.115,0.0067,0.9844,0.0089,0.2466,0.2446,0.1924,0.1902,0.1262,0.0756,0.9035,0.0209
421,Ca trù,ca_tru/audio_32_002.wav,2,0.7706,0.1045,0.0732,0.035,0.0167,0.333,0.3336,0.3334,0.3892,0.5374,0.0627,0.0084,0.0022,0.0545,0.4729,0.4727,0.2741,0.6756,0.0503,0.2579,0.2552,0.1883,0.1856,0.1131,0.7364,0.2365,0.0271
422,Ca trù,ca_tru/audio_37_007.wav,1,0.6387,0.153,0.1155,0.0612,0.0316,0.3331,0.3335,0.3334,0.1132,0.7963,0.0801,0.0084,0.0021,0.7533,0.1709,0.0758,0.0263,0.1483,0.8254,0.1736,0.1744,0.1988,0.2001,0.2532,0.0019,0.0057,0.9924
423,Ca trù,ca_tru/audio_37_007.wav,2,0.6606,0.1421,0.1117,0.0565,0.0292,0.3351,0.3329,0.332,0.0697,0.6235,0.2911,0.0131,0.0027,0.8026,0.1409,0.0566,0.0067,0.9844,0.0089,0.1544,0.1555,0.1934,0.1956,0.301,0.0108,0.9844,0.0049
424,Ca trù,ca_tru/audio_17_094.wav,1,0.0754,0.0722,0.8176,0.025,0.0098,0.3329,0.3335,0.3336,0.3879,0.4507,0.1318,0.023,0.0066,0.8558,0.1203,0.0239,0.0372,0.9449,0.0179,0.2448,0.2432,0.1951,0.1929,0.124,0.0011,0.9981,0.0008
425,Ca trù,ca_tru/audio_17_094.wav,2,0.7081,0.1323,0.0904,0.0465,0.0226,0.3323,0.3336,0.3341,0.0544,0.703,0.2308,0.0098,0.002,0.0322,0.9129,0.0549,0.2741,0.6756,0.0503,0.2353,0.2345,0.201,0.1991,0.1302,0.0245,0.9448,0.0308
426,Ca trù,ca_tru/audio_17_054.wav,1,0.6833,0.1237,0.1153,0.0509,0.0268,0.3325,0.3335,0.334,0.0475,0.764,0.1786,0.0081,0.0017,0.0302,0.2087,0.7611,0.0542,0.7019,0.2439,0.1781,0.1791,0.208,0.2093,0.2254,0.0068,0.9872,0.006
427,Ca trù,ca_tru/audio_17_054.wav,2,0.6882,0.1343,0.1011,0.0509,0.0256,0.3314,0.3337,0.3349,0.0649,0.7075,0.2137,0.0114,0.0025,0.0268,0.9271,0.0461,0.0542,0.7019,0.2439,0.2312,0.2307,0.2041,0.2023,0.1316,0.0547,0.2982,0.647
428,Ca trù,ca_tru/audio_9_006.wav,1,0.2544,0.5671,0.1109,0.051,0.0167,0.3316,0.3332,0.3352,0.0893,0.5673,0.3199,0.0192,0.0042,0.0456,0.1346,0.8198,0.64,0.3185,0.0415,0.2098,0.2102,0.2098,0.2091,0.1611,0.0097,0.0369,0.9534
429,Ca trù,ca_tru/audio_9_006.wav,2,0.7941,0.0967,0.0644,0.0306,0.0142,0.3323,0.3335,0.3342,0.7029,0.2341,0.0512,0.0092,0.0027,0.0362,0.8551,0.1087,0.969,0.0242,0.0069,0.2344,0.234,0.2048,0.2028,0.124,0.0303,0.9276,0.0421
430,Ca trù,ca_tru/audio_8_007.wav,1,0.093,0.1053,0.6709,0.0842,0.0466,0.3325,0.3332,0.3343,0.0795,0.1602,0.4858,0.2513,0.0232,0.0171,0.0991,0.8837,0.0542,0.7019,0.2439,0.2716,0.2686,0.1862,0.1826,0.091,0.9821,0.0152,0.0026
431,Ca trù,ca_tru/audio_8_007.wav,2,0.0879,0.1497,0.3242,0.2444,0.1937,0.333,0.3331,0.3339,0.0504,0.3337,0.5991,0.0141,0.0027,0.0035,0.015,0.9815,0.0542,0.7019,0.2439,0.2718,0.2689,0.1862,0.1826,0.0905,0.9962,0.0032,0.0007
432,Ca trù,ca_tru/audio_15_006.wav,1,0.8292,0.0742,0.0593,0.0252,0.0121,0.3324,0.3332,0.3344,0.9194,0.0634,0.0139,0.0026,0.0007,0.0578,0.1573,0.785,0.2741,0.6756,0.0503,0.1762,0.177,0.2013,0.2025,0.243,0.9691,0.025,0.006
433,Ca trù,ca_tru/audio_15_006.wav,2,0.9323,0.0343,0.0217,0.0083,0.0035,0.3332,0.3332,0.3336,0.4954,0.4266,0.0654,0.0099,0.0027,0.0888,0.2133,0.6979,0.8674,0.0982,0.0344,0.18,0.1807,0.202,0.203,0.2343,0.901,0.0772,0.0218
434,Ca trù,ca_tru/audio_17_043.wav,1,0.8142,0.0856,0.0738,0.0189,0.0076,0.3341,0.3334,0.3326,0.0721,0.5842,0.325,0.0154,0.0033,0.04,0.9326,0.0274,0.0372,0.9449,0.0179,0.2502,0.2485,0.1949,0.1923,0.1141,0.0415,0.2015,0.757
435,Ca trù,ca_tru/audio_17_043.wav,2,0.396,0.1343,0.4059,0.0446,0.0193,0.3348,0.3333,0.3319,0.2279,0.621,0.1297,0.017,0.0045,0.0302,0.9461,0.0237,0.0067,0.9844,0.0089,0.2532,0.2513,0.1938,0.1911,0.1107,0.0673,0.4312,0.5016
436,Ca trù,ca_tru/audio_23_008.wav,1,0.4232,0.1993,0.3141,0.0459,0.0176,0.3328,0.3338,0.3334,0.007,0.0271,0.9607,0.0044,0.0007,0.2226,0.6919,0.0855,0.0542,0.7019,0.2439,0.212,0.2121,0.2074,0.2067,0.1618,0.0035,0.0102,0.9863
437,Ca trù,ca_tru/audio_23_008.wav,2,0.7117,0.1258,0.1239,0.0277,0.0109,0.3336,0.3336,0.3328,0.0468,0.3504,0.5872,0.013,0.0025,0.9576,0.0346,0.0078,0.0542,0.7019,0.2439,0.2,0.2009,0.2151,0.2151,0.1688,0.0688,0.7056,0.2257
438,Ca trù,ca_tru/audio_3_008.wav,1,0.0603,0.1169,0.669,0.1094,0.0444,0.3334,0.3335,0.3331,0.1944,0.6619,0.1246,0.0152,0.0039,0.8185,0.1287,0.0528,0.0542,0.7019,0.2439,0.2484,0.2465,0.194,0.1916,0.1194,0.0407,0.1968,0.7625
439,Ca trù,ca_tru/audio_3_008.wav,2,0.0879,0.1425,0.4976,0.1723,0.0997,0.3322,0.3337,0.3341,0.005,0.0083,0.0172,0.9644,0.0052,0.9008,0.0731,0.0261,0.0542,0.7019,0.2439,0.2436,0.242,0.1956,0.1934,0.1254,0.0438,0.101,0.8553
440,Ca trù,ca_tru/audio_21_004.wav,1,0.3305,0.1278,0.4561,0.0572,0.0284,0.3346,0.3332,0.3321,0.1021,0.8199,0.069,0.0072,0.0018,0.7259,0.1866,0.0874,0.0542,0.7019,0.2439,0.239,0.2377,0.1971,0.1951,0.131,0.0083,0.9841,0.0076
441,Ca trù,ca_tru/audio_21_004.wav,2,0.1075,0.1283,0.5732,0.1184,0.0726,0.3344,0.3332,0.3324,0.5256,0.3949,0.0662,0.0104,0.0029,0.6368,0.2361,0.1272,0.9905,0.0078,0.0017,0.2278,0.2269,0.1994,0.198,0.1479,0.008,0.9882,0.0038
442,Ca trù,ca_tru/audio_17_056.wav,1,0.7619,0.1027,0.0804,0.0368,0.0181,0.3306,0.3339,0.3355,0.0038,0.9924,0.0034,0.0003,0.0001,0.0508,0.7619,0.1873,0.0067,0.9844,0.0089,0.2359,0.2353,0.2035,0.2014,0.124,0.0645,0.3946,0.5409
443,Ca trù,ca_tru/audio_17_056.wav,2,0.7543,0.0938,0.0965,0.0367,0.0188,0.3324,0.3336,0.3341,0.0561,0.1333,0.659,0.1373,0.0144,0.0004,0.0018,0.9978,0.0263,0.1483,0.8254,0.1958,0.1963,0.207,0.2073,0.1936,0.0092,0.0254,0.9655
444,Ca trù,ca_tru/audio_36_009.wav,1,0.8363,0.0674,0.061,0.0238,0.0116,0.3337,0.3335,0.3328,0.2576,0.5692,0.1469,0.0208,0.0056,0.1062,0.8488,0.0451,0.0067,0.9844,0.0089,0.2365,0.2359,0.204,0.2018,0.1218,0.036,0.1676,0.7965
445,Ca trù,ca_tru/audio_36_009.wav,2,0.7686,0.0998,0.0785,0.0356,0.0175,0.3332,0.3335,0.3333,0.1825,0.7329,0.0735,0.0089,0.0023,0.0468,0.9248,0.0284,0.0542,0.7019,0.2439,0.2312,0.2315,0.2125,0.2103,0.1145,0.0456,0.9395,0.0149
446,Ca trù,ca_tru/audio_3_006.wav,1,0.0674,0.2051,0.4274,0.2363,0.0638,0.3334,0.3335,0.3331,0.0608,0.7369,0.1906,0.0097,0.002,0.9756,0.0189,0.0054,0.64,0.3185,0.0415,0.2441,0.2425,0.1955,0.1933,0.1247,0.067,0.728,0.205
447,Ca trù,ca_tru/audio_3_006.wav,2,0.06,0.0978,0.7173,0.0858,0.0391,0.3337,0.3333,0.333,0.3463,0.5494,0.0882,0.0127,0.0034,0.8463,0.1102,0.0435,0.0067,0.9844,0.0089,0.2358,0.2345,0.1969,0.1952,0.1376,0.0574,0.809,0.1336
448,Ca trù,ca_tru/audio_9_004.wav,1,0.105,0.1001,0.6864,0.0702,0.0383,0.3349,0.3327,0.3324,0.062,0.8992,0.0344,0.0035,0.0009,0.0247,0.1354,0.8399,0.9905,0.0078,0.0017,0.2218,0.2216,0.2056,0.2043,0.1466,0.0407,0.8913,0.068
449,Ca trù,ca_tru/audio_9_004.wav,2,0.8469,0.0745,0.0475,0.0214,0.0096,0.3337,0.3335,0.3328,0.0352,0.0499,0.0786,0.63,0.2063,0.049,0.1369,0.8141,0.0263,0.1483,0.8254,0.1948,0.1953,0.2058,0.2061,0.1979,0.0687,0.7062,0.225
450,Ca trù,ca_tru/audio_17_045.wav,1,0.656,0.2098,0.0844,0.0361,0.0137,0.3333,0.3334,0.3333,0.0872,0.8294,0.0744,0.0072,0.0018,0.005,0.9888,0.0062,0.0542,0.7019,0.2439,0.2686,0.2656,0.1859,0.1826,0.0972,0.0721,0.6349,0.293
451,Ca trù,ca_tru/audio_17_045.wav,2,0.7031,0.1441,0.113,0.0287,0.0111,0.3334,0.3335,0.3331,0.3175,0.5416,0.1185,0.0176,0.0048,0.0152,0.9716,0.0133,0.0372,0.9449,0.0179,0.2485,0.2472,0.1983,0.1956,0.1104,0.0624,0.3709,0.5667
452,Ca trù,ca_tru/audio_38_009.wav,1,0.0886,0.149,0.3146,0.2443,0.2035,0.3332,0.3334,0.3334,0.5879,0.2545,0.1138,0.0325,0.0113,0.1494,0.7382,0.1124,0.2155,0.3064,0.4781,0.1443,0.1456,0.1924,0.1953,0.3224,0.7144,0.2038,0.0819
453,Ca trù,ca_tru/audio_38_009.wav,2,0.3829,0.2314,0.1714,0.1325,0.0819,0.3336,0.3334,0.333,0.6055,0.222,0.1162,0.0409,0.0153,0.5084,0.2942,0.1974,0.5359,0.2878,0.1764,0.1938,0.1941,0.2008,0.2011,0.2103,0.7144,0.2038,0.0819
454,Ca trù,ca_tru/audio_33_021.wav,1,0.4883,0.2918,0.159,0.0448,0.0161,0.3344,0.3334,0.3322,0.0401,0.9062,0.0489,0.0039,0.0009,0.3488,0.5906,0.0606,0.0263,0.1483,0.8254,0.2576,0.2551,0.19,0.1872,0.1102,0.0006,0.999,0.0004
455,Ca trù,ca_tru/audio_33_021.wav,2,0.3138,0.1404,0.483,0.0443,0.0185,0.3341,0.3335,0.3324,0.5909,0.3525,0.0475,0.0071,0.0019,0.5407,0.4023,0.057,0.9336,0.0507,0.0157,0.2522,0.2503,0.1939,0.1913,0.1123,0.6358,0.3308,0.0333
456,Ca trù,ca_tru/audio_9_008.wav,1,0.8427,0.059,0.0749,0.0164,0.007,0.3332,0.3333,0.3336,0.6755,0.1943,0.0911,0.0288,0.0103,0.0221,0.0971,0.8807,0.0422,0.1103,0.8475,0.1292,0.1305,0.1807,0.1839,0.3758,0.7144,0.2038,0.0819
457,Ca trù,ca_tru/audio_9_008.wav,2,0.8427,0.059,0.0749,0.0164,0.007,0.3332,0.3333,0.3336,0.6755,0.1943,0.0911,0.0288,0.0103,0.0221,0.0971,0.8807,0.0422,0.1103,0.8475,0.1292,0.1305,0.1807,0.1839,0.3758,0.7144,0.2038,0.0819
458,Ca trù,ca_tru/audio_17_024.wav,1,0.7595,0.1373,0.0633,0.0285,0.0114,0.3342,0.333,0.3328,0.0549,0.4607,0.4681,0.0136,0.0027,0.0334,0.1005,0.8661,0.0067,0.9844,0.0089,0.2218,0.2214,0.2031,0.2019,0.1518,0.0671,0.4296,0.5032
459,Ca trù,ca_tru/audio_17_024.wav,2,0.7551,0.0788,0.1246,0.0281,0.0134,0.3339,0.3332,0.3329,0.0321,0.0555,0.1199,0.7632,0.0293,0.1004,0.2165,0.6831,0.0263,0.1483,0.8254,0.1873,0.1878,0.2021,0.2027,0.2202,0.1317,0.2282,0.6401
460,Ca trù,ca_tru/audio_31_007.wav,1,0.0796,0.1466,0.2847,0.273,0.216,0.334,0.3332,0.3328,0.3709,0.5169,0.0943,0.0141,0.0039,0.6453,0.2314,0.1232,0.64,0.3185,0.0415,0.2269,0.226,0.1996,0.1982,0.1493,0.0008,0.0027,0.9964
461,Ca trù,ca_tru/audio_31_007.wav,2,0.1057,0.1283,0.5732,0.1196,0.0731,0.3338,0.3333,0.333,0.6168,0.2914,0.0739,0.0138,0.0041,0.6214,0.2439,0.1347,0.64,0.3185,0.0415,0.2276,0.2268,0.1995,0.1981,0.148,0.0065,0.9878,0.0057
462,Ca trù,ca_tru/audio_16_015.wav,1,0.4784,0.213,0.1508,0.1013,0.0565,0.3322,0.3336,0.3342,0.9459,0.0426,0.0093,0.0017,0.0005,0.0066,0.9841,0.0093,0.2741,0.6756,0.0503,0.1585,0.1597,0.2004,0.2026,0.2788,0.9999,0.0001,0.0
463,Ca trù,ca_tru/audio_16_015.wav,2,0.47,0.2137,0.1539,0.1038,0.0586,0.3318,0.3337,0.3345,0.3288,0.6083,0.054,0.0071,0.0018,0.0498,0.645,0.3052,0.0372,0.9449,0.0179,0.1717,0.1728,0.2056,0.2072,0.2426,0.8718,0.1127,0.0155
464,Ca trù,ca_tru/audio_38_007.wav,1,0.0297,0.8627,0.0561,0.0423,0.0093,0.3333,0.3337,0.333,0.0139,0.9613,0.0229,0.0015,0.0003,0.0938,0.867,0.0392,0.0021,0.0073,0.9906,0.2356,0.235,0.2035,0.2014,0.1246,0.0308,0.9261,0.0432
465,Ca trù,ca_tru/audio_38_007.wav,2,0.0912,0.77,0.0883,0.0391,0.0113,0.3322,0.3337,0.3341,0.2811,0.6566,0.0537,0.0068,0.0018,0.8207,0.1507,0.0286,0.0021,0.0073,0.9906,0.2282,0.2278,0.2048,0.2031,0.1361,0.3779,0.5818,0.0403
466,Ca trù,ca_tru/audio_16_014.wav,1,0.9958,0.0018,0.0016,0.0005,0.0002,0.3335,0.3336,0.333,0.068,0.817,0.105,0.0081,0.0019,0.0521,0.4276,0.5202,0.969,0.0242,0.0069,0.2329,0.2325,0.205,0.2031,0.1264,0.6428,0.3243,0.033
467,Ca trù,ca_tru/audio_16_014.wav,2,0.5186,0.195,0.1465,0.0901,0.0498,0.333,0.3335,0.3336,0.9365,0.0475,0.0127,0.0025,0.0007,0.0148,0.9741,0.0111,0.0372,0.9449,0.0179,0.186,0.1869,0.21,0.2108,0.2063,0.9672,0.0264,0.0063
468,Ca trù,ca_tru/audio_17_025.wav,1,0.8976,0.0377,0.0471,0.0121,0.0055,0.3347,0.3331,0.3322,0.0432,0.221,0.7164,0.0163,0.0031,0.0036,0.0168,0.9795,0.0372,0.9449,0.0179,0.1987,0.1991,0.2072,0.2072,0.1878,0.0468,0.2371,0.7161
469,Ca trù,ca_tru/audio_17_025.wav,2,0.7455,0.1232,0.0752,0.0384,0.0177,0.3338,0.3332,0.333,0.0171,0.959,0.0219,0.0017,0.0004,0.0048,0.0232,0.972,0.0542,0.7019,0.2439,0.2238,0.2233,0.2026,0.2013,0.1491,0.01,0.9855,0.0046
470,Ca trù,ca_tru/audio_17_046.wav,1,0.7079,0.1179,0.1036,0.0466,0.024,0.3326,0.3337,0.3338,0.2269,0.6785,0.0815,0.0104,0.0027,0.0477,0.4317,0.5205,0.0542,0.7019,0.2439,0.2169,0.2169,0.207,0.206,0.1531,0.0132,0.9734,0.0134
471,Ca trù,ca_tru/audio_17_046.wav,2,0.7224,0.0991,0.1408,0.0266,0.0111,0.3331,0.3334,0.3334,0.5517,0.3545,0.0769,0.0132,0.0038,0.7247,0.2357,0.0396,0.0372,0.9449,0.0179,0.235,0.2345,0.2044,0.2023,0.1237,0.0088,0.9871,0.0041
472,Ca trù,ca_tru/audio_33_042.wav,1,0.553,0.1226,0.244,0.053,0.0273,0.3331,0.3335,0.3334,0.2288,0.3971,0.293,0.0633,0.0178,0.3601,0.5773,0.0625,0.9905,0.0078,0.0017,0.2014,0.2014,0.2014,0.2014,0.1944,0.0277,0.9356,0.0368
473,Ca trù,ca_tru/audio_33_042.wav,2,0.0146,0.0249,0.941,0.0142,0.0054,0.3335,0.3336,0.333,0.0703,0.2943,0.602,0.0279,0.0055,0.5221,0.4219,0.056,0.8965,0.0877,0.0157,0.2246,0.2238,0.1994,0.1981,0.1542,0.0709,0.6688,0.2603
474,Ca trù,ca_tru/audio_13_009.wav,1,0.6994,0.1269,0.1004,0.0486,0.0247,0.3317,0.3337,0.3346,0.0562,0.7551,0.1773,0.0094,0.002,0.0365,0.9403,0.0232,0.0542,0.7019,0.2439,0.2395,0.2393,0.2072,0.2046,0.1094,0.0248,0.0622,0.913
475,Ca trù,ca_tru/audio_13_009.wav,2,0.6374,0.1543,0.1152,0.0615,0.0317,0.3312,0.3338,0.335,0.0625,0.5557,0.3659,0.0132,0.0027,0.0483,0.7531,0.1986,0.8157,0.1334,0.0509,0.2233,0.2237,0.213,0.2114,0.1287,0.0062,0.9885,0.0053
476,Ca trù,ca_tru/audio_33_100.wav,1,0.4752,0.2157,0.1501,0.1022,0.0568,0.3334,0.3336,0.3331,0.0072,0.9845,0.0076,0.0006,0.0001,0.8298,0.1424,0.0278,0.64,0.3185,0.0415,0.258,0.2554,0.1887,0.186,0.1119,0.1857,0.7806,0.0337
477,Ca trù,ca_tru/audio_33_100.wav,2,0.504,0.1281,0.2819,0.0567,0.0293,0.3346,0.3332,0.3321,0.1286,0.778,0.0822,0.0089,0.0022,0.059,0.7149,0.226,0.0263,0.1483,0.8254,0.2565,0.2541,0.1903,0.1875,0.1115,0.1316,0.8397,0.0287
478,Ca trù,ca_tru/audio_30_003.wav,1,0.0924,0.1428,0.4906,0.1703,0.104,0.3344,0.3333,0.3324,0.6257,0.2977,0.0626,0.0108,0.0031,0.6342,0.2373,0.1285,0.9905,0.0078,0.0017,0.2258,0.225,0.1997,0.1984,0.1512,0.0062,0.9908,0.003
479,Ca trù,ca_tru/audio_30_003.wav,2,0.0899,0.1478,0.4491,0.1936,0.1196,0.3345,0.3333,0.3322,0.0284,0.9053,0.0618,0.0037,0.0008,0.6753,0.2153,0.1094,0.0422,0.1103,0.8475,0.2303,0.2292,0.1983,0.1968,0.1454,0.0644,0.3932,0.5424
480,Ca trù,ca_tru/audio_33_038.wav,1,0.9764,0.0098,0.0099,0.0028,0.0012,0.3331,0.3335,0.3334,0.0536,0.7835,0.1526,0.0085,0.0019,0.314,0.6261,0.0598,0.0021,0.0073,0.9906,0.2531,0.2508,0.1908,0.1882,0.117,0.0379,0.1791,0.783
481,Ca trù,ca_tru/audio_33_038.wav,2,0.2262,0.2584,0.443,0.0536,0.0188,0.3322,0.3337,0.3341,0.0344,0.093,0.8148,0.0514,0.0064,0.3894,0.5501,0.0605,0.0422,0.1103,0.8475,0.2546,0.2522,0.1902,0.1875,0.1156,0.001,0.0031,0.9959
482,Ca trù,ca_tru/audio_29_011.wav,1,0.3486,0.4725,0.1065,0.0539,0.0185,0.3332,0.3334,0.3334,0.6548,0.2047,0.0978,0.0314,0.0114,0.052,0.5014,0.4466,0.0372,0.9449,0.0179,0.2199,0.2195,0.2026,0.2015,0.1564,0.7258,0.1967,0.0774
483,Ca trù,ca_tru/audio_29_011.wav,2,0.3486,0.4725,0.1065,0.0539,0.0185,0.3332,0.3334,0.3334,0.6548,0.2047,0.0978,0.0314,0.0114,0.052,0.5014,0.4466,0.0372,0.9449,0.0179,0.2199,0.2195,0.2026,0.2015,0.1564,0.7258,0.1967,0.0774
484,Ca trù,ca_tru/audio_17_039.wav,1,0.1527,0.1445,0.6471,0.0405,0.0152,0.3324,0.3336,0.334,0.0738,0.6601,0.2494,0.0138,0.003,0.4418,0.4984,0.0598,0.0372,0.9449,0.0179,0.2453,0.244,0.1975,0.195,0.1182,0.026,0.9406,0.0335
485,Ca trù,ca_tru/audio_17_039.wav,2,0.7556,0.0929,0.0965,0.0364,0.0186,0.3327,0.3335,0.3338,0.0142,0.0185,0.0258,0.0915,0.85,0.027,0.1775,0.7956,0.969,0.0242,0.0069,0.2007,0.201,0.2057,0.2056,0.1871,0.0426,0.2086,0.7489
486,Ca trù,ca_tru/audio_26_001.wav,1,0.1887,0.5269,0.1044,0.1336,0.0464,0.332,0.3335,0.3345,0.5244,0.4157,0.0507,0.0073,0.0019,0.0963,0.4893,0.4144,0.2741,0.6756,0.0503,0.1632,0.1642,0.1988,0.2007,0.2731,0.9951,0.0041,0.0009
487,Ca trù,ca_tru/audio_26_001.wav,2,0.0342,0.8025,0.0464,0.0993,0.0176,0.3322,0.3335,0.3342,0.727,0.2304,0.0355,0.0056,0.0015,0.0636,0.499,0.4374,0.2741,0.6756,0.0503,0.1724,0.1737,0.2101,0.2118,0.232,0.996,0.0033,0.0007
488,Ca trù,ca_tru/audio_17_042.wav,1,0.7317,0.1023,0.1041,0.0409,0.0211,0.3326,0.3336,0.3338,0.03,0.9516,0.0165,0.0016,0.0004,0.0431,0.3649,0.5919,0.0067,0.9844,0.0089,0.2211,0.2208,0.2042,0.2031,0.1508,0.6572,0.3107,0.0322
489,Ca trù,ca_tru/audio_17_042.wav,2,0.1487,0.1077,0.6935,0.0357,0.0144,0.3324,0.3335,0.334,0.0729,0.8889,0.0337,0.0036,0.0009,0.9303,0.0572,0.0125,0.0542,0.7019,0.2439,0.2291,0.2292,0.2106,0.2087,0.1223,0.8948,0.0921,0.0131
490,Ca trù,ca_tru/audio_33_063.wav,1,0.6157,0.1651,0.119,0.0662,0.0342,0.3349,0.3335,0.3316,0.0988,0.8328,0.0605,0.0063,0.0016,0.0775,0.803,0.1195,0.0372,0.9449,0.0179,0.2434,0.2419,0.1958,0.1935,0.1254,0.0027,0.9952,0.0021
491,Ca trù,ca_tru/audio_33_063.wav,2,0.5289,0.1309,0.2478,0.0602,0.0322,0.3338,0.3332,0.333,0.0387,0.0528,0.079,0.4413,0.3882,0.1117,0.2335,0.6549,0.64,0.3185,0.0415,0.2185,0.2182,0.2023,0.2013,0.1597,0.2765,0.685,0.0385
492,Ca trù,ca_tru/audio_17_055.wav,1,0.7282,0.1101,0.0972,0.0427,0.0218,0.3317,0.3337,0.3346,0.0321,0.8812,0.0812,0.0045,0.001,0.022,0.1328,0.8452,0.0542,0.7019,0.2439,0.231,0.2305,0.2041,0.2023,0.132,0.0613,0.7813,0.1574
493,Ca trù,ca_tru/audio_17_055.wav,2,0.6435,0.1409,0.1243,0.0596,0.0317,0.3316,0.3339,0.3345,0.0392,0.865,0.0895,0.0052,0.0011,0.0496,0.539,0.4114,0.0542,0.7019,0.2439,0.1931,0.1939,0.2113,0.2117,0.19,0.0954,0.8806,0.024
494,Ca trù,ca_tru/audio_33_070.wav,1,0.256,0.149,0.4438,0.0942,0.0571,0.3342,0.3334,0.3324,0.1426,0.7298,0.1124,0.0122,0.003,0.0143,0.9626,0.0231,0.2741,0.6756,0.0503,0.2482,0.2464,0.1937,0.1913,0.1203,0.0651,0.4025,0.5324
495,Ca trù,ca_tru/audio_33_070.wav,2,0.9584,0.0177,0.016,0.0054,0.0025,0.3342,0.3335,0.3323,0.0221,0.9491,0.0262,0.0021,0.0005,0.0025,0.9942,0.0033,0.0422,0.1103,0.8475,0.2584,0.2557,0.1889,0.1861,0.111,0.0073,0.9861,0.0065
496,Ca trù,ca_tru/audio_31_003.wav,1,0.0822,0.1526,0.3494,0.2529,0.1628,0.3341,0.3332,0.3327,0.7863,0.164,0.0399,0.0076,0.0023,0.619,0.245,0.136,0.0067,0.9844,0.0089,0.2184,0.218,0.2017,0.2008,0.1612,0.0051,0.9906,0.0043
497,Ca trù,ca_tru/audio_31_003.wav,2,0.069,0.1783,0.4051,0.2614,0.0862,0.3344,0.3332,0.3324,0.0464,0.9287,0.0221,0.0023,0.0006,0.6386,0.235,0.1264,0.2741,0.6756,0.0503,0.2186,0.2182,0.2013,0.2004,0.1615,0.0713,0.6604,0.2683
498,Ca trù,ca_tru/audio_22_005.wav,1,0.0993,0.7676,0.0829,0.0388,0.0114,0.3319,0.3337,0.3344,0.1316,0.8074,0.0533,0.0061,0.0015,0.0317,0.8901,0.0782,0.8989,0.0759,0.0252,0.2418,0.2407,0.1997,0.1974,0.1204,0.0233,0.9481,0.0287
499,Ca trù,ca_tru/audio_22_005.wav,2,0.6218,0.2187,0.0885,0.0503,0.0207,0.3319,0.3338,0.3343,0.8899,0.0889,0.0174,0.003,0.0009,0.4003,0.5396,0.0601,0.0021,0.0073,0.9906,0.2254,0.2251,0.2059,0.2044,0.1392,0.7921,0.1851,0.0228
500,Ca trù,ca_tru/audio_5_012.wav,1,0.7876,0.1053,0.0771,0.0215,0.0085,0.3325,0.3334,0.3341,0.0009,0.9981,0.0009,0.0001,0.0,0.0085,0.0322,0.9592,0.0542,0.7019,0.2439,0.2112,0.2116,0.2104,0.2097,0.1572,0.721,0.2508,0.0281
501,Ca trù,ca_tru/audio_5_012.wav,2,0.761,0.1176,0.0882,0.0238,0.0093,0.3328,0.3333,0.3339,0.0175,0.9677,0.0133,0.0012,0.0003,0.0067,0.0262,0.9671,0.64,0.3185,0.0415,0.2078,0.2083,0.2113,0.2108,0.1619,0.8977,0.0895,0.0128
502,Ca trù,ca_tru/audio_36_016.wav,1,0.8597,0.0607,0.0498,0.0202,0.0096,0.3345,0.3333,0.3322,0.051,0.766,0.1726,0.0085,0.0018,0.7405,0.2212,0.0383,0.2741,0.6756,0.0503,0.246,0.2448,0.1991,0.1966,0.1135,0.0714,0.6565,0.272
503,Ca trù,ca_tru/audio_36_016.wav,2,0.6603,0.1268,0.1293,0.0544,0.0292,0.3328,0.3334,0.3338,0.0379,0.0519,0.0781,0.4464,0.3857,0.0216,0.0856,0.8928,0.0067,0.9844,0.0089,0.1611,0.1622,0.1989,0.2009,0.2769,0.0049,0.0141,0.981
504,Ca trù,ca_tru/audio_17_004.wav,1,0.6952,0.1327,0.098,0.0494,0.0247,0.3318,0.3333,0.3349,0.0479,0.8518,0.0932,0.0059,0.0013,0.2957,0.638,0.0663,0.8989,0.0759,0.0252,0.1535,0.1549,0.2027,0.2054,0.2835,0.0907,0.8859,0.0233
505,Ca trù,ca_tru/audio_17_004.wav,2,0.4788,0.2065,0.1559,0.1012,0.0576,0.3335,0.3334,0.3331,0.2448,0.6865,0.0592,0.0075,0.002,0.0514,0.6567,0.2919,0.64,0.3185,0.0415,0.1879,0.1887,0.2072,0.2078,0.2084,0.685,0.2845,0.0305
506,Ca trù,ca_tru/audio_37_013.wav,1,0.1202,0.0943,0.7004,0.056,0.0291,0.3353,0.3333,0.3314,0.038,0.9385,0.0209,0.0021,0.0005,0.6968,0.2035,0.0997,0.2741,0.6756,0.0503,0.165,0.1659,0.1962,0.1979,0.2751,0.0665,0.7339,0.1996
507,Ca trù,ca_tru/audio_37_013.wav,2,0.7057,0.0961,0.14,0.0386,0.0196,0.3343,0.3331,0.3326,0.0346,0.2,0.7517,0.0115,0.0021,0.8474,0.1116,0.041,0.0067,0.9844,0.0089,0.1475,0.1486,0.1894,0.1919,0.3227,0.0642,0.757,0.1788
508,Ca trù,ca_tru/audio_37_010.wav,1,0.6425,0.1485,0.1172,0.0603,0.0314,0.3345,0.3332,0.3323,0.6772,0.2504,0.0585,0.0107,0.0031,0.855,0.1072,0.0378,0.0263,0.1483,0.8254,0.1612,0.1621,0.1952,0.1971,0.2844,0.0224,0.9504,0.0272
509,Ca trù,ca_tru/audio_37_010.wav,2,0.578,0.1774,0.1299,0.075,0.0397,0.3345,0.3331,0.3324,0.0536,0.6774,0.2569,0.0101,0.0021,0.8105,0.1346,0.0549,0.0542,0.7019,0.2439,0.1537,0.1548,0.192,0.1942,0.3053,0.0717,0.5209,0.4073
510,Ca trù,ca_tru/audio_33_057.wav,1,0.4867,0.1359,0.2782,0.0644,0.0348,0.3343,0.3332,0.3325,0.2012,0.7194,0.0688,0.0085,0.0022,0.0513,0.7293,0.2194,0.0263,0.1483,0.8254,0.248,0.2463,0.195,0.1925,0.1183,0.9606,0.0339,0.0055
511,Ca trù,ca_tru/audio_33_057.wav,2,0.6025,0.1777,0.1167,0.0686,0.0346,0.3359,0.3331,0.3309,0.0607,0.7905,0.138,0.0088,0.002,0.0519,0.291,0.6571,0.0263,0.1483,0.8254,0.2542,0.2519,0.1912,0.1886,0.1141,0.0298,0.1328,0.8374
512,Ca trù,ca_tru/audio_17_031.wav,1,0.1653,0.1027,0.6528,0.0528,0.0264,0.3332,0.3335,0.3333,0.0073,0.0342,0.9544,0.0034,0.0006,0.896,0.0767,0.0273,0.0542,0.7019,0.2439,0.231,0.2304,0.2029,0.2012,0.1345,0.0332,0.9183,0.0485
513,Ca trù,ca_tru/audio_17_031.wav,2,0.0182,0.0254,0.9431,0.0097,0.0036,0.3334,0.3335,0.3331,0.0943,0.6424,0.2426,0.0169,0.0038,0.0544,0.5866,0.359,0.0263,0.1483,0.8254,0.2301,0.2292,0.1991,0.1976,0.144,0.0615,0.7797,0.1588
514,Ca trù,ca_tru/audio_30_006.wav,1,0.0741,0.1072,0.6716,0.0973,0.0498,0.3346,0.3332,0.3322,0.0508,0.3906,0.5428,0.0132,0.0026,0.8931,0.0791,0.0277,0.0021,0.0073,0.9906,0.2203,0.2198,0.2012,0.2002,0.1585,0.0373,0.1756,0.787
515,Ca trù,ca_tru/audio_30_006.wav,2,0.0357,0.0781,0.825,0.0457,0.0155,0.3338,0.3334,0.3329,0.5921,0.329,0.0649,0.0109,0.0031,0.8356,0.1175,0.0469,0.0021,0.0073,0.9906,0.2166,0.2162,0.201,0.2002,0.166,0.0135,0.9727,0.0138
516,Ca trù,ca_tru/audio_31_004.wav,1,0.0557,0.1604,0.2172,0.4424,0.1243,0.3348,0.3332,0.3321,0.0409,0.9359,0.0206,0.0021,0.0005,0.6346,0.2371,0.1283,0.64,0.3185,0.0415,0.2179,0.2174,0.2012,0.2002,0.1633,0.0127,0.0497,0.9376
517,Ca trù,ca_tru/audio_31_004.wav,2,0.0697,0.1641,0.3273,0.3102,0.1287,0.3336,0.3334,0.3329,0.0814,0.8758,0.0379,0.0039,0.001,0.6925,0.2057,0.1018,0.0263,0.1483,0.8254,0.2208,0.2202,0.201,0.1999,0.158,0.0243,0.1037,0.872
518,Ca trù,ca_tru/audio_37_023.wav,1,0.5131,0.2025,0.1431,0.0915,0.0498,0.3345,0.3329,0.3326,0.5907,0.3457,0.0534,0.008,0.0021,0.8326,0.1201,0.0473,0.0263,0.1483,0.8254,0.1564,0.1574,0.1925,0.1946,0.2991,0.982,0.0146,0.0033
519,Ca trù,ca_tru/audio_37_023.wav,2,0.6009,0.169,0.1241,0.0696,0.0364,0.3348,0.3332,0.332,0.01,0.976,0.0128,0.001,0.0002,0.7847,0.152,0.0633,0.0263,0.1483,0.8254,0.1681,0.1689,0.1967,0.1983,0.268,0.0013,0.9979,0.0007
520,Ca trù,ca_tru/audio_36_008.wav,1,0.6166,0.1599,0.1227,0.066,0.0347,0.3337,0.3334,0.3329,0.1875,0.55,0.2268,0.0285,0.0072,0.0122,0.0477,0.9401,0.0263,0.1483,0.8254,0.188,0.1886,0.2043,0.205,0.214,0.0661,0.7386,0.1954
521,Ca trù,ca_tru/audio_36_008.wav,2,0.2707,0.1225,0.5219,0.0568,0.0282,0.3337,0.3335,0.3328,0.0626,0.8778,0.0534,0.005,0.0012,0.518,0.4263,0.0556,0.0067,0.9844,0.0089,0.2467,0.2455,0.1992,0.1966,0.112,0.0203,0.956,0.0237
522,Ca trù,ca_tru/audio_20_000.wav,1,0.8716,0.0494,0.0596,0.0136,0.0058,0.333,0.3335,0.3335,0.0673,0.3857,0.5256,0.0179,0.0034,0.0905,0.8461,0.0633,0.8989,0.0759,0.0252,0.2372,0.2363,0.2019,0.1998,0.1247,0.0515,0.9323,0.0162
523,Ca trù,ca_tru/audio_20_000.wav,2,0.8018,0.0971,0.0729,0.0202,0.008,0.3356,0.3329,0.3314,0.6753,0.2767,0.0401,0.0061,0.0017,0.1034,0.8165,0.0801,0.969,0.0242,0.0069,0.2411,0.2399,0.1982,0.196,0.1248,0.1894,0.7767,0.0339
524,Ca trù,ca_tru/audio_33_037.wav,1,0.7084,0.0934,0.1573,0.0285,0.0125,0.3323,0.3337,0.334,0.0773,0.3974,0.4971,0.0233,0.0048,0.0276,0.9022,0.0702,0.0263,0.1483,0.8254,0.2476,0.2458,0.1937,0.1913,0.1216,0.0417,0.8872,0.071
525,Ca trù,ca_tru/audio_33_037.wav,2,0.923,0.0395,0.0248,0.009,0.0037,0.3322,0.3337,0.3341,0.0791,0.544,0.3551,0.018,0.0038,0.0535,0.4598,0.4868,0.0021,0.0073,0.9906,0.2418,0.2405,0.1969,0.1947,0.1261,0.051,0.2679,0.6811
526,Ca trù,ca_tru/audio_37_014.wav,1,0.7361,0.1192,0.0834,0.0413,0.02,0.3344,0.3331,0.3325,0.0413,0.285,0.6592,0.0122,0.0023,0.8185,0.1337,0.0478,0.0263,0.1483,0.8254,0.1644,0.1653,0.1965,0.1982,0.2757,0.0122,0.0331,0.9546
527,Ca trù,ca_tru/audio_37_014.wav,2,0.5877,0.1684,0.1323,0.0727,0.039,0.3345,0.333,0.3325,0.115,0.4478,0.4045,0.0272,0.0054,0.8232,0.1309,0.0459,0.8965,0.0877,0.0157,0.1597,0.1606,0.1939,0.1958,0.29,0.6826,0.2867,0.0307
528,Ca trù,ca_tru/audio_21_009.wav,1,0.0451,0.1091,0.7593,0.0653,0.0211,0.3346,0.3333,0.3321,0.2714,0.6421,0.0741,0.0098,0.0026,0.6277,0.2407,0.1316,0.996,0.0032,0.0008,0.2261,0.2253,0.1991,0.1978,0.1517,0.0482,0.859,0.0928
529,Ca trù,ca_tru/audio_21_009.wav,2,0.0538,0.1249,0.6897,0.0983,0.0333,0.3345,0.3332,0.3323,0.0445,0.92,0.0317,0.003,0.0007,0.7144,0.1938,0.0918,0.0542,0.7019,0.2439,0.2243,0.2235,0.1999,0.1986,0.1537,0.0699,0.4763,0.4538
530,Ca trù,ca_tru/audio_33_017.wav,1,0.4003,0.1416,0.3479,0.0711,0.039,0.3337,0.3332,0.3331,0.0704,0.8692,0.0539,0.0052,0.0013,0.0789,0.1876,0.7335,0.0263,0.1483,0.8254,0.2271,0.2264,0.2008,0.1994,0.1463,0.3189,0.6415,0.0396
531,Ca trù,ca_tru/audio_33_017.wav,2,0.6067,0.1729,0.1179,0.0679,0.0346,0.3343,0.3334,0.3323,0.072,0.8615,0.0594,0.0057,0.0014,0.0397,0.2072,0.7531,0.0263,0.1483,0.8254,0.2494,0.2474,0.1929,0.1905,0.1199,0.086,0.8914,0.0226
532,Ca trù,ca_tru/audio_32_008.wav,1,0.2154,0.4502,0.2572,0.0583,0.0189,0.334,0.3334,0.3327,0.1389,0.7558,0.0925,0.0102,0.0026,0.1174,0.7863,0.0963,0.0067,0.9844,0.0089,0.2467,0.2447,0.1924,0.1901,0.126,0.0137,0.9803,0.006
533,Ca trù,ca_tru/audio_32_008.wav,2,0.7051,0.1668,0.0743,0.0381,0.0157,0.3346,0.3331,0.3323,0.0091,0.98,0.0099,0.0008,0.0002,0.0746,0.732,0.1934,0.0542,0.7019,0.2439,0.2457,0.2437,0.1927,0.1905,0.1273,0.0019,0.9971,0.001
534,Ca trù,ca_tru/audio_33_040.wav,1,0.7506,0.1043,0.0869,0.0388,0.0194,0.3334,0.3335,0.3331,0.0448,0.8119,0.1351,0.0068,0.0014,0.0037,0.992,0.0043,0.7947,0.1471,0.0581,0.2488,0.2469,0.1941,0.1916,0.1185,0.3837,0.576,0.0403
535,Ca trù,ca_tru/audio_33_040.wav,2,0.0907,0.0892,0.7268,0.0611,0.0322,0.3333,0.3334,0.3332,0.3615,0.5454,0.0788,0.0112,0.003,0.8983,0.0771,0.0246,0.8674,0.0982,0.0344,0.2455,0.2438,0.1947,0.1924,0.1237,0.0628,0.9186,0.0185
536,Ca trù,ca_tru/audio_33_004.wav,1,0.6247,0.1731,0.1083,0.063,0.0309,0.334,0.3333,0.3327,0.1579,0.7609,0.0708,0.0083,0.0021,0.1397,0.8034,0.0568,0.0021,0.0073,0.9906,0.255,0.2528,0.1916,0.1888,0.1118,0.0034,0.9948,0.0018
537,Ca trù,ca_tru/audio_33_004.wav,2,0.4239,0.1437,0.3193,0.0727,0.0404,0.334,0.3333,0.3326,0.0291,0.0392,0.0569,0.2458,0.6289,0.0754,0.1974,0.7272,0.0021,0.0073,0.9906,0.216,0.2156,0.2022,0.2013,0.165,0.0677,0.4375,0.4949
538,Ca trù,ca_tru/audio_17_100.wav,1,0.7754,0.0811,0.0965,0.0313,0.0158,0.3348,0.3333,0.3319,0.063,0.7806,0.145,0.0093,0.0021,0.5624,0.3841,0.0535,0.0372,0.9449,0.0179,0.2388,0.2378,0.2,0.1979,0.1255,0.0036,0.9945,0.0019
539,Ca trù,ca_tru/audio_17_100.wav,2,0.2271,0.2826,0.4161,0.0552,0.0191,0.3341,0.3333,0.3326,0.3757,0.449,0.1426,0.0255,0.0073,0.0629,0.8758,0.0613,0.0372,0.9449,0.0179,0.2471,0.2456,0.1957,0.1932,0.1184,0.0262,0.0654,0.9084
540,Ca trù,ca_tru/audio_30_005.wav,1,0.0854,0.1468,0.4701,0.19,0.1078,0.3341,0.3333,0.3326,0.5384,0.3853,0.0636,0.01,0.0028,0.8605,0.101,0.0384,0.0422,0.1103,0.8475,0.2116,0.2114,0.2024,0.2018,0.1728,0.0034,0.9939,0.0027
541,Ca trù,ca_tru/audio_30_005.wav,2,0.0872,0.1476,0.4575,0.1936,0.1141,0.3343,0.3333,0.3324,0.6388,0.2891,0.059,0.0102,0.0029,0.8536,0.1055,0.0409,0.969,0.0242,0.0069,0.2131,0.2128,0.2021,0.2014,0.1705,0.0578,0.9247,0.0176
542,Ca trù,ca_tru/audio_28_000.wav,1,0.7736,0.1009,0.0742,0.0346,0.0167,0.3315,0.3334,0.3351,0.1327,0.4392,0.3901,0.0316,0.0063,0.0996,0.847,0.0534,0.8398,0.1172,0.043,0.1518,0.1531,0.1972,0.1997,0.2982,0.1413,0.829,0.0297
543,Ca trù,ca_tru/audio_28_000.wav,2,0.9699,0.0126,0.0119,0.0038,0.0018,0.3316,0.3336,0.3348,0.2619,0.5537,0.1595,0.0202,0.0048,0.902,0.0783,0.0197,0.9336,0.0507,0.0157,0.162,0.1633,0.2043,0.2064,0.264,0.8433,0.1385,0.0183
544,Ca trù,ca_tru/audio_35_003.wav,1,0.0563,0.0953,0.7301,0.0822,0.0361,0.3326,0.3337,0.3337,0.0498,0.882,0.062,0.005,0.0012,0.3432,0.5956,0.0611,0.0067,0.9844,0.0089,0.2434,0.2418,0.1957,0.1935,0.1257,0.0585,0.8016,0.1399
545,Ca trù,ca_tru/audio_35_003.wav,2,0.0227,0.0326,0.9152,0.0208,0.0088,0.3329,0.3335,0.3336,0.5957,0.3468,0.0484,0.0072,0.0019,0.9243,0.0573,0.0184,0.0372,0.9449,0.0179,0.201,0.2013,0.2057,0.2057,0.1864,0.9907,0.0076,0.0017
546,Ca trù,ca_tru/audio_32_000.wav,1,0.6537,0.1451,0.1133,0.058,0.03,0.3331,0.3334,0.3336,0.9857,0.0105,0.003,0.0006,0.0002,0.0183,0.0677,0.914,0.8965,0.0877,0.0157,0.2599,0.2572,0.1886,0.1857,0.1086,0.9361,0.0506,0.0132
547,Ca trù,ca_tru/audio_32_000.wav,2,0.5762,0.1901,0.1215,0.0744,0.0377,0.3331,0.3334,0.3334,0.9015,0.0762,0.0179,0.0034,0.001,0.0548,0.1485,0.7967,0.0542,0.7019,0.2439,0.2447,0.243,0.1946,0.1923,0.1255,0.7871,0.1575,0.0554
548,Ca trù,ca_tru/audio_5_010.wav,1,0.5505,0.2251,0.1689,0.0405,0.0151,0.3313,0.3337,0.3349,0.3409,0.5432,0.0978,0.0143,0.0039,0.027,0.1601,0.8129,0.0542,0.7019,0.2439,0.1828,0.1841,0.2167,0.2178,0.1986,0.0102,0.9852,0.0046
549,Ca trù,ca_tru/audio_5_010.wav,2,0.7319,0.1011,0.1306,0.0258,0.0106,0.3324,0.3335,0.3342,0.2467,0.6841,0.0597,0.0076,0.002,0.023,0.1341,0.8429,0.0542,0.7019,0.2439,0.1842,0.1856,0.2188,0.2198,0.1915,0.8909,0.0956,0.0135
550,Ca trù,ca_tru/audio_18_010.wav,1,0.0472,0.1329,0.0665,0.4865,0.2669,0.3324,0.3333,0.3343,0.7584,0.1526,0.0644,0.0184,0.0062,0.067,0.6437,0.2893,0.7947,0.1471,0.0581,0.1328,0.134,0.1808,0.1838,0.3686,0.9026,0.0759,0.0214
551,Ca trù,ca_tru/audio_18_010.wav,2,0.0803,0.1918,0.0945,0.3751,0.2583,0.3317,0.3335,0.3348,0.7189,0.1733,0.0769,0.023,0.008,0.0538,0.8132,0.133,0.0542,0.7019,0.2439,0.1473,0.1484,0.1886,0.1911,0.3246,0.8173,0.1371,0.0456
552,Ca trù,ca_tru/audio_23_006.wav,1,0.6292,0.2229,0.0982,0.0361,0.0135,0.3346,0.3336,0.3318,0.0586,0.6101,0.3166,0.0122,0.0025,0.0442,0.9252,0.0306,0.0263,0.1483,0.8254,0.2229,0.2224,0.203,0.2018,0.1499,0.0002,0.0005,0.9993
553,Ca trù,ca_tru/audio_23_006.wav,2,0.3714,0.141,0.4246,0.0444,0.0187,0.3335,0.3335,0.333,0.9899,0.0076,0.0019,0.0004,0.0001,0.8323,0.1365,0.0312,0.0067,0.9844,0.0089,0.1693,0.1703,0.2026,0.2043,0.2534,0.9998,0.0002,0.0
554,Ca trù,ca_tru/audio_23_000.wav,1,0.7317,0.1513,0.079,0.0274,0.0105,0.334,0.3335,0.3325,0.6806,0.2679,0.0428,0.0068,0.0019,0.8862,0.0831,0.0307,0.8965,0.0877,0.0157,0.1881,0.1887,0.2055,0.2062,0.2114,0.0322,0.9562,0.0116
555,Ca trù,ca_tru/audio_23_000.wav,2,0.289,0.4476,0.1915,0.054,0.018,0.3335,0.3336,0.3329,0.1775,0.7672,0.048,0.0058,0.0015,0.9874,0.0101,0.0025,0.2741,0.6756,0.0503,0.198,0.1984,0.2064,0.2066,0.1906,0.0725,0.5508,0.3768
556,Ca trù,ca_tru/audio_37_017.wav,1,0.6142,0.1551,0.1288,0.0663,0.0355,0.3347,0.3331,0.3322,0.0324,0.1935,0.7613,0.0108,0.002,0.7652,0.1629,0.0718,0.8157,0.1334,0.0509,0.1619,0.1628,0.1949,0.1967,0.2837,0.0715,0.6543,0.2742
557,Ca trù,ca_tru/audio_37_017.wav,2,0.8868,0.0427,0.049,0.0146,0.0069,0.3344,0.3331,0.3325,0.0688,0.1504,0.5803,0.1828,0.0177,0.8229,0.1284,0.0488,0.8398,0.1172,0.043,0.1563,0.1574,0.1933,0.1954,0.2976,0.0368,0.0874,0.8759
558,Ca trù,ca_tru/audio_5_009.wav,1,0.6461,0.2066,0.0837,0.0452,0.0183,0.3324,0.3334,0.3342,0.012,0.979,0.0081,0.0007,0.0002,0.0178,0.1023,0.8799,0.0542,0.7019,0.2439,0.1911,0.1924,0.2192,0.2197,0.1775,0.2533,0.7092,0.0376
559,Ca trù,ca_tru/audio_5_009.wav,2,0.6348,0.2187,0.0974,0.0357,0.0133,0.3321,0.3335,0.3344,0.4571,0.4446,0.0818,0.0129,0.0036,0.0242,0.1431,0.8327,0.0542,0.7019,0.2439,0.1981,0.1994,0.2213,0.2213,0.1599,0.2023,0.7629,0.0348
560,Ca trù,ca_tru/audio_29_001.wav,1,0.4899,0.1353,0.316,0.0413,0.0176,0.3331,0.3336,0.3334,0.0848,0.86,0.0489,0.0051,0.0013,0.0369,0.8337,0.1294,0.0067,0.9844,0.0089,0.2171,0.217,0.2064,0.2055,0.154,0.0262,0.9398,0.034
561,Ca trù,ca_tru/audio_29_001.wav,2,0.172,0.1263,0.5709,0.0829,0.0478,0.3329,0.3336,0.3334,0.0412,0.1736,0.7621,0.0195,0.0036,0.0128,0.0463,0.9409,0.996,0.0032,0.0008,0.1925,0.193,0.2062,0.2066,0.2018,0.6537,0.3139,0.0324
562,Ca trù,ca_tru/audio_0_019.wav,1,0.0436,0.8292,0.0423,0.069,0.0159,0.3347,0.3333,0.332,0.0486,0.3455,0.5893,0.0139,0.0027,0.0197,0.069,0.9113,0.0372,0.9449,0.0179,0.2262,0.2256,0.2015,0.2001,0.1465,0.3244,0.6359,0.0397
563,Ca trù,ca_tru/audio_0_019.wav,2,0.0765,0.7533,0.0601,0.087,0.0231,0.3326,0.3336,0.3338,0.0479,0.3107,0.6239,0.0146,0.0028,0.0335,0.1001,0.8664,0.0067,0.9844,0.0089,0.2252,0.2247,0.2021,0.2008,0.1472,0.0278,0.9351,0.0371
564,Ca trù,ca_tru/audio_20_006.wav,1,0.0395,0.1606,0.0566,0.6453,0.0978,0.3331,0.3331,0.3338,0.6794,0.1922,0.09,0.0283,0.0101,0.0489,0.322,0.6291,0.9336,0.0507,0.0157,0.15,0.151,0.1887,0.191,0.3192,0.8123,0.1405,0.0472
565,Ca trù,ca_tru/audio_20_006.wav,2,0.0126,0.0534,0.0217,0.8727,0.0395,0.3325,0.3333,0.3342,0.0188,0.0238,0.0314,0.0766,0.8494,0.02,0.0846,0.8953,0.969,0.0242,0.0069,0.1576,0.1585,0.1921,0.1941,0.2978,0.9998,0.0002,0.0
566,Ca trù,ca_tru/audio_17_070.wav,1,0.0295,0.0295,0.9191,0.0151,0.0067,0.3326,0.3335,0.3339,0.0201,0.941,0.036,0.0023,0.0005,0.1568,0.793,0.0502,0.2741,0.6756,0.0503,0.2269,0.2272,0.2118,0.2099,0.1242,0.9191,0.0704,0.0105
567,Ca trù,ca_tru/audio_17_070.wav,2,0.9807,0.009,0.0072,0.0022,0.0009,0.3328,0.3335,0.3337,0.0354,0.9166,0.0437,0.0035,0.0008,0.014,0.9586,0.0274,0.2741,0.6756,0.0503,0.2278,0.2276,0.2074,0.2057,0.1315,0.3861,0.5736,0.0403
568,Ca trù,ca_tru/audio_33_056.wav,1,0.4877,0.1352,0.2792,0.0636,0.0342,0.3343,0.3333,0.3324,0.0378,0.0525,0.0806,0.5441,0.285,0.0415,0.1723,0.7862,0.8965,0.0877,0.0157,0.2351,0.234,0.1987,0.1968,0.1353,0.0353,0.1634,0.8013
569,Ca trù,ca_tru/audio_33_056.wav,2,0.8794,0.0513,0.0441,0.0171,0.0081,0.3345,0.3334,0.3321,0.264,0.5991,0.1166,0.016,0.0043,0.0874,0.6775,0.235,0.0263,0.1483,0.8254,0.2333,0.2324,0.2004,0.1986,0.1353,0.0666,0.7325,0.2009
570,Ca trù,ca_tru/audio_10_009.wav,1,0.3396,0.1363,0.4605,0.0446,0.019,0.3332,0.3335,0.3333,0.0383,0.8955,0.0609,0.0044,0.001,0.042,0.7988,0.1592,0.0067,0.9844,0.0089,0.2363,0.2352,0.1987,0.1968,0.133,0.0001,0.9998,0.0001
571,Ca trù,ca_tru/audio_10_009.wav,2,0.3561,0.1339,0.4457,0.0449,0.0194,0.3332,0.3333,0.3335,0.0133,0.9628,0.0222,0.0015,0.0003,0.0103,0.0506,0.9391,0.0372,0.9449,0.0179,0.2386,0.2376,0.1996,0.1975,0.1267,0.6785,0.2906,0.0309
572,Ca trù,ca_tru/audio_2_008.wav,1,0.0718,0.0717,0.7872,0.0461,0.0231,0.3337,0.3333,0.333,0.0486,0.9256,0.0229,0.0024,0.0006,0.7224,0.1886,0.0889,0.996,0.0032,0.0008,0.2314,0.2304,0.1987,0.197,0.1424,0.0001,0.9998,0.0001
573,Ca trù,ca_tru/audio_2_008.wav,2,0.0761,0.3093,0.4898,0.0985,0.0263,0.3324,0.3336,0.3341,0.2157,0.726,0.0504,0.0062,0.0016,0.6852,0.21,0.1048,0.0542,0.7019,0.2439,0.2241,0.2233,0.1999,0.1987,0.154,0.0655,0.7442,0.1903
574,Ca trù,ca_tru/audio_33_023.wav,1,0.5729,0.1778,0.1324,0.0762,0.0406,0.3349,0.3332,0.3319,0.1431,0.8081,0.0427,0.0049,0.0012,0.0635,0.765,0.1715,0.0021,0.0073,0.9906,0.2321,0.2315,0.2035,0.2017,0.1313,0.5981,0.3667,0.0352
575,Ca trù,ca_tru/audio_33_023.wav,2,0.1465,0.0981,0.6769,0.0523,0.0263,0.334,0.3335,0.3325,0.0313,0.9142,0.0501,0.0035,0.0008,0.9282,0.0587,0.013,0.0021,0.0073,0.9906,0.2545,0.252,0.1899,0.1873,0.1163,0.0726,0.6104,0.3169
576,Ca trù,ca_tru/audio_17_034.wav,1,0.1461,0.0937,0.7096,0.0354,0.0151,0.3329,0.3336,0.3336,0.1894,0.7211,0.0776,0.0094,0.0024,0.0218,0.1311,0.8471,0.0263,0.1483,0.8254,0.2364,0.2352,0.1979,0.196,0.1344,0.0002,0.9996,0.0001
577,Ca trù,ca_tru/audio_17_034.wav,2,0.1258,0.0844,0.7301,0.0406,0.0192,0.3328,0.3335,0.3337,0.0034,0.0126,0.9812,0.0024,0.0004,0.9591,0.0311,0.0097,0.0263,0.1483,0.8254,0.2292,0.2284,0.2006,0.1991,0.1427,0.0059,0.0214,0.9727
578,Ca trù,ca_tru/audio_13_008.wav,1,0.7986,0.0774,0.0804,0.029,0.0145,0.3321,0.3336,0.3343,0.0447,0.8659,0.0825,0.0056,0.0013,0.046,0.7469,0.2071,0.0542,0.7019,0.2439,0.2178,0.2183,0.2123,0.2111,0.1405,0.0147,0.9698,0.0154
579,Ca trù,ca_tru/audio_13_008.wav,2,0.6894,0.1227,0.1119,0.0499,0.0261,0.332,0.3337,0.3343,0.0448,0.852,0.0959,0.006,0.0014,0.0186,0.0602,0.9212,0.8965,0.0877,0.0157,0.1878,0.1886,0.2082,0.2089,0.2065,0.0142,0.9796,0.0061
580,Ca trù,ca_tru/audio_27_012.wav,1,0.4872,0.1241,0.3139,0.0503,0.0245,0.3318,0.3337,0.3345,0.0733,0.4844,0.4222,0.0167,0.0033,0.1843,0.7621,0.0536,0.2741,0.6756,0.0503,0.1857,0.187,0.2179,0.2188,0.1905,0.0709,0.4975,0.4316
581,Ca trù,ca_tru/audio_27_012.wav,2,0.5566,0.207,0.1203,0.0777,0.0384,0.3318,0.3338,0.3345,0.0263,0.9407,0.0301,0.0023,0.0005,0.0713,0.8889,0.0398,0.0067,0.9844,0.0089,0.219,0.2192,0.2099,0.2088,0.143,0.0114,0.9834,0.0051
582,Ca trù,ca_tru/audio_33_049.wav,1,0.7306,0.1172,0.0885,0.0426,0.0211,0.332,0.3338,0.3342,0.0213,0.0642,0.8912,0.0204,0.0029,0.2653,0.6761,0.0586,0.8674,0.0982,0.0344,0.2378,0.2364,0.1968,0.1949,0.1341,0.0634,0.7638,0.1727
583,Ca trù,ca_tru/audio_33_049.wav,2,0.848,0.0583,0.0626,0.0209,0.0102,0.3335,0.3335,0.333,0.1443,0.6752,0.1598,0.0166,0.0041,0.1509,0.8,0.0491,0.8989,0.0759,0.0252,0.2522,0.2501,0.1921,0.1895,0.116,0.052,0.2759,0.6721
584,Ca trù,ca_tru/audio_33_105.wav,1,0.5686,0.1173,0.2417,0.0482,0.0241,0.334,0.3333,0.3327,0.0357,0.0502,0.0786,0.6356,0.1999,0.0768,0.7462,0.177,0.0263,0.1483,0.8254,0.2529,0.2507,0.1917,0.1891,0.1156,0.0007,0.0021,0.9973
585,Ca trù,ca_tru/audio_33_105.wav,2,0.3065,0.1368,0.4471,0.0712,0.0385,0.3344,0.3331,0.3326,0.3816,0.4794,0.1151,0.0186,0.0052,0.0743,0.1793,0.7464,0.8674,0.0982,0.0344,0.2478,0.2461,0.1949,0.1925,0.1187,0.0408,0.197,0.7623
586,Ca trù,ca_tru/audio_37_008.wav,1,0.5982,0.1682,0.1263,0.0702,0.037,0.3351,0.3329,0.3319,0.0471,0.3555,0.582,0.0128,0.0025,0.8464,0.1114,0.0422,0.996,0.0032,0.0008,0.1489,0.15,0.1902,0.1927,0.3181,0.0076,0.9856,0.0068
587,Ca trù,ca_tru/audio_37_008.wav,2,0.5311,0.1934,0.1415,0.0868,0.0472,0.3345,0.3332,0.3324,0.0292,0.1732,0.7858,0.01,0.0018,0.8154,0.1339,0.0508,0.0542,0.7019,0.2439,0.1607,0.1617,0.1947,0.1966,0.2863,0.0706,0.491,0.4384
588,Ca trù,ca_tru/audio_13_003.wav,1,0.9072,0.0427,0.0315,0.0128,0.0058,0.3323,0.3337,0.3341,0.5462,0.3952,0.0494,0.0072,0.0019,0.0138,0.9745,0.0117,0.0067,0.9844,0.0089,0.2092,0.21,0.2165,0.2158,0.1485,0.8874,0.0987,0.0139
589,Ca trù,ca_tru/audio_13_003.wav,2,0.4983,0.1228,0.3148,0.044,0.0201,0.3316,0.3337,0.3347,0.1535,0.7141,0.1162,0.0129,0.0033,0.0601,0.7101,0.2298,0.0542,0.7019,0.2439,0.2134,0.2138,0.2111,0.2102,0.1514,0.0727,0.6047,0.3226
590,Ca trù,ca_tru/audio_33_097.wav,1,0.4025,0.1406,0.349,0.0699,0.038,0.3344,0.3333,0.3323,0.0685,0.8778,0.0478,0.0047,0.0012,0.0265,0.9484,0.025,0.0542,0.7019,0.2439,0.2541,0.2519,0.1914,0.1887,0.1139,0.701,0.2696,0.0295
591,Ca trù,ca_tru/audio_33_097.wav,2,0.8219,0.0673,0.0738,0.0248,0.0123,0.3355,0.333,0.3316,0.0209,0.9557,0.0213,0.0018,0.0004,0.0583,0.77,0.1717,0.0263,0.1483,0.8254,0.2599,0.2573,0.1888,0.1859,0.1082,0.0142,0.9712,0.0147
592,Ca trù,ca_tru/audio_0_023.wav,1,0.2157,0.4837,0.1117,0.138,0.0509,0.3335,0.3334,0.3331,0.0499,0.0688,0.1011,0.3679,0.4123,0.1038,0.225,0.6712,0.0372,0.9449,0.0179,0.2175,0.2171,0.2019,0.201,0.1625,0.4544,0.5059,0.0397
593,Ca trù,ca_tru/audio_0_023.wav,2,0.2074,0.4923,0.1103,0.1393,0.0507,0.3338,0.3334,0.3328,0.0615,0.8231,0.1059,0.0077,0.0018,0.0726,0.1789,0.7485,0.0067,0.9844,0.0089,0.2223,0.2217,0.2015,0.2004,0.1541,0.2293,0.7342,0.0364
594,Ca trù,ca_tru/audio_17_044.wav,1,0.6558,0.1548,0.1041,0.057,0.0283,0.3329,0.3336,0.3335,0.0514,0.7352,0.2027,0.0089,0.0019,0.0168,0.9702,0.013,0.0542,0.7019,0.2439,0.2593,0.2572,0.1926,0.1895,0.1013,0.0012,0.998,0.0008
595,Ca trù,ca_tru/audio_17_044.wav,2,0.6724,0.1304,0.1155,0.0535,0.0281,0.3323,0.3336,0.3341,0.3294,0.5724,0.0834,0.0117,0.0031,0.0431,0.8056,0.1513,0.0542,0.7019,0.2439,0.2111,0.2115,0.2114,0.2107,0.1554,0.9992,0.0006,0.0001
596,Ca trù,ca_tru/audio_13_001.wav,1,0.6443,0.1331,0.1334,0.0579,0.0313,0.3336,0.3332,0.3333,0.2032,0.6662,0.113,0.014,0.0036,0.0387,0.9277,0.0336,0.7604,0.1691,0.0705,0.1717,0.1727,0.2033,0.2048,0.2475,0.0246,0.9659,0.0095
597,Ca trù,ca_tru/audio_13_001.wav,2,0.7875,0.092,0.0725,0.0323,0.0157,0.3324,0.3335,0.3341,0.082,0.4038,0.4843,0.0248,0.0051,0.0444,0.8101,0.1455,0.8965,0.0877,0.0157,0.2107,0.2108,0.2062,0.2056,0.1668,0.0001,0.0004,0.9995
598,Ca trù,ca_tru/audio_2_015.wav,1,0.0529,0.0943,0.8126,0.03,0.0103,0.3321,0.3336,0.3343,0.4283,0.4825,0.075,0.0112,0.0031,0.7266,0.1863,0.0871,0.969,0.0242,0.0069,0.2269,0.226,0.1992,0.1978,0.1501,0.0265,0.1151,0.8584
599,Ca trù,ca_tru/audio_2_015.wav,2,0.0853,0.0886,0.7304,0.0627,0.033,0.3323,0.3335,0.3342,0.3856,0.5499,0.055,0.0075,0.002,0.7523,0.1708,0.0769,0.0542,0.7019,0.2439,0.228,0.2272,0.1993,0.1979,0.1476,0.2299,0.7337,0.0365
600,Chèo,cheo/audio_1_008.wav,1,0.1863,0.1067,0.6288,0.0523,0.0258,0.3337,0.3333,0.3331,0.9882,0.0091,0.0021,0.0004,0.0001,0.0077,0.9858,0.0065,0.0067,0.9844,0.0089,0.2388,0.2384,0.2061,0.2037,0.113,0.8832,0.1024,0.0143
601,Chèo,cheo/audio_1_008.wav,2,0.291,0.5076,0.1331,0.0513,0.017,0.3325,0.3336,0.3339,0.0206,0.0955,0.8736,0.0087,0.0015,0.0068,0.9853,0.0079,0.2741,0.6756,0.0503,0.1982,0.1994,0.2222,0.2222,0.158,0.8403,0.1412,0.0185
602,Chèo,cheo/audio_3_199.wav,1,0.3172,0.2524,0.36,0.0517,0.0188,0.3322,0.3336,0.3343,0.2001,0.6896,0.0968,0.011,0.0026,0.0126,0.0611,0.9263,0.0542,0.7019,0.2439,0.1871,0.1886,0.2229,0.2237,0.1777,0.4193,0.5405,0.0402
603,Chèo,cheo/audio_3_199.wav,2,0.0598,0.1318,0.754,0.0411,0.0133,0.3334,0.3336,0.3331,0.0785,0.625,0.2776,0.0155,0.0034,0.6596,0.2899,0.0505,0.0067,0.9844,0.0089,0.24,0.2386,0.196,0.194,0.1314,0.0002,0.0007,0.9991
604,Chèo,cheo/audio_3_011.wav,1,0.0263,0.9265,0.0217,0.0202,0.0053,0.3328,0.3333,0.3339,0.8278,0.116,0.0421,0.0106,0.0035,0.0039,0.019,0.9771,0.0372,0.9449,0.0179,0.2833,0.2793,0.1798,0.1758,0.0818,0.8091,0.1427,0.0482
605,Chèo,cheo/audio_3_011.wav,2,0.0484,0.127,0.7451,0.0607,0.0187,0.3327,0.3333,0.334,0.3051,0.498,0.1675,0.0236,0.0057,0.0593,0.7335,0.2072,0.996,0.0032,0.0008,0.1854,0.1873,0.2318,0.2328,0.1627,0.9069,0.0813,0.0118
606,Chèo,cheo/audio_1_076.wav,1,0.8465,0.0543,0.0717,0.0187,0.0089,0.3314,0.3337,0.3349,0.064,0.1367,0.4987,0.2784,0.0223,0.486,0.4447,0.0693,0.0021,0.0073,0.9906,0.2223,0.2219,0.2035,0.2023,0.1501,0.0016,0.0049,0.9935
607,Chèo,cheo/audio_1_076.wav,2,0.522,0.1198,0.2909,0.0457,0.0216,0.3304,0.3333,0.3363,0.055,0.494,0.4356,0.0128,0.0025,0.0316,0.9429,0.0255,0.095,0.1999,0.7051,0.2466,0.2448,0.194,0.1917,0.1229,0.0706,0.4898,0.4396
608,Chèo,cheo/audio_5_007.wav,1,0.049,0.1517,0.0675,0.5374,0.1944,0.3333,0.3333,0.3335,0.7693,0.1475,0.0605,0.0169,0.0057,0.0219,0.9278,0.0502,0.0422,0.1103,0.8475,0.2204,0.2211,0.2164,0.2149,0.1271,0.8073,0.1439,0.0488
609,Chèo,cheo/audio_5_007.wav,2,0.0151,0.0483,0.0282,0.7791,0.1293,0.3333,0.3333,0.3333,0.9345,0.0473,0.0142,0.0031,0.0009,0.0489,0.5011,0.4501,0.0372,0.9449,0.0179,0.2156,0.2159,0.2097,0.2088,0.15,0.9957,0.0036,0.0008
610,Chèo,cheo/audio_4_240.wav,1,0.0555,0.6007,0.1505,0.1639,0.0293,0.3333,0.3332,0.3335,0.6825,0.1911,0.0888,0.0278,0.0099,0.7267,0.2272,0.0461,0.64,0.3185,0.0415,0.2052,0.2054,0.2066,0.2064,0.1764,0.7619,0.174,0.0641
611,Chèo,cheo/audio_4_240.wav,2,0.0088,0.0123,0.9691,0.0069,0.0028,0.3335,0.3331,0.3334,0.0109,0.0178,0.0364,0.9242,0.0107,0.6033,0.3419,0.0548,0.996,0.0032,0.0008,0.1996,0.2001,0.2083,0.2083,0.1836,0.9983,0.0014,0.0003
612,Chèo,cheo/audio_6_133.wav,1,0.691,0.116,0.1521,0.029,0.0118,0.3338,0.3332,0.333,0.051,0.0941,0.2319,0.5906,0.0324,0.11,0.7576,0.1324,0.0542,0.7019,0.2439,0.2166,0.2164,0.205,0.2041,0.1578,0.1232,0.2189,0.6579
613,Chèo,cheo/audio_6_133.wav,2,0.7867,0.0705,0.1069,0.0244,0.0115,0.3339,0.3333,0.3328,0.0602,0.1743,0.7034,0.0532,0.0089,0.1047,0.7299,0.1654,0.8965,0.0877,0.0157,0.2145,0.2144,0.2044,0.2036,0.1631,0.0332,0.0801,0.8867
614,Chèo,cheo/audio_5_004.wav,1,0.002,0.0083,0.0039,0.9786,0.0071,0.3332,0.3334,0.3334,0.02,0.0812,0.8872,0.0099,0.0017,0.0342,0.8503,0.1155,0.996,0.0032,0.0008,0.2123,0.2135,0.222,0.2209,0.1312,0.0673,0.7252,0.2075
615,Chèo,cheo/audio_5_004.wav,2,0.0402,0.227,0.0599,0.6103,0.0626,0.3334,0.3334,0.3332,0.0472,0.1409,0.7725,0.0341,0.0052,0.05,0.6134,0.3366,0.996,0.0032,0.0008,0.1822,0.184,0.2262,0.2274,0.1801,0.0052,0.9923,0.0026
616,Chèo,cheo/audio_4_071.wav,1,0.0245,0.0492,0.8974,0.0215,0.0073,0.332,0.3337,0.3343,0.0253,0.0431,0.0946,0.8176,0.0194,0.2202,0.7132,0.0666,0.0542,0.7019,0.2439,0.2185,0.2186,0.209,0.2079,0.1461,0.0068,0.9872,0.006
617,Chèo,cheo/audio_4_071.wav,2,0.073,0.3697,0.3707,0.1516,0.035,0.3324,0.333,0.3345,0.0708,0.8735,0.0496,0.0049,0.0012,0.4057,0.5273,0.067,0.0422,0.1103,0.8475,0.2596,0.2574,0.1919,0.1888,0.1023,0.0046,0.9916,0.0038
618,Chèo,cheo/audio_7_089.wav,1,0.0856,0.1858,0.0993,0.3408,0.2885,0.3345,0.333,0.3324,0.0781,0.4992,0.4019,0.0173,0.0034,0.0552,0.9071,0.0377,0.0422,0.1103,0.8475,0.2389,0.2387,0.2079,0.2054,0.1092,0.9865,0.0111,0.0025
619,Chèo,cheo/audio_7_089.wav,2,0.0723,0.158,0.0897,0.3355,0.3445,0.3347,0.333,0.3323,0.0378,0.1054,0.801,0.0491,0.0067,0.067,0.8812,0.0518,0.0422,0.1103,0.8475,0.2262,0.2262,0.2092,0.2076,0.1309,0.0461,0.8686,0.0852
620,Chèo,cheo/audio_3_065.wav,1,0.1336,0.1604,0.2654,0.2043,0.2363,0.3329,0.3335,0.3336,0.0742,0.8797,0.0408,0.0042,0.0011,0.035,0.943,0.0221,0.2741,0.6756,0.0503,0.2615,0.2589,0.1891,0.1861,0.1043,0.0221,0.9513,0.0266
621,Chèo,cheo/audio_3_065.wav,2,0.0681,0.07,0.7936,0.0456,0.0227,0.3312,0.3338,0.3349,0.061,0.137,0.5853,0.1987,0.018,0.4937,0.4484,0.0579,0.0263,0.1483,0.8254,0.2651,0.262,0.1862,0.1832,0.1034,0.0485,0.2494,0.7021
622,Chèo,cheo/audio_4_220.wav,1,0.8182,0.0624,0.0872,0.0218,0.0104,0.3324,0.3337,0.3339,0.0148,0.0468,0.9221,0.0142,0.0021,0.1602,0.7889,0.0509,0.0263,0.1483,0.8254,0.2237,0.2239,0.2102,0.2087,0.1335,0.0185,0.0757,0.9058
623,Chèo,cheo/audio_4_220.wav,2,0.6094,0.113,0.207,0.0468,0.0238,0.3331,0.3336,0.3333,0.0573,0.3337,0.5875,0.0179,0.0036,0.1576,0.7847,0.0576,0.0067,0.9844,0.0089,0.2013,0.2019,0.2126,0.2126,0.1717,0.0546,0.2967,0.6488
624,Chèo,cheo/audio_5_054.wav,1,0.0204,0.0565,0.0423,0.4942,0.3866,0.3353,0.3329,0.3318,0.9083,0.0729,0.0153,0.0027,0.0008,0.0505,0.6616,0.2879,0.996,0.0032,0.0008,0.2306,0.2301,0.2038,0.202,0.1335,0.0001,0.9999,0.0001
625,Chèo,cheo/audio_5_054.wav,2,0.0286,0.0878,0.0461,0.6229,0.2146,0.3348,0.333,0.3322,0.1731,0.4754,0.312,0.0326,0.0069,0.0516,0.5992,0.3492,0.0422,0.1103,0.8475,0.2043,0.2047,0.2085,0.2083,0.1742,0.7702,0.2053,0.0245
626,Chèo,cheo/audio_8_064.wav,1,0.0649,0.1295,0.1998,0.3087,0.2971,0.3343,0.3334,0.3323,0.0496,0.1228,0.7142,0.1021,0.0114,0.0567,0.9143,0.0289,0.2741,0.6756,0.0503,0.1958,0.1961,0.2033,0.2035,0.2014,0.0727,0.5953,0.3319
627,Chèo,cheo/audio_8_064.wav,2,0.0417,0.1497,0.0592,0.6196,0.1299,0.3332,0.3334,0.3334,0.1408,0.5427,0.2822,0.0278,0.0066,0.1172,0.8377,0.0451,0.0021,0.0073,0.9906,0.2159,0.2158,0.2053,0.2044,0.1585,0.0001,0.0003,0.9996
628,Chèo,cheo/audio_6_129.wav,1,0.7161,0.1675,0.0724,0.0317,0.0124,0.3323,0.3336,0.3341,0.0578,0.1118,0.3077,0.4928,0.0299,0.1116,0.8283,0.0601,0.8965,0.0877,0.0157,0.2005,0.2014,0.2153,0.2152,0.1676,0.1638,0.8044,0.0319
629,Chèo,cheo/audio_6_129.wav,2,0.5341,0.1186,0.2839,0.0433,0.0201,0.3327,0.3333,0.3339,0.3742,0.5199,0.0891,0.0132,0.0036,0.1181,0.5833,0.2986,0.0372,0.9449,0.0179,0.2095,0.2095,0.2046,0.2041,0.1723,0.8984,0.0888,0.0127
630,Chèo,cheo/audio_8_077.wav,1,0.0238,0.0754,0.0398,0.6846,0.1763,0.3326,0.3334,0.334,0.0417,0.2076,0.7314,0.0162,0.0031,0.0422,0.8015,0.1563,0.969,0.0242,0.0069,0.2607,0.2584,0.1913,0.1882,0.1014,0.0136,0.9724,0.014
631,Chèo,cheo/audio_8_077.wav,2,0.0659,0.3624,0.0806,0.416,0.075,0.3327,0.3335,0.3337,0.0074,0.0096,0.0133,0.0437,0.926,0.0033,0.0161,0.9806,0.0021,0.0073,0.9906,0.161,0.1621,0.1984,0.2005,0.278,0.0001,0.9999,0.0001
632,Chèo,cheo/audio_6_108.wav,1,0.5696,0.2712,0.1029,0.0412,0.0151,0.3317,0.3338,0.3345,0.2201,0.7195,0.0522,0.0065,0.0017,0.1981,0.748,0.0539,0.8965,0.0877,0.0157,0.2658,0.2633,0.1898,0.1864,0.0947,0.9682,0.0273,0.0045
633,Chèo,cheo/audio_6_108.wav,2,0.4771,0.3464,0.113,0.0467,0.0167,0.3333,0.3335,0.3332,0.0431,0.932,0.0222,0.0022,0.0005,0.1147,0.8426,0.0427,0.8965,0.0877,0.0157,0.2806,0.2773,0.1834,0.1793,0.0795,0.0034,0.9939,0.0027
634,Chèo,cheo/audio_7_004.wav,1,0.0428,0.0908,0.0613,0.243,0.5621,0.3342,0.3331,0.3326,0.859,0.0948,0.0346,0.0088,0.0028,0.7549,0.2088,0.0363,0.0021,0.0073,0.9906,0.1408,0.1423,0.2011,0.2046,0.3112,0.9499,0.04,0.0101
635,Chèo,cheo/audio_7_004.wav,2,0.0382,0.078,0.056,0.2035,0.6243,0.3344,0.333,0.3326,0.8482,0.1201,0.0259,0.0045,0.0013,0.9107,0.0733,0.0159,0.0021,0.0073,0.9906,0.1466,0.148,0.1991,0.2021,0.3042,0.8789,0.1064,0.0148
636,Chèo,cheo/audio_7_101.wav,1,0.031,0.0562,0.0589,0.1373,0.7166,0.332,0.3338,0.3342,0.0002,0.0003,0.0004,0.001,0.9981,0.6404,0.3097,0.05,0.0021,0.0073,0.9906,0.2013,0.2018,0.2087,0.2087,0.1795,0.0724,0.1505,0.7771
637,Chèo,cheo/audio_7_101.wav,2,0.04,0.0755,0.0893,0.1965,0.5988,0.3343,0.333,0.3327,0.0443,0.0596,0.0878,0.4438,0.3644,0.2086,0.7326,0.0588,0.2741,0.6756,0.0503,0.2,0.2009,0.2147,0.2147,0.1698,0.0656,0.4091,0.5252
638,Chèo,cheo/audio_4_198.wav,1,0.3032,0.128,0.5043,0.045,0.0196,0.3335,0.333,0.3335,0.0091,0.9817,0.0083,0.0007,0.0002,0.037,0.9304,0.0327,0.0372,0.9449,0.0179,0.2651,0.2627,0.1899,0.1865,0.0958,0.0429,0.2105,0.7467
639,Chèo,cheo/audio_4_198.wav,2,0.6534,0.1028,0.1956,0.0333,0.0149,0.3338,0.3332,0.333,0.034,0.8968,0.064,0.0042,0.0009,0.0335,0.1792,0.7873,0.0263,0.1483,0.8254,0.2362,0.2359,0.2056,0.2034,0.119,0.1172,0.8559,0.027
640,Chèo,cheo/audio_7_124.wav,1,0.0734,0.1392,0.0928,0.2723,0.4223,0.3336,0.3333,0.3331,0.0306,0.9503,0.017,0.0017,0.0004,0.01,0.9815,0.0085,0.0021,0.0073,0.9906,0.239,0.2387,0.2071,0.2046,0.1105,0.4704,0.4902,0.0394
641,Chèo,cheo/audio_7_124.wav,2,0.0672,0.132,0.0868,0.275,0.439,0.3335,0.3333,0.3332,0.0564,0.6371,0.2931,0.0111,0.0023,0.0369,0.8901,0.073,0.2741,0.6756,0.0503,0.2173,0.2179,0.2153,0.2141,0.1355,0.2271,0.7365,0.0363
642,Chèo,cheo/audio_3_227.wav,1,0.7757,0.0959,0.0771,0.0343,0.0169,0.3329,0.3332,0.3338,0.8127,0.1224,0.048,0.0128,0.0042,0.3557,0.5773,0.0671,0.996,0.0032,0.0008,0.1414,0.1425,0.1842,0.1868,0.345,0.9205,0.0625,0.017
643,Chèo,cheo/audio_3_227.wav,2,0.1954,0.6477,0.0862,0.0535,0.0172,0.3332,0.3333,0.3336,0.6862,0.1892,0.0876,0.0273,0.0097,0.0738,0.1853,0.7409,0.0372,0.9449,0.0179,0.1451,0.1462,0.1878,0.1904,0.3306,0.9993,0.0006,0.0001
644,Chèo,cheo/audio_12_060.wav,1,0.0608,0.6701,0.164,0.0855,0.0196,0.3343,0.3333,0.3324,0.0184,0.0857,0.8868,0.0078,0.0014,0.5807,0.366,0.0533,0.2741,0.6756,0.0503,0.239,0.2375,0.1954,0.1935,0.1346,0.0628,0.7689,0.1682
645,Chèo,cheo/audio_12_060.wav,2,0.0689,0.1503,0.5415,0.1725,0.0668,0.3346,0.3332,0.3322,0.0634,0.132,0.4534,0.3275,0.0238,0.0522,0.5787,0.3691,0.64,0.3185,0.0415,0.2261,0.2263,0.2113,0.2095,0.1268,0.0275,0.0682,0.9042
646,Chèo,cheo/audio_7_164.wav,1,0.0652,0.132,0.0846,0.2852,0.433,0.3342,0.3332,0.3326,0.6624,0.2863,0.043,0.0066,0.0018,0.0082,0.9832,0.0085,0.8965,0.0877,0.0157,0.1969,0.1982,0.2225,0.2226,0.1598,0.305,0.6556,0.0393
647,Chèo,cheo/audio_7_164.wav,2,0.005,0.0105,0.0088,0.0339,0.9418,0.334,0.3333,0.3327,0.0291,0.931,0.0364,0.0028,0.0007,0.3258,0.6143,0.0599,0.0263,0.1483,0.8254,0.216,0.2161,0.2071,0.2061,0.1547,0.9409,0.0512,0.0079
648,Chèo,cheo/audio_4_114.wav,1,0.0466,0.4621,0.0977,0.3534,0.0402,0.3319,0.3336,0.3345,0.0116,0.0143,0.0185,0.045,0.9105,0.3075,0.6157,0.0769,0.0263,0.1483,0.8254,0.2371,0.2359,0.1979,0.1959,0.1331,0.0498,0.259,0.6913
649,Chèo,cheo/audio_4_114.wav,2,0.0648,0.5821,0.0747,0.2342,0.0442,0.3315,0.3336,0.335,0.0387,0.9037,0.0529,0.0039,0.0009,0.0851,0.8531,0.0619,0.2741,0.6756,0.0503,0.2324,0.2322,0.208,0.206,0.1214,0.9877,0.0101,0.0022
650,Chèo,cheo/audio_6_077.wav,1,0.6549,0.1042,0.1779,0.0419,0.0211,0.3326,0.3335,0.3339,0.0499,0.0942,0.2482,0.5791,0.0286,0.1576,0.7777,0.0646,0.969,0.0242,0.0069,0.2251,0.2246,0.2027,0.2014,0.1461,0.0453,0.1039,0.8508
651,Chèo,cheo/audio_6_077.wav,2,0.1088,0.0757,0.7653,0.0345,0.0157,0.3326,0.3329,0.3345,0.0263,0.1495,0.8128,0.0096,0.0018,0.101,0.8378,0.0612,0.0372,0.9449,0.0179,0.2413,0.2405,0.202,0.1996,0.1166,0.0594,0.7954,0.1452
652,Chèo,cheo/audio_4_126.wav,1,0.4409,0.1302,0.3653,0.0442,0.0195,0.3336,0.333,0.3335,0.0155,0.019,0.0245,0.0574,0.8836,0.047,0.3045,0.6485,0.2741,0.6756,0.0503,0.2152,0.2154,0.2087,0.2077,0.153,0.0183,0.0477,0.934
653,Chèo,cheo/audio_4_126.wav,2,0.0846,0.0841,0.745,0.0568,0.0295,0.3323,0.3336,0.3341,0.0028,0.0035,0.0047,0.0124,0.9766,0.0696,0.5781,0.3523,0.0263,0.1483,0.8254,0.192,0.1926,0.2066,0.207,0.2017,0.0093,0.0257,0.9651
654,Chèo,cheo/audio_1_017.wav,1,0.2694,0.1592,0.3971,0.1061,0.0682,0.3315,0.3334,0.335,0.0067,0.0084,0.0109,0.0268,0.9472,0.0332,0.2185,0.7482,0.0422,0.1103,0.8475,0.2449,0.2434,0.1972,0.1948,0.1197,0.015,0.0398,0.9452
655,Chèo,cheo/audio_1_017.wav,2,0.3489,0.1261,0.4483,0.052,0.0247,0.3338,0.3327,0.3334,0.0116,0.0401,0.9391,0.008,0.0012,0.0081,0.9809,0.011,0.2741,0.6756,0.0503,0.245,0.2433,0.1947,0.1924,0.1247,0.071,0.5002,0.4288
656,Chèo,cheo/audio_1_033.wav,1,0.9122,0.0386,0.0314,0.0121,0.0056,0.3344,0.333,0.3326,0.07,0.1412,0.4482,0.3166,0.024,0.0524,0.9153,0.0322,0.64,0.3185,0.0415,0.2439,0.2422,0.1953,0.1931,0.1255,0.0594,0.3398,0.6008
657,Chèo,cheo/audio_1_033.wav,2,0.4787,0.1278,0.3316,0.0429,0.019,0.3339,0.333,0.3331,0.0229,0.1217,0.8453,0.0086,0.0016,0.0156,0.0811,0.9033,0.0263,0.1483,0.8254,0.2443,0.2425,0.194,0.1918,0.1274,0.0572,0.9253,0.0174
658,Chèo,cheo/audio_3_122.wav,1,0.1738,0.1729,0.2965,0.1812,0.1755,0.3323,0.3337,0.334,0.0461,0.2997,0.6373,0.0141,0.0027,0.0103,0.9734,0.0162,0.0263,0.1483,0.8254,0.2602,0.2576,0.1893,0.1863,0.1067,0.039,0.8978,0.0632
659,Chèo,cheo/audio_3_122.wav,2,0.1498,0.1594,0.3938,0.1636,0.1334,0.3347,0.3333,0.332,0.0983,0.3853,0.4762,0.0332,0.007,0.1084,0.8128,0.0787,0.0372,0.9449,0.0179,0.2346,0.2336,0.1991,0.1973,0.1355,0.0398,0.0932,0.867
660,Chèo,cheo/audio_4_031.wav,1,0.0164,0.0207,0.9517,0.0081,0.0031,0.3333,0.3331,0.3336,0.73,0.225,0.0373,0.006,0.0017,0.8543,0.121,0.0247,0.8989,0.0759,0.0252,0.2393,0.2385,0.2022,0.2,0.1201,0.6695,0.2991,0.0314
661,Chèo,cheo/audio_4_031.wav,2,0.0662,0.0606,0.8419,0.0223,0.0089,0.3324,0.3338,0.3338,0.0538,0.4891,0.4418,0.0128,0.0026,0.966,0.0264,0.0076,0.0542,0.7019,0.2439,0.2088,0.2096,0.2158,0.2152,0.1505,0.033,0.9552,0.0118
662,Chèo,cheo/audio_1_099.wav,1,0.0695,0.2807,0.4128,0.1922,0.0448,0.3334,0.3335,0.3331,0.0909,0.8068,0.0924,0.008,0.0018,0.0448,0.7736,0.1817,0.0542,0.7019,0.2439,0.1904,0.1915,0.2181,0.2187,0.1812,0.6492,0.3182,0.0326
663,Chèo,cheo/audio_1_099.wav,2,0.3466,0.1372,0.4526,0.0446,0.019,0.3338,0.3334,0.3328,0.5086,0.4164,0.0629,0.0096,0.0026,0.9896,0.0081,0.0023,0.996,0.0032,0.0008,0.2312,0.2301,0.1977,0.1962,0.1448,0.074,0.9054,0.0206
664,Chèo,cheo/audio_6_158.wav,1,0.6167,0.1134,0.2198,0.0349,0.0152,0.3314,0.3334,0.3352,0.0193,0.03,0.0539,0.8575,0.0393,0.051,0.362,0.587,0.0542,0.7019,0.2439,0.2304,0.2298,0.2029,0.2012,0.1358,0.0369,0.0876,0.8755
665,Chèo,cheo/audio_6_158.wav,2,0.1932,0.1109,0.6111,0.0564,0.0284,0.3365,0.3326,0.3309,0.0003,0.0013,0.9981,0.0002,0.0,0.0499,0.542,0.4081,0.64,0.3185,0.0415,0.2511,0.2489,0.1913,0.1888,0.1199,0.0064,0.988,0.0056
666,Chèo,cheo/audio_3_132.wav,1,0.1217,0.1564,0.3172,0.2026,0.202,0.3332,0.3333,0.3334,0.0126,0.0612,0.9197,0.0055,0.001,0.0288,0.1903,0.7809,0.0542,0.7019,0.2439,0.2438,0.2421,0.1948,0.1926,0.1266,0.0057,0.9915,0.0028
667,Chèo,cheo/audio_3_132.wav,2,0.1387,0.162,0.3028,0.1954,0.201,0.3323,0.3333,0.3344,0.016,0.07,0.9047,0.0079,0.0014,0.0492,0.4659,0.4849,0.0372,0.9449,0.0179,0.2488,0.2469,0.1936,0.1911,0.1197,0.0116,0.9771,0.0113
668,Chèo,cheo/audio_1_036.wav,1,0.6542,0.1036,0.1803,0.0413,0.0206,0.3329,0.3331,0.334,0.9785,0.0166,0.0039,0.0008,0.0002,0.8371,0.1357,0.0273,0.0021,0.0073,0.9906,0.2354,0.2342,0.1982,0.1964,0.1357,0.4592,0.5012,0.0396
669,Chèo,cheo/audio_1_036.wav,2,0.8636,0.0503,0.0651,0.0146,0.0064,0.3331,0.3332,0.3337,0.0324,0.0887,0.8266,0.0465,0.0058,0.0474,0.441,0.5116,0.9336,0.0507,0.0157,0.2374,0.2361,0.1974,0.1955,0.1336,0.0297,0.9293,0.041
670,Chèo,cheo/audio_4_236.wav,1,0.2668,0.1192,0.5469,0.0462,0.0208,0.3321,0.3335,0.3344,0.0284,0.0935,0.8519,0.0227,0.0036,0.1065,0.695,0.1986,0.2741,0.6756,0.0503,0.1722,0.1733,0.2068,0.2084,0.2394,0.016,0.0423,0.9417
671,Chèo,cheo/audio_4_236.wav,2,0.9404,0.0235,0.0251,0.0075,0.0035,0.3326,0.3337,0.3337,0.045,0.8663,0.0818,0.0056,0.0013,0.3773,0.5627,0.06,0.8965,0.0877,0.0157,0.1541,0.1559,0.2193,0.2226,0.2481,0.027,0.067,0.906
672,Chèo,cheo/audio_3_090.wav,1,0.4704,0.1652,0.3049,0.0425,0.017,0.3323,0.3336,0.3341,0.0916,0.4,0.4735,0.0288,0.0061,0.3528,0.5772,0.0701,0.0422,0.1103,0.8475,0.2513,0.2491,0.1918,0.1893,0.1186,0.046,0.1051,0.8489
673,Chèo,cheo/audio_3_090.wav,2,0.1419,0.1574,0.3999,0.166,0.1348,0.3335,0.3333,0.3332,0.2019,0.4709,0.2751,0.0413,0.0107,0.0609,0.7128,0.2262,0.0542,0.7019,0.2439,0.2023,0.2024,0.2027,0.2026,0.1902,0.0011,0.0037,0.9952
674,Chèo,cheo/audio_9_010.wav,1,0.0877,0.7036,0.0692,0.11,0.0294,0.3332,0.3333,0.3335,0.6055,0.222,0.1162,0.0409,0.0153,0.0692,0.1732,0.7576,0.0067,0.9844,0.0089,0.213,0.213,0.2061,0.2053,0.1626,0.7144,0.2038,0.0819
675,Chèo,cheo/audio_9_010.wav,2,0.0877,0.7036,0.0692,0.11,0.0294,0.3332,0.3333,0.3335,0.6055,0.222,0.1162,0.0409,0.0153,0.0692,0.1732,0.7576,0.0067,0.9844,0.0089,0.213,0.213,0.2061,0.2053,0.1626,0.7144,0.2038,0.0819
676,Chèo,cheo/audio_3_099.wav,1,0.0435,0.8557,0.0378,0.0505,0.0126,0.3319,0.3334,0.3346,0.3113,0.444,0.1962,0.0376,0.0109,0.0242,0.0937,0.8821,0.9336,0.0507,0.0157,0.2433,0.242,0.1973,0.1951,0.1223,0.4613,0.4991,0.0396
677,Chèo,cheo/audio_3_099.wav,2,0.9909,0.0042,0.0033,0.0011,0.0005,0.3316,0.3336,0.3347,0.0498,0.3123,0.6209,0.0144,0.0027,0.0169,0.968,0.0151,0.969,0.0242,0.0069,0.2618,0.2591,0.1879,0.1849,0.1062,0.9995,0.0004,0.0001
678,Chèo,cheo/audio_3_042.wav,1,0.0617,0.3671,0.2198,0.3021,0.0493,0.3321,0.3337,0.3342,0.1398,0.4007,0.401,0.0476,0.0109,0.0483,0.917,0.0347,0.0021,0.0073,0.9906,0.2402,0.2389,0.1969,0.1948,0.1291,0.0233,0.099,0.8777
679,Chèo,cheo/audio_3_042.wav,2,0.0482,0.1115,0.7354,0.0785,0.0263,0.3303,0.3341,0.3356,0.0564,0.147,0.7062,0.0793,0.0111,0.0329,0.9181,0.049,0.0422,0.1103,0.8475,0.2513,0.2496,0.1946,0.192,0.1125,0.0353,0.1636,0.8011
680,Chèo,cheo/audio_1_142.wav,1,0.5497,0.2891,0.1022,0.0432,0.0158,0.3341,0.3331,0.3329,0.005,0.99,0.0045,0.0004,0.0001,0.042,0.8956,0.0624,0.64,0.3185,0.0415,0.1766,0.1779,0.2137,0.2152,0.2166,0.9789,0.0171,0.004
681,Chèo,cheo/audio_1_142.wav,2,0.0284,0.924,0.023,0.0194,0.0052,0.3324,0.3334,0.3342,0.8583,0.1001,0.0323,0.0071,0.0021,0.0591,0.5163,0.4246,0.1424,0.2547,0.6029,0.1547,0.1561,0.2063,0.209,0.2739,0.9735,0.0214,0.005
682,Chèo,cheo/audio_8_062.wav,1,0.0303,0.0322,0.9198,0.0126,0.005,0.3343,0.3332,0.3325,0.7893,0.1755,0.0292,0.0047,0.0013,0.1318,0.809,0.0593,0.0067,0.9844,0.0089,0.2039,0.2052,0.2231,0.2226,0.1451,0.9591,0.0352,0.0057
683,Chèo,cheo/audio_8_062.wav,2,0.0604,0.2347,0.2615,0.3727,0.0707,0.3343,0.3332,0.3325,0.0257,0.0322,0.042,0.0969,0.8033,0.0091,0.049,0.9418,0.8965,0.0877,0.0157,0.1826,0.1834,0.2049,0.2059,0.2232,0.1067,0.199,0.6942
684,Chèo,cheo/audio_7_121.wav,1,0.0305,0.0549,0.0553,0.1316,0.7277,0.3345,0.3332,0.3324,0.1621,0.7631,0.0651,0.0077,0.002,0.2115,0.7164,0.0721,0.9905,0.0078,0.0017,0.2209,0.2205,0.2024,0.2013,0.1549,0.7491,0.2248,0.0261
685,Chèo,cheo/audio_7_121.wav,2,0.0629,0.1238,0.0829,0.2662,0.4642,0.3339,0.3334,0.3328,0.0202,0.9542,0.0233,0.0019,0.0004,0.1604,0.7678,0.0717,0.2741,0.6756,0.0503,0.2374,0.2361,0.1974,0.1955,0.1335,0.6559,0.3119,0.0322
686,Chèo,cheo/audio_12_015.wav,1,0.0236,0.0573,0.0382,0.2387,0.6422,0.3353,0.333,0.3317,0.0109,0.0141,0.0194,0.0585,0.8971,0.0469,0.3702,0.5829,0.2741,0.6756,0.0503,0.1604,0.1618,0.2045,0.2067,0.2666,0.0286,0.126,0.8454
687,Chèo,cheo/audio_12_015.wav,2,0.019,0.0497,0.0341,0.3064,0.5908,0.3349,0.333,0.3321,0.009,0.0117,0.0162,0.0532,0.9098,0.0106,0.0409,0.9485,0.0422,0.1103,0.8475,0.1619,0.1629,0.1974,0.1993,0.2785,0.2294,0.7342,0.0364
688,Chèo,cheo/audio_1_082.wav,1,0.9591,0.0164,0.0177,0.0047,0.0021,0.3322,0.3336,0.3342,0.0441,0.2192,0.7165,0.017,0.0032,0.1245,0.775,0.1005,0.7947,0.1471,0.0581,0.2344,0.2334,0.1988,0.197,0.1364,0.0185,0.9607,0.0208
689,Chèo,cheo/audio_1_082.wav,2,0.2213,0.3312,0.3704,0.0576,0.0194,0.332,0.3336,0.3344,0.0429,0.2216,0.7163,0.016,0.003,0.204,0.662,0.1341,0.0021,0.0073,0.9906,0.2299,0.229,0.1998,0.1982,0.1431,0.0176,0.0715,0.9109
690,Chèo,cheo/audio_4_015.wav,1,0.0672,0.2025,0.4547,0.2162,0.0594,0.3322,0.3334,0.3344,0.1543,0.7662,0.07,0.0076,0.0018,0.0383,0.862,0.0997,0.0263,0.1483,0.8254,0.2547,0.2526,0.1928,0.19,0.1099,0.4459,0.5142,0.0399
691,Chèo,cheo/audio_4_015.wav,2,0.0477,0.0966,0.7523,0.0754,0.0281,0.3327,0.3328,0.3345,0.0281,0.9536,0.0163,0.0016,0.0004,0.2323,0.6908,0.0769,0.0263,0.1483,0.8254,0.2309,0.2303,0.2027,0.201,0.1351,0.6376,0.3292,0.0332
692,Chèo,cheo/audio_4_190.wav,1,0.9107,0.0334,0.0408,0.0104,0.0047,0.3351,0.3326,0.3323,0.0344,0.12,0.8185,0.0231,0.0039,0.067,0.8309,0.1021,0.0021,0.0073,0.9906,0.1946,0.1954,0.2103,0.2106,0.1892,0.0283,0.0698,0.9019
693,Chèo,cheo/audio_4_190.wav,2,0.6596,0.1041,0.1729,0.0422,0.0213,0.333,0.3331,0.3339,0.0248,0.9544,0.0187,0.0017,0.0004,0.0523,0.5799,0.3678,0.2741,0.6756,0.0503,0.2439,0.2433,0.204,0.2013,0.1076,0.0352,0.9116,0.0533
694,Chèo,cheo/audio_4_001.wav,1,0.0709,0.7609,0.1108,0.0452,0.0122,0.3337,0.3332,0.333,0.7012,0.1835,0.0819,0.0247,0.0087,0.0301,0.1721,0.7977,0.64,0.3185,0.0415,0.2221,0.2216,0.2011,0.2,0.1552,0.7919,0.1543,0.0538
695,Chèo,cheo/audio_4_001.wav,2,0.0579,0.4077,0.1784,0.3101,0.0459,0.3337,0.3333,0.333,0.2188,0.7195,0.0534,0.0066,0.0017,0.0446,0.7953,0.1601,0.8965,0.0877,0.0157,0.2236,0.223,0.201,0.1997,0.1527,0.837,0.1234,0.0396
696,Chèo,cheo/audio_4_091.wav,1,0.2332,0.1629,0.3984,0.1215,0.0839,0.3336,0.3334,0.3329,0.0624,0.138,0.5725,0.2088,0.0182,0.0679,0.8914,0.0407,0.969,0.0242,0.0069,0.1639,0.1652,0.2067,0.2088,0.2554,0.0155,0.968,0.0165
697,Chèo,cheo/audio_4_091.wav,2,0.0395,0.0389,0.8911,0.021,0.0096,0.3324,0.3335,0.3341,0.0017,0.007,0.9902,0.001,0.0002,0.1632,0.7812,0.0556,0.64,0.3185,0.0415,0.1888,0.1895,0.2063,0.207,0.2084,0.7907,0.1864,0.0229
698,Chèo,cheo/audio_4_052.wav,1,0.9417,0.0238,0.0252,0.0065,0.0028,0.3332,0.3335,0.3333,0.0522,0.1285,0.7197,0.0894,0.0102,0.616,0.3341,0.0499,0.0542,0.7019,0.2439,0.2244,0.2238,0.2009,0.1997,0.1512,0.0634,0.7644,0.1722
699,Chèo,cheo/audio_4_052.wav,2,0.2342,0.1621,0.5417,0.0447,0.0173,0.3335,0.3335,0.333,0.4025,0.5331,0.055,0.0075,0.0019,0.3793,0.5582,0.0625,0.64,0.3185,0.0415,0.2223,0.2217,0.2007,0.1995,0.1558,0.1873,0.7789,0.0338
700,Chèo,cheo/audio_0_001.wav,1,0.0424,0.6869,0.0849,0.1609,0.0249,0.3345,0.3332,0.3323,0.0364,0.1655,0.7791,0.016,0.003,0.9126,0.0652,0.0222,0.64,0.3185,0.0415,0.2092,0.2092,0.2037,0.2032,0.1747,0.0286,0.9326,0.0387
701,Chèo,cheo/audio_0_001.wav,2,0.0524,0.3438,0.0726,0.4696,0.0617,0.3342,0.3331,0.3327,0.0106,0.0431,0.9397,0.0056,0.0009,0.6998,0.2552,0.045,0.095,0.1999,0.7051,0.187,0.1878,0.2061,0.2068,0.2124,0.5462,0.4164,0.0373
702,Chèo,cheo/audio_7_163.wav,1,0.0596,0.126,0.079,0.2944,0.441,0.3343,0.3331,0.3325,0.5876,0.3447,0.0568,0.0086,0.0023,0.1526,0.7905,0.0569,0.8965,0.0877,0.0157,0.1952,0.1961,0.2134,0.2137,0.1817,0.2989,0.6619,0.0392
703,Chèo,cheo/audio_7_163.wav,2,0.0897,0.1788,0.1036,0.3124,0.3155,0.3342,0.3332,0.3327,0.6757,0.2618,0.0518,0.0084,0.0023,0.0017,0.9963,0.002,0.8965,0.0877,0.0157,0.2026,0.2037,0.2208,0.2205,0.1524,0.9766,0.02,0.0034
704,Chèo,cheo/audio_6_109.wav,1,0.4193,0.3863,0.103,0.0666,0.0249,0.332,0.3336,0.3344,0.0649,0.1626,0.661,0.0978,0.0138,0.0782,0.82,0.1018,0.8965,0.0877,0.0157,0.2066,0.2072,0.2135,0.2131,0.1597,0.3048,0.6559,0.0393
705,Chèo,cheo/audio_6_109.wav,2,0.0794,0.061,0.8205,0.0271,0.012,0.3328,0.3336,0.3336,0.0887,0.1953,0.5301,0.1616,0.0242,0.0594,0.8481,0.0925,0.8965,0.0877,0.0157,0.216,0.2163,0.2103,0.2094,0.148,0.0221,0.9513,0.0266
706,Chèo,cheo/audio_1_169.wav,1,0.5996,0.1101,0.2284,0.0418,0.0201,0.3336,0.3331,0.3332,0.0271,0.0357,0.0509,0.2049,0.6814,0.0185,0.9455,0.036,0.0263,0.1483,0.8254,0.2517,0.2495,0.1916,0.189,0.1182,0.0364,0.9074,0.0562
707,Chèo,cheo/audio_1_169.wav,2,0.3574,0.1295,0.4263,0.0579,0.0289,0.3323,0.3336,0.3341,0.2602,0.6784,0.053,0.0067,0.0017,0.7697,0.1956,0.0348,0.64,0.3185,0.0415,0.2436,0.2418,0.194,0.1919,0.1287,0.0324,0.9559,0.0117
708,Chèo,cheo/audio_7_027.wav,1,0.0388,0.0826,0.0962,0.2701,0.5124,0.3335,0.3333,0.3332,0.0552,0.6481,0.2838,0.0107,0.0022,0.9017,0.0811,0.0173,0.0372,0.9449,0.0179,0.2429,0.2416,0.1975,0.1953,0.1227,0.2059,0.759,0.0351
709,Chèo,cheo/audio_7_027.wav,2,0.0144,0.0331,0.0239,0.1268,0.8019,0.334,0.3332,0.3328,0.0814,0.4141,0.4756,0.0239,0.005,0.1165,0.84,0.0435,0.0067,0.9844,0.0089,0.2011,0.2022,0.2198,0.2196,0.1574,0.4246,0.5353,0.0401
710,Chèo,cheo/audio_0_068.wav,1,0.063,0.815,0.0479,0.0585,0.0157,0.3349,0.333,0.3321,0.0266,0.0776,0.8645,0.0276,0.0038,0.0039,0.9907,0.0054,0.0263,0.1483,0.8254,0.2702,0.2677,0.1892,0.1855,0.0875,0.8511,0.1314,0.0175
711,Chèo,cheo/audio_0_068.wav,2,0.0397,0.8154,0.0812,0.0519,0.0118,0.335,0.333,0.3319,0.0638,0.7468,0.1767,0.0103,0.0023,0.0273,0.9039,0.0688,0.0263,0.1483,0.8254,0.2512,0.2495,0.1949,0.1923,0.1121,0.0657,0.7425,0.1918
712,Chèo,cheo/audio_7_049.wav,1,0.0092,0.0195,0.0187,0.0693,0.8833,0.3348,0.3331,0.3321,0.0057,0.0237,0.9671,0.003,0.0005,0.0634,0.6662,0.2704,0.0021,0.0073,0.9906,0.1748,0.1761,0.212,0.2135,0.2236,0.0727,0.6013,0.326
713,Chèo,cheo/audio_7_049.wav,2,0.0665,0.1477,0.0848,0.3366,0.3644,0.3345,0.3331,0.3325,0.1444,0.4381,0.3768,0.0339,0.0068,0.0372,0.8462,0.1166,0.996,0.0032,0.0008,0.1424,0.1441,0.205,0.2085,0.3001,0.997,0.0025,0.0005
714,Chèo,cheo/audio_3_020.wav,1,0.1542,0.1511,0.4604,0.1366,0.0977,0.3334,0.3331,0.3335,0.0631,0.1263,0.397,0.3886,0.025,0.1107,0.8451,0.0442,0.9905,0.0078,0.0017,0.2631,0.2603,0.1877,0.1847,0.1042,0.0028,0.0099,0.9872
715,Chèo,cheo/audio_3_020.wav,2,0.138,0.1406,0.5153,0.1238,0.0823,0.3337,0.3331,0.3331,0.0068,0.0307,0.9587,0.0033,0.0006,0.0883,0.8718,0.0399,0.0372,0.9449,0.0179,0.2442,0.2425,0.1944,0.1922,0.1267,0.012,0.0465,0.9415
716,Chèo,cheo/audio_1_038.wav,1,0.7319,0.084,0.1406,0.0296,0.0139,0.333,0.3335,0.3335,0.0262,0.9262,0.0441,0.0029,0.0006,0.0498,0.8373,0.1128,0.0067,0.9844,0.0089,0.1525,0.154,0.206,0.2089,0.2786,0.7394,0.2338,0.0268
717,Chèo,cheo/audio_1_038.wav,2,0.9168,0.0328,0.0373,0.0091,0.0039,0.3333,0.3334,0.3332,0.1319,0.3727,0.4469,0.0407,0.0078,0.5266,0.4134,0.06,0.0067,0.9844,0.0089,0.1484,0.1497,0.1986,0.2014,0.3018,0.964,0.0309,0.0051
718,Chèo,cheo/audio_5_000.wav,1,0.1025,0.5968,0.0852,0.1695,0.046,0.3355,0.3331,0.3314,0.4604,0.3834,0.1282,0.0223,0.0058,0.9401,0.0452,0.0148,0.0067,0.9844,0.0089,0.1542,0.1553,0.1944,0.1966,0.2995,0.9412,0.0467,0.0121
719,Chèo,cheo/audio_5_000.wav,2,0.0066,0.0232,0.0128,0.9192,0.0383,0.3354,0.333,0.3316,0.098,0.3339,0.5291,0.0329,0.0061,0.0392,0.8863,0.0745,0.0021,0.0073,0.9906,0.1523,0.1537,0.1997,0.2023,0.292,0.9581,0.0361,0.0058
720,Chèo,cheo/audio_4_129.wav,1,0.9698,0.0137,0.0108,0.0039,0.0018,0.3325,0.3335,0.334,0.0345,0.1463,0.7995,0.0167,0.003,0.0533,0.6325,0.3142,0.0422,0.1103,0.8475,0.1808,0.1817,0.2066,0.2076,0.2232,0.0174,0.9754,0.0072
721,Chèo,cheo/audio_4_129.wav,2,0.0201,0.0234,0.9437,0.0093,0.0036,0.3321,0.3335,0.3343,0.0058,0.0072,0.0095,0.0246,0.953,0.0619,0.862,0.0762,0.0263,0.1483,0.8254,0.1911,0.1919,0.2086,0.209,0.1994,0.1319,0.2284,0.6397
722,Chèo,cheo/audio_1_084.wav,1,0.9744,0.0115,0.0093,0.0033,0.0015,0.3318,0.3337,0.3345,0.0524,0.6855,0.25,0.0099,0.0021,0.0796,0.8199,0.1005,0.2741,0.6756,0.0503,0.2489,0.2471,0.1943,0.1918,0.118,0.0629,0.7686,0.1685
723,Chèo,cheo/audio_1_084.wav,2,0.1598,0.0948,0.685,0.0414,0.0191,0.3289,0.3344,0.3367,0.0754,0.2708,0.6113,0.0356,0.0069,0.3102,0.613,0.0768,0.0372,0.9449,0.0179,0.2079,0.2081,0.2063,0.2059,0.1717,0.0014,0.0047,0.994
724,Chèo,cheo/audio_4_029.wav,1,0.0597,0.585,0.1766,0.1498,0.0289,0.3315,0.3337,0.3348,0.0053,0.0191,0.9716,0.0035,0.0005,0.0261,0.9328,0.0411,0.0422,0.1103,0.8475,0.2512,0.2494,0.1943,0.1916,0.1135,0.0663,0.7361,0.1976
725,Chèo,cheo/audio_4_029.wav,2,0.004,0.9839,0.0053,0.0057,0.0012,0.3311,0.3337,0.3353,0.0679,0.6173,0.2979,0.0139,0.003,0.0361,0.9099,0.0539,0.0422,0.1103,0.8475,0.2458,0.2443,0.196,0.1936,0.1202,0.0017,0.005,0.9933
726,Chèo,cheo/audio_3_131.wav,1,0.1508,0.166,0.3007,0.19,0.1924,0.3304,0.3335,0.3361,0.0472,0.1175,0.7308,0.0941,0.0104,0.0492,0.6653,0.2855,0.0067,0.9844,0.0089,0.2073,0.2082,0.2176,0.2171,0.1498,0.0292,0.1292,0.8416
727,Chèo,cheo/audio_3_131.wav,2,0.1481,0.1671,0.2475,0.2016,0.2357,0.3321,0.3335,0.3344,0.0527,0.1012,0.2853,0.5344,0.0263,0.0673,0.66,0.2727,0.64,0.3185,0.0415,0.1942,0.1953,0.2179,0.2183,0.1743,0.0464,0.9385,0.0151
728,Chèo,cheo/audio_4_107.wav,1,0.0692,0.5336,0.243,0.1264,0.0279,0.3334,0.3335,0.3331,0.2009,0.3938,0.3244,0.064,0.017,0.0844,0.3426,0.573,0.969,0.0242,0.0069,0.1866,0.1871,0.2016,0.2023,0.2224,0.0616,0.7793,0.1591
729,Chèo,cheo/audio_4_107.wav,2,0.0429,0.8189,0.0822,0.0451,0.0109,0.3319,0.3337,0.3344,0.1842,0.6004,0.1871,0.0225,0.0057,0.0815,0.6752,0.2433,0.0422,0.1103,0.8475,0.2162,0.216,0.2039,0.203,0.1609,0.0578,0.8061,0.1361
730,Chèo,cheo/audio_4_043.wav,1,0.0494,0.3465,0.1331,0.4225,0.0485,0.3321,0.3336,0.3343,0.021,0.0277,0.0394,0.1527,0.7591,0.0733,0.6402,0.2865,0.9905,0.0078,0.0017,0.233,0.2327,0.2062,0.2042,0.1239,0.6497,0.3177,0.0326
731,Chèo,cheo/audio_4_043.wav,2,0.0468,0.536,0.095,0.2863,0.036,0.3323,0.3335,0.3342,0.014,0.063,0.9156,0.0063,0.0011,0.0792,0.5988,0.322,0.9905,0.0078,0.0017,0.2326,0.232,0.2036,0.2017,0.1302,0.9467,0.0461,0.0072
732,Chèo,cheo/audio_1_116.wav,1,0.3409,0.1262,0.4538,0.0534,0.0257,0.3325,0.3336,0.334,0.0875,0.4962,0.3899,0.0217,0.0046,0.2433,0.6828,0.0739,0.0067,0.9844,0.0089,0.2304,0.2296,0.2004,0.1988,0.1409,0.0234,0.0592,0.9173
733,Chèo,cheo/audio_1_116.wav,2,0.5889,0.1142,0.2426,0.0376,0.0168,0.3329,0.3336,0.3335,0.0715,0.1696,0.6132,0.1284,0.0174,0.1695,0.7443,0.0862,0.0067,0.9844,0.0089,0.2129,0.2127,0.2029,0.2022,0.1694,0.018,0.0469,0.9351
734,Chèo,cheo/audio_1_072.wav,1,0.9552,0.0182,0.0184,0.0057,0.0026,0.3332,0.3333,0.3335,0.124,0.5299,0.313,0.027,0.0062,0.0649,0.8951,0.0401,0.0021,0.0073,0.9906,0.2056,0.2058,0.2062,0.2059,0.1764,0.0308,0.0752,0.894
735,Chèo,cheo/audio_1_072.wav,2,0.4421,0.1379,0.318,0.0663,0.0357,0.3334,0.3334,0.3332,0.1181,0.5756,0.2781,0.0229,0.0053,0.0354,0.2159,0.7487,0.0263,0.1483,0.8254,0.2299,0.2291,0.2011,0.1995,0.1404,0.0277,0.9355,0.0368
736,Chèo,cheo/audio_7_128.wav,1,0.0576,0.1166,0.0774,0.2661,0.4823,0.3344,0.333,0.3326,0.227,0.672,0.0881,0.0104,0.0025,0.007,0.986,0.0071,0.0422,0.1103,0.8475,0.1615,0.1635,0.2265,0.2294,0.2191,0.9461,0.0466,0.0073
737,Chèo,cheo/audio_7_128.wav,2,0.0604,0.1186,0.0806,0.2589,0.4815,0.3331,0.3333,0.3336,0.8808,0.0813,0.0286,0.0071,0.0022,0.0012,0.9973,0.0015,0.0021,0.0073,0.9906,0.1848,0.1863,0.2232,0.2242,0.1816,0.8821,0.0911,0.0268
738,Chèo,cheo/audio_5_040.wav,1,0.0481,0.4983,0.1047,0.3106,0.0384,0.335,0.3329,0.332,0.0129,0.0451,0.932,0.0086,0.0013,0.0294,0.8839,0.0867,0.8965,0.0877,0.0157,0.2131,0.2138,0.2169,0.2159,0.1403,0.0781,0.9006,0.0213
739,Chèo,cheo/audio_5_040.wav,2,0.0549,0.3532,0.0741,0.4543,0.0634,0.3344,0.333,0.3326,0.5722,0.3475,0.0671,0.0104,0.0027,0.0343,0.8614,0.1044,0.8965,0.0877,0.0157,0.2282,0.2278,0.2049,0.2032,0.1358,0.8934,0.0933,0.0133
740,Chèo,cheo/audio_5_013.wav,1,0.055,0.5848,0.1468,0.1824,0.0311,0.3339,0.3333,0.3329,0.062,0.126,0.4028,0.3836,0.0257,0.0619,0.8731,0.065,0.0542,0.7019,0.2439,0.1639,0.1649,0.1985,0.2003,0.2723,0.1708,0.7968,0.0325
741,Chèo,cheo/audio_5_013.wav,2,0.0659,0.3479,0.0806,0.4272,0.0783,0.3327,0.3334,0.3339,0.0909,0.1919,0.5562,0.1431,0.0179,0.0593,0.7082,0.2325,0.969,0.0242,0.0069,0.2202,0.2201,0.2067,0.2055,0.1476,0.2406,0.7224,0.037
742,Chèo,cheo/audio_5_042.wav,1,0.0169,0.0512,0.0363,0.7236,0.1719,0.3349,0.3331,0.332,0.0153,0.0502,0.9191,0.0133,0.002,0.0116,0.9733,0.0151,0.8965,0.0877,0.0157,0.2118,0.2131,0.2246,0.2235,0.1271,0.0075,0.0211,0.9714
743,Chèo,cheo/audio_5_042.wav,2,0.0216,0.0619,0.0393,0.5412,0.336,0.3342,0.3333,0.3326,0.0381,0.1264,0.8029,0.028,0.0047,0.0297,0.8963,0.0741,0.8157,0.1334,0.0509,0.2301,0.2308,0.2165,0.2141,0.1085,0.0211,0.0541,0.9248
744,Chèo,cheo/audio_6_012.wav,1,0.4607,0.1556,0.324,0.0425,0.0173,0.3322,0.3336,0.3342,0.7243,0.2329,0.0357,0.0056,0.0015,0.333,0.6034,0.0636,0.0422,0.1103,0.8475,0.2454,0.2436,0.1943,0.192,0.1248,0.1068,0.8676,0.0256
745,Chèo,cheo/audio_6_012.wav,2,0.7064,0.0908,0.1524,0.034,0.0165,0.3316,0.3333,0.335,0.5866,0.3551,0.049,0.0074,0.002,0.7011,0.2534,0.0456,0.996,0.0032,0.0008,0.239,0.2376,0.1967,0.1948,0.1319,0.0421,0.8856,0.0722
746,Chèo,cheo/audio_4_153.wav,1,0.1655,0.1245,0.5801,0.0824,0.0475,0.333,0.3331,0.334,0.0487,0.3395,0.5958,0.0135,0.0026,0.0428,0.363,0.5943,0.2741,0.6756,0.0503,0.1817,0.1829,0.214,0.2151,0.2063,0.2079,0.7569,0.0352
747,Chèo,cheo/audio_4_153.wav,2,0.2681,0.1203,0.546,0.0454,0.0202,0.3327,0.3331,0.3342,0.0919,0.8433,0.0574,0.006,0.0015,0.0475,0.79,0.1625,0.0263,0.1483,0.8254,0.2111,0.2114,0.2095,0.2088,0.1592,0.0523,0.8385,0.1092
748,Chèo,cheo/audio_5_043.wav,1,0.0818,0.1506,0.3215,0.2617,0.1843,0.3348,0.3329,0.3323,0.0502,0.1375,0.7587,0.0469,0.0066,0.0495,0.6087,0.3418,0.0542,0.7019,0.2439,0.2256,0.2272,0.226,0.2233,0.0978,0.0016,0.9973,0.0012
749,Chèo,cheo/audio_5_043.wav,2,0.0115,0.0557,0.0207,0.8844,0.0277,0.3342,0.3331,0.3327,0.8842,0.0913,0.0199,0.0036,0.001,0.0317,0.8851,0.0833,0.64,0.3185,0.0415,0.2208,0.221,0.2098,0.2085,0.1398,0.872,0.1125,0.0155
750,Chèo,cheo/audio_8_059.wav,1,0.0068,0.0336,0.0142,0.9297,0.0157,0.3345,0.3332,0.3322,0.0587,0.1459,0.6785,0.1036,0.0132,0.0202,0.9505,0.0293,0.969,0.0242,0.0069,0.19,0.1906,0.2057,0.2062,0.2074,0.0267,0.0664,0.9069
751,Chèo,cheo/audio_8_059.wav,2,0.0088,0.0345,0.0156,0.9069,0.0342,0.3353,0.333,0.3317,0.1051,0.3587,0.4872,0.0404,0.0085,0.011,0.9793,0.0097,0.0021,0.0073,0.9906,0.1992,0.1997,0.2087,0.2087,0.1836,0.0903,0.1772,0.7325
752,Chèo,cheo/audio_4_115.wav,1,0.0728,0.4792,0.0825,0.3052,0.0602,0.3326,0.3334,0.3339,0.8783,0.0835,0.0289,0.0071,0.0023,0.2217,0.7009,0.0774,0.2741,0.6756,0.0503,0.2294,0.229,0.2041,0.2024,0.1351,0.8654,0.1032,0.0314
753,Chèo,cheo/audio_4_115.wav,2,0.1425,0.1939,0.5999,0.0472,0.0165,0.3311,0.3336,0.3353,0.0255,0.144,0.8197,0.0091,0.0017,0.4082,0.5276,0.0641,0.2741,0.6756,0.0503,0.2187,0.2187,0.2082,0.2071,0.1473,0.9298,0.061,0.0093
754,Chèo,cheo/audio_12_049.wav,1,0.024,0.0394,0.9167,0.0147,0.0052,0.3345,0.3331,0.3324,0.0441,0.183,0.7516,0.0181,0.0032,0.0238,0.1383,0.8379,0.0263,0.1483,0.8254,0.2471,0.2454,0.1949,0.1925,0.1201,0.1794,0.7874,0.0332
755,Chèo,cheo/audio_12_049.wav,2,0.0737,0.153,0.7158,0.0433,0.0142,0.3349,0.3331,0.3321,0.0291,0.1538,0.8038,0.0112,0.0021,0.0392,0.2322,0.7286,0.2741,0.6756,0.0503,0.2132,0.2131,0.2032,0.2025,0.1681,0.072,0.6403,0.2877
756,Chèo,cheo/audio_7_114.wav,1,0.0654,0.1295,0.0851,0.275,0.445,0.3332,0.3334,0.3334,0.7018,0.2504,0.04,0.0062,0.0017,0.1673,0.7816,0.0511,0.969,0.0242,0.0069,0.2295,0.2297,0.2123,0.2103,0.1181,0.887,0.0991,0.014
757,Chèo,cheo/audio_7_114.wav,2,0.0562,0.1214,0.0756,0.2988,0.448,0.3341,0.3332,0.3327,0.2295,0.5587,0.1803,0.025,0.0066,0.0879,0.7563,0.1558,0.0021,0.0073,0.9906,0.2034,0.2041,0.2139,0.2137,0.1649,0.0193,0.0795,0.9012
758,Chèo,cheo/audio_5_001.wav,1,0.0693,0.3695,0.3098,0.2087,0.0427,0.3342,0.3332,0.3326,0.9059,0.0678,0.0206,0.0044,0.0013,0.1002,0.8505,0.0493,0.0067,0.9844,0.0089,0.1499,0.1511,0.1915,0.1939,0.3137,0.9319,0.0539,0.0142
759,Chèo,cheo/audio_5_001.wav,2,0.1525,0.6593,0.081,0.0814,0.0257,0.3348,0.3332,0.332,0.8877,0.0777,0.0263,0.0063,0.002,0.0161,0.0722,0.9118,0.0067,0.9844,0.0089,0.2082,0.2081,0.2026,0.2022,0.1789,0.6789,0.2903,0.0309
760,Chèo,cheo/audio_3_201.wav,1,0.189,0.1035,0.6406,0.0456,0.0213,0.3325,0.3335,0.334,0.0699,0.1322,0.3233,0.4361,0.0384,0.0451,0.1244,0.8305,0.0372,0.9449,0.0179,0.2191,0.2192,0.209,0.2078,0.1449,0.0464,0.2342,0.7195
761,Chèo,cheo/audio_3_201.wav,2,0.5403,0.1848,0.1442,0.0843,0.0464,0.3317,0.3337,0.3346,0.0596,0.1515,0.6852,0.0912,0.0125,0.0086,0.031,0.9604,0.0542,0.7019,0.2439,0.2346,0.2338,0.2018,0.1999,0.1299,0.0194,0.9727,0.0079
762,Chèo,cheo/audio_4_035.wav,1,0.0628,0.1319,0.6258,0.1297,0.0498,0.3332,0.3331,0.3336,0.2966,0.6408,0.0538,0.007,0.0018,0.6784,0.2755,0.0461,0.0542,0.7019,0.2439,0.2354,0.2345,0.2007,0.1987,0.1307,0.9901,0.0084,0.0015
763,Chèo,cheo/audio_4_035.wav,2,0.0203,0.031,0.9327,0.0117,0.0043,0.3327,0.3332,0.3341,0.9446,0.0422,0.0105,0.0021,0.0006,0.9804,0.0152,0.0044,0.0542,0.7019,0.2439,0.2198,0.2196,0.2052,0.2041,0.1513,0.8362,0.1449,0.0189
764,Chèo,cheo/audio_2_004.wav,1,0.0393,0.3072,0.0692,0.5383,0.046,0.3345,0.3331,0.3325,0.627,0.3069,0.0552,0.0086,0.0023,0.0352,0.9058,0.059,0.0422,0.1103,0.8475,0.213,0.2132,0.2086,0.2078,0.1573,0.7986,0.1792,0.0222
765,Chèo,cheo/audio_2_004.wav,2,0.0471,0.1988,0.0646,0.5916,0.0979,0.3347,0.3331,0.3322,0.9193,0.0609,0.0158,0.0031,0.0009,0.1545,0.7867,0.0588,0.0422,0.1103,0.8475,0.2242,0.2239,0.2053,0.2039,0.1428,0.9853,0.0125,0.0022
766,Chèo,cheo/audio_4_081.wav,1,0.4401,0.1283,0.3665,0.0449,0.0201,0.3337,0.3333,0.333,0.0257,0.0816,0.8661,0.0231,0.0035,0.1417,0.8074,0.0509,0.0067,0.9844,0.0089,0.1961,0.1967,0.2086,0.2088,0.1899,0.0171,0.0693,0.9136
767,Chèo,cheo/audio_4_081.wav,2,0.1731,0.1013,0.6701,0.0387,0.0168,0.3318,0.3336,0.3346,0.0177,0.0559,0.9071,0.0169,0.0025,0.182,0.7476,0.0704,0.64,0.3185,0.0415,0.1904,0.191,0.2064,0.207,0.2053,0.0015,0.005,0.9936
768,Chèo,cheo/audio_9_006.wav,1,0.0276,0.1536,0.0681,0.7072,0.0434,0.3352,0.3331,0.3317,0.0742,0.2812,0.6127,0.027,0.0049,0.1384,0.8137,0.0479,0.0021,0.0073,0.9906,0.1287,0.1304,0.1952,0.1993,0.3464,0.8432,0.1385,0.0183
769,Chèo,cheo/audio_9_006.wav,2,0.0119,0.0464,0.0206,0.875,0.0461,0.3342,0.3332,0.3327,0.0087,0.0412,0.9454,0.0039,0.0007,0.0102,0.971,0.0188,0.969,0.0242,0.0069,0.194,0.1948,0.2106,0.2109,0.1898,0.0107,0.9844,0.0049
770,Chèo,cheo/audio_7_092.wav,1,0.0208,0.0515,0.0457,0.2848,0.5972,0.3342,0.3332,0.3326,0.3882,0.5218,0.0768,0.0105,0.0027,0.9851,0.0117,0.0033,0.0542,0.7019,0.2439,0.2452,0.2438,0.1983,0.1959,0.1167,0.1723,0.7951,0.0326
771,Chèo,cheo/audio_7_092.wav,2,0.0566,0.1249,0.0759,0.3132,0.4294,0.335,0.333,0.332,0.0111,0.0376,0.9409,0.009,0.0014,0.0343,0.943,0.0228,0.969,0.0242,0.0069,0.2444,0.244,0.2057,0.2028,0.103,0.0038,0.011,0.9853
772,Chèo,cheo/audio_7_165.wav,1,0.0283,0.0682,0.0672,0.3226,0.5137,0.334,0.3332,0.3328,0.0336,0.9425,0.0213,0.0021,0.0005,0.8165,0.1299,0.0536,0.0372,0.9449,0.0179,0.2329,0.2318,0.1987,0.197,0.1396,0.0204,0.9714,0.0082
773,Chèo,cheo/audio_7_165.wav,2,0.0283,0.0682,0.0672,0.3226,0.5137,0.334,0.3332,0.3328,0.0336,0.9425,0.0213,0.0021,0.0005,0.8165,0.1299,0.0536,0.0372,0.9449,0.0179,0.2329,0.2318,0.1987,0.197,0.1396,0.0204,0.9714,0.0082
774,Chèo,cheo/audio_1_167.wav,1,0.5267,0.1193,0.2887,0.0444,0.0208,0.3336,0.3331,0.3333,0.0518,0.127,0.7159,0.0947,0.0106,0.0461,0.7552,0.1988,0.8965,0.0877,0.0157,0.2331,0.2319,0.1978,0.1962,0.141,0.0354,0.9106,0.054
775,Chèo,cheo/audio_1_167.wav,2,0.1964,0.1164,0.5914,0.0629,0.0329,0.3335,0.3328,0.3336,0.064,0.6469,0.2747,0.0119,0.0024,0.1003,0.8545,0.0452,0.0021,0.0073,0.9906,0.2424,0.2407,0.1949,0.1928,0.1291,0.0176,0.963,0.0194
776,Chèo,cheo/audio_6_136.wav,1,0.1324,0.0858,0.7241,0.0394,0.0183,0.3312,0.3337,0.3351,0.0057,0.0193,0.9698,0.0046,0.0007,0.0834,0.8779,0.0387,0.0067,0.9844,0.0089,0.1755,0.1773,0.2278,0.2296,0.1898,0.0614,0.3603,0.5783
777,Chèo,cheo/audio_6_136.wav,2,0.0711,0.1243,0.6166,0.1282,0.0599,0.3321,0.3336,0.3342,0.0019,0.0024,0.0031,0.0081,0.9846,0.032,0.0957,0.8723,0.64,0.3185,0.0415,0.1574,0.159,0.2116,0.2144,0.2577,0.024,0.0605,0.9155
778,Chèo,cheo/audio_8_071.wav,1,0.0112,0.0561,0.0252,0.8837,0.0238,0.3339,0.3332,0.3328,0.0565,0.0843,0.1461,0.6567,0.0564,0.0428,0.7793,0.1779,0.9905,0.0078,0.0017,0.1534,0.1546,0.1976,0.2001,0.2943,0.9101,0.0784,0.0115
779,Chèo,cheo/audio_8_071.wav,2,0.022,0.0522,0.0494,0.2454,0.631,0.3325,0.3335,0.334,0.0139,0.0569,0.9203,0.0077,0.0013,0.0338,0.2444,0.7218,0.0542,0.7019,0.2439,0.1613,0.1625,0.2013,0.2034,0.2715,0.0118,0.0458,0.9423
780,Chèo,cheo/audio_1_125.wav,1,0.0597,0.1817,0.6522,0.0825,0.0239,0.3327,0.3336,0.3338,0.0678,0.694,0.2235,0.0121,0.0026,0.0078,0.9849,0.0073,0.64,0.3185,0.0415,0.2549,0.2525,0.1903,0.1877,0.1146,0.0533,0.2861,0.6607
781,Chèo,cheo/audio_1_125.wav,2,0.6124,0.1111,0.2247,0.0359,0.0159,0.3325,0.3336,0.3338,0.0542,0.4952,0.4354,0.0126,0.0025,0.8943,0.0876,0.0182,0.095,0.1999,0.7051,0.2526,0.2504,0.1919,0.1893,0.1159,0.0682,0.7136,0.2182
782,Chèo,cheo/audio_12_009.wav,1,0.0433,0.2564,0.0637,0.5744,0.0622,0.334,0.3333,0.3327,0.0274,0.0771,0.8563,0.0346,0.0045,0.0212,0.9486,0.0302,0.0021,0.0073,0.9906,0.179,0.1803,0.2157,0.217,0.208,0.268,0.6938,0.0382
783,Chèo,cheo/audio_12_009.wav,2,0.0844,0.3923,0.0906,0.349,0.0837,0.3336,0.3334,0.333,0.1975,0.6722,0.1145,0.0127,0.003,0.392,0.5469,0.0611,0.0021,0.0073,0.9906,0.2028,0.2038,0.2187,0.2185,0.1562,0.7831,0.1934,0.0235
784,Chèo,cheo/audio_11_002.wav,1,0.0647,0.1642,0.5542,0.1638,0.053,0.3328,0.3334,0.3338,0.1506,0.6254,0.1982,0.0208,0.0051,0.0096,0.0357,0.9547,0.0422,0.1103,0.8475,0.2256,0.2253,0.2058,0.2044,0.1389,0.0256,0.9415,0.0329
785,Chèo,cheo/audio_11_002.wav,2,0.035,0.1438,0.108,0.6451,0.068,0.333,0.3335,0.3335,0.8858,0.0917,0.0184,0.0032,0.0009,0.0025,0.0104,0.9871,0.996,0.0032,0.0008,0.2434,0.2425,0.2013,0.1988,0.1141,0.1095,0.8645,0.026
786,Chèo,cheo/audio_1_043.wav,1,0.673,0.0974,0.1756,0.0364,0.0176,0.332,0.3334,0.3345,0.0447,0.0835,0.2189,0.6269,0.026,0.7205,0.2335,0.046,0.9905,0.0078,0.0017,0.2227,0.2223,0.204,0.2028,0.1483,0.0039,0.0141,0.982
787,Chèo,cheo/audio_1_043.wav,2,0.7604,0.0789,0.1172,0.0292,0.0142,0.332,0.3333,0.3347,0.015,0.0772,0.9005,0.0061,0.0011,0.9719,0.0226,0.0056,0.7947,0.1471,0.0581,0.2451,0.2437,0.1976,0.1952,0.1184,0.0726,0.6137,0.3138
788,Chèo,cheo/audio_4_088.wav,1,0.0856,0.3763,0.4274,0.087,0.0236,0.3325,0.3334,0.3341,0.8189,0.1188,0.0461,0.0122,0.004,0.3246,0.6028,0.0725,0.64,0.3185,0.0415,0.1914,0.1921,0.2082,0.2087,0.1996,0.8267,0.1306,0.0427
789,Chèo,cheo/audio_4_088.wav,2,0.0559,0.6696,0.0654,0.176,0.0331,0.3324,0.3334,0.3342,0.8173,0.1197,0.0466,0.0124,0.0041,0.2171,0.7043,0.0786,0.1424,0.2547,0.6029,0.2015,0.2019,0.2085,0.2085,0.1796,0.7344,0.1914,0.0741
790,Chèo,cheo/audio_6_039.wav,1,0.0567,0.0485,0.8604,0.0237,0.0107,0.3323,0.3336,0.3341,0.023,0.0895,0.872,0.0133,0.0023,0.6321,0.3059,0.062,0.0067,0.9844,0.0089,0.2397,0.2385,0.1985,0.1964,0.1268,0.0322,0.146,0.8217
791,Chèo,cheo/audio_6_039.wav,2,0.0001,0.0002,0.9995,0.0001,0.0,0.332,0.3337,0.3343,0.004,0.0066,0.0134,0.9715,0.0045,0.628,0.3017,0.0702,0.0067,0.9844,0.0089,0.2353,0.234,0.1974,0.1957,0.1376,0.002,0.997,0.0011
792,Chèo,cheo/audio_8_031.wav,1,0.0022,0.0084,0.0048,0.976,0.0087,0.3344,0.3332,0.3324,0.0387,0.1107,0.8094,0.0361,0.0051,0.0249,0.9576,0.0174,0.0021,0.0073,0.9906,0.1424,0.1438,0.1969,0.2001,0.3167,0.0714,0.5112,0.4173
793,Chèo,cheo/audio_8_031.wav,2,0.0291,0.0781,0.0472,0.4155,0.43,0.3348,0.3334,0.3318,0.0892,0.2794,0.5747,0.0473,0.0094,0.0704,0.8881,0.0415,0.996,0.0032,0.0008,0.189,0.1897,0.2062,0.2068,0.2084,0.0137,0.0366,0.9497
794,Chèo,cheo/audio_5_006.wav,1,0.0202,0.0731,0.0333,0.7829,0.0905,0.3333,0.3333,0.3334,0.9588,0.0297,0.009,0.002,0.0006,0.0516,0.5365,0.412,0.0422,0.1103,0.8475,0.2061,0.2065,0.2091,0.2087,0.1696,0.8802,0.1051,0.0146
795,Chèo,cheo/audio_5_006.wav,2,0.0236,0.0676,0.0413,0.5332,0.3343,0.3348,0.3329,0.3323,0.1008,0.2389,0.5764,0.0723,0.0115,0.0284,0.1919,0.7798,0.996,0.0032,0.0008,0.1865,0.1874,0.2093,0.21,0.2068,0.4303,0.5297,0.0401
796,Chèo,cheo/audio_7_158.wav,1,0.0629,0.1301,0.0822,0.291,0.4337,0.3344,0.3332,0.3324,0.0739,0.4757,0.4299,0.0171,0.0034,0.147,0.8043,0.0487,0.9905,0.0078,0.0017,0.2048,0.2056,0.2167,0.2164,0.1565,0.0347,0.953,0.0123
797,Chèo,cheo/audio_7_158.wav,2,0.0846,0.1713,0.0999,0.3144,0.3297,0.3343,0.3332,0.3326,0.7938,0.1653,0.0336,0.0057,0.0016,0.1858,0.7565,0.0577,0.9905,0.0078,0.0017,0.2023,0.203,0.2131,0.213,0.1687,0.2602,0.7019,0.0379
798,Chèo,cheo/audio_3_027.wav,1,0.6902,0.1678,0.1003,0.0303,0.0115,0.3328,0.3335,0.3337,0.0889,0.1752,0.4199,0.2793,0.0366,0.3064,0.6262,0.0674,0.0067,0.9844,0.0089,0.2545,0.2521,0.1905,0.1878,0.1151,0.0102,0.028,0.9617
799,Chèo,cheo/audio_3_027.wav,2,0.9193,0.0346,0.0338,0.0087,0.0037,0.3309,0.334,0.3351,0.0007,0.0029,0.9959,0.0004,0.0001,0.5599,0.3789,0.0613,0.9905,0.0078,0.0017,0.2419,0.2402,0.1945,0.1924,0.131,0.0292,0.0718,0.899
800,Chèo,cheo/audio_4_065.wav,1,0.6146,0.1667,0.1698,0.0353,0.0137,0.3335,0.3329,0.3336,0.066,0.6122,0.3053,0.0136,0.0029,0.0671,0.8102,0.1228,0.9336,0.0507,0.0157,0.2223,0.222,0.2053,0.2041,0.1463,0.0054,0.9899,0.0046
801,Chèo,cheo/audio_4_065.wav,2,0.0417,0.0511,0.8576,0.0339,0.0158,0.3344,0.333,0.3326,0.0524,0.6963,0.2394,0.0098,0.0021,0.0802,0.8602,0.0596,0.0422,0.1103,0.8475,0.2163,0.2168,0.2138,0.2126,0.1405,0.6066,0.3586,0.0348
802,Chèo,cheo/audio_4_042.wav,1,0.022,0.8931,0.0283,0.0474,0.0093,0.332,0.3335,0.3345,0.6786,0.1959,0.0888,0.0271,0.0096,0.0752,0.7148,0.21,0.9905,0.0078,0.0017,0.2641,0.2619,0.1911,0.1877,0.0953,0.731,0.1936,0.0755
803,Chèo,cheo/audio_4_042.wav,2,0.0033,0.9873,0.0045,0.004,0.0009,0.3318,0.3335,0.3347,0.597,0.3406,0.0524,0.0079,0.0021,0.0573,0.8167,0.1261,0.9905,0.0078,0.0017,0.2683,0.2654,0.1872,0.1838,0.0952,0.8545,0.111,0.0345
804,Chèo,cheo/audio_2_002.wav,1,0.0415,0.7508,0.091,0.0983,0.0184,0.3344,0.3332,0.3324,0.0512,0.1249,0.6994,0.1124,0.0121,0.0395,0.8584,0.1021,0.8989,0.0759,0.0252,0.2158,0.2167,0.2185,0.2173,0.1317,0.0422,0.2064,0.7514
805,Chèo,cheo/audio_2_002.wav,2,0.0621,0.1732,0.5845,0.1389,0.0413,0.3344,0.3332,0.3324,0.0013,0.0054,0.9925,0.0007,0.0001,0.0369,0.9413,0.0217,0.0542,0.7019,0.2439,0.2579,0.2556,0.1912,0.1883,0.1071,0.0502,0.8497,0.1002
806,Chèo,cheo/audio_3_191.wav,1,0.1491,0.0955,0.6839,0.048,0.0235,0.3325,0.3336,0.3339,0.0277,0.0792,0.8578,0.0311,0.0041,0.0329,0.9438,0.0234,0.0263,0.1483,0.8254,0.2322,0.231,0.1976,0.196,0.1431,0.0249,0.9435,0.0315
807,Chèo,cheo/audio_3_191.wav,2,0.3938,0.1319,0.3842,0.0597,0.0304,0.3325,0.3331,0.3345,0.0473,0.1235,0.7617,0.0599,0.0077,0.0202,0.9411,0.0387,0.0422,0.1103,0.8475,0.2511,0.2489,0.1918,0.1893,0.1188,0.0175,0.9753,0.0072
808,Chèo,cheo/audio_0_102.wav,1,0.1114,0.7252,0.0682,0.0734,0.0218,0.3347,0.3331,0.3322,0.2196,0.7077,0.0628,0.0079,0.002,0.0099,0.9755,0.0146,0.0021,0.0073,0.9906,0.2693,0.266,0.1851,0.1818,0.0978,0.2374,0.7258,0.0369
809,Chèo,cheo/audio_0_102.wav,2,0.1054,0.7615,0.0616,0.055,0.0164,0.335,0.333,0.332,0.0,0.0001,0.9998,0.0,0.0,0.0105,0.9749,0.0147,0.0263,0.1483,0.8254,0.2666,0.264,0.1889,0.1855,0.0949,0.0456,0.8711,0.0833
810,Chèo,cheo/audio_12_082.wav,1,0.034,0.1736,0.0518,0.6773,0.0633,0.3332,0.3333,0.3335,0.0324,0.155,0.7964,0.0137,0.0025,0.0436,0.249,0.7073,0.0263,0.1483,0.8254,0.1781,0.1794,0.2139,0.2153,0.2133,0.0326,0.9202,0.0472
811,Chèo,cheo/audio_12_082.wav,2,0.0694,0.3806,0.0826,0.3926,0.0747,0.3328,0.3334,0.3337,0.2635,0.5575,0.1512,0.0218,0.0059,0.0344,0.1572,0.8085,0.0263,0.1483,0.8254,0.18,0.1814,0.2182,0.2195,0.2008,0.0318,0.9566,0.0115
812,Chèo,cheo/audio_6_015.wav,1,0.2951,0.1323,0.5097,0.0442,0.0188,0.3334,0.3328,0.3338,0.2047,0.7336,0.0534,0.0066,0.0017,0.0062,0.9872,0.0066,0.64,0.3185,0.0415,0.2426,0.241,0.1953,0.1932,0.1279,0.0065,0.9904,0.0031
813,Chèo,cheo/audio_6_015.wav,2,0.291,0.1398,0.4497,0.0767,0.0427,0.3329,0.333,0.3341,0.0648,0.1397,0.5373,0.2384,0.0198,0.2938,0.6445,0.0617,0.8965,0.0877,0.0157,0.2384,0.237,0.1968,0.1949,0.133,0.0603,0.7888,0.1509
814,Chèo,cheo/audio_6_050.wav,1,0.1582,0.1314,0.5563,0.0959,0.0582,0.3327,0.3331,0.3342,0.0574,0.4764,0.45,0.0135,0.0027,0.8565,0.1191,0.0244,0.0263,0.1483,0.8254,0.2412,0.2396,0.1947,0.1927,0.1317,0.0714,0.6579,0.2707
815,Chèo,cheo/audio_6_050.wav,2,0.237,0.1142,0.5833,0.0452,0.0204,0.3331,0.3332,0.3338,0.0338,0.0992,0.832,0.0307,0.0044,0.7068,0.2514,0.0417,0.969,0.0242,0.0069,0.2468,0.2449,0.1938,0.1915,0.123,0.0047,0.9915,0.0039
816,Chèo,cheo/audio_4_144.wav,1,0.3074,0.274,0.3467,0.053,0.0189,0.3333,0.3334,0.3333,0.0858,0.2499,0.5978,0.0559,0.0106,0.0642,0.5773,0.3585,0.7462,0.1779,0.0759,0.1812,0.1818,0.2013,0.2023,0.2334,0.0521,0.2769,0.671
817,Chèo,cheo/audio_4_144.wav,2,0.8384,0.0562,0.0774,0.019,0.0089,0.3336,0.3332,0.3332,0.7791,0.1775,0.0355,0.0062,0.0018,0.002,0.009,0.9891,0.0067,0.9844,0.0089,0.1774,0.1783,0.2043,0.2055,0.2345,0.9999,0.0001,0.0
818,Chèo,cheo/audio_5_069.wav,1,0.0333,0.067,0.0761,0.1986,0.625,0.3365,0.3328,0.3307,0.0701,0.1535,0.5343,0.2193,0.0227,0.0203,0.1127,0.8671,0.9905,0.0078,0.0017,0.1834,0.1841,0.2046,0.2055,0.2224,0.0031,0.0092,0.9877
819,Chèo,cheo/audio_5_069.wav,2,0.0146,0.0479,0.0266,0.8027,0.1083,0.3357,0.3329,0.3314,0.046,0.2083,0.7227,0.0194,0.0036,0.0092,0.0466,0.9442,0.9905,0.0078,0.0017,0.1907,0.1915,0.2084,0.2089,0.2005,0.0637,0.7612,0.175
820,Chèo,cheo/audio_4_203.wav,1,0.0996,0.0756,0.7664,0.0395,0.019,0.3344,0.3329,0.3326,0.0612,0.853,0.0779,0.0064,0.0015,0.0561,0.6444,0.2995,0.969,0.0242,0.0069,0.2478,0.2462,0.1956,0.1931,0.1173,0.0712,0.5039,0.425
821,Chèo,cheo/audio_4_203.wav,2,0.5128,0.1274,0.3011,0.0409,0.0178,0.3279,0.3339,0.3382,0.1382,0.7479,0.1002,0.0109,0.0027,0.0478,0.8576,0.0946,0.2741,0.6756,0.0503,0.2425,0.2412,0.1977,0.1955,0.1232,0.0172,0.9638,0.019
822,Chèo,cheo/audio_4_028.wav,1,0.0214,0.916,0.0341,0.0231,0.0054,0.3314,0.3337,0.3349,0.0616,0.7945,0.1332,0.0088,0.002,0.0457,0.8145,0.1398,0.0422,0.1103,0.8475,0.2645,0.2619,0.1885,0.1853,0.0998,0.0157,0.9675,0.0168
823,Chèo,cheo/audio_4_028.wav,2,0.053,0.2352,0.1928,0.4522,0.0668,0.3317,0.3336,0.3347,0.204,0.6186,0.1531,0.0193,0.005,0.0822,0.7598,0.1581,0.996,0.0032,0.0008,0.246,0.2444,0.1951,0.1927,0.1218,0.0307,0.1375,0.8319
824,Chèo,cheo/audio_7_001.wav,1,0.0552,0.12,0.0746,0.2993,0.4508,0.3334,0.3332,0.3334,0.8481,0.1015,0.0377,0.0097,0.0031,0.5197,0.4235,0.0568,0.969,0.0242,0.0069,0.1473,0.1487,0.1994,0.2023,0.3023,0.9697,0.0244,0.0058
825,Chèo,cheo/audio_7_001.wav,2,0.0293,0.0589,0.0448,0.1574,0.7096,0.3348,0.3331,0.3321,0.7508,0.1966,0.0432,0.0074,0.002,0.9137,0.0704,0.0159,0.0021,0.0073,0.9906,0.1485,0.15,0.2026,0.2056,0.2934,0.9335,0.0577,0.0088
826,Chèo,cheo/audio_12_076.wav,1,0.0349,0.0912,0.0537,0.3963,0.4239,0.3355,0.333,0.3316,0.0555,0.1842,0.7183,0.0357,0.0064,0.0067,0.9823,0.011,0.9905,0.0078,0.0017,0.2275,0.2271,0.2046,0.2031,0.1378,0.0662,0.1406,0.7932
827,Chèo,cheo/audio_12_076.wav,2,0.0509,0.134,0.0704,0.4312,0.3134,0.3358,0.3331,0.3312,0.0238,0.0786,0.8752,0.0194,0.003,0.0364,0.8357,0.128,0.0067,0.9844,0.0089,0.2461,0.2448,0.1977,0.1952,0.1162,0.0193,0.0793,0.9015
828,Chèo,cheo/audio_3_002.wav,1,0.071,0.2806,0.4943,0.1226,0.0316,0.3326,0.3336,0.3337,0.1681,0.5253,0.2674,0.0315,0.0077,0.0435,0.2839,0.6726,0.996,0.0032,0.0008,0.2543,0.2521,0.1915,0.1889,0.1133,0.0679,0.717,0.2151
829,Chèo,cheo/audio_3_002.wav,2,0.0574,0.167,0.6842,0.0705,0.0209,0.3316,0.3336,0.3348,0.2101,0.6997,0.078,0.0097,0.0025,0.0152,0.0564,0.9284,0.0067,0.9844,0.0089,0.2564,0.2544,0.1931,0.1901,0.106,0.6953,0.2748,0.0299
830,Chèo,cheo/audio_5_035.wav,1,0.0564,0.5261,0.0744,0.2974,0.0457,0.3357,0.3329,0.3313,0.0016,0.0062,0.9912,0.0009,0.0001,0.0122,0.0607,0.9271,0.9905,0.0078,0.0017,0.2193,0.2197,0.2119,0.2106,0.1384,0.0163,0.0657,0.918
831,Chèo,cheo/audio_5_035.wav,2,0.0499,0.774,0.052,0.1022,0.022,0.3357,0.3327,0.3316,0.9734,0.0206,0.0048,0.0009,0.0003,0.0273,0.1528,0.8199,0.9905,0.0078,0.0017,0.2554,0.2544,0.1998,0.1964,0.0939,0.957,0.037,0.006
832,Chèo,cheo/audio_6_032.wav,1,0.3272,0.1362,0.4732,0.0445,0.0189,0.3335,0.3328,0.3337,0.7301,0.2065,0.0508,0.0097,0.0029,0.0053,0.9867,0.008,0.8674,0.0982,0.0344,0.2414,0.2403,0.1999,0.1977,0.1206,0.9298,0.0555,0.0147
833,Chèo,cheo/audio_6_032.wav,2,0.1813,0.1029,0.6448,0.0479,0.023,0.3318,0.3333,0.3349,0.045,0.0834,0.2176,0.6289,0.0251,0.013,0.9623,0.0247,0.0372,0.9449,0.0179,0.2592,0.2569,0.1916,0.1886,0.1038,0.1168,0.8562,0.0269
834,Chèo,cheo/audio_6_131.wav,1,0.2104,0.5386,0.1794,0.0543,0.0173,0.3328,0.3335,0.3337,0.1242,0.3402,0.4657,0.0574,0.0125,0.052,0.3142,0.6337,0.2741,0.6756,0.0503,0.1973,0.1978,0.2075,0.2077,0.1896,0.0105,0.0403,0.9492
835,Chèo,cheo/audio_6_131.wav,2,0.9512,0.0243,0.0161,0.0059,0.0025,0.3335,0.3334,0.333,0.0633,0.1882,0.6899,0.05,0.0086,0.0469,0.8626,0.0905,0.0372,0.9449,0.0179,0.2123,0.2137,0.2252,0.224,0.1248,0.0726,0.5616,0.3658
836,Chèo,cheo/audio_6_046.wav,1,0.6881,0.0949,0.1636,0.0359,0.0175,0.3316,0.3334,0.3351,0.8723,0.1005,0.022,0.0041,0.0012,0.6332,0.3154,0.0514,0.0542,0.7019,0.2439,0.2247,0.2241,0.2019,0.2006,0.1487,0.5244,0.4376,0.0381
837,Chèo,cheo/audio_6_046.wav,2,0.8452,0.0695,0.0522,0.0225,0.0106,0.3322,0.3333,0.3345,0.0495,0.3459,0.5876,0.0142,0.0028,0.8963,0.0807,0.0229,0.9905,0.0078,0.0017,0.2253,0.2248,0.2024,0.201,0.1465,0.0095,0.0263,0.9641
838,Chèo,cheo/audio_7_037.wav,1,0.018,0.0442,0.0305,0.2059,0.7014,0.3351,0.3329,0.332,0.0641,0.4156,0.499,0.0177,0.0036,0.1176,0.697,0.1854,0.0263,0.1483,0.8254,0.2032,0.2037,0.2099,0.2097,0.1735,0.0041,0.0147,0.9812
839,Chèo,cheo/audio_7_037.wav,2,0.0712,0.1587,0.0886,0.3441,0.3374,0.3339,0.3332,0.3328,0.0782,0.8134,0.0981,0.0084,0.002,0.0544,0.613,0.3326,0.0422,0.1103,0.8475,0.2299,0.2297,0.207,0.2052,0.1281,0.9408,0.047,0.0122
840,Chèo,cheo/audio_1_108.wav,1,0.5566,0.2799,0.1065,0.0417,0.0153,0.3317,0.3338,0.3345,0.6264,0.3083,0.0541,0.0088,0.0025,0.1766,0.7716,0.0518,0.8965,0.0877,0.0157,0.2672,0.2646,0.189,0.1855,0.0937,0.9539,0.0397,0.0063
841,Chèo,cheo/audio_1_108.wav,2,0.474,0.3465,0.1164,0.0465,0.0166,0.3333,0.3335,0.3332,0.0254,0.9487,0.0235,0.002,0.0005,0.0924,0.8694,0.0382,0.8965,0.0877,0.0157,0.282,0.2787,0.1825,0.1783,0.0785,0.0018,0.9971,0.001
842,Chèo,cheo/audio_3_080.wav,1,0.0673,0.0569,0.8442,0.0224,0.0093,0.3321,0.3336,0.3342,0.1124,0.6623,0.204,0.0172,0.004,0.0208,0.954,0.0252,0.2741,0.6756,0.0503,0.2576,0.255,0.1891,0.1863,0.112,0.0279,0.1224,0.8497
843,Chèo,cheo/audio_3_080.wav,2,0.1255,0.1002,0.7279,0.0332,0.0132,0.3333,0.3336,0.333,0.0033,0.0146,0.9801,0.0017,0.0003,0.0188,0.9572,0.024,0.0263,0.1483,0.8254,0.2574,0.2549,0.1896,0.1868,0.1112,0.0681,0.4446,0.4873
844,Chèo,cheo/audio_12_070.wav,1,0.049,0.7409,0.0561,0.1287,0.0252,0.3362,0.3329,0.3308,0.0262,0.1172,0.8421,0.0123,0.0022,0.0176,0.9671,0.0154,0.0422,0.1103,0.8475,0.2317,0.2316,0.2077,0.2057,0.1234,0.0046,0.9916,0.0038
845,Chèo,cheo/audio_12_070.wav,2,0.0015,0.0058,0.0033,0.9834,0.0061,0.3368,0.3328,0.3304,0.0471,0.2794,0.6552,0.0153,0.003,0.2336,0.7076,0.0587,0.0372,0.9449,0.0179,0.2202,0.2202,0.2077,0.2065,0.1455,0.0227,0.9496,0.0277
846,Chèo,cheo/audio_3_061.wav,1,0.1398,0.1114,0.6364,0.0723,0.04,0.3304,0.3338,0.3357,0.0735,0.1569,0.4994,0.2446,0.0256,0.0533,0.4832,0.4635,0.0067,0.9844,0.0089,0.231,0.2303,0.2025,0.2008,0.1354,0.1446,0.2416,0.6138
847,Chèo,cheo/audio_3_061.wav,2,0.9234,0.0313,0.0303,0.0102,0.0048,0.3316,0.3334,0.335,0.047,0.0879,0.2343,0.6053,0.0255,0.0087,0.0457,0.9456,0.0372,0.9449,0.0179,0.2627,0.2601,0.1889,0.1858,0.1024,0.0584,0.3305,0.6111
848,Chèo,cheo/audio_6_016.wav,1,0.2717,0.1232,0.5188,0.0576,0.0287,0.3342,0.333,0.3328,0.0481,0.1212,0.7448,0.077,0.009,0.2411,0.699,0.0599,0.9905,0.0078,0.0017,0.2436,0.2419,0.195,0.1928,0.1267,0.0142,0.971,0.0148
849,Chèo,cheo/audio_6_016.wav,2,0.518,0.1209,0.2983,0.0431,0.0197,0.3315,0.3333,0.3352,0.023,0.9264,0.0471,0.0029,0.0006,0.0265,0.9556,0.018,0.969,0.0242,0.0069,0.2514,0.2492,0.1914,0.189,0.1189,0.0727,0.5957,0.3315
850,Chèo,cheo/audio_4_093.wav,1,0.0654,0.2067,0.6302,0.0758,0.0219,0.3336,0.3332,0.3332,0.0147,0.0233,0.0448,0.9007,0.0165,0.779,0.186,0.0349,0.996,0.0032,0.0008,0.1886,0.1893,0.2065,0.2072,0.2084,0.9546,0.0364,0.0091
851,Chèo,cheo/audio_4_093.wav,2,0.0387,0.0848,0.8332,0.0326,0.0107,0.3337,0.3332,0.3332,0.0336,0.0992,0.8333,0.0296,0.0043,0.0572,0.6284,0.3145,0.0263,0.1483,0.8254,0.1695,0.1706,0.2051,0.2068,0.248,0.3184,0.642,0.0396
852,Chèo,cheo/audio_6_139.wav,1,0.579,0.183,0.1855,0.0379,0.0145,0.3318,0.3337,0.3345,0.0844,0.2724,0.5901,0.0444,0.0087,0.1623,0.6884,0.1493,0.0372,0.9449,0.0179,0.2272,0.2265,0.2005,0.1991,0.1467,0.0493,0.2551,0.6957
853,Chèo,cheo/audio_6_139.wav,2,0.0552,0.1307,0.7567,0.0435,0.0139,0.3323,0.3336,0.3341,0.0865,0.1955,0.5512,0.1449,0.0219,0.1245,0.754,0.1215,0.0422,0.1103,0.8475,0.2044,0.2047,0.2066,0.2064,0.1779,0.0052,0.9922,0.0026
854,Chèo,cheo/audio_8_092.wav,1,0.0104,0.0237,0.0176,0.0903,0.8579,0.3336,0.3335,0.3328,0.0438,0.1135,0.7587,0.0751,0.009,0.038,0.9305,0.0315,0.0021,0.0073,0.9906,0.1646,0.166,0.2117,0.214,0.2437,0.0129,0.0506,0.9365
855,Chèo,cheo/audio_8_092.wav,2,0.005,0.0118,0.0094,0.0551,0.9186,0.3346,0.3332,0.3322,0.0521,0.6972,0.239,0.0096,0.002,0.1682,0.7801,0.0517,0.0021,0.0073,0.9906,0.222,0.2229,0.2201,0.2183,0.1167,0.072,0.5292,0.3988
856,Chèo,cheo/audio_3_171.wav,1,0.1068,0.1475,0.2442,0.2201,0.2814,0.3351,0.3333,0.3317,0.0428,0.1615,0.7677,0.0237,0.0042,0.0388,0.939,0.0222,0.9905,0.0078,0.0017,0.2318,0.2309,0.2004,0.1987,0.1381,0.0001,0.0003,0.9996
857,Chèo,cheo/audio_3_171.wav,2,0.1662,0.1375,0.5294,0.1027,0.0642,0.3344,0.3332,0.3324,0.4331,0.5029,0.0544,0.0076,0.002,0.0324,0.9026,0.065,0.9905,0.0078,0.0017,0.2633,0.2604,0.1875,0.1845,0.1043,0.0336,0.9544,0.012
858,Chèo,cheo/audio_1_180.wav,1,0.0714,0.8307,0.0467,0.0398,0.0114,0.3343,0.3332,0.3324,0.0708,0.1521,0.5063,0.2463,0.0245,0.0133,0.9726,0.014,0.0422,0.1103,0.8475,0.2083,0.2088,0.2113,0.2107,0.1608,0.0379,0.1791,0.783
859,Chèo,cheo/audio_1_180.wav,2,0.2465,0.5778,0.1082,0.0509,0.0166,0.3357,0.3329,0.3314,0.0512,0.068,0.0945,0.2566,0.5298,0.035,0.9316,0.0334,0.996,0.0032,0.0008,0.1522,0.154,0.2169,0.2202,0.2567,0.0108,0.0295,0.9597
860,Chèo,cheo/audio_0_043.wav,1,0.0751,0.271,0.5463,0.0841,0.0235,0.3349,0.3331,0.3319,0.0016,0.002,0.0027,0.0071,0.9866,0.0629,0.9,0.0371,0.0067,0.9844,0.0089,0.1806,0.1816,0.208,0.2092,0.2205,0.0711,0.1484,0.7805
861,Chèo,cheo/audio_0_043.wav,2,0.0244,0.1349,0.0411,0.7553,0.0443,0.3346,0.3331,0.3323,0.0587,0.7499,0.1796,0.0097,0.0021,0.023,0.9199,0.0571,0.9905,0.0078,0.0017,0.225,0.2257,0.2174,0.2155,0.1165,0.0615,0.1328,0.8057
862,Chèo,cheo/audio_7_117.wav,1,0.0674,0.1286,0.0875,0.2627,0.4538,0.3342,0.3332,0.3326,0.0365,0.2212,0.7278,0.0122,0.0023,0.0601,0.9074,0.0325,0.0021,0.0073,0.9906,0.2515,0.2506,0.2009,0.1978,0.0991,0.3299,0.6303,0.0398
863,Chèo,cheo/audio_7_117.wav,2,0.0639,0.1283,0.0835,0.2785,0.4459,0.333,0.3334,0.3336,0.365,0.5546,0.0689,0.0092,0.0023,0.0178,0.9657,0.0166,0.969,0.0242,0.0069,0.2538,0.2534,0.2037,0.2001,0.0891,0.8682,0.1012,0.0306
864,Chèo,cheo/audio_12_043.wav,1,0.04,0.1722,0.0573,0.6419,0.0887,0.335,0.3329,0.3321,0.0677,0.8141,0.1089,0.0077,0.0017,0.0047,0.0215,0.9738,0.8965,0.0877,0.0157,0.2455,0.2449,0.2041,0.2012,0.1042,0.6057,0.3595,0.0348
865,Chèo,cheo/audio_12_043.wav,2,0.0465,0.2484,0.0655,0.5679,0.0717,0.335,0.333,0.332,0.0559,0.837,0.0991,0.0066,0.0014,0.0035,0.016,0.9805,0.64,0.3185,0.0415,0.2248,0.2254,0.2145,0.2127,0.1226,0.8165,0.1628,0.0207
866,Chèo,cheo/audio_6_175.wav,1,0.4349,0.1358,0.3672,0.0434,0.0186,0.3333,0.3333,0.3334,0.4989,0.4213,0.0667,0.0102,0.0028,0.7653,0.1974,0.0373,0.2741,0.6756,0.0503,0.241,0.2394,0.1952,0.1932,0.1311,0.0709,0.6696,0.2595
867,Chèo,cheo/audio_6_175.wav,2,0.2892,0.1385,0.4555,0.0752,0.0416,0.3324,0.3333,0.3343,0.1622,0.7859,0.0453,0.0053,0.0013,0.0368,0.9374,0.0257,0.64,0.3185,0.0415,0.2222,0.2218,0.2045,0.2033,0.1482,0.5243,0.4376,0.0381
868,Chèo,cheo/audio_4_157.wav,1,0.6006,0.1189,0.2296,0.0356,0.0153,0.3333,0.3333,0.3334,0.0435,0.0761,0.1656,0.678,0.0368,0.0582,0.3271,0.6147,0.0372,0.9449,0.0179,0.1719,0.173,0.205,0.2065,0.2436,0.0012,0.0036,0.9952
869,Chèo,cheo/audio_4_157.wav,2,0.7591,0.1099,0.0978,0.0238,0.0094,0.332,0.3337,0.3343,0.0709,0.2733,0.6185,0.0312,0.0061,0.106,0.5587,0.3353,0.0372,0.9449,0.0179,0.189,0.1897,0.2054,0.206,0.21,0.0425,0.0986,0.8589
870,Chèo,cheo/audio_1_150.wav,1,0.0527,0.0455,0.8704,0.0218,0.0097,0.3323,0.3336,0.3342,0.8914,0.0875,0.0173,0.003,0.0008,0.9759,0.0191,0.005,0.9905,0.0078,0.0017,0.2369,0.2355,0.1956,0.1938,0.1381,0.092,0.8845,0.0235
871,Chèo,cheo/audio_1_150.wav,2,0.3741,0.1273,0.42,0.053,0.0256,0.3331,0.3335,0.3334,0.6817,0.2552,0.0516,0.0089,0.0026,0.9986,0.0011,0.0003,0.0067,0.9844,0.0089,0.232,0.2309,0.1984,0.1968,0.1419,0.0816,0.8965,0.0219
872,Chèo,cheo/audio_8_036.wav,1,0.0137,0.0515,0.0349,0.8545,0.0454,0.3348,0.333,0.3321,0.0327,0.1028,0.837,0.0239,0.0036,0.0008,0.9982,0.001,0.996,0.0032,0.0008,0.2004,0.2016,0.2214,0.2212,0.1554,0.0079,0.0295,0.9626
873,Chèo,cheo/audio_8_036.wav,2,0.0091,0.0217,0.0181,0.1085,0.8426,0.3342,0.3332,0.3326,0.0594,0.2898,0.6252,0.0214,0.0042,0.0275,0.9105,0.062,0.996,0.0032,0.0008,0.1836,0.1844,0.2072,0.2081,0.2168,0.0312,0.0761,0.8927
874,Chèo,cheo/audio_0_003.wav,1,0.0781,0.4915,0.0844,0.2853,0.0606,0.334,0.3331,0.3329,0.9728,0.0198,0.0058,0.0013,0.0004,0.9547,0.0342,0.0111,0.64,0.3185,0.0415,0.214,0.2143,0.2098,0.2089,0.153,0.9927,0.006,0.0013
875,Chèo,cheo/audio_0_003.wav,2,0.0173,0.096,0.032,0.8219,0.0327,0.3352,0.3329,0.3319,0.0143,0.0572,0.919,0.0081,0.0014,0.5836,0.3577,0.0587,0.64,0.3185,0.0415,0.1921,0.1929,0.2106,0.211,0.1934,0.0247,0.062,0.9134
876,Chèo,cheo/audio_7_112.wav,1,0.05,0.1042,0.0694,0.2587,0.5177,0.3346,0.3331,0.3324,0.1091,0.5661,0.3011,0.0196,0.0041,0.1683,0.7808,0.0509,0.0067,0.9844,0.0089,0.1378,0.1395,0.2047,0.2086,0.3095,0.0125,0.982,0.0055
877,Chèo,cheo/audio_7_112.wav,2,0.06,0.1338,0.0792,0.3265,0.4005,0.3346,0.333,0.3324,0.276,0.5748,0.1264,0.0179,0.0048,0.0623,0.8224,0.1153,0.0021,0.0073,0.9906,0.2513,0.2496,0.1956,0.1929,0.1107,0.0655,0.744,0.1904
878,Chèo,cheo/audio_1_139.wav,1,0.5933,0.184,0.1714,0.0371,0.0141,0.3318,0.3337,0.3345,0.0816,0.2604,0.6041,0.0452,0.0087,0.1593,0.6889,0.1517,0.0372,0.9449,0.0179,0.2273,0.2265,0.2005,0.1991,0.1466,0.0616,0.3622,0.5762
879,Chèo,cheo/audio_1_139.wav,2,0.0472,0.1085,0.7928,0.039,0.0126,0.3323,0.3336,0.3342,0.0861,0.1925,0.5447,0.1539,0.0227,0.1211,0.7545,0.1244,0.0422,0.1103,0.8475,0.2052,0.2054,0.2066,0.2064,0.1764,0.2043,0.7607,0.035
880,Chèo,cheo/audio_7_024.wav,1,0.0741,0.1719,0.0905,0.3649,0.2986,0.3328,0.3334,0.3338,0.7196,0.1851,0.0708,0.0183,0.0061,0.0245,0.9315,0.044,0.0422,0.1103,0.8475,0.2376,0.2378,0.2115,0.2088,0.1043,0.7593,0.1757,0.065
881,Chèo,cheo/audio_7_024.wav,2,0.1316,0.0944,0.727,0.0333,0.0137,0.3347,0.3332,0.3321,0.0317,0.0955,0.8419,0.0269,0.0039,0.8674,0.096,0.0366,0.0067,0.9844,0.0089,0.1413,0.1428,0.1989,0.2022,0.3149,0.9707,0.0237,0.0056
882,Chèo,cheo/audio_3_081.wav,1,0.1405,0.721,0.0718,0.0509,0.0158,0.3321,0.3337,0.3342,0.0347,0.0946,0.8199,0.0451,0.0057,0.0139,0.9752,0.0109,0.0263,0.1483,0.8254,0.2655,0.2626,0.1873,0.1841,0.1006,0.2382,0.7249,0.0369
883,Chèo,cheo/audio_3_081.wav,2,0.2597,0.2804,0.3863,0.0544,0.0191,0.3325,0.3337,0.3339,0.0166,0.055,0.9123,0.014,0.0021,0.0219,0.9529,0.0251,0.0263,0.1483,0.8254,0.2593,0.2568,0.1897,0.1868,0.1075,0.0451,0.8732,0.0817
884,Chèo,cheo/audio_0_051.wav,1,0.0796,0.1456,0.499,0.1831,0.0926,0.3365,0.3329,0.3306,0.9786,0.0156,0.0045,0.001,0.0003,0.9474,0.0411,0.0114,0.0422,0.1103,0.8475,0.1518,0.153,0.1953,0.1978,0.302,0.9426,0.0456,0.0117
885,Chèo,cheo/audio_0_051.wav,2,0.0775,0.696,0.0683,0.1267,0.0315,0.3344,0.3329,0.3326,0.9976,0.0018,0.0005,0.0001,0.0,0.713,0.2438,0.0432,0.996,0.0032,0.0008,0.1801,0.181,0.2072,0.2084,0.2233,0.9836,0.014,0.0024
886,Chèo,cheo/audio_8_061.wav,1,0.0126,0.0591,0.0221,0.8741,0.0321,0.3341,0.3332,0.3327,0.0318,0.0879,0.8305,0.0442,0.0056,0.0131,0.9618,0.0251,0.0422,0.1103,0.8475,0.1929,0.1936,0.209,0.2094,0.1951,0.0587,0.3338,0.6075
887,Chèo,cheo/audio_8_061.wav,2,0.0372,0.8441,0.0387,0.0656,0.0144,0.335,0.333,0.332,0.058,0.5326,0.394,0.0128,0.0026,0.0206,0.9318,0.0476,0.0422,0.1103,0.8475,0.2392,0.2408,0.2212,0.2172,0.0816,0.0667,0.732,0.2014
888,Chèo,cheo/audio_0_081.wav,1,0.0676,0.2528,0.377,0.2464,0.0562,0.3355,0.333,0.3315,0.0162,0.0827,0.8934,0.0065,0.0012,0.0257,0.92,0.0543,0.0021,0.0073,0.9906,0.2232,0.2241,0.2185,0.2166,0.1177,0.0516,0.8426,0.1059
889,Chèo,cheo/audio_0_081.wav,2,0.067,0.183,0.352,0.3045,0.0935,0.333,0.3332,0.3338,0.0525,0.1469,0.7351,0.0568,0.0087,0.0195,0.083,0.8975,0.969,0.0242,0.0069,0.1947,0.195,0.2037,0.204,0.2027,0.0034,0.9949,0.0018
890,Chèo,cheo/audio_1_178.wav,1,0.8679,0.0476,0.0609,0.016,0.0075,0.3327,0.3334,0.3338,0.0433,0.0806,0.2107,0.6402,0.0251,0.5175,0.4182,0.0643,0.8989,0.0759,0.0252,0.2327,0.2318,0.2003,0.1986,0.1365,0.0557,0.8195,0.1248
891,Chèo,cheo/audio_1_178.wav,2,0.294,0.1998,0.4395,0.0484,0.0183,0.3311,0.3339,0.335,0.0412,0.823,0.128,0.0064,0.0014,0.0896,0.8725,0.0379,0.64,0.3185,0.0415,0.2459,0.2443,0.1959,0.1935,0.1204,0.0394,0.8963,0.0643
892,Chèo,cheo/audio_0_025.wav,1,0.0135,0.0649,0.0319,0.861,0.0287,0.3322,0.3337,0.3341,0.0689,0.2335,0.6523,0.0381,0.0072,0.0199,0.9632,0.0169,0.0263,0.1483,0.8254,0.2256,0.2251,0.204,0.2026,0.1426,0.0001,0.0005,0.9994
893,Chèo,cheo/audio_0_025.wav,2,0.0285,0.1763,0.0493,0.7013,0.0445,0.332,0.3337,0.3344,0.076,0.4924,0.4088,0.0189,0.004,0.0933,0.8671,0.0395,0.8989,0.0759,0.0252,0.2192,0.2196,0.2119,0.2107,0.1386,0.0348,0.1607,0.8045
894,Chèo,cheo/audio_3_230.wav,1,0.4465,0.2697,0.2194,0.0472,0.0172,0.3332,0.3332,0.3336,0.5076,0.3654,0.1047,0.0177,0.0046,0.1439,0.7798,0.0763,0.0021,0.0073,0.9906,0.1325,0.1337,0.18,0.183,0.3709,0.9905,0.008,0.0014
895,Chèo,cheo/audio_3_230.wav,2,0.6446,0.1997,0.1089,0.0341,0.0128,0.3331,0.3333,0.3337,0.7523,0.156,0.0662,0.019,0.0065,0.0498,0.1408,0.8094,0.64,0.3185,0.0415,0.1434,0.1445,0.1882,0.1909,0.333,0.9952,0.0039,0.0008
896,Chèo,cheo/audio_7_043.wav,1,0.0846,0.1713,0.0999,0.3144,0.3298,0.3341,0.3332,0.3327,0.9675,0.0235,0.007,0.0015,0.0005,0.029,0.9484,0.0226,0.996,0.0032,0.0008,0.1796,0.1819,0.2423,0.2437,0.1525,0.8578,0.1253,0.0169
897,Chèo,cheo/audio_7_043.wav,2,0.0803,0.1626,0.0968,0.3104,0.35,0.3346,0.3331,0.3323,0.9539,0.0335,0.0099,0.0021,0.0006,0.0079,0.9849,0.0072,0.996,0.0032,0.0008,0.1603,0.1629,0.2462,0.2496,0.181,0.9475,0.0419,0.0106
898,Chèo,cheo/audio_3_198.wav,1,0.4502,0.3655,0.1011,0.0606,0.0226,0.3322,0.3335,0.3343,0.5975,0.336,0.0558,0.0085,0.0022,0.0476,0.7241,0.2284,0.0067,0.9844,0.0089,0.2411,0.2396,0.1964,0.1943,0.1285,0.5137,0.4479,0.0384
899,Chèo,cheo/audio_3_198.wav,2,0.1707,0.6815,0.082,0.0499,0.0158,0.3321,0.3336,0.3343,0.0612,0.1179,0.3147,0.474,0.0322,0.0481,0.7139,0.238,0.0542,0.7019,0.2439,0.2473,0.2457,0.1959,0.1935,0.1176,0.0115,0.9833,0.0052
900,Chèo,cheo/audio_4_013.wav,1,0.0618,0.0631,0.816,0.0397,0.0194,0.3317,0.3346,0.3337,0.0098,0.976,0.013,0.001,0.0002,0.6103,0.338,0.0518,0.0263,0.1483,0.8254,0.2317,0.2314,0.2061,0.2042,0.1266,0.2272,0.7365,0.0363
901,Chèo,cheo/audio_4_013.wav,2,0.3598,0.2216,0.3513,0.0489,0.0183,0.3313,0.3336,0.3351,0.0078,0.9809,0.0104,0.0008,0.0002,0.0467,0.8963,0.0571,0.2741,0.6756,0.0503,0.2454,0.244,0.1976,0.1952,0.1178,0.0937,0.8825,0.0238
902,Chèo,cheo/audio_6_127.wav,1,0.1051,0.3652,0.4388,0.0701,0.0207,0.3325,0.3336,0.3339,0.0357,0.1601,0.7853,0.016,0.0029,0.2923,0.631,0.0767,0.0372,0.9449,0.0179,0.2429,0.2412,0.1943,0.1922,0.1293,0.0716,0.5166,0.4118
903,Chèo,cheo/audio_6_127.wav,2,0.6773,0.1379,0.1424,0.0304,0.012,0.3321,0.3336,0.3342,0.0646,0.1468,0.5893,0.1804,0.0188,0.0959,0.8438,0.0603,0.0422,0.1103,0.8475,0.2059,0.2065,0.2134,0.213,0.1611,0.0008,0.0026,0.9966
904,Chèo,cheo/audio_12_071.wav,1,0.0558,0.6879,0.0636,0.1613,0.0314,0.336,0.3329,0.3311,0.1663,0.769,0.0567,0.0065,0.0016,0.341,0.5988,0.0603,0.0372,0.9449,0.0179,0.2421,0.2417,0.2051,0.2025,0.1087,0.9023,0.0854,0.0123
905,Chèo,cheo/audio_12_071.wav,2,0.8626,0.0624,0.0462,0.0197,0.0092,0.3344,0.3332,0.3324,0.6533,0.2195,0.0926,0.0257,0.0089,0.0508,0.9215,0.0277,0.0021,0.0073,0.9906,0.2324,0.2313,0.1983,0.1966,0.1414,0.7876,0.1572,0.0552
906,Chèo,cheo/audio_7_017.wav,1,0.0275,0.0747,0.0665,0.5253,0.3059,0.3347,0.3332,0.3321,0.1513,0.7265,0.1086,0.011,0.0026,0.9721,0.0223,0.0055,0.2741,0.6756,0.0503,0.1415,0.143,0.1963,0.1995,0.3196,0.9913,0.0074,0.0013
907,Chèo,cheo/audio_7_017.wav,2,0.0612,0.1432,0.08,0.3585,0.357,0.335,0.333,0.332,0.034,0.0917,0.8179,0.0503,0.0062,0.0962,0.8558,0.0479,0.0021,0.0073,0.9906,0.1891,0.1903,0.2182,0.2189,0.1834,0.0426,0.8837,0.0737
908,Chèo,cheo/audio_8_019.wav,1,0.0535,0.1233,0.0728,0.3344,0.4159,0.335,0.333,0.332,0.0775,0.5657,0.3381,0.0155,0.0031,0.3448,0.5929,0.0623,0.996,0.0032,0.0008,0.1967,0.1977,0.2149,0.2151,0.1755,0.0011,0.0037,0.9951
909,Chèo,cheo/audio_8_019.wav,2,0.0624,0.1313,0.0816,0.299,0.4258,0.3348,0.3331,0.3321,0.0499,0.1234,0.7123,0.103,0.0115,0.1275,0.8229,0.0496,0.0021,0.0073,0.9906,0.174,0.175,0.204,0.2055,0.2415,0.0493,0.1112,0.8395
910,Chèo,cheo/audio_10_004.wav,1,0.0473,0.7114,0.0594,0.1545,0.0274,0.3338,0.3333,0.333,0.0154,0.0796,0.8976,0.0063,0.0011,0.0275,0.9093,0.0632,0.9336,0.0507,0.0157,0.1668,0.1686,0.2245,0.227,0.2131,0.7084,0.2626,0.029
911,Chèo,cheo/audio_10_004.wav,2,0.0137,0.0606,0.0234,0.8644,0.038,0.3337,0.3332,0.333,0.4942,0.4451,0.0514,0.0073,0.0019,0.0516,0.6193,0.3291,0.969,0.0242,0.0069,0.2189,0.2188,0.2053,0.2042,0.1528,0.8468,0.1353,0.0179
912,Chèo,cheo/audio_1_069.wav,1,0.867,0.0493,0.0632,0.0142,0.0062,0.3319,0.3337,0.3344,0.5562,0.386,0.0487,0.0071,0.0019,0.9192,0.0602,0.0206,0.0021,0.0073,0.9906,0.2399,0.2383,0.195,0.193,0.1338,0.0073,0.9863,0.0065
913,Chèo,cheo/audio_1_069.wav,2,0.2062,0.1195,0.5754,0.0648,0.0341,0.3331,0.3335,0.3334,0.0317,0.0557,0.1252,0.761,0.0263,0.0195,0.1065,0.874,0.8965,0.0877,0.0157,0.227,0.2265,0.2039,0.2024,0.1402,0.493,0.468,0.0389
914,Chèo,cheo/audio_7_090.wav,1,0.0612,0.1383,0.0802,0.3376,0.3827,0.3342,0.3331,0.3327,0.0041,0.0148,0.9779,0.0028,0.0004,0.0736,0.8759,0.0505,0.9905,0.0078,0.0017,0.2382,0.2385,0.2121,0.2093,0.1018,0.9124,0.0764,0.0112
915,Chèo,cheo/audio_7_090.wav,2,0.003,0.0069,0.0054,0.0287,0.956,0.3341,0.3331,0.3328,0.059,0.2438,0.6713,0.022,0.0039,0.2717,0.6641,0.0641,0.0021,0.0073,0.9906,0.2351,0.235,0.209,0.2067,0.1141,0.8243,0.1557,0.02
916,Chèo,cheo/audio_8_052.wav,1,0.0195,0.0566,0.0414,0.6224,0.26,0.3345,0.3332,0.3323,0.0932,0.2596,0.5732,0.0621,0.012,0.0416,0.7864,0.172,0.969,0.0242,0.0069,0.192,0.1927,0.2098,0.2102,0.1953,0.0013,0.0041,0.9945
917,Chèo,cheo/audio_8_052.wav,2,0.0468,0.5992,0.0713,0.2481,0.0346,0.3344,0.3333,0.3324,0.0316,0.183,0.7727,0.0107,0.002,0.0587,0.7542,0.1871,0.0021,0.0073,0.9906,0.2047,0.2064,0.2291,0.2284,0.1314,0.033,0.919,0.0481
918,Chèo,cheo/audio_5_062.wav,1,0.0586,0.847,0.0417,0.0412,0.0114,0.3349,0.333,0.3321,0.1249,0.5431,0.3049,0.0225,0.0047,0.0069,0.026,0.967,0.0422,0.1103,0.8475,0.165,0.1664,0.2108,0.2129,0.2449,0.9995,0.0004,0.0001
919,Chèo,cheo/audio_5_062.wav,2,0.03,0.1745,0.0728,0.6785,0.0443,0.3345,0.333,0.3325,0.9535,0.0369,0.0078,0.0014,0.0004,0.0059,0.022,0.9721,0.9905,0.0078,0.0017,0.1936,0.1944,0.2123,0.2127,0.187,0.9508,0.0393,0.0099
920,Chèo,cheo/audio_6_002.wav,1,0.0837,0.1655,0.6915,0.0446,0.0147,0.3352,0.3333,0.3315,0.043,0.0533,0.0681,0.1414,0.6941,0.0453,0.3241,0.6306,0.0021,0.0073,0.9906,0.202,0.2026,0.2113,0.2111,0.1729,0.2213,0.2992,0.4795
921,Chèo,cheo/audio_6_002.wav,2,0.2417,0.5112,0.1757,0.0539,0.0175,0.3337,0.3335,0.3328,0.0977,0.1175,0.142,0.2235,0.4193,0.0349,0.1423,0.8228,0.0422,0.1103,0.8475,0.2085,0.2086,0.2047,0.2043,0.1739,0.229,0.3032,0.4678
922,Chèo,cheo/audio_0_094.wav,1,0.0155,0.04,0.0292,0.2452,0.67,0.334,0.3331,0.3329,0.527,0.4083,0.0547,0.0079,0.0021,0.048,0.441,0.511,0.9905,0.0078,0.0017,0.2151,0.2167,0.2281,0.2264,0.1137,0.9994,0.0005,0.0001
923,Chèo,cheo/audio_0_094.wav,2,0.0438,0.1036,0.0629,0.324,0.4657,0.3335,0.3331,0.3334,0.179,0.7059,0.1014,0.011,0.0026,0.0154,0.0804,0.9042,0.0422,0.1103,0.8475,0.2075,0.2081,0.2133,0.2129,0.1581,0.8684,0.1011,0.0305
924,Chèo,cheo/audio_8_081.wav,1,0.021,0.0561,0.0374,0.3645,0.5211,0.3342,0.3332,0.3326,0.046,0.1938,0.7351,0.0211,0.0039,0.0494,0.7472,0.2033,0.9905,0.0078,0.0017,0.2059,0.2064,0.2116,0.2112,0.1648,0.0012,0.004,0.9949
925,Chèo,cheo/audio_8_081.wav,2,0.0202,0.0598,0.0372,0.6245,0.2584,0.3339,0.3332,0.3329,0.0653,0.2945,0.6108,0.0246,0.0048,0.0266,0.9144,0.0589,0.9905,0.0078,0.0017,0.189,0.1898,0.2099,0.2105,0.2008,0.004,0.0116,0.9845
926,Chèo,cheo/audio_4_068.wav,1,0.4994,0.1476,0.2955,0.0408,0.0167,0.3324,0.3331,0.3345,0.0587,0.5153,0.4094,0.0138,0.0028,0.0717,0.4229,0.5053,0.2741,0.6756,0.0503,0.2214,0.2221,0.2161,0.2145,0.1259,0.0145,0.9704,0.0151
927,Chèo,cheo/audio_4_068.wav,2,0.1503,0.0965,0.7023,0.0357,0.0151,0.3335,0.3334,0.3331,0.0112,0.9697,0.0177,0.0012,0.0003,0.0129,0.9671,0.02,0.969,0.0242,0.0069,0.227,0.2288,0.2272,0.2242,0.0927,0.4197,0.5402,0.0401
928,Chèo,cheo/audio_1_145.wav,1,0.7691,0.0767,0.1122,0.0283,0.0138,0.3332,0.3334,0.3335,0.4484,0.4768,0.0636,0.0089,0.0023,0.1405,0.8005,0.059,0.64,0.3185,0.0415,0.2386,0.2371,0.1966,0.1947,0.1331,0.0264,0.9392,0.0344
929,Chèo,cheo/audio_1_145.wav,2,0.168,0.1112,0.6242,0.0632,0.0334,0.3321,0.3337,0.3342,0.5711,0.3652,0.0533,0.0081,0.0022,0.0288,0.9499,0.0213,0.64,0.3185,0.0415,0.235,0.2337,0.1965,0.1948,0.1401,0.0269,0.9377,0.0354
930,Chèo,cheo/audio_3_142.wav,1,0.1347,0.1399,0.5183,0.1245,0.0826,0.3319,0.3337,0.3344,0.1983,0.599,0.175,0.0219,0.0056,0.08,0.7099,0.2102,0.0067,0.9844,0.0089,0.242,0.2404,0.1955,0.1934,0.1287,0.0015,0.0053,0.9932
931,Chèo,cheo/audio_3_142.wav,2,0.1348,0.161,0.241,0.2068,0.2563,0.3338,0.3334,0.3328,0.0745,0.1611,0.518,0.2217,0.0246,0.0514,0.7857,0.1629,0.969,0.0242,0.0069,0.2274,0.2267,0.201,0.1996,0.1453,0.1134,0.2073,0.6794
932,Chèo,cheo/audio_0_075.wav,1,0.0304,0.1867,0.071,0.6685,0.0434,0.3351,0.3332,0.3317,0.029,0.039,0.0566,0.2372,0.6382,0.1128,0.827,0.0602,0.0021,0.0073,0.9906,0.199,0.1995,0.2081,0.2082,0.1852,0.0276,0.9358,0.0366
933,Chèo,cheo/audio_0_075.wav,2,0.0416,0.3477,0.0839,0.4829,0.0439,0.3343,0.3332,0.3325,0.0934,0.6905,0.198,0.0147,0.0034,0.0622,0.7993,0.1385,0.0021,0.0073,0.9906,0.24,0.2391,0.2018,0.1995,0.1195,0.0728,0.5826,0.3447
934,Chèo,cheo/audio_4_161.wav,1,0.469,0.1544,0.3173,0.0421,0.0172,0.3326,0.3332,0.3342,0.055,0.5655,0.365,0.012,0.0024,0.0534,0.5353,0.4113,0.8674,0.0982,0.0344,0.248,0.2467,0.1986,0.1959,0.1107,0.0313,0.141,0.8277
935,Chèo,cheo/audio_4_161.wav,2,0.0022,0.0029,0.9928,0.0015,0.0006,0.3332,0.3332,0.3337,0.0739,0.2463,0.6317,0.0404,0.0077,0.0849,0.741,0.1741,0.8674,0.0982,0.0344,0.1924,0.1928,0.2039,0.2043,0.2066,0.0262,0.0654,0.9084
936,Chèo,cheo/audio_3_043.wav,1,0.5085,0.2163,0.2163,0.0428,0.0161,0.3307,0.3337,0.3355,0.0459,0.9275,0.0237,0.0024,0.0006,0.0539,0.5811,0.3649,0.8965,0.0877,0.0157,0.2644,0.2615,0.1869,0.1838,0.1033,0.0155,0.9681,0.0165
937,Chèo,cheo/audio_3_043.wav,2,0.5624,0.2807,0.0975,0.0434,0.016,0.3318,0.3335,0.3346,0.1145,0.8337,0.0456,0.005,0.0012,0.0449,0.7617,0.1934,0.0067,0.9844,0.0089,0.2635,0.2609,0.189,0.1858,0.1008,0.1088,0.8652,0.0259
938,Chèo,cheo/audio_12_086.wav,1,0.0492,0.3267,0.0704,0.4941,0.0596,0.3327,0.3334,0.3339,0.1847,0.6135,0.1754,0.021,0.0053,0.0292,0.1571,0.8137,0.0021,0.0073,0.9906,0.2073,0.2082,0.2174,0.2168,0.1503,0.9386,0.0488,0.0127
939,Chèo,cheo/audio_12_086.wav,2,0.0109,0.9502,0.0158,0.0192,0.0039,0.3341,0.3331,0.3327,0.0443,0.2626,0.6756,0.0146,0.0028,0.0449,0.1851,0.7701,0.0263,0.1483,0.8254,0.2135,0.2136,0.2064,0.2056,0.161,0.8804,0.1049,0.0146
940,Chèo,cheo/audio_8_068.wav,1,0.0547,0.5461,0.1446,0.2199,0.0348,0.3337,0.3334,0.3328,0.0633,0.1384,0.555,0.2242,0.0191,0.0199,0.9581,0.0219,0.0542,0.7019,0.2439,0.1814,0.1822,0.2053,0.2063,0.2248,0.0173,0.0703,0.9124
941,Chèo,cheo/audio_8_068.wav,2,0.0137,0.0695,0.0246,0.8621,0.0301,0.3333,0.3334,0.3333,0.0616,0.318,0.5984,0.0185,0.0035,0.0195,0.9371,0.0433,0.0263,0.1483,0.8254,0.2277,0.2275,0.207,0.2054,0.1324,0.9881,0.0101,0.0018
942,Chèo,cheo/audio_6_171.wav,1,0.9971,0.0013,0.0011,0.0003,0.0002,0.3322,0.3335,0.3343,0.5418,0.3865,0.0599,0.0092,0.0025,0.2078,0.7357,0.0565,0.0067,0.9844,0.0089,0.2321,0.231,0.1973,0.1957,0.1438,0.0531,0.8342,0.1127
943,Chèo,cheo/audio_6_171.wav,2,0.9574,0.0182,0.0163,0.0056,0.0026,0.3329,0.3329,0.3342,0.6625,0.2883,0.0412,0.0063,0.0017,0.3905,0.5487,0.0608,0.0422,0.1103,0.8475,0.234,0.2328,0.1975,0.1958,0.1399,0.0103,0.985,0.0047
944,Chèo,cheo/audio_8_053.wav,1,0.0139,0.0152,0.9602,0.0075,0.0032,0.334,0.3331,0.3328,0.271,0.5153,0.1834,0.0245,0.0058,0.019,0.0617,0.9193,0.0067,0.9844,0.0089,0.1516,0.1526,0.1911,0.1934,0.3114,0.8782,0.094,0.0278
945,Chèo,cheo/audio_8_053.wav,2,0.0115,0.0409,0.0205,0.866,0.0611,0.3352,0.333,0.3318,0.0633,0.1412,0.5966,0.1819,0.0169,0.326,0.6,0.074,0.0067,0.9844,0.0089,0.1598,0.1608,0.1968,0.1988,0.2838,0.0017,0.9974,0.0009
946,Chèo,cheo/audio_6_122.wav,1,0.0706,0.2736,0.5069,0.1182,0.0308,0.3323,0.3336,0.3341,0.0924,0.6857,0.2037,0.0148,0.0034,0.0377,0.8217,0.1406,0.996,0.0032,0.0008,0.2236,0.2229,0.2003,0.1991,0.1541,0.0011,0.0039,0.995
947,Chèo,cheo/audio_6_122.wav,2,0.0777,0.1506,0.4756,0.1997,0.0963,0.3323,0.3337,0.3341,0.0125,0.0431,0.9333,0.0096,0.0015,0.0251,0.9147,0.0602,0.9905,0.0078,0.0017,0.2357,0.2344,0.197,0.1952,0.1378,0.0277,0.0685,0.9038
948,Chèo,cheo/audio_3_052.wav,1,0.1466,0.163,0.3384,0.1826,0.1694,0.3338,0.3333,0.3329,0.0284,0.0494,0.1135,0.7887,0.0201,0.0309,0.2096,0.7595,0.996,0.0032,0.0008,0.2542,0.2521,0.192,0.1893,0.1123,0.0048,0.9927,0.0024
949,Chèo,cheo/audio_3_052.wav,2,0.3189,0.1265,0.4878,0.0462,0.0205,0.3328,0.3332,0.334,0.064,0.1554,0.6488,0.1167,0.0151,0.0605,0.5619,0.3776,0.0542,0.7019,0.2439,0.231,0.2301,0.2001,0.1985,0.1404,0.036,0.0859,0.8781
950,Chèo,cheo/audio_6_176.wav,1,0.6702,0.0974,0.1797,0.0357,0.017,0.3333,0.3331,0.3336,0.4814,0.4574,0.0519,0.0073,0.0019,0.1762,0.7684,0.0554,0.0263,0.1483,0.8254,0.2339,0.2328,0.1984,0.1967,0.1383,0.6449,0.3222,0.0328
951,Chèo,cheo/audio_6_176.wav,2,0.0153,0.9386,0.0238,0.0182,0.0042,0.3333,0.3335,0.3332,0.0469,0.1853,0.7442,0.0201,0.0035,0.0437,0.8226,0.1337,0.0372,0.9449,0.0179,0.1453,0.1466,0.1916,0.1943,0.3222,0.0014,0.9976,0.001
952,Chèo,cheo/audio_0_066.wav,1,0.0922,0.6302,0.1984,0.0622,0.0171,0.3342,0.3332,0.3326,0.8932,0.0854,0.0174,0.0031,0.0009,0.0082,0.9827,0.0091,0.0542,0.7019,0.2439,0.2646,0.2622,0.1906,0.1872,0.0954,0.9962,0.0031,0.0007
953,Chèo,cheo/audio_0_066.wav,2,0.0536,0.1132,0.7038,0.0947,0.0347,0.3349,0.3331,0.332,0.0251,0.0981,0.8599,0.0144,0.0025,0.0141,0.9723,0.0135,0.0542,0.7019,0.2439,0.2553,0.2534,0.1937,0.1908,0.1068,0.0583,0.8029,0.1388
954,Chèo,cheo/audio_0_062.wav,1,0.0398,0.7648,0.0853,0.0927,0.0174,0.3318,0.3336,0.3346,0.0228,0.0671,0.8826,0.0242,0.0033,0.0229,0.9344,0.0427,0.8965,0.0877,0.0157,0.2382,0.2375,0.2026,0.2004,0.1213,0.0736,0.9059,0.0205
955,Chèo,cheo/audio_0_062.wav,2,0.0241,0.8713,0.0342,0.0594,0.011,0.3323,0.3334,0.3343,0.0104,0.0374,0.9445,0.0067,0.0011,0.019,0.9483,0.0327,0.8965,0.0877,0.0157,0.2539,0.2524,0.1967,0.1937,0.1035,0.6471,0.3202,0.0327
956,Chèo,cheo/audio_5_012.wav,1,0.0106,0.0527,0.0196,0.893,0.0242,0.3335,0.3333,0.3332,0.0004,0.0016,0.9977,0.0002,0.0,0.0363,0.8478,0.1159,0.2741,0.6756,0.0503,0.2024,0.2049,0.2419,0.2409,0.1099,0.0333,0.152,0.8147
957,Chèo,cheo/audio_5_012.wav,2,0.0268,0.1395,0.0432,0.7386,0.0519,0.3338,0.3334,0.3328,0.1235,0.2117,0.4062,0.2275,0.0312,0.0792,0.6841,0.2367,0.0263,0.1483,0.8254,0.149,0.1501,0.1909,0.1933,0.3167,0.9451,0.0438,0.0112
958,Chèo,cheo/audio_4_109.wav,1,0.1653,0.6743,0.0787,0.062,0.0197,0.3311,0.3337,0.3352,0.0013,0.0054,0.9925,0.0007,0.0001,0.0552,0.8176,0.1271,0.64,0.3185,0.0415,0.1976,0.1982,0.2089,0.2091,0.1863,0.0296,0.9297,0.0407
959,Chèo,cheo/audio_4_109.wav,2,0.0179,0.0187,0.9512,0.0086,0.0036,0.3321,0.3335,0.3344,0.0486,0.3159,0.6179,0.0147,0.0029,0.0598,0.7627,0.1775,0.0263,0.1483,0.8254,0.1988,0.1995,0.2122,0.2122,0.1773,0.0612,0.9206,0.0182
960,Chèo,cheo/audio_6_150.wav,1,0.0646,0.0531,0.8503,0.0224,0.0096,0.3323,0.3336,0.3342,0.8758,0.1003,0.0196,0.0034,0.0009,0.9777,0.0177,0.0047,0.996,0.0032,0.0008,0.2368,0.2353,0.1957,0.1939,0.1383,0.0581,0.9243,0.0176
961,Chèo,cheo/audio_6_150.wav,2,0.3799,0.1274,0.4142,0.053,0.0255,0.3331,0.3335,0.3334,0.6766,0.2614,0.0508,0.0087,0.0025,0.9986,0.0011,0.0003,0.0067,0.9844,0.0089,0.2319,0.2308,0.1985,0.1969,0.142,0.2492,0.7134,0.0374
962,Chèo,cheo/audio_8_046.wav,1,0.0071,0.0242,0.0144,0.9091,0.0452,0.3345,0.3332,0.3323,0.1209,0.3805,0.4445,0.0443,0.0097,0.0449,0.8305,0.1245,0.0422,0.1103,0.8475,0.1946,0.1951,0.2051,0.2054,0.1998,0.0829,0.1665,0.7506
963,Chèo,cheo/audio_8_046.wav,2,0.0087,0.029,0.0182,0.8852,0.0589,0.3341,0.3332,0.3326,0.0719,0.165,0.5859,0.1576,0.0196,0.045,0.7528,0.2023,0.969,0.0242,0.0069,0.1806,0.1814,0.2059,0.207,0.225,0.0093,0.0257,0.965
964,Chèo,cheo/audio_0_012.wav,1,0.0451,0.6316,0.0917,0.2023,0.0293,0.334,0.3333,0.3327,0.5981,0.3249,0.0642,0.0101,0.0027,0.991,0.007,0.002,0.0263,0.1483,0.8254,0.1991,0.1993,0.2036,0.2037,0.1942,0.9837,0.0133,0.003
965,Chèo,cheo/audio_0_012.wav,2,0.0077,0.0265,0.0171,0.9042,0.0444,0.3339,0.3333,0.3328,0.0649,0.1873,0.6834,0.055,0.0094,0.0704,0.7692,0.1604,0.0542,0.7019,0.2439,0.1932,0.1937,0.206,0.2064,0.2007,0.0658,0.7416,0.1926
966,Chèo,cheo/audio_8_045.wav,1,0.0272,0.0742,0.0452,0.4379,0.4156,0.3346,0.3332,0.3321,0.0966,0.2692,0.5606,0.0616,0.0121,0.025,0.9145,0.0605,0.0021,0.0073,0.9906,0.188,0.1887,0.2075,0.2081,0.2078,0.0343,0.0823,0.8834
967,Chèo,cheo/audio_8_045.wav,2,0.0338,0.8109,0.0446,0.0937,0.017,0.3345,0.3331,0.3324,0.0481,0.881,0.065,0.0048,0.0011,0.0366,0.8936,0.0698,0.0422,0.1103,0.8475,0.2324,0.2338,0.2225,0.2194,0.092,0.0706,0.4908,0.4386
968,Chèo,cheo/audio_1_100.wav,1,0.1382,0.0875,0.7215,0.0365,0.0163,0.3338,0.3334,0.3328,0.0358,0.1907,0.7587,0.0125,0.0023,0.9552,0.0341,0.0107,0.0067,0.9844,0.0089,0.2337,0.2326,0.1982,0.1965,0.139,0.491,0.47,0.039
969,Chèo,cheo/audio_1_100.wav,2,0.9184,0.0403,0.0286,0.009,0.0037,0.3342,0.3334,0.3324,0.5509,0.3901,0.0497,0.0073,0.002,0.8396,0.1344,0.026,0.0542,0.7019,0.2439,0.2462,0.2443,0.1935,0.1912,0.1248,0.4743,0.4864,0.0394
970,Chèo,cheo/audio_1_064.wav,1,0.5275,0.1405,0.2762,0.0394,0.0163,0.3322,0.3334,0.3344,0.0442,0.1245,0.785,0.0405,0.0058,0.031,0.9499,0.0191,0.64,0.3185,0.0415,0.2579,0.2555,0.191,0.1881,0.1074,0.8575,0.1256,0.0169
971,Chèo,cheo/audio_1_064.wav,2,0.4419,0.3468,0.1474,0.0473,0.0167,0.3332,0.3334,0.3334,0.0493,0.7383,0.2019,0.0087,0.0018,0.0094,0.9746,0.016,0.8398,0.1172,0.043,0.2494,0.2477,0.196,0.1934,0.1135,0.8135,0.1655,0.0209
972,Chèo,cheo/audio_3_008.wav,1,0.1087,0.153,0.3488,0.2067,0.1829,0.3316,0.3336,0.3348,0.1654,0.3919,0.3702,0.0582,0.0142,0.0919,0.501,0.4071,0.8398,0.1172,0.043,0.2027,0.2029,0.2033,0.2031,0.188,0.003,0.0107,0.9863
973,Chèo,cheo/audio_3_008.wav,2,0.0864,0.1491,0.4442,0.2015,0.1188,0.3326,0.3335,0.3339,0.0413,0.1221,0.7894,0.0411,0.0063,0.0875,0.6454,0.267,0.0021,0.0073,0.9906,0.2341,0.233,0.1995,0.1977,0.1358,0.0508,0.2663,0.683
974,Chèo,cheo/audio_4_180.wav,1,0.744,0.1255,0.0747,0.0383,0.0176,0.3346,0.3331,0.3322,0.0358,0.0504,0.0793,0.6742,0.1602,0.0072,0.0342,0.9585,0.0542,0.7019,0.2439,0.2152,0.2155,0.211,0.21,0.1483,0.0002,0.9997,0.0001
975,Chèo,cheo/audio_4_180.wav,2,0.2372,0.4301,0.2562,0.0576,0.0189,0.3308,0.3337,0.3355,0.8778,0.0998,0.0184,0.0031,0.0009,0.035,0.1971,0.7679,0.0542,0.7019,0.2439,0.2097,0.2101,0.2102,0.2095,0.1606,0.8101,0.1686,0.0212
976,Chèo,cheo/audio_6_174.wav,1,0.7243,0.0857,0.1465,0.0297,0.0138,0.3312,0.3334,0.3353,0.2625,0.6688,0.0591,0.0076,0.002,0.1295,0.825,0.0455,0.0021,0.0073,0.9906,0.239,0.2375,0.1958,0.1939,0.1338,0.0635,0.7637,0.1728
977,Chèo,cheo/audio_6_174.wav,2,0.8934,0.0391,0.049,0.0126,0.0058,0.3316,0.3334,0.3351,0.579,0.3615,0.05,0.0075,0.0021,0.3499,0.5864,0.0637,0.64,0.3185,0.0415,0.2399,0.2385,0.1964,0.1944,0.1308,0.1402,0.8302,0.0296
978,Chèo,cheo/audio_12_088.wav,1,0.0384,0.0905,0.0567,0.2979,0.5164,0.3316,0.3336,0.3348,0.0596,0.8651,0.0686,0.0055,0.0012,0.0528,0.4907,0.4565,0.0422,0.1103,0.8475,0.2521,0.2523,0.208,0.2041,0.0835,0.9801,0.0162,0.0037
979,Chèo,cheo/audio_12_088.wav,2,0.0661,0.1562,0.0841,0.3701,0.3236,0.3319,0.3335,0.3346,0.9969,0.0023,0.0006,0.0001,0.0,0.0431,0.7869,0.17,0.9905,0.0078,0.0017,0.2305,0.2302,0.2065,0.2046,0.1282,0.973,0.0219,0.0052
980,Chèo,cheo/audio_6_079.wav,1,0.5682,0.1611,0.2178,0.0379,0.0149,0.333,0.3333,0.3337,0.0117,0.9697,0.0172,0.0012,0.0003,0.1277,0.8233,0.049,0.0372,0.9449,0.0179,0.206,0.2066,0.2136,0.2132,0.1606,0.0073,0.9892,0.0035
981,Chèo,cheo/audio_6_079.wav,2,0.9024,0.0437,0.0392,0.0104,0.0043,0.3328,0.3336,0.3336,0.0633,0.1452,0.6403,0.1368,0.0144,0.1416,0.8065,0.0519,0.0372,0.9449,0.0179,0.2596,0.2569,0.1881,0.1853,0.1101,0.0207,0.0864,0.8929
982,Chèo,cheo/audio_3_206.wav,1,0.1483,0.3961,0.3728,0.0631,0.0197,0.333,0.3336,0.3335,0.1919,0.6183,0.1646,0.0201,0.0052,0.9468,0.0432,0.01,0.9905,0.0078,0.0017,0.2513,0.249,0.1913,0.1889,0.1195,0.0546,0.2969,0.6485
983,Chèo,cheo/audio_3_206.wav,2,0.0049,0.0063,0.9842,0.0033,0.0014,0.3322,0.3337,0.3341,0.0477,0.3311,0.6046,0.0139,0.0027,0.6149,0.3332,0.0518,0.0422,0.1103,0.8475,0.2465,0.2445,0.1929,0.1906,0.1255,0.0001,0.0004,0.9994
984,Chèo,cheo/audio_6_005.wav,1,0.4977,0.1405,0.3039,0.0408,0.017,0.3333,0.3334,0.3332,0.1721,0.7589,0.0599,0.0072,0.0018,0.032,0.8732,0.0948,0.0372,0.9449,0.0179,0.2612,0.259,0.192,0.1888,0.0989,0.3622,0.5977,0.0402
985,Chèo,cheo/audio_6_005.wav,2,0.1466,0.2276,0.5569,0.0514,0.0175,0.3337,0.3333,0.333,0.0754,0.1598,0.5477,0.1977,0.0195,0.0333,0.8568,0.1099,0.0372,0.9449,0.0179,0.2598,0.2578,0.1932,0.19,0.0991,0.9166,0.0655,0.0179
986,Chèo,cheo/audio_3_019.wav,1,0.032,0.0307,0.9159,0.0149,0.0065,0.3289,0.3339,0.3371,0.0651,0.1351,0.4675,0.3097,0.0227,0.3407,0.5976,0.0618,0.2741,0.6756,0.0503,0.2541,0.2517,0.1901,0.1876,0.1165,0.0476,0.2429,0.7095
987,Chèo,cheo/audio_3_019.wav,2,0.1673,0.153,0.4536,0.1322,0.0939,0.3321,0.3333,0.3347,0.5512,0.384,0.0543,0.0082,0.0022,0.1365,0.8143,0.0493,0.0067,0.9844,0.0089,0.2536,0.2513,0.1912,0.1886,0.1154,0.0609,0.3548,0.5843
988,Chèo,cheo/audio_8_011.wav,1,0.0267,0.0752,0.0449,0.4936,0.3596,0.3329,0.3338,0.3333,0.9149,0.0682,0.0138,0.0024,0.0007,0.026,0.9031,0.0709,0.9905,0.0078,0.0017,0.252,0.2506,0.1976,0.1946,0.1052,0.1148,0.8586,0.0267
989,Chèo,cheo/audio_8_011.wav,2,0.0393,0.1165,0.0583,0.5449,0.2409,0.3338,0.3336,0.3326,0.1265,0.7089,0.1487,0.013,0.0029,0.0146,0.9553,0.0301,0.0067,0.9844,0.0089,0.2297,0.2292,0.2044,0.2027,0.134,0.2875,0.6737,0.0388
990,Chèo,cheo/audio_6_116.wav,1,0.365,0.1268,0.431,0.0522,0.025,0.3324,0.3336,0.3341,0.0831,0.4601,0.4299,0.0222,0.0047,0.263,0.6624,0.0746,0.0067,0.9844,0.0089,0.2305,0.2296,0.2003,0.1988,0.1408,0.028,0.0692,0.9028
991,Chèo,cheo/audio_6_116.wav,2,0.6015,0.1124,0.233,0.0367,0.0164,0.3332,0.3336,0.3333,0.2074,0.4856,0.2587,0.0383,0.01,0.1869,0.7251,0.088,0.9336,0.0507,0.0157,0.2126,0.2124,0.2029,0.2022,0.1699,0.0154,0.0613,0.9234
992,Chèo,cheo/audio_1_103.wav,1,0.1361,0.1368,0.5346,0.1169,0.0756,0.3329,0.3335,0.3336,0.0195,0.0331,0.0719,0.8596,0.0159,0.1092,0.8488,0.0419,0.64,0.3185,0.0415,0.2461,0.2447,0.1982,0.1957,0.1153,0.7363,0.2366,0.0271
993,Chèo,cheo/audio_1_103.wav,2,0.6615,0.0989,0.1874,0.0355,0.0167,0.3331,0.3332,0.3336,0.063,0.1371,0.5355,0.2441,0.0202,0.9858,0.0112,0.003,0.64,0.3185,0.0415,0.2295,0.2287,0.2012,0.1996,0.1411,0.0459,0.2313,0.7228
994,Chèo,cheo/audio_6_155.wav,1,0.3828,0.127,0.4197,0.0482,0.0222,0.3336,0.3333,0.3331,0.0633,0.1369,0.527,0.2523,0.0206,0.0184,0.9502,0.0314,0.9336,0.0507,0.0157,0.2322,0.231,0.1974,0.1958,0.1435,0.0362,0.9078,0.0559
995,Chèo,cheo/audio_6_155.wav,2,0.1027,0.0975,0.696,0.0674,0.0364,0.3343,0.3326,0.3331,0.0614,0.1195,0.3504,0.4426,0.0261,0.0065,0.9864,0.0071,0.996,0.0032,0.0008,0.2419,0.2402,0.1946,0.1926,0.1307,0.0134,0.0528,0.9338
996,Chèo,cheo/audio_3_087.wav,1,0.0365,0.9036,0.0335,0.0207,0.0057,0.3318,0.3335,0.3347,0.1125,0.326,0.4966,0.0536,0.0113,0.0419,0.1505,0.8076,0.8989,0.0759,0.0252,0.2407,0.2396,0.1995,0.1973,0.123,0.0406,0.8915,0.0679
997,Chèo,cheo/audio_3_087.wav,2,0.0299,0.9219,0.0245,0.0186,0.0051,0.3319,0.3335,0.3347,0.1226,0.5724,0.276,0.0236,0.0055,0.0308,0.1223,0.8469,0.8989,0.0759,0.0252,0.2469,0.2453,0.196,0.1936,0.1181,0.5147,0.447,0.0383
998,Chèo,cheo/audio_4_200.wav,1,0.2108,0.1372,0.5129,0.0876,0.0515,0.3324,0.3338,0.3338,0.068,0.1256,0.2929,0.4723,0.0413,0.0198,0.9389,0.0412,0.8398,0.1172,0.043,0.1887,0.1897,0.2138,0.2145,0.1933,0.0476,0.862,0.0904
999,Chèo,cheo/audio_4_200.wav,2,0.2579,0.118,0.5579,0.0457,0.0206,0.3327,0.3336,0.3337,0.0511,0.0976,0.2673,0.5566,0.0273,0.1604,0.7811,0.0585,0.0542,0.7019,0.2439,0.2427,0.2413,0.1976,0.1954,0.1231,0.0644,0.1375,0.7981
1000,Chèo,cheo/audio_4_231.wav,1,0.9309,0.0352,0.0225,0.0081,0.0034,0.3322,0.3335,0.3343,0.0087,0.0414,0.9452,0.004,0.0007,0.7622,0.2006,0.0372,0.8965,0.0877,0.0157,0.2212,0.2211,0.2069,0.2057,0.1451,0.0031,0.0108,0.9861
1001,Chèo,cheo/audio_4_231.wav,2,0.5102,0.1807,0.2514,0.0415,0.0162,0.3337,0.3332,0.3331,0.0441,0.0691,0.13,0.7182,0.0387,0.6124,0.3267,0.0609,0.0021,0.0073,0.9906,0.1853,0.1864,0.2135,0.2144,0.2005,0.9979,0.0018,0.0003
1002,Chèo,cheo/audio_4_069.wav,1,0.4802,0.1425,0.3184,0.0415,0.0173,0.3328,0.3332,0.334,0.0474,0.2107,0.7178,0.0203,0.0038,0.0655,0.5128,0.4217,0.0021,0.0073,0.9906,0.1922,0.1931,0.2108,0.2113,0.1926,0.0646,0.396,0.5394
1003,Chèo,cheo/audio_4_069.wav,2,0.0544,0.0557,0.8398,0.0339,0.0162,0.3335,0.3332,0.3333,0.0137,0.017,0.0219,0.0509,0.8965,0.0813,0.3565,0.5622,0.0021,0.0073,0.9906,0.1802,0.1809,0.203,0.2041,0.2317,0.1197,0.2148,0.6656
1004,Chèo,cheo/audio_3_029.wav,1,0.0597,0.0592,0.8515,0.0212,0.0083,0.3309,0.334,0.3351,0.0287,0.0812,0.8482,0.037,0.0049,0.3933,0.523,0.0837,0.2741,0.6756,0.0503,0.2328,0.2316,0.1972,0.1956,0.1427,0.0055,0.0156,0.9789
1005,Chèo,cheo/audio_3_029.wav,2,0.0798,0.2176,0.6259,0.0587,0.018,0.3317,0.3336,0.3347,0.0512,0.1268,0.706,0.1042,0.0118,0.2315,0.6837,0.0847,0.8965,0.0877,0.0157,0.2388,0.2373,0.1954,0.1935,0.1349,0.0108,0.0416,0.9476
1006,Chèo,cheo/audio_6_115.wav,1,0.7108,0.0919,0.144,0.0356,0.0177,0.3303,0.3337,0.336,0.0627,0.4285,0.4886,0.0169,0.0034,0.3125,0.6246,0.0629,0.2741,0.6756,0.0503,0.2482,0.2464,0.1949,0.1924,0.1181,0.0431,0.2119,0.745
1007,Chèo,cheo/audio_6_115.wav,2,0.2604,0.3508,0.3126,0.0568,0.0193,0.3313,0.3334,0.3353,0.0876,0.2506,0.6097,0.0444,0.0076,0.0194,0.0631,0.9175,0.0021,0.0073,0.9906,0.1515,0.1529,0.1998,0.2025,0.2932,0.2577,0.7045,0.0378
1008,Chèo,cheo/audio_6_111.wav,1,0.6418,0.213,0.097,0.0351,0.0131,0.3315,0.3337,0.3348,0.0607,0.7415,0.1863,0.0096,0.002,0.3216,0.6185,0.0599,0.64,0.3185,0.0415,0.2444,0.2431,0.1988,0.1964,0.1173,0.7864,0.1904,0.0232
1009,Chèo,cheo/audio_6_111.wav,2,0.0341,0.8695,0.0564,0.0322,0.0079,0.3334,0.3334,0.3333,0.0523,0.4496,0.4825,0.013,0.0026,0.1298,0.8245,0.0457,0.64,0.3185,0.0415,0.252,0.2505,0.1972,0.1943,0.106,0.4292,0.5307,0.0401
1010,Chèo,cheo/audio_8_066.wav,1,0.048,0.2599,0.067,0.5537,0.0715,0.3333,0.3332,0.3335,0.9541,0.0329,0.0101,0.0023,0.0007,0.0193,0.9622,0.0185,0.0021,0.0073,0.9906,0.2234,0.2236,0.2115,0.21,0.1314,0.9299,0.0554,0.0147
1011,Chèo,cheo/audio_8_066.wav,2,0.0072,0.0251,0.0138,0.9114,0.0425,0.3347,0.3332,0.3321,0.0054,0.0242,0.9673,0.0026,0.0004,0.0073,0.9838,0.009,0.2741,0.6756,0.0503,0.2494,0.2481,0.1984,0.1956,0.1085,0.0171,0.9758,0.0071
1012,Chèo,cheo/audio_1_006.wav,1,0.1661,0.1128,0.6199,0.0659,0.0353,0.3322,0.3332,0.3346,0.0573,0.1346,0.6664,0.1284,0.0133,0.2826,0.6568,0.0606,0.64,0.3185,0.0415,0.2556,0.2533,0.1909,0.1882,0.1119,0.0293,0.9306,0.0401
1013,Chèo,cheo/audio_1_006.wav,2,0.1616,0.1202,0.5973,0.0773,0.0436,0.3334,0.3328,0.3338,0.0567,0.8829,0.0543,0.0049,0.0012,0.05,0.8549,0.0951,0.0542,0.7019,0.2439,0.2494,0.2474,0.1933,0.1909,0.1189,0.0367,0.9062,0.0571
1014,Chèo,cheo/audio_12_090.wav,1,0.0471,0.1126,0.0665,0.3434,0.4304,0.3321,0.3334,0.3345,0.0409,0.1225,0.7913,0.0393,0.0061,0.0499,0.3092,0.6409,0.0067,0.9844,0.0089,0.2079,0.2088,0.2166,0.216,0.1508,0.0108,0.0295,0.9598
1015,Chèo,cheo/audio_12_090.wav,2,0.0634,0.1594,0.0815,0.4031,0.2926,0.3316,0.3335,0.3349,0.0433,0.1349,0.7881,0.0291,0.0045,0.0509,0.5078,0.4412,0.9905,0.0078,0.0017,0.2403,0.2403,0.2092,0.2065,0.1036,0.9997,0.0003,0.0001
1016,Chèo,cheo/audio_3_077.wav,1,0.9969,0.0014,0.0012,0.0004,0.0002,0.3325,0.3336,0.3339,0.0804,0.1801,0.5533,0.1639,0.0223,0.0733,0.892,0.0347,0.8965,0.0877,0.0157,0.2235,0.2229,0.202,0.2007,0.1509,0.031,0.9254,0.0437
1017,Chèo,cheo/audio_3_077.wav,2,0.1852,0.1159,0.5997,0.0648,0.0344,0.3338,0.3333,0.3329,0.0361,0.1771,0.7694,0.0146,0.0027,0.2041,0.7283,0.0676,0.2741,0.6756,0.0503,0.2305,0.2294,0.1975,0.196,0.1467,0.0015,0.0045,0.994
1018,Chèo,cheo/audio_3_037.wav,1,0.059,0.859,0.046,0.028,0.008,0.3318,0.3336,0.3346,0.1148,0.3348,0.4868,0.0525,0.0112,0.0428,0.2245,0.7327,0.8965,0.0877,0.0157,0.2457,0.2441,0.1962,0.1938,0.1201,0.0475,0.9371,0.0154
1019,Chèo,cheo/audio_3_037.wav,2,0.2201,0.5965,0.1176,0.0498,0.016,0.332,0.3334,0.3345,0.0385,0.0536,0.0819,0.4957,0.3304,0.0317,0.1899,0.7784,0.0422,0.1103,0.8475,0.2649,0.2622,0.1879,0.1847,0.1004,0.5354,0.4269,0.0377
1020,Chèo,cheo/audio_12_045.wav,1,0.0109,0.0365,0.025,0.8627,0.065,0.3347,0.333,0.3323,0.0267,0.0347,0.0483,0.1733,0.7169,0.0048,0.0178,0.9774,0.8965,0.0877,0.0157,0.2455,0.2449,0.2036,0.2008,0.1052,0.0008,0.9986,0.0006
1021,Chèo,cheo/audio_12_045.wav,2,0.0814,0.2858,0.0912,0.4168,0.1247,0.3357,0.3329,0.3314,0.6743,0.2773,0.0405,0.0062,0.0017,0.0103,0.0471,0.9425,0.64,0.3185,0.0415,0.2574,0.2572,0.204,0.1999,0.0814,0.7975,0.1802,0.0223
1022,Chèo,cheo/audio_3_083.wav,1,0.3689,0.3755,0.1167,0.0988,0.0401,0.3324,0.3337,0.3339,0.0651,0.0793,0.0986,0.1808,0.5762,0.019,0.0623,0.9187,0.2741,0.6756,0.0503,0.2046,0.205,0.2083,0.208,0.1741,0.2082,0.2917,0.5001
1023,Chèo,cheo/audio_3_083.wav,2,0.8287,0.0691,0.0775,0.0174,0.0072,0.332,0.3336,0.3344,0.0444,0.0764,0.1601,0.678,0.041,0.034,0.1871,0.7788,0.0067,0.9844,0.0089,0.2382,0.2374,0.202,0.1998,0.1227,0.0728,0.5911,0.3361
1024,Chèo,cheo/audio_0_056.wav,1,0.1585,0.1204,0.6687,0.0376,0.0148,0.3345,0.3328,0.3327,0.0982,0.6158,0.2661,0.0165,0.0034,0.1786,0.7683,0.0531,0.0422,0.1103,0.8475,0.1716,0.1732,0.2202,0.2222,0.2128,0.025,0.9432,0.0318
1025,Chèo,cheo/audio_0_056.wav,2,0.0449,0.7453,0.0549,0.1307,0.0242,0.3318,0.3337,0.3345,0.0039,0.0049,0.0065,0.017,0.9677,0.2913,0.6322,0.0764,0.0263,0.1483,0.8254,0.2459,0.2443,0.1954,0.1931,0.1212,0.0659,0.1401,0.7939
1026,Chèo,cheo/audio_6_138.wav,1,0.0561,0.0962,0.8072,0.0301,0.0104,0.3321,0.3337,0.3342,0.1524,0.4111,0.3758,0.0491,0.0116,0.4813,0.4272,0.0915,0.8965,0.0877,0.0157,0.2133,0.2132,0.204,0.2033,0.1662,0.0333,0.918,0.0487
1027,Chèo,cheo/audio_6_138.wav,2,0.714,0.1062,0.1414,0.0272,0.0112,0.3325,0.3335,0.3339,0.017,0.0768,0.8966,0.0082,0.0014,0.5209,0.4219,0.0573,0.996,0.0032,0.0008,0.2526,0.2505,0.1923,0.1897,0.1148,0.0146,0.9791,0.0063
1028,Chèo,cheo/audio_3_205.wav,1,0.8123,0.0987,0.0617,0.0196,0.0077,0.3327,0.3336,0.3336,0.3434,0.4968,0.1325,0.0213,0.006,0.9593,0.033,0.0077,0.0067,0.9844,0.0089,0.2481,0.2463,0.1948,0.1923,0.1185,0.0528,0.8362,0.1111
1029,Chèo,cheo/audio_3_205.wav,2,0.6477,0.1018,0.1946,0.0378,0.0181,0.3316,0.3337,0.3347,0.5204,0.3905,0.0738,0.012,0.0034,0.0556,0.913,0.0313,0.64,0.3185,0.0415,0.2476,0.2458,0.1945,0.1921,0.12,0.9711,0.0234,0.0055
1030,Chèo,cheo/audio_4_121.wav,1,0.292,0.5192,0.1205,0.0512,0.0171,0.3333,0.3335,0.3333,0.0097,0.0398,0.9442,0.0054,0.0009,0.0461,0.727,0.2269,0.0263,0.1483,0.8254,0.1468,0.1488,0.2193,0.2231,0.262,0.9321,0.0589,0.009
1031,Chèo,cheo/audio_4_121.wav,2,0.1053,0.7708,0.0605,0.0488,0.0146,0.3321,0.3336,0.3342,0.0181,0.9643,0.0159,0.0013,0.0003,0.0496,0.602,0.3484,0.0021,0.0073,0.9906,0.1709,0.1726,0.2226,0.2247,0.2092,0.3189,0.6415,0.0396
1032,Chèo,cheo/audio_1_130.wav,1,0.1569,0.141,0.5152,0.1133,0.0737,0.3322,0.3335,0.3343,0.0613,0.2463,0.6599,0.0273,0.0052,0.0663,0.3748,0.5589,0.2741,0.6756,0.0503,0.21,0.21,0.2043,0.2038,0.1718,0.0116,0.0449,0.9435
1033,Chèo,cheo/audio_1_130.wav,2,0.9975,0.0011,0.001,0.0003,0.0001,0.3321,0.3336,0.3343,0.0049,0.021,0.971,0.0026,0.0004,0.055,0.5843,0.3607,0.64,0.3185,0.0415,0.2496,0.2488,0.2019,0.1989,0.1009,0.0725,0.6163,0.3112
1034,Chèo,cheo/audio_6_103.wav,1,0.1303,0.1302,0.5653,0.1074,0.0669,0.333,0.3335,0.3336,0.0285,0.0492,0.1112,0.7907,0.0204,0.1249,0.8304,0.0448,0.64,0.3185,0.0415,0.2457,0.2444,0.1983,0.1959,0.1157,0.9641,0.0308,0.0051
1035,Chèo,cheo/audio_6_103.wav,2,0.7188,0.0869,0.1498,0.0303,0.0142,0.3331,0.3334,0.3336,0.0632,0.1377,0.5469,0.2327,0.0195,0.9851,0.0116,0.0033,0.8674,0.0982,0.0344,0.2289,0.2281,0.2014,0.1999,0.1418,0.0728,0.5937,0.3336
1036,Chèo,cheo/audio_4_172.wav,1,0.1341,0.3807,0.4011,0.0643,0.0198,0.334,0.3331,0.3329,0.1679,0.6429,0.1658,0.0188,0.0047,0.0511,0.4414,0.5074,0.969,0.0242,0.0069,0.2541,0.2521,0.1927,0.19,0.1111,0.0728,0.5927,0.3346
1037,Chèo,cheo/audio_4_172.wav,2,0.7368,0.0875,0.1384,0.026,0.0113,0.3342,0.3338,0.3321,0.0457,0.1183,0.7495,0.077,0.0095,0.0118,0.9678,0.0204,0.969,0.0242,0.0069,0.169,0.17,0.202,0.2037,0.2552,0.0024,0.9958,0.0018
1038,Chèo,cheo/audio_4_058.wav,1,0.0724,0.1219,0.6221,0.1239,0.0596,0.3347,0.3328,0.3325,0.0068,0.0231,0.9642,0.0052,0.0008,0.1387,0.7855,0.0758,0.9905,0.0078,0.0017,0.2378,0.2376,0.2072,0.2047,0.1127,0.9971,0.0024,0.0005
1039,Chèo,cheo/audio_4_058.wav,2,0.164,0.1206,0.6624,0.038,0.015,0.3321,0.3334,0.3345,0.0064,0.008,0.0104,0.0256,0.9495,0.0643,0.4297,0.506,0.9905,0.0078,0.0017,0.2103,0.2103,0.2056,0.2051,0.1687,0.0522,0.1165,0.8312
1040,Chèo,cheo/audio_0_027.wav,1,0.1054,0.3213,0.104,0.3436,0.1257,0.3348,0.333,0.3322,0.0046,0.0202,0.9725,0.0023,0.0004,0.9451,0.042,0.0129,0.0422,0.1103,0.8475,0.2012,0.2015,0.205,0.205,0.1873,0.0727,0.5986,0.3287
1041,Chèo,cheo/audio_0_027.wav,2,0.0685,0.1876,0.0848,0.4362,0.2229,0.3349,0.333,0.3321,0.0294,0.1426,0.8133,0.0124,0.0023,0.9681,0.0244,0.0075,0.9905,0.0078,0.0017,0.2108,0.2108,0.2042,0.2036,0.1705,0.2972,0.6637,0.0391
1042,Chèo,cheo/audio_6_003.wav,1,0.1199,0.5076,0.2874,0.0659,0.0192,0.3352,0.3331,0.3317,0.0141,0.0178,0.0234,0.0577,0.887,0.0,0.0002,0.9998,0.0422,0.1103,0.8475,0.1988,0.1995,0.2103,0.2103,0.1811,0.1327,0.2293,0.6379
1043,Chèo,cheo/audio_6_003.wav,2,0.2813,0.4084,0.1226,0.133,0.0546,0.3327,0.3336,0.3338,0.058,0.1834,0.7208,0.0325,0.0053,0.0278,0.9139,0.0583,0.64,0.3185,0.0415,0.1968,0.1978,0.2172,0.2174,0.1708,0.9939,0.005,0.0011
1044,Chèo,cheo/audio_3_160.wav,1,0.0943,0.0785,0.7593,0.0453,0.0226,0.3344,0.3337,0.332,0.0438,0.8144,0.1335,0.0068,0.0015,0.2907,0.6407,0.0687,0.8965,0.0877,0.0157,0.2566,0.2544,0.1915,0.1887,0.1089,0.0565,0.3132,0.6304
1045,Chèo,cheo/audio_3_160.wav,2,0.5851,0.146,0.2177,0.0365,0.0147,0.3282,0.334,0.3379,0.0119,0.0376,0.9377,0.0111,0.0016,0.4514,0.4807,0.0679,0.0542,0.7019,0.2439,0.2566,0.2544,0.1914,0.1886,0.109,0.0118,0.9766,0.0116
1046,Chèo,cheo/audio_6_020.wav,1,0.2993,0.1304,0.5068,0.0445,0.0191,0.3342,0.3331,0.3327,0.0022,0.008,0.9881,0.0015,0.0002,0.0513,0.5118,0.4369,0.0542,0.7019,0.2439,0.2666,0.2635,0.1857,0.1826,0.1016,0.0004,0.0012,0.9985
1047,Chèo,cheo/audio_6_020.wav,2,0.1878,0.1535,0.4525,0.1223,0.0839,0.3329,0.3332,0.334,0.2465,0.6235,0.1112,0.0148,0.0039,0.0458,0.4131,0.5411,0.8965,0.0877,0.0157,0.2426,0.2411,0.1964,0.1942,0.1257,0.0196,0.9724,0.0079
1048,Chèo,cheo/audio_1_083.wav,1,0.3611,0.129,0.4248,0.0568,0.0282,0.3322,0.3336,0.3343,0.0148,0.9742,0.0098,0.0009,0.0002,0.1052,0.8394,0.0554,0.0542,0.7019,0.2439,0.2694,0.2661,0.185,0.1817,0.0977,0.0466,0.8667,0.0868
1049,Chèo,cheo/audio_1_083.wav,2,0.3899,0.1268,0.4112,0.0492,0.0229,0.3314,0.3336,0.335,0.0015,0.0059,0.9916,0.0009,0.0001,0.1771,0.753,0.0698,0.0422,0.1103,0.8475,0.246,0.2445,0.196,0.1936,0.1199,0.0584,0.3304,0.6113
1050,Chèo,cheo/audio_0_076.wav,1,0.0262,0.8569,0.0464,0.0594,0.0111,0.3352,0.333,0.3318,0.049,0.3207,0.6126,0.0148,0.0029,0.0254,0.9521,0.0225,0.9336,0.0507,0.0157,0.2562,0.2551,0.1992,0.1958,0.0938,0.0045,0.9919,0.0037
1051,Chèo,cheo/audio_0_076.wav,2,0.0277,0.8613,0.0523,0.0487,0.01,0.3355,0.333,0.3315,0.0114,0.0149,0.0208,0.0715,0.8814,0.0672,0.8936,0.0391,0.0021,0.0073,0.9906,0.2467,0.2461,0.203,0.2001,0.104,0.0001,0.0003,0.9996
1052,Chèo,cheo/audio_12_078.wav,1,0.0441,0.114,0.0636,0.4088,0.3694,0.3351,0.3331,0.3318,0.0291,0.0981,0.8473,0.0219,0.0036,0.0178,0.9495,0.0326,0.9905,0.0078,0.0017,0.2243,0.2239,0.2035,0.2022,0.1461,0.0021,0.0063,0.9916
1053,Chèo,cheo/audio_12_078.wav,2,0.0377,0.1046,0.0571,0.4784,0.3223,0.3349,0.3332,0.3319,0.0112,0.0362,0.9408,0.0103,0.0015,0.0448,0.3947,0.5605,0.8965,0.0877,0.0157,0.2577,0.2558,0.1936,0.1905,0.1024,0.0226,0.0952,0.8822
1054,Chèo,cheo/audio_6_066.wav,1,0.8987,0.0404,0.0408,0.0137,0.0065,0.3321,0.3335,0.3345,0.086,0.873,0.0362,0.0038,0.0009,0.2715,0.6668,0.0617,0.0422,0.1103,0.8475,0.2256,0.2255,0.2077,0.2062,0.135,0.6368,0.33,0.0333
1055,Chèo,cheo/audio_6_066.wav,2,0.3856,0.1373,0.3751,0.0666,0.0354,0.3333,0.3331,0.3336,0.1487,0.7857,0.0572,0.0067,0.0017,0.7637,0.2004,0.0359,0.0021,0.0073,0.9906,0.2366,0.2354,0.1986,0.1967,0.1327,0.0832,0.8946,0.0222
1056,Chèo,cheo/audio_12_089.wav,1,0.0052,0.0106,0.0093,0.0329,0.9419,0.3316,0.3335,0.3349,0.0445,0.1491,0.7704,0.0306,0.0053,0.0529,0.4523,0.4948,0.9905,0.0078,0.0017,0.2193,0.2199,0.2159,0.2145,0.1305,0.008,0.9882,0.0038
1057,Chèo,cheo/audio_12_089.wav,2,0.0083,0.02,0.0151,0.0951,0.8615,0.3318,0.3335,0.3346,0.1432,0.4973,0.3262,0.0276,0.0057,0.039,0.8132,0.1478,0.9905,0.0078,0.0017,0.2698,0.2679,0.1919,0.1879,0.0826,0.9985,0.0013,0.0002
1058,Chèo,cheo/audio_5_075.wav,1,0.0419,0.158,0.0593,0.6244,0.1164,0.3314,0.3337,0.3349,0.3397,0.5849,0.0647,0.0085,0.0022,0.0499,0.6337,0.3163,0.8398,0.1172,0.043,0.1969,0.1977,0.2118,0.2119,0.1817,0.8641,0.1197,0.0163
1059,Chèo,cheo/audio_5_075.wav,2,0.0656,0.1997,0.0817,0.4725,0.1806,0.333,0.3335,0.3335,0.0543,0.5129,0.4179,0.0125,0.0025,0.0516,0.5992,0.3493,0.64,0.3185,0.0415,0.2232,0.2233,0.2098,0.2083,0.1354,0.597,0.3677,0.0353
1060,Chèo,cheo/audio_0_103.wav,1,0.1674,0.5989,0.0919,0.1069,0.0349,0.3343,0.3331,0.3326,0.0029,0.9945,0.0024,0.0002,0.0,0.0206,0.9391,0.0403,0.0021,0.0073,0.9906,0.2443,0.2427,0.1958,0.1935,0.1238,0.9995,0.0004,0.0001
1061,Chèo,cheo/audio_0_103.wav,2,0.0664,0.7665,0.0564,0.0884,0.0223,0.335,0.3331,0.3319,0.1809,0.7516,0.0586,0.0071,0.0018,0.0077,0.9801,0.0122,0.0021,0.0073,0.9906,0.2543,0.252,0.1916,0.1889,0.1132,0.8685,0.1157,0.0158
1062,Chèo,cheo/audio_6_110.wav,1,0.041,0.0963,0.8103,0.0396,0.0127,0.333,0.3335,0.3335,0.0966,0.207,0.5041,0.1658,0.0266,0.0769,0.8609,0.0622,0.8965,0.0877,0.0157,0.2152,0.2151,0.2054,0.2046,0.1597,0.604,0.3611,0.0349
1063,Chèo,cheo/audio_6_110.wav,2,0.2399,0.3101,0.3744,0.0563,0.0193,0.3332,0.3335,0.3333,0.0324,0.1671,0.7855,0.0127,0.0024,0.0939,0.8597,0.0465,0.8965,0.0877,0.0157,0.2316,0.2313,0.2061,0.2042,0.1267,0.431,0.5289,0.04
1064,Chèo,cheo/audio_0_078.wav,1,0.0686,0.746,0.0598,0.1006,0.025,0.3356,0.3328,0.3316,0.0388,0.0537,0.0823,0.5571,0.2682,0.0354,0.8749,0.0897,0.0021,0.0073,0.9906,0.2637,0.2619,0.1937,0.1901,0.0907,0.0057,0.9894,0.0049
1065,Chèo,cheo/audio_0_078.wav,2,0.0152,0.0593,0.0396,0.8407,0.0451,0.3353,0.333,0.3317,0.0377,0.0536,0.084,0.591,0.2338,0.0737,0.8573,0.0691,0.0422,0.1103,0.8475,0.2007,0.2013,0.2101,0.21,0.1779,0.065,0.7495,0.1855
1066,Chèo,cheo/audio_6_172.wav,1,0.9324,0.0333,0.0219,0.0087,0.0038,0.3314,0.3332,0.3354,0.7378,0.217,0.0374,0.0061,0.0017,0.1955,0.748,0.0565,0.969,0.0242,0.0069,0.2458,0.244,0.1941,0.1918,0.1243,0.7111,0.26,0.0288
1067,Chèo,cheo/audio_6_172.wav,2,0.9618,0.0156,0.0163,0.0044,0.0019,0.331,0.3335,0.3355,0.8033,0.163,0.0278,0.0046,0.0013,0.4228,0.5134,0.0638,0.8674,0.0982,0.0344,0.2387,0.2374,0.1978,0.1958,0.1302,0.2595,0.7026,0.0379
1068,Chèo,cheo/audio_0_077.wav,1,0.0055,0.0265,0.0113,0.9435,0.0132,0.3347,0.3332,0.3321,0.0134,0.0167,0.0218,0.0518,0.8964,0.0729,0.8237,0.1034,0.0021,0.0073,0.9906,0.2012,0.2015,0.2063,0.2062,0.1849,0.0277,0.0686,0.9036
1069,Chèo,cheo/audio_0_077.wav,2,0.046,0.4692,0.0922,0.3528,0.0398,0.3349,0.333,0.3321,0.0319,0.0432,0.0632,0.2822,0.5795,0.0463,0.8996,0.0541,0.0021,0.0073,0.9906,0.2351,0.2348,0.2068,0.2046,0.1187,0.0367,0.9506,0.0128
1070,Chèo,cheo/audio_7_062.wav,1,0.0631,0.1423,0.0819,0.3396,0.3731,0.3343,0.3331,0.3326,0.0234,0.0676,0.8778,0.0276,0.0036,0.2146,0.7229,0.0625,0.996,0.0032,0.0008,0.2232,0.2241,0.2193,0.2174,0.116,0.7386,0.2345,0.0269
1071,Chèo,cheo/audio_7_062.wav,2,0.0551,0.1271,0.0744,0.3387,0.4047,0.3345,0.3331,0.3325,0.0554,0.4247,0.5033,0.0138,0.0027,0.0245,0.9472,0.0284,0.996,0.0032,0.0008,0.2608,0.2598,0.1988,0.1949,0.0857,0.0061,0.9908,0.003
1072,Chèo,cheo/audio_3_060.wav,1,0.1551,0.0985,0.6715,0.0501,0.0248,0.3308,0.334,0.3352,0.0566,0.1422,0.6915,0.0972,0.0125,0.0604,0.7699,0.1697,0.64,0.3185,0.0415,0.243,0.2415,0.1966,0.1943,0.1246,0.0722,0.1502,0.7777
1073,Chèo,cheo/audio_3_060.wav,2,0.192,0.15,0.4689,0.1138,0.0752,0.3308,0.3338,0.3354,0.0724,0.1602,0.548,0.1972,0.0223,0.0683,0.5817,0.35,0.8674,0.0982,0.0344,0.2174,0.2171,0.2029,0.202,0.1607,0.1778,0.2707,0.5514
1074,Chèo,cheo/audio_5_008.wav,1,0.0826,0.299,0.5181,0.0781,0.0222,0.3337,0.3334,0.333,0.0171,0.0222,0.0311,0.1113,0.8183,0.1579,0.7835,0.0585,0.2741,0.6756,0.0503,0.167,0.1678,0.1973,0.199,0.2689,0.0571,0.8105,0.1324
1075,Chèo,cheo/audio_5_008.wav,2,0.0251,0.1546,0.0536,0.7283,0.0384,0.3344,0.3331,0.3325,0.0594,0.2601,0.6559,0.0208,0.0038,0.0434,0.8488,0.1078,0.0372,0.9449,0.0179,0.1567,0.158,0.2006,0.203,0.2817,0.5897,0.3747,0.0356
1076,Chèo,cheo/audio_7_098.wav,1,0.0815,0.1689,0.0974,0.3207,0.3315,0.3346,0.333,0.3324,0.0079,0.0352,0.9524,0.0039,0.0007,0.0766,0.8891,0.0343,0.9905,0.0078,0.0017,0.2299,0.2296,0.2061,0.2043,0.1302,0.8571,0.126,0.0169
1077,Chèo,cheo/audio_7_098.wav,2,0.0631,0.1556,0.0814,0.3923,0.3076,0.3345,0.3331,0.3325,0.4162,0.4827,0.0858,0.0121,0.0031,0.3758,0.5631,0.0611,0.996,0.0032,0.0008,0.2269,0.2272,0.212,0.2102,0.1238,0.9673,0.0281,0.0046
1078,Chèo,cheo/audio_6_165.wav,1,0.1883,0.108,0.6474,0.0395,0.0169,0.3396,0.3322,0.3282,0.0418,0.072,0.1617,0.6976,0.0269,0.9465,0.0436,0.0099,0.0372,0.9449,0.0179,0.2382,0.2368,0.1971,0.1951,0.1328,0.0598,0.9222,0.018
1079,Chèo,cheo/audio_6_165.wav,2,0.4396,0.1299,0.345,0.0569,0.0287,0.3323,0.3332,0.3345,0.8746,0.1008,0.0201,0.0035,0.001,0.9277,0.0591,0.0132,0.9905,0.0078,0.0017,0.2318,0.2308,0.2,0.1983,0.1392,0.8976,0.0896,0.0128
1080,Chèo,cheo/audio_1_079.wav,1,0.5122,0.1656,0.2652,0.0408,0.0162,0.3331,0.3333,0.3336,0.0249,0.9202,0.0512,0.0031,0.0007,0.1118,0.842,0.0462,0.0372,0.9449,0.0179,0.2074,0.208,0.2135,0.2131,0.1581,0.0309,0.9255,0.0435
1081,Chèo,cheo/audio_1_079.wav,2,0.8812,0.0518,0.0494,0.0125,0.0052,0.3328,0.3336,0.3336,0.0613,0.1421,0.6521,0.1307,0.0138,0.1219,0.8293,0.0488,0.0067,0.9844,0.0089,0.2601,0.2573,0.1879,0.1851,0.1096,0.0436,0.8795,0.0769
1082,Chèo,cheo/audio_1_034.wav,1,0.6138,0.1106,0.2084,0.0448,0.0224,0.3328,0.3331,0.3341,0.0516,0.8085,0.131,0.0073,0.0016,0.0233,0.9595,0.0172,0.9905,0.0078,0.0017,0.249,0.2469,0.1928,0.1904,0.1209,0.0172,0.9638,0.019
1083,Chèo,cheo/audio_1_034.wav,2,0.8364,0.063,0.0666,0.0228,0.0112,0.3327,0.3332,0.3342,0.7221,0.2349,0.0358,0.0056,0.0015,0.0601,0.9031,0.0368,0.0542,0.7019,0.2439,0.2462,0.2446,0.1957,0.1934,0.1201,0.7415,0.2318,0.0267
1084,Chèo,cheo/audio_4_094.wav,1,0.0783,0.486,0.308,0.1024,0.0253,0.3321,0.3336,0.3343,0.2025,0.6027,0.168,0.0212,0.0055,0.1344,0.6436,0.222,0.996,0.0032,0.0008,0.1917,0.1923,0.2062,0.2067,0.2031,0.0235,0.9475,0.029
1085,Chèo,cheo/audio_4_094.wav,2,0.1009,0.09,0.7676,0.0299,0.0117,0.3322,0.3336,0.3342,0.0805,0.3527,0.5333,0.0279,0.0057,0.1039,0.7096,0.1865,0.2741,0.6756,0.0503,0.1789,0.1797,0.2024,0.2035,0.2355,0.0457,0.8708,0.0836
1086,Chèo,cheo/audio_3_125.wav,1,0.1566,0.1686,0.2851,0.1911,0.1986,0.3298,0.3335,0.3367,0.0267,0.0766,0.8623,0.0304,0.004,0.0326,0.9477,0.0197,0.9905,0.0078,0.0017,0.2565,0.2544,0.1927,0.1898,0.1066,0.0503,0.849,0.1007
1087,Chèo,cheo/audio_3_125.wav,2,0.2641,0.1181,0.5479,0.0478,0.022,0.3316,0.3337,0.3346,0.008,0.0371,0.9504,0.0038,0.0007,0.0452,0.3957,0.5591,0.0021,0.0073,0.9906,0.2549,0.2524,0.19,0.1874,0.1154,0.1601,0.8083,0.0316
1088,Chèo,cheo/audio_3_032.wav,1,0.0548,0.0832,0.7633,0.0676,0.0311,0.3326,0.3336,0.3337,0.0079,0.0101,0.0138,0.0438,0.9244,0.0301,0.1429,0.827,0.0422,0.1103,0.8475,0.2425,0.241,0.1964,0.1942,0.126,0.0008,0.0026,0.9965
1089,Chèo,cheo/audio_3_032.wav,2,0.033,0.0372,0.8977,0.0221,0.0101,0.3333,0.3333,0.3334,0.0648,0.1345,0.4659,0.312,0.0228,0.0221,0.9559,0.022,0.0422,0.1103,0.8475,0.2477,0.2461,0.1962,0.1937,0.1163,0.0166,0.9654,0.018
1090,Chèo,cheo/audio_8_043.wav,1,0.0682,0.0578,0.8296,0.0302,0.0141,0.3338,0.3333,0.333,0.1652,0.4859,0.3117,0.0308,0.0065,0.7924,0.1455,0.0621,0.64,0.3185,0.0415,0.2029,0.2032,0.2057,0.2056,0.1826,0.2464,0.7163,0.0373
1091,Chèo,cheo/audio_8_043.wav,2,0.0271,0.1484,0.067,0.7142,0.0433,0.335,0.3331,0.332,0.0641,0.1384,0.5171,0.2589,0.0216,0.0626,0.5746,0.3627,0.0067,0.9844,0.0089,0.1602,0.1613,0.1967,0.1987,0.283,0.0215,0.9529,0.0256
1092,Chèo,cheo/audio_0_106.wav,1,0.0674,0.1954,0.4516,0.2224,0.0633,0.3318,0.3338,0.3344,0.0174,0.9703,0.0109,0.001,0.0003,0.9547,0.0368,0.0085,0.0067,0.9844,0.0089,0.2249,0.2242,0.2007,0.1995,0.1507,0.7918,0.1854,0.0228
1093,Chèo,cheo/audio_0_106.wav,2,0.0663,0.1387,0.5911,0.1463,0.0577,0.3325,0.3336,0.3339,0.0427,0.0793,0.2052,0.6473,0.0256,0.1196,0.8352,0.0451,0.0263,0.1483,0.8254,0.2548,0.2524,0.1905,0.1879,0.1144,0.0601,0.7905,0.1494
1094,Chèo,cheo/audio_5_027.wav,1,0.0203,0.9411,0.0211,0.0138,0.0036,0.3357,0.3328,0.3315,0.6891,0.247,0.0528,0.0088,0.0024,0.0628,0.3806,0.5566,0.0422,0.1103,0.8475,0.2145,0.2146,0.2081,0.2072,0.1556,0.5083,0.4531,0.0385
1095,Chèo,cheo/audio_5_027.wav,2,0.0465,0.423,0.0745,0.4105,0.0455,0.3353,0.3328,0.3319,0.9108,0.0704,0.0153,0.0027,0.0008,0.0653,0.4968,0.4378,0.0422,0.1103,0.8475,0.2116,0.2119,0.2095,0.2088,0.1583,0.2791,0.6824,0.0386
1096,Chèo,cheo/audio_7_035.wav,1,0.0407,0.0933,0.0591,0.2857,0.5211,0.3349,0.3329,0.3321,0.5429,0.353,0.0847,0.0151,0.0044,0.1563,0.7916,0.0522,0.0021,0.0073,0.9906,0.2434,0.2425,0.2018,0.1993,0.113,0.7479,0.1829,0.0691
1097,Chèo,cheo/audio_7_035.wav,2,0.1234,0.1567,0.2914,0.206,0.2224,0.3343,0.3331,0.3326,0.0837,0.8613,0.049,0.0048,0.0012,0.2738,0.6676,0.0586,0.969,0.0242,0.0069,0.1597,0.161,0.2037,0.206,0.2697,0.9886,0.0093,0.0021
1098,Chèo,cheo/audio_3_014.wav,1,0.251,0.1172,0.5665,0.0451,0.0202,0.3314,0.3338,0.3347,0.0184,0.9476,0.0315,0.0021,0.0005,0.1699,0.7782,0.052,0.0372,0.9449,0.0179,0.2422,0.2409,0.1978,0.1955,0.1235,0.0666,0.4224,0.511
1099,Chèo,cheo/audio_3_014.wav,2,0.1646,0.1518,0.4599,0.1312,0.0925,0.332,0.3335,0.3344,0.2201,0.7224,0.0497,0.0061,0.0016,0.4039,0.5332,0.0629,0.2741,0.6756,0.0503,0.2596,0.2571,0.1895,0.1866,0.1072,0.0253,0.9423,0.0323
1100,Chèo,cheo/audio_6_007.wav,1,0.2183,0.1904,0.5263,0.0474,0.0176,0.3349,0.333,0.3321,0.0142,0.0213,0.0365,0.8902,0.0378,0.0595,0.4953,0.4452,0.969,0.0242,0.0069,0.2539,0.2517,0.1917,0.189,0.1137,0.039,0.1858,0.7752
1101,Chèo,cheo/audio_6_007.wav,2,0.2795,0.1201,0.5279,0.0494,0.023,0.3346,0.3331,0.3324,0.0056,0.0254,0.9659,0.0027,0.0005,0.0198,0.9348,0.0455,0.969,0.0242,0.0069,0.2468,0.246,0.2023,0.1995,0.1055,0.9427,0.0496,0.0077
1102,Chèo,cheo/audio_12_064.wav,1,0.0585,0.2685,0.075,0.5067,0.0914,0.3347,0.3329,0.3324,0.018,0.9461,0.0334,0.0021,0.0005,0.0504,0.3897,0.5599,0.8398,0.1172,0.043,0.1968,0.198,0.22,0.2202,0.1651,0.0002,0.9997,0.0001
1103,Chèo,cheo/audio_12_064.wav,2,0.0135,0.0454,0.0244,0.8275,0.0893,0.3364,0.3327,0.3308,0.069,0.1599,0.6455,0.1123,0.0133,0.0506,0.4466,0.5028,0.8157,0.1334,0.0509,0.1743,0.1762,0.229,0.2309,0.1896,0.0387,0.8987,0.0625
1104,Chèo,cheo/audio_6_132.wav,1,0.803,0.1098,0.0543,0.0233,0.0094,0.3328,0.3336,0.3336,0.067,0.1467,0.535,0.2293,0.022,0.0683,0.5883,0.3434,0.0372,0.9449,0.0179,0.2077,0.2085,0.2169,0.2163,0.1506,0.0067,0.0188,0.9745
1105,Chèo,cheo/audio_6_132.wav,2,0.4194,0.3882,0.1026,0.0655,0.0243,0.3322,0.3335,0.3343,0.0337,0.1056,0.8263,0.0298,0.0047,0.0354,0.2127,0.752,0.2741,0.6756,0.0503,0.2214,0.2216,0.2105,0.2091,0.1374,0.0693,0.6984,0.2324
1106,Chèo,cheo/audio_7_154.wav,1,0.0517,0.1253,0.0712,0.3672,0.3846,0.3339,0.3331,0.3329,0.0711,0.8287,0.0908,0.0076,0.0018,0.0179,0.9674,0.0146,0.9905,0.0078,0.0017,0.2623,0.2597,0.1887,0.1857,0.1036,0.7696,0.2058,0.0246
1107,Chèo,cheo/audio_7_154.wav,2,0.0126,0.0404,0.0253,0.8129,0.1088,0.3336,0.3332,0.3332,0.1718,0.7002,0.1116,0.013,0.0033,0.0108,0.9719,0.0173,0.9905,0.0078,0.0017,0.2525,0.2504,0.1924,0.1898,0.115,0.9021,0.0856,0.0123
1108,Chèo,cheo/audio_4_244.wav,1,0.043,0.3377,0.0969,0.4773,0.0451,0.3325,0.3335,0.334,0.0655,0.8468,0.0801,0.0063,0.0014,0.9053,0.0763,0.0184,0.2741,0.6756,0.0503,0.2206,0.2203,0.2044,0.2033,0.1514,0.8726,0.112,0.0154
1109,Chèo,cheo/audio_4_244.wav,2,0.0381,0.2907,0.0674,0.5577,0.046,0.3327,0.3335,0.3337,0.0744,0.8776,0.0427,0.0042,0.001,0.8635,0.1119,0.0246,0.2741,0.6756,0.0503,0.2217,0.2214,0.204,0.2028,0.15,0.9409,0.0469,0.0121
1110,Chèo,cheo/audio_3_107.wav,1,0.2038,0.1127,0.5992,0.0561,0.0282,0.3315,0.3334,0.3352,0.0889,0.1848,0.4785,0.2178,0.03,0.0117,0.0564,0.9319,0.0067,0.9844,0.0089,0.2165,0.2163,0.2032,0.2023,0.1617,0.1129,0.2067,0.6804
1111,Chèo,cheo/audio_3_107.wav,2,0.2426,0.1423,0.5548,0.0431,0.0173,0.3315,0.3337,0.3348,0.0494,0.2208,0.7052,0.0207,0.0039,0.0643,0.7892,0.1465,0.0067,0.9844,0.0089,0.2437,0.2421,0.1955,0.1933,0.1254,0.1022,0.1933,0.7045
1112,Chèo,cheo/audio_8_048.wav,1,0.0039,0.015,0.0089,0.9573,0.0149,0.3341,0.3333,0.3326,0.0333,0.1231,0.82,0.0201,0.0035,0.0194,0.9454,0.0352,0.0021,0.0073,0.9906,0.175,0.1773,0.2385,0.2404,0.1687,0.0567,0.315,0.6284
1113,Chèo,cheo/audio_8_048.wav,2,0.0148,0.0739,0.026,0.8524,0.0329,0.334,0.3333,0.3327,0.1766,0.6879,0.118,0.0139,0.0035,0.0292,0.9055,0.0654,0.0422,0.1103,0.8475,0.164,0.1663,0.2382,0.2412,0.1904,0.0247,0.1061,0.8692
1114,Chèo,cheo/audio_1_003.wav,1,0.1225,0.5477,0.2487,0.0628,0.0183,0.3352,0.3331,0.3317,0.0144,0.018,0.0234,0.0552,0.8891,0.0004,0.0017,0.9979,0.0422,0.1103,0.8475,0.1992,0.1998,0.2102,0.2102,0.1806,0.1308,0.2272,0.642
1115,Chèo,cheo/audio_1_003.wav,2,0.2823,0.4111,0.1219,0.1311,0.0535,0.3327,0.3336,0.3337,0.0108,0.0386,0.9423,0.0071,0.0011,0.0323,0.8913,0.0764,0.8398,0.1172,0.043,0.1972,0.1982,0.2172,0.2173,0.1701,0.8511,0.1135,0.0354
1116,Chèo,cheo/audio_1_068.wav,1,0.2536,0.1265,0.5209,0.065,0.034,0.3331,0.3335,0.3334,0.5999,0.3179,0.0673,0.0116,0.0033,0.8611,0.116,0.0229,0.8965,0.0877,0.0157,0.2515,0.2493,0.1913,0.1888,0.1192,0.042,0.886,0.072
1117,Chèo,cheo/audio_1_068.wav,2,0.2069,0.1347,0.5241,0.0849,0.0494,0.3334,0.3335,0.333,0.019,0.9502,0.0283,0.002,0.0005,0.8765,0.0898,0.0337,0.0263,0.1483,0.8254,0.235,0.2337,0.197,0.1952,0.1391,0.0723,0.5431,0.3845
1118,Chèo,cheo/audio_12_081.wav,1,0.0358,0.1911,0.0982,0.6229,0.052,0.3347,0.3331,0.3322,0.031,0.0913,0.8388,0.034,0.0049,0.0349,0.2075,0.7576,0.0263,0.1483,0.8254,0.1815,0.1824,0.2053,0.2063,0.2244,0.0065,0.0241,0.9694
1119,Chèo,cheo/audio_12_081.wav,2,0.0589,0.3557,0.0764,0.4409,0.0681,0.3326,0.3334,0.334,0.0617,0.5999,0.3226,0.0131,0.0027,0.0374,0.2387,0.7239,0.0263,0.1483,0.8254,0.1934,0.1947,0.2219,0.2223,0.1677,0.7587,0.2159,0.0254
1120,Chèo,cheo/audio_4_011.wav,1,0.3534,0.126,0.4476,0.0498,0.0232,0.335,0.3329,0.3322,0.0368,0.0672,0.1681,0.7044,0.0236,0.047,0.3737,0.5794,0.0372,0.9449,0.0179,0.1595,0.1608,0.2026,0.2048,0.2723,0.9935,0.0055,0.001
1121,Chèo,cheo/audio_4_011.wav,2,0.033,0.0728,0.851,0.0325,0.0107,0.3331,0.333,0.3338,0.0444,0.3176,0.6231,0.0126,0.0024,0.3631,0.5569,0.08,0.8157,0.1334,0.0509,0.2232,0.2231,0.2066,0.2052,0.1419,0.383,0.5768,0.0403
1122,Chèo,cheo/audio_3_202.wav,1,0.4999,0.3256,0.113,0.0452,0.0162,0.3319,0.3337,0.3345,0.0669,0.3932,0.5165,0.0195,0.004,0.0469,0.8008,0.1522,0.0263,0.1483,0.8254,0.2588,0.256,0.1881,0.1853,0.1117,0.0109,0.9786,0.0105
1123,Chèo,cheo/audio_3_202.wav,2,0.0314,0.0493,0.871,0.034,0.0142,0.3324,0.3337,0.334,0.0472,0.1268,0.7521,0.065,0.0089,0.0344,0.8922,0.0734,0.0263,0.1483,0.8254,0.2555,0.2531,0.1902,0.1875,0.1138,0.0079,0.0294,0.9627
1124,Chèo,cheo/audio_4_154.wav,1,0.053,0.0689,0.8469,0.0228,0.0084,0.3316,0.3333,0.335,0.0581,0.7194,0.21,0.0103,0.0022,0.0565,0.6625,0.281,0.0021,0.0073,0.9906,0.2157,0.2156,0.2054,0.2045,0.1587,0.0712,0.5053,0.4235
1125,Chèo,cheo/audio_4_154.wav,2,0.0602,0.1197,0.6636,0.1121,0.0445,0.3331,0.3337,0.3332,0.0503,0.2131,0.7099,0.0224,0.0042,0.0724,0.6588,0.2688,0.8965,0.0877,0.0157,0.1981,0.1985,0.2067,0.2068,0.19,0.0679,0.4415,0.4906
1126,Chèo,cheo/audio_6_113.wav,1,0.798,0.0739,0.0864,0.0278,0.0139,0.3326,0.3333,0.3341,0.0092,0.9757,0.0139,0.001,0.0002,0.0493,0.506,0.4448,0.0542,0.7019,0.2439,0.2381,0.237,0.1995,0.1975,0.1278,0.0673,0.7244,0.2083
1127,Chèo,cheo/audio_6_113.wav,2,0.3657,0.1392,0.3878,0.0697,0.0376,0.3325,0.3332,0.3343,0.0444,0.3197,0.6207,0.0127,0.0025,0.0031,0.9932,0.0038,0.9905,0.0078,0.0017,0.2389,0.2377,0.1986,0.1966,0.1282,0.0646,0.9165,0.0189
1128,Chèo,cheo/audio_1_144.wav,1,0.4291,0.1262,0.3732,0.0487,0.0228,0.3303,0.3334,0.3363,0.3269,0.5974,0.0646,0.0087,0.0023,0.0066,0.9855,0.0078,0.0263,0.1483,0.8254,0.2476,0.2456,0.1936,0.1913,0.1218,0.0073,0.9893,0.0035
1129,Chèo,cheo/audio_1_144.wav,2,0.5117,0.144,0.2875,0.0402,0.0166,0.3335,0.3334,0.3331,0.0584,0.1363,0.6588,0.1329,0.0136,0.0309,0.8777,0.0915,0.0372,0.9449,0.0179,0.2011,0.2034,0.2395,0.2387,0.1171,0.0405,0.1953,0.7642
1130,Chèo,cheo/audio_4_239.wav,1,0.6257,0.1179,0.2083,0.0338,0.0143,0.3335,0.3332,0.3334,0.9685,0.0246,0.0055,0.001,0.0003,0.9233,0.0616,0.0151,0.969,0.0242,0.0069,0.1556,0.157,0.2037,0.2062,0.2775,0.7487,0.1824,0.0688
1131,Chèo,cheo/audio_4_239.wav,2,0.0529,0.1432,0.7278,0.0583,0.0178,0.3331,0.3332,0.3337,0.7114,0.1769,0.0794,0.024,0.0084,0.4132,0.5126,0.0742,0.9905,0.0078,0.0017,0.2011,0.2015,0.2074,0.2074,0.1826,0.7734,0.1665,0.0601
1132,Chèo,cheo/audio_12_024.wav,1,0.0532,0.1061,0.0731,0.2461,0.5215,0.3321,0.3336,0.3343,0.0728,0.7863,0.1301,0.0089,0.0019,0.4434,0.4975,0.0591,0.8965,0.0877,0.0157,0.1562,0.1579,0.215,0.2179,0.253,0.118,0.8549,0.0271
1133,Chèo,cheo/audio_12_024.wav,2,0.0227,0.0444,0.0363,0.1181,0.7785,0.3322,0.3336,0.3342,0.1203,0.8252,0.048,0.0052,0.0013,0.0679,0.8986,0.0335,0.8965,0.0877,0.0157,0.1658,0.1673,0.2143,0.2165,0.2362,0.9995,0.0004,0.0001
1134,Chèo,cheo/audio_1_181.wav,1,0.0091,0.0346,0.0222,0.902,0.0321,0.3342,0.3332,0.3326,0.1218,0.1602,0.2064,0.2938,0.2178,0.0625,0.1617,0.7758,0.0542,0.7019,0.2439,0.1682,0.1691,0.1998,0.2014,0.2615,0.0629,0.376,0.5611
1135,Chèo,cheo/audio_1_181.wav,2,0.0091,0.0346,0.0222,0.902,0.0321,0.3342,0.3332,0.3326,0.1218,0.1602,0.2064,0.2938,0.2178,0.0625,0.1617,0.7758,0.0542,0.7019,0.2439,0.1682,0.1691,0.1998,0.2014,0.2615,0.0629,0.376,0.5611
1136,Chèo,cheo/audio_0_036.wav,1,0.0105,0.0342,0.0215,0.854,0.0798,0.3339,0.3333,0.3328,0.0844,0.2693,0.592,0.0454,0.0089,0.0774,0.5601,0.3625,0.996,0.0032,0.0008,0.1847,0.1853,0.2029,0.2037,0.2234,0.0211,0.0879,0.8911
1137,Chèo,cheo/audio_0_036.wav,2,0.0183,0.0931,0.0439,0.8099,0.0347,0.3332,0.3334,0.3334,0.0549,0.5728,0.358,0.0119,0.0024,0.0482,0.7964,0.1554,0.996,0.0032,0.0008,0.1955,0.1964,0.2131,0.2134,0.1815,0.0414,0.9447,0.0139
1138,Chèo,cheo/audio_5_023.wav,1,0.0384,0.126,0.0563,0.613,0.1663,0.3323,0.3337,0.334,0.9723,0.0208,0.0055,0.0011,0.0003,0.1093,0.8347,0.0561,0.0372,0.9449,0.0179,0.1868,0.1875,0.2049,0.2056,0.2152,0.9985,0.0013,0.0002
1139,Chèo,cheo/audio_5_023.wav,2,0.0262,0.0903,0.0416,0.7167,0.1252,0.3324,0.3336,0.334,0.9551,0.0331,0.0093,0.0019,0.0006,0.037,0.9212,0.0418,0.0067,0.9844,0.0089,0.1961,0.1965,0.2047,0.205,0.1977,0.7175,0.2541,0.0284
1140,Chèo,cheo/audio_7_070.wav,1,0.0638,0.1389,0.0827,0.3204,0.3942,0.3338,0.3333,0.3329,0.0146,0.0511,0.9219,0.0108,0.0017,0.0527,0.4599,0.4874,0.0021,0.0073,0.9906,0.1896,0.191,0.2218,0.2225,0.1751,0.0704,0.6786,0.251
1141,Chèo,cheo/audio_7_070.wav,2,0.0726,0.1607,0.0898,0.342,0.3349,0.3331,0.3334,0.3335,0.0531,0.3923,0.5372,0.0144,0.0029,0.045,0.7666,0.1884,0.0021,0.0073,0.9906,0.2165,0.2174,0.219,0.2177,0.1294,0.0547,0.9283,0.0169
1142,Chèo,cheo/audio_5_049.wav,1,0.0207,0.0556,0.0372,0.3718,0.5147,0.3354,0.3329,0.3317,0.0013,0.0048,0.9928,0.0009,0.0001,0.0377,0.9398,0.0225,0.969,0.0242,0.0069,0.2299,0.2293,0.2027,0.201,0.1371,0.0006,0.0019,0.9975
1143,Chèo,cheo/audio_5_049.wav,2,0.0272,0.0787,0.0453,0.5436,0.3052,0.3348,0.3329,0.3323,0.5292,0.4078,0.0534,0.0077,0.002,0.028,0.1845,0.7875,0.0021,0.0073,0.9906,0.2257,0.2251,0.2012,0.1999,0.1481,0.2283,0.7353,0.0364
1144,Chèo,cheo/audio_6_106.wav,1,0.5993,0.1099,0.2303,0.041,0.0195,0.3316,0.3337,0.3347,0.0508,0.8732,0.0692,0.0054,0.0013,0.0439,0.8377,0.1185,0.0542,0.7019,0.2439,0.2656,0.2626,0.1868,0.1836,0.1014,0.0721,0.6378,0.2902
1145,Chèo,cheo/audio_6_106.wav,2,0.1137,0.0903,0.7156,0.0532,0.0273,0.3328,0.3336,0.3336,0.0397,0.069,0.1578,0.708,0.0255,0.0471,0.9274,0.0254,0.0067,0.9844,0.0089,0.1883,0.1897,0.2228,0.2236,0.1756,0.0407,0.1966,0.7627
1146,Chèo,cheo/audio_1_000.wav,1,0.0759,0.158,0.3641,0.2672,0.1349,0.3354,0.3331,0.3315,0.0538,0.077,0.1191,0.508,0.2421,0.0499,0.6182,0.3319,0.0263,0.1483,0.8254,0.2053,0.206,0.2136,0.2132,0.1619,0.1561,0.2525,0.5914
1147,Chèo,cheo/audio_1_000.wav,2,0.1969,0.5502,0.1812,0.0545,0.0172,0.3338,0.333,0.3332,0.7188,0.2266,0.0447,0.0077,0.0022,0.0508,0.8236,0.1256,0.0067,0.9844,0.0089,0.2192,0.219,0.2053,0.2042,0.1523,0.0026,0.9961,0.0014
1148,Chèo,cheo/audio_8_054.wav,1,0.0566,0.1893,0.2343,0.429,0.0909,0.3343,0.3334,0.3323,0.0436,0.0756,0.1617,0.6808,0.0384,0.2368,0.7053,0.0579,0.0067,0.9844,0.0089,0.1873,0.1884,0.2134,0.2143,0.1966,0.0023,0.0068,0.991
1149,Chèo,cheo/audio_8_054.wav,2,0.0201,0.8983,0.0281,0.045,0.0086,0.335,0.333,0.332,0.0304,0.112,0.8355,0.0188,0.0032,0.003,0.9926,0.0044,0.969,0.0242,0.0069,0.1878,0.1891,0.2194,0.2202,0.1835,0.0223,0.0937,0.884
1150,Chèo,cheo/audio_5_029.wav,1,0.0075,0.035,0.0139,0.9239,0.0197,0.3363,0.333,0.3307,0.0475,0.1187,0.7291,0.0942,0.0105,0.0076,0.9792,0.0131,0.996,0.0032,0.0008,0.238,0.2388,0.2152,0.2121,0.0959,0.0723,0.5445,0.3831
1151,Chèo,cheo/audio_5_029.wav,2,0.0215,0.0531,0.0477,0.2874,0.5903,0.3356,0.3331,0.3313,0.076,0.1621,0.5007,0.2352,0.0261,0.0269,0.9132,0.0599,0.996,0.0032,0.0008,0.1909,0.1918,0.2125,0.213,0.1918,0.0389,0.0916,0.8695
1152,Chèo,cheo/audio_6_154.wav,1,0.2532,0.1296,0.5564,0.0428,0.0179,0.3309,0.3336,0.3355,0.0301,0.1029,0.8419,0.0216,0.0036,0.0431,0.927,0.0299,0.996,0.0032,0.0008,0.2324,0.2316,0.2012,0.1995,0.1352,0.0764,0.1567,0.7669
1153,Chèo,cheo/audio_6_154.wav,2,0.5855,0.112,0.2399,0.0423,0.0202,0.3323,0.3335,0.3343,0.0042,0.0053,0.0071,0.0193,0.9641,0.0348,0.253,0.7122,0.0021,0.0073,0.9906,0.25,0.2483,0.1954,0.1928,0.1133,0.0704,0.4868,0.4428
1154,Chèo,cheo/audio_4_156.wav,1,0.0306,0.8585,0.0583,0.0431,0.0095,0.3323,0.3336,0.3342,0.1148,0.3922,0.4449,0.0395,0.0086,0.0911,0.3758,0.533,0.9905,0.0078,0.0017,0.2046,0.2049,0.2069,0.2067,0.1769,0.0304,0.0742,0.8954
1155,Chèo,cheo/audio_4_156.wav,2,0.6109,0.1727,0.167,0.0357,0.0137,0.3335,0.333,0.3335,0.0783,0.6205,0.2823,0.0156,0.0034,0.0513,0.8733,0.0754,0.0542,0.7019,0.2439,0.2103,0.211,0.2144,0.2136,0.1507,0.0011,0.0033,0.9956
1156,Chèo,cheo/audio_1_031.wav,1,0.6211,0.1614,0.1189,0.065,0.0337,0.3318,0.3335,0.3347,0.0926,0.8663,0.0361,0.004,0.001,0.0522,0.7171,0.2307,0.0372,0.9449,0.0179,0.2495,0.2475,0.1928,0.1904,0.1198,0.0312,0.9575,0.0113
1157,Chèo,cheo/audio_1_031.wav,2,0.6886,0.0936,0.1684,0.0336,0.0159,0.3323,0.3334,0.3343,0.048,0.1382,0.7695,0.0385,0.0057,0.0388,0.8175,0.1437,0.2741,0.6756,0.0503,0.2646,0.2616,0.1868,0.1837,0.1034,0.014,0.9799,0.0061
1158,Chèo,cheo/audio_3_159.wav,1,0.2761,0.1311,0.4895,0.0675,0.0358,0.3307,0.3335,0.3358,0.1042,0.4888,0.3751,0.0262,0.0057,0.0131,0.9634,0.0235,0.0263,0.1483,0.8254,0.2386,0.2373,0.1977,0.1957,0.1306,0.0292,0.0717,0.8992
1159,Chèo,cheo/audio_3_159.wav,2,0.1647,0.133,0.5483,0.0957,0.0582,0.3328,0.3332,0.334,0.0036,0.0125,0.9808,0.0028,0.0004,0.049,0.7372,0.2138,0.8674,0.0982,0.0344,0.2597,0.2572,0.1897,0.1867,0.1068,0.0106,0.9793,0.0102
1160,Chèo,cheo/audio_7_077.wav,1,0.0831,0.1699,0.0987,0.3169,0.3314,0.3347,0.333,0.3323,0.0581,0.4615,0.4638,0.0139,0.0027,0.0119,0.9736,0.0145,0.0422,0.1103,0.8475,0.2327,0.2338,0.2201,0.2172,0.0964,0.0623,0.9192,0.0185
1161,Chèo,cheo/audio_7_077.wav,2,0.0627,0.1257,0.0824,0.2749,0.4543,0.3349,0.3331,0.3319,0.3435,0.5927,0.0547,0.0072,0.0019,0.1206,0.833,0.0464,0.0422,0.1103,0.8475,0.2244,0.2263,0.2295,0.2266,0.0931,0.263,0.699,0.038
1162,Chèo,cheo/audio_7_119.wav,1,0.0547,0.1133,0.0743,0.2704,0.4873,0.3337,0.3332,0.3331,0.2374,0.6537,0.0948,0.0113,0.0028,0.0256,0.9558,0.0187,0.0021,0.0073,0.9906,0.2288,0.2295,0.2164,0.2142,0.1111,0.9635,0.0294,0.0071
1163,Chèo,cheo/audio_7_119.wav,2,0.0682,0.1357,0.0875,0.283,0.4256,0.3329,0.3334,0.3337,0.0041,0.9917,0.0039,0.0003,0.0001,0.0473,0.9225,0.0302,0.2741,0.6756,0.0503,0.2184,0.2195,0.2212,0.2197,0.1212,0.9759,0.0195,0.0046
1164,Chèo,cheo/audio_4_199.wav,1,0.2209,0.1314,0.5271,0.0773,0.0433,0.3328,0.3338,0.3335,0.1988,0.6707,0.1129,0.0139,0.0036,0.0143,0.9588,0.0269,0.64,0.3185,0.0415,0.2531,0.2514,0.1952,0.1923,0.1079,0.1298,0.8417,0.0285
1165,Chèo,cheo/audio_4_199.wav,2,0.1971,0.1057,0.6358,0.0424,0.019,0.3328,0.3332,0.334,0.0549,0.7038,0.2291,0.0101,0.0021,0.0486,0.3767,0.5747,0.8674,0.0982,0.0344,0.2294,0.2291,0.2062,0.2044,0.1309,0.0925,0.8839,0.0236
1166,Chèo,cheo/audio_1_019.wav,1,0.1937,0.1492,0.472,0.1118,0.0732,0.3327,0.3333,0.334,0.0065,0.0223,0.9655,0.0049,0.0007,0.0501,0.6179,0.3319,0.0263,0.1483,0.8254,0.2538,0.2516,0.1921,0.1895,0.113,0.0654,0.7454,0.1892
1167,Chèo,cheo/audio_1_019.wav,2,0.4692,0.1245,0.339,0.046,0.0213,0.3324,0.3335,0.3341,0.0185,0.0926,0.8801,0.0075,0.0013,0.0173,0.9599,0.0228,0.0067,0.9844,0.0089,0.2329,0.2318,0.1982,0.1965,0.1405,0.0631,0.9183,0.0186
1168,Chèo,cheo/audio_3_056.wav,1,0.1106,0.094,0.705,0.0593,0.0312,0.3311,0.3338,0.3351,0.0582,0.1454,0.6832,0.1003,0.0129,0.0546,0.8484,0.097,0.2741,0.6756,0.0503,0.2301,0.2292,0.1999,0.1983,0.1425,0.1488,0.2456,0.6056
1169,Chèo,cheo/audio_3_056.wav,2,0.163,0.1669,0.3382,0.1744,0.1574,0.3316,0.3338,0.3346,0.0643,0.1361,0.4799,0.2964,0.0233,0.0409,0.9178,0.0413,0.9905,0.0078,0.0017,0.2366,0.2353,0.1973,0.1954,0.1355,0.1405,0.2374,0.6221
1170,Chèo,cheo/audio_7_054.wav,1,0.0503,0.1194,0.0697,0.3473,0.4133,0.3346,0.3332,0.3322,0.0308,0.0397,0.0551,0.193,0.6814,0.0065,0.9876,0.0059,0.996,0.0032,0.0008,0.1482,0.1504,0.2319,0.2361,0.2334,0.0477,0.8615,0.0908
1171,Chèo,cheo/audio_7_054.wav,2,0.0823,0.1796,0.097,0.342,0.2991,0.334,0.3332,0.3328,0.9144,0.0597,0.0198,0.0046,0.0014,0.0043,0.9908,0.0049,0.996,0.0032,0.0008,0.1527,0.1547,0.2244,0.228,0.2402,0.9942,0.0049,0.0009
1172,Chèo,cheo/audio_3_174.wav,1,0.1219,0.1048,0.6652,0.0698,0.0382,0.3316,0.3335,0.3349,0.0593,0.1174,0.3498,0.4462,0.0273,0.0434,0.8131,0.1435,0.969,0.0242,0.0069,0.2594,0.2571,0.1911,0.1881,0.1042,0.6485,0.3188,0.0326
1173,Chèo,cheo/audio_3_174.wav,2,0.7362,0.0993,0.1286,0.0254,0.0105,0.3325,0.3332,0.3343,0.7606,0.1905,0.0398,0.0071,0.002,0.0394,0.9345,0.0261,0.0021,0.0073,0.9906,0.2707,0.2672,0.1838,0.1805,0.0977,0.0002,0.9997,0.0001
1174,Chèo,cheo/audio_0_086.wav,1,0.0553,0.1501,0.0742,0.4515,0.2689,0.3327,0.3332,0.3341,0.0952,0.326,0.5402,0.0327,0.006,0.0356,0.2601,0.7043,0.9905,0.0078,0.0017,0.1913,0.1926,0.2206,0.2212,0.1744,0.4259,0.534,0.0401
1175,Chèo,cheo/audio_0_086.wav,2,0.0326,0.1078,0.0498,0.6522,0.1576,0.3329,0.3333,0.3338,0.6294,0.3103,0.0504,0.0077,0.0021,0.033,0.2331,0.7339,0.0422,0.1103,0.8475,0.2244,0.2248,0.2131,0.2114,0.1264,0.9711,0.0248,0.0041
1176,Chèo,cheo/audio_3_141.wav,1,0.1358,0.1613,0.281,0.201,0.221,0.3316,0.3334,0.335,0.0762,0.1762,0.5855,0.1426,0.0195,0.0621,0.4615,0.4764,0.2741,0.6756,0.0503,0.2401,0.2392,0.2011,0.1988,0.1208,0.0713,0.1488,0.7799
1177,Chèo,cheo/audio_3_141.wav,2,0.1933,0.1667,0.378,0.1472,0.1148,0.3312,0.3334,0.3354,0.0654,0.1261,0.3323,0.4424,0.0338,0.0373,0.2038,0.7589,0.0263,0.1483,0.8254,0.2391,0.238,0.1988,0.1967,0.1274,0.0063,0.023,0.9708
1178,Chèo,cheo/audio_6_170.wav,1,0.323,0.1843,0.4276,0.047,0.0182,0.3331,0.3335,0.3334,0.1913,0.7526,0.0486,0.0059,0.0015,0.8298,0.1432,0.0269,0.9336,0.0507,0.0157,0.2483,0.2465,0.194,0.1916,0.1196,0.068,0.7159,0.2161
1179,Chèo,cheo/audio_6_170.wav,2,0.8606,0.0667,0.0443,0.0195,0.0088,0.3294,0.3336,0.337,0.5385,0.4025,0.0498,0.0072,0.0019,0.1664,0.7772,0.0565,0.0372,0.9449,0.0179,0.2438,0.2422,0.1955,0.1933,0.1253,0.428,0.532,0.0401
1180,Chèo,cheo/audio_8_083.wav,1,0.0163,0.0416,0.0294,0.2371,0.6757,0.3328,0.3334,0.3338,0.0112,0.0417,0.9384,0.0074,0.0012,0.0546,0.6002,0.3452,0.9905,0.0078,0.0017,0.1903,0.1914,0.2154,0.216,0.187,0.0475,0.108,0.8445
1181,Chèo,cheo/audio_8_083.wav,2,0.0199,0.0554,0.0391,0.4874,0.3982,0.3345,0.3331,0.3324,0.0067,0.0245,0.9634,0.0047,0.0007,0.0557,0.6064,0.3379,0.0067,0.9844,0.0089,0.2255,0.2254,0.207,0.2054,0.1366,0.0009,0.0028,0.9963
1182,Chèo,cheo/audio_0_099.wav,1,0.3708,0.3797,0.1151,0.0958,0.0385,0.3344,0.3332,0.3324,0.1227,0.8177,0.0522,0.0059,0.0015,0.0277,0.9028,0.0695,0.0067,0.9844,0.0089,0.2433,0.2416,0.1953,0.1931,0.1267,0.9195,0.0701,0.0104
1183,Chèo,cheo/audio_0_099.wav,2,0.3907,0.3312,0.1243,0.1069,0.0469,0.3349,0.333,0.3321,0.075,0.1591,0.5485,0.1981,0.0194,0.011,0.97,0.019,0.0263,0.1483,0.8254,0.283,0.2788,0.1787,0.1748,0.0847,0.1154,0.8578,0.0268
1184,Chèo,cheo/audio_7_075.wav,1,0.0483,0.0848,0.1018,0.1933,0.5718,0.3348,0.3331,0.3322,0.9998,0.0002,0.0,0.0,0.0,0.7947,0.171,0.0343,0.8989,0.0759,0.0252,0.1797,0.1811,0.2202,0.2216,0.1974,0.6563,0.3115,0.0322
1185,Chèo,cheo/audio_7_075.wav,2,0.0792,0.1553,0.0966,0.2956,0.3734,0.3345,0.3331,0.3324,0.4918,0.4039,0.0875,0.0134,0.0035,0.204,0.7398,0.0562,0.0422,0.1103,0.8475,0.1734,0.1755,0.2352,0.2372,0.1787,0.9367,0.0549,0.0084
1186,Chèo,cheo/audio_12_016.wav,1,0.0591,0.1735,0.0768,0.4823,0.2083,0.3335,0.3332,0.3333,0.0562,0.1744,0.7198,0.0423,0.0073,0.0215,0.0809,0.8976,0.0021,0.0073,0.9906,0.1702,0.1711,0.1997,0.2012,0.2579,0.5613,0.4019,0.0368
1187,Chèo,cheo/audio_12_016.wav,2,0.0116,0.0239,0.0235,0.0782,0.8628,0.3354,0.3329,0.3317,0.0628,0.1446,0.6446,0.134,0.0141,0.0348,0.2339,0.7313,0.0422,0.1103,0.8475,0.163,0.1643,0.2057,0.2078,0.2592,0.0086,0.0323,0.9591
1188,Chèo,cheo/audio_6_019.wav,1,0.1943,0.1479,0.4774,0.1094,0.0709,0.3332,0.3332,0.3336,0.0284,0.1487,0.8106,0.0104,0.0019,0.0492,0.6634,0.2874,0.0263,0.1483,0.8254,0.2535,0.2513,0.1923,0.1897,0.1132,0.0714,0.6584,0.2703
1189,Chèo,cheo/audio_6_019.wav,2,0.44,0.126,0.3649,0.0472,0.0219,0.3324,0.3335,0.3341,0.0207,0.1095,0.8605,0.0079,0.0014,0.0166,0.9637,0.0196,0.0067,0.9844,0.0089,0.2328,0.2316,0.1982,0.1966,0.1408,0.0521,0.8397,0.1082
1190,Chèo,cheo/audio_0_030.wav,1,0.1218,0.3402,0.1106,0.3067,0.1207,0.3343,0.3331,0.3326,0.0215,0.1179,0.8512,0.008,0.0015,0.9475,0.0395,0.013,0.9905,0.0078,0.0017,0.2049,0.2051,0.2048,0.2045,0.1808,0.5924,0.3721,0.0355
1191,Chèo,cheo/audio_0_030.wav,2,0.1331,0.3409,0.1152,0.2892,0.1216,0.3345,0.3331,0.3325,0.1136,0.5393,0.3212,0.0214,0.0044,0.9061,0.0692,0.0247,0.8965,0.0877,0.0157,0.2074,0.2075,0.2047,0.2043,0.1761,0.6145,0.3511,0.0344
1192,Chèo,cheo/audio_5_072.wav,1,0.0402,0.1282,0.0586,0.5896,0.1834,0.3333,0.3333,0.3333,0.0676,0.1467,0.5221,0.241,0.0227,0.045,0.7679,0.1871,0.64,0.3185,0.0415,0.1734,0.1746,0.2095,0.2111,0.2315,0.0059,0.0168,0.9773
1193,Chèo,cheo/audio_5_072.wav,2,0.0226,0.0945,0.0361,0.7814,0.0654,0.3333,0.3334,0.3333,0.0395,0.1031,0.784,0.0657,0.0078,0.0429,0.3575,0.5996,0.64,0.3185,0.0415,0.1447,0.1463,0.2009,0.2041,0.3039,0.0219,0.0921,0.8859
1194,Chèo,cheo/audio_4_181.wav,1,0.0329,0.0318,0.9163,0.0135,0.0056,0.3323,0.3333,0.3343,0.0029,0.9932,0.0036,0.0003,0.0001,0.0116,0.0488,0.9396,0.0542,0.7019,0.2439,0.2416,0.2403,0.1982,0.1959,0.124,0.6048,0.3603,0.0349
1195,Chèo,cheo/audio_4_181.wav,2,0.4895,0.1239,0.3226,0.044,0.02,0.3319,0.3334,0.3347,0.2321,0.5568,0.1839,0.0221,0.0051,0.7634,0.1642,0.0724,0.0067,0.9844,0.0089,0.1686,0.1696,0.2009,0.2026,0.2583,0.4714,0.4892,0.0394
1196,Chèo,cheo/audio_4_037.wav,1,0.0395,0.0935,0.8031,0.0482,0.0156,0.3323,0.3337,0.334,0.0077,0.0337,0.9541,0.0039,0.0007,0.0537,0.7847,0.1617,0.0263,0.1483,0.8254,0.2253,0.2253,0.2088,0.2072,0.1333,0.0119,0.9828,0.0053
1197,Chèo,cheo/audio_4_037.wav,2,0.0021,0.0084,0.0047,0.9771,0.0077,0.3336,0.3329,0.3335,0.066,0.3867,0.524,0.0194,0.0039,0.1393,0.7895,0.0711,0.0422,0.1103,0.8475,0.229,0.2282,0.2013,0.1997,0.1418,0.0214,0.953,0.0255
1198,Chèo,cheo/audio_1_047.wav,1,0.9394,0.024,0.0268,0.0068,0.003,0.3328,0.3332,0.334,0.9245,0.0549,0.016,0.0035,0.0011,0.3076,0.621,0.0713,0.969,0.0242,0.0069,0.2405,0.2394,0.2,0.1978,0.1224,0.7814,0.195,0.0236
1199,Chèo,cheo/audio_1_047.wav,2,0.3727,0.1382,0.3846,0.0681,0.0365,0.3334,0.3332,0.3334,0.0792,0.5444,0.3546,0.018,0.0038,0.7112,0.2429,0.046,0.095,0.1999,0.7051,0.2393,0.238,0.1981,0.1961,0.1286,0.0098,0.0371,0.9531
1200,Chầu văn,chau_van/audio_7_225.wav,1,0.0375,0.1094,0.1119,0.5821,0.1592,0.3342,0.3331,0.3327,0.987,0.01,0.0024,0.0004,0.0001,0.0754,0.7993,0.1253,0.0021,0.0073,0.9906,0.1465,0.1482,0.2084,0.2118,0.2851,0.9709,0.0249,0.0042
1201,Chầu văn,chau_van/audio_7_225.wav,2,0.0597,0.1814,0.2592,0.3986,0.1011,0.3344,0.3331,0.3326,0.0079,0.0098,0.0127,0.0306,0.939,0.0338,0.9116,0.0547,0.0021,0.0073,0.9906,0.1571,0.1585,0.2048,0.2073,0.2724,0.0415,0.0965,0.862
1202,Chầu văn,chau_van/audio_5_287.wav,1,0.0189,0.0551,0.0383,0.6181,0.2695,0.3333,0.3332,0.3335,0.9541,0.0335,0.0097,0.0021,0.0006,0.0308,0.0924,0.8768,0.0067,0.9844,0.0089,0.1735,0.1747,0.212,0.2137,0.2261,0.9934,0.0054,0.0012
1203,Chầu văn,chau_van/audio_5_287.wav,2,0.0084,0.0329,0.015,0.911,0.0327,0.3329,0.3332,0.3339,0.8674,0.106,0.0217,0.0039,0.0011,0.0492,0.1325,0.8183,0.0542,0.7019,0.2439,0.1693,0.1705,0.2075,0.2093,0.2434,0.8238,0.1326,0.0436
1204,Chầu văn,chau_van/audio_5_185.wav,1,0.057,0.1836,0.0743,0.5171,0.1679,0.3341,0.3331,0.3328,0.9052,0.07,0.0195,0.0041,0.0012,0.0404,0.1143,0.8453,0.0067,0.9844,0.0089,0.1785,0.1794,0.2055,0.2067,0.2298,0.9263,0.0581,0.0156
1205,Chầu văn,chau_van/audio_5_185.wav,2,0.0329,0.0951,0.0517,0.5334,0.2868,0.3334,0.3332,0.3335,0.9957,0.0032,0.0009,0.0002,0.0001,0.0112,0.0388,0.95,0.0067,0.9844,0.0089,0.1873,0.1879,0.2055,0.2062,0.2132,0.9899,0.0086,0.0015
1206,Chầu văn,chau_van/audio_1_079.wav,1,0.4033,0.3686,0.1107,0.0841,0.0333,0.3344,0.333,0.3326,0.0329,0.0435,0.0624,0.2615,0.5997,0.0342,0.2414,0.7245,0.0263,0.1483,0.8254,0.2269,0.2263,0.2035,0.202,0.1414,0.0324,0.0785,0.889
1207,Chầu văn,chau_van/audio_1_079.wav,2,0.1557,0.6651,0.08,0.0753,0.0239,0.335,0.333,0.332,0.0223,0.0296,0.0422,0.1595,0.7464,0.051,0.6059,0.3431,0.0263,0.1483,0.8254,0.2378,0.2368,0.2,0.198,0.1274,0.0884,0.1744,0.7372
1208,Chầu văn,chau_van/audio_2_072.wav,1,0.0641,0.8441,0.0433,0.0377,0.0107,0.3333,0.3333,0.3334,0.0295,0.0356,0.0448,0.0973,0.7928,0.0153,0.969,0.0157,0.0263,0.1483,0.8254,0.1489,0.1506,0.2127,0.2161,0.2716,0.9815,0.0157,0.0027
1209,Chầu văn,chau_van/audio_2_072.wav,2,0.1257,0.7159,0.0705,0.0673,0.0206,0.3329,0.3334,0.3337,0.0742,0.1542,0.514,0.2362,0.0213,0.0559,0.7538,0.1902,0.0021,0.0073,0.9906,0.1472,0.1487,0.2039,0.207,0.2932,0.0254,0.9649,0.0097
1210,Chầu văn,chau_van/audio_7_319.wav,1,0.0833,0.1485,0.3044,0.2596,0.2042,0.3346,0.3331,0.3323,0.2731,0.6453,0.0706,0.0088,0.0022,0.0407,0.8009,0.1583,0.0372,0.9449,0.0179,0.2317,0.2308,0.2003,0.1986,0.1387,0.4313,0.5286,0.04
1211,Chầu văn,chau_van/audio_7_319.wav,2,0.042,0.7034,0.0616,0.1669,0.0261,0.3349,0.333,0.3321,0.0392,0.0512,0.0724,0.2827,0.5545,0.0108,0.0387,0.9505,0.0372,0.9449,0.0179,0.2554,0.2533,0.1921,0.1893,0.11,0.0011,0.9981,0.0008
1212,Chầu văn,chau_van/audio_5_372.wav,1,0.1758,0.5878,0.0938,0.1071,0.0354,0.3311,0.3336,0.3353,0.0445,0.0629,0.1004,0.6914,0.1008,0.0793,0.8677,0.053,0.0542,0.7019,0.2439,0.1566,0.1579,0.2041,0.2067,0.2747,0.9907,0.0079,0.0014
1213,Chầu văn,chau_van/audio_5_372.wav,2,0.2148,0.4856,0.1114,0.1376,0.0506,0.3321,0.3336,0.3343,0.8734,0.0858,0.0307,0.0076,0.0024,0.0508,0.56,0.3893,0.0542,0.7019,0.2439,0.1516,0.1529,0.1985,0.2011,0.2959,0.9844,0.0127,0.0029
1214,Chầu văn,chau_van/audio_3_005.wav,1,0.0778,0.4107,0.0867,0.3496,0.0751,0.3301,0.3336,0.3363,0.4467,0.487,0.0565,0.0078,0.002,0.0026,0.0105,0.9869,0.9905,0.0078,0.0017,0.1777,0.1788,0.2103,0.2116,0.2217,0.8674,0.1167,0.0159
1215,Chầu văn,chau_van/audio_3_005.wav,2,0.0376,0.7948,0.0471,0.1016,0.0189,0.3353,0.3333,0.3313,0.0329,0.0402,0.0509,0.1059,0.7701,0.0575,0.1489,0.7936,0.8398,0.1172,0.043,0.1656,0.1667,0.201,0.2029,0.2638,0.0727,0.5975,0.3298
1216,Chầu văn,chau_van/audio_7_383.wav,1,0.0522,0.1396,0.7342,0.0566,0.0173,0.3344,0.333,0.3325,0.1951,0.5731,0.2048,0.0221,0.005,0.0579,0.1493,0.7928,0.64,0.3185,0.0415,0.1988,0.1993,0.2082,0.2083,0.1854,0.657,0.3108,0.0322
1217,Chầu văn,chau_van/audio_7_383.wav,2,0.0291,0.1448,0.0786,0.6981,0.0494,0.3349,0.3329,0.3322,0.0751,0.6638,0.2456,0.0128,0.0027,0.0016,0.0067,0.9918,0.0263,0.1483,0.8254,0.2363,0.2356,0.2028,0.2008,0.1245,0.0044,0.992,0.0036
1218,Chầu văn,chau_van/audio_5_528.wav,1,0.2952,0.4952,0.1019,0.0795,0.0283,0.3312,0.3337,0.3352,0.9662,0.0261,0.0062,0.0012,0.0004,0.0496,0.5316,0.4187,0.0263,0.1483,0.8254,0.2281,0.2283,0.213,0.2111,0.1196,0.9802,0.0169,0.0029
1219,Chầu văn,chau_van/audio_5_528.wav,2,0.1202,0.755,0.0704,0.0417,0.0127,0.3326,0.3334,0.3339,0.2086,0.728,0.0549,0.0068,0.0018,0.0044,0.0206,0.9749,0.0263,0.1483,0.8254,0.2244,0.2242,0.2066,0.2051,0.1397,0.0035,0.9947,0.0018
1220,Chầu văn,chau_van/audio_5_723.wav,1,0.0315,0.0681,0.852,0.0362,0.0122,0.3319,0.3334,0.3348,0.9708,0.0224,0.0054,0.0011,0.0003,0.046,0.8122,0.1419,0.8965,0.0877,0.0157,0.2165,0.216,0.2011,0.2002,0.1662,0.9966,0.0028,0.0006
1221,Chầu văn,chau_van/audio_5_723.wav,2,0.0285,0.9128,0.0245,0.0272,0.0069,0.332,0.3335,0.3345,0.0205,0.1113,0.859,0.0078,0.0014,0.0635,0.3608,0.5756,0.8965,0.0877,0.0157,0.2281,0.2279,0.207,0.2053,0.1317,0.9986,0.0011,0.0002
1222,Chầu văn,chau_van/audio_7_469.wav,1,0.0104,0.0258,0.0198,0.138,0.806,0.3341,0.3331,0.3328,0.0314,0.0496,0.0951,0.7938,0.03,0.0523,0.4113,0.5364,0.0263,0.1483,0.8254,0.145,0.1466,0.2046,0.208,0.2958,0.9969,0.0025,0.0005
1223,Chầu văn,chau_van/audio_7_469.wav,2,0.0241,0.0667,0.0418,0.4548,0.4126,0.3345,0.333,0.3325,0.9857,0.0106,0.0029,0.0006,0.0002,0.0251,0.1362,0.8388,0.2741,0.6756,0.0503,0.1564,0.1576,0.1991,0.2014,0.2856,0.8122,0.1405,0.0472
1224,Chầu văn,chau_van/audio_4_013.wav,1,0.2751,0.1808,0.4793,0.0468,0.018,0.332,0.3335,0.3345,0.9636,0.0262,0.0079,0.0017,0.0005,0.0215,0.131,0.8475,0.0542,0.7019,0.2439,0.1725,0.1735,0.2033,0.2048,0.2459,0.944,0.0446,0.0114
1225,Chầu văn,chau_van/audio_4_013.wav,2,0.1648,0.5432,0.2166,0.0576,0.0178,0.3321,0.3335,0.3344,0.9929,0.0053,0.0014,0.0003,0.0001,0.045,0.7684,0.1866,0.0542,0.7019,0.2439,0.1457,0.1471,0.1996,0.2027,0.3049,0.9913,0.0072,0.0016
1226,Chầu văn,chau_van/audio_2_081.wav,1,0.0735,0.8151,0.0493,0.0484,0.0137,0.3325,0.3331,0.3343,0.9731,0.0199,0.0055,0.0012,0.0003,0.0488,0.3577,0.5935,0.0021,0.0073,0.9906,0.1415,0.1432,0.2058,0.2095,0.3,0.986,0.0114,0.0026
1227,Chầu văn,chau_van/audio_2_081.wav,2,0.0031,0.9901,0.0034,0.0028,0.0007,0.3331,0.3332,0.3337,0.7141,0.2416,0.037,0.0058,0.0016,0.0287,0.0972,0.874,0.64,0.3185,0.0415,0.1904,0.1913,0.2129,0.2136,0.1918,0.9773,0.0184,0.0043
1228,Chầu văn,chau_van/audio_5_429.wav,1,0.038,0.1993,0.108,0.6002,0.0544,0.3343,0.3337,0.332,0.9051,0.0766,0.015,0.0026,0.0007,0.0633,0.696,0.2407,0.0067,0.9844,0.0089,0.1501,0.1513,0.1949,0.1975,0.3062,0.9897,0.0087,0.0016
1229,Chầu văn,chau_van/audio_5_429.wav,2,0.0964,0.6239,0.0809,0.1572,0.0417,0.3355,0.3329,0.3317,0.958,0.0324,0.0077,0.0015,0.0004,0.0529,0.8951,0.0521,0.0542,0.7019,0.2439,0.1165,0.1179,0.1724,0.1761,0.4171,0.999,0.0008,0.0002
1230,Chầu văn,chau_van/audio_7_175.wav,1,0.0068,0.0154,0.0117,0.0601,0.906,0.3332,0.3332,0.3336,0.9953,0.0035,0.0009,0.0002,0.0001,0.0592,0.3777,0.5631,0.0067,0.9844,0.0089,0.1402,0.1417,0.1973,0.2006,0.3202,0.8901,0.0852,0.0247
1231,Chầu văn,chau_van/audio_7_175.wav,2,0.0641,0.2157,0.3186,0.3262,0.0754,0.3336,0.3331,0.3333,0.7643,0.1927,0.0356,0.0058,0.0016,0.0561,0.6706,0.2733,0.0263,0.1483,0.8254,0.1519,0.1541,0.2314,0.2353,0.2274,0.7464,0.2273,0.0263
1232,Chầu văn,chau_van/audio_5_246.wav,1,0.0517,0.1638,0.1957,0.482,0.1069,0.3339,0.3332,0.333,0.1136,0.4524,0.4021,0.0266,0.0053,0.042,0.1175,0.8405,0.0542,0.7019,0.2439,0.203,0.2036,0.2112,0.2111,0.1712,0.1645,0.8035,0.0319
1233,Chầu văn,chau_van/audio_5_246.wav,2,0.0102,0.036,0.0245,0.8829,0.0464,0.3343,0.333,0.3326,0.8676,0.107,0.0208,0.0036,0.001,0.0462,0.1265,0.8273,0.0542,0.7019,0.2439,0.2098,0.21,0.2077,0.2072,0.1652,0.9706,0.0252,0.0042
1234,Chầu văn,chau_van/audio_0_105.wav,1,0.0342,0.0743,0.8507,0.0307,0.0101,0.3321,0.3336,0.3343,0.9872,0.0099,0.0023,0.0004,0.0001,0.065,0.4558,0.4793,0.969,0.0242,0.0069,0.2901,0.2859,0.1774,0.173,0.0736,0.9619,0.0306,0.0075
1235,Chầu văn,chau_van/audio_0_105.wav,2,0.2606,0.2781,0.3878,0.0543,0.0191,0.3322,0.3335,0.3343,0.8916,0.0761,0.0247,0.0058,0.0018,0.0523,0.9158,0.0318,0.0372,0.9449,0.0179,0.2751,0.272,0.185,0.1812,0.0867,0.9537,0.0371,0.0093
1236,Chầu văn,chau_van/audio_5_348.wav,1,0.3041,0.4649,0.107,0.0906,0.0334,0.3323,0.3335,0.3342,0.0498,0.0793,0.1528,0.6794,0.0387,0.0281,0.9381,0.0338,0.0372,0.9449,0.0179,0.1886,0.1896,0.2148,0.2156,0.1914,0.9999,0.0001,0.0
1237,Chầu văn,chau_van/audio_5_348.wav,2,0.0106,0.9519,0.0158,0.0181,0.0037,0.3325,0.3334,0.3341,0.119,0.6554,0.2062,0.016,0.0035,0.073,0.5767,0.3503,0.0067,0.9844,0.0089,0.1748,0.176,0.2114,0.213,0.2247,0.0391,0.9475,0.0134
1238,Chầu văn,chau_van/audio_2_038.wav,1,0.0614,0.825,0.0459,0.0533,0.0144,0.3321,0.3335,0.3343,0.9712,0.0214,0.0058,0.0012,0.0003,0.0865,0.8636,0.0499,0.0372,0.9449,0.0179,0.1684,0.1696,0.2065,0.2083,0.2473,0.9834,0.0136,0.0031
1239,Chầu văn,chau_van/audio_2_038.wav,2,0.157,0.4705,0.1095,0.1947,0.0683,0.3317,0.3336,0.3347,0.8938,0.0731,0.0251,0.0061,0.0019,0.0704,0.5901,0.3396,0.0372,0.9449,0.0179,0.1912,0.1918,0.2069,0.2074,0.2026,0.994,0.0049,0.0011
1240,Chầu văn,chau_van/audio_5_704.wav,1,0.0643,0.1503,0.5802,0.152,0.0532,0.3323,0.3335,0.3342,0.7383,0.1983,0.0506,0.0098,0.0029,0.5863,0.3561,0.0576,0.2741,0.6756,0.0503,0.2111,0.2113,0.2085,0.2079,0.1613,0.9866,0.0114,0.002
1241,Chầu văn,chau_van/audio_5_704.wav,2,0.1458,0.6787,0.1149,0.0464,0.0142,0.3317,0.3336,0.3346,0.2533,0.6297,0.1017,0.0124,0.003,0.4107,0.5291,0.0602,0.0372,0.9449,0.0179,0.2309,0.2302,0.2023,0.2006,0.1361,0.7066,0.2643,0.0291
1242,Chầu văn,chau_van/audio_2_116.wav,1,0.3722,0.3969,0.1104,0.0868,0.0337,0.3317,0.3336,0.3348,0.8387,0.1322,0.024,0.004,0.0011,0.0004,0.002,0.9976,0.0542,0.7019,0.2439,0.1613,0.1627,0.209,0.2113,0.2558,0.952,0.0414,0.0066
1243,Chầu văn,chau_van/audio_2_116.wav,2,0.4225,0.3195,0.12,0.0963,0.0417,0.3321,0.3335,0.3345,0.8443,0.1038,0.0387,0.0099,0.0032,0.0496,0.4701,0.4802,0.0263,0.1483,0.8254,0.1635,0.1647,0.2023,0.2043,0.2652,0.8992,0.0785,0.0223
1244,Chầu văn,chau_van/audio_7_347.wav,1,0.0021,0.0046,0.0037,0.0171,0.9726,0.3341,0.3331,0.3329,0.7221,0.1718,0.0758,0.0225,0.0078,0.2047,0.7212,0.0741,0.9905,0.0078,0.0017,0.1429,0.1441,0.1886,0.1913,0.3332,0.9793,0.0168,0.0039
1245,Chầu văn,chau_van/audio_7_347.wav,2,0.0459,0.158,0.1624,0.5387,0.095,0.3341,0.3331,0.3328,0.0441,0.0593,0.0872,0.4344,0.3749,0.051,0.4895,0.4595,0.0021,0.0073,0.9906,0.1803,0.1815,0.2146,0.2158,0.2077,0.9017,0.0859,0.0124
1246,Chầu văn,chau_van/audio_7_052.wav,1,0.0702,0.0955,0.7136,0.0801,0.0406,0.3339,0.3331,0.333,0.9076,0.0651,0.0211,0.0048,0.0015,0.1464,0.8041,0.0494,0.0067,0.9844,0.0089,0.149,0.1502,0.1923,0.1948,0.3137,0.8745,0.0966,0.0288
1247,Chầu văn,chau_van/audio_7_052.wav,2,0.029,0.0785,0.0472,0.4298,0.4155,0.3339,0.3331,0.333,0.0309,0.0371,0.0466,0.0999,0.7855,0.0673,0.7676,0.1651,0.8965,0.0877,0.0157,0.1392,0.1404,0.1859,0.1888,0.3457,0.0322,0.9216,0.0463
1248,Chầu văn,chau_van/audio_5_189.wav,1,0.0337,0.1045,0.0519,0.6038,0.2061,0.3334,0.3331,0.3335,0.9637,0.027,0.0074,0.0015,0.0005,0.0589,0.1515,0.7896,0.996,0.0032,0.0008,0.1821,0.1831,0.2093,0.2104,0.215,0.9716,0.0243,0.0041
1249,Chầu văn,chau_van/audio_5_189.wav,2,0.0177,0.0466,0.0331,0.3067,0.5958,0.3332,0.3331,0.3336,0.9052,0.0676,0.021,0.0047,0.0015,0.072,0.1743,0.7537,0.0542,0.7019,0.2439,0.1872,0.1881,0.211,0.2118,0.2019,0.9998,0.0002,0.0
1250,Chầu văn,chau_van/audio_2_009.wav,1,0.193,0.5285,0.1041,0.1294,0.045,0.3316,0.3337,0.3347,0.0276,0.0399,0.0658,0.7923,0.0744,0.0966,0.8296,0.0738,0.0067,0.9844,0.0089,0.135,0.1366,0.1963,0.2,0.332,0.566,0.3974,0.0366
1251,Chầu văn,chau_van/audio_2_009.wav,2,0.2507,0.4438,0.1177,0.135,0.0527,0.3328,0.3335,0.3337,0.0636,0.1577,0.6927,0.0759,0.01,0.6499,0.2999,0.0502,0.0542,0.7019,0.2439,0.1697,0.1706,0.1992,0.2008,0.2597,0.0464,0.8676,0.0861
1252,Chầu văn,chau_van/audio_5_744.wav,1,0.433,0.2947,0.1254,0.1008,0.0461,0.3341,0.3331,0.3328,0.0852,0.5265,0.3668,0.0178,0.0036,0.0531,0.4601,0.4869,0.8674,0.0982,0.0344,0.0984,0.1,0.1692,0.1743,0.4581,0.419,0.5408,0.0402
1253,Chầu văn,chau_van/audio_5_744.wav,2,0.372,0.3333,0.1278,0.1153,0.0516,0.3333,0.3331,0.3336,0.0649,0.1283,0.3642,0.4121,0.0305,0.0408,0.1716,0.7875,0.0263,0.1483,0.8254,0.1545,0.1559,0.2057,0.2085,0.2754,0.7573,0.2172,0.0255
1254,Chầu văn,chau_van/audio_7_299.wav,1,0.019,0.0599,0.0467,0.7596,0.1148,0.3342,0.333,0.3327,0.7654,0.196,0.032,0.0052,0.0014,0.0245,0.9291,0.0464,0.0263,0.1483,0.8254,0.1917,0.1929,0.2207,0.2212,0.1735,0.178,0.789,0.0331
1255,Chầu văn,chau_van/audio_7_299.wav,2,0.02,0.0591,0.0452,0.6721,0.2036,0.3344,0.3331,0.3325,0.3815,0.5536,0.0554,0.0075,0.002,0.0527,0.6389,0.3084,0.0263,0.1483,0.8254,0.187,0.1882,0.218,0.2189,0.1879,0.9407,0.0471,0.0122
1256,Chầu văn,chau_van/audio_7_020.wav,1,0.0459,0.1311,0.1518,0.5195,0.1518,0.3348,0.3331,0.3321,0.3284,0.5893,0.0708,0.0092,0.0023,0.0515,0.7466,0.2018,0.0067,0.9844,0.0089,0.2423,0.2412,0.2001,0.1977,0.1187,0.0105,0.9793,0.0101
1257,Chầu văn,chau_van/audio_7_020.wav,2,0.0063,0.031,0.013,0.9348,0.0149,0.3353,0.3329,0.3318,0.273,0.6321,0.0821,0.0102,0.0025,0.0464,0.3679,0.5857,0.0372,0.9449,0.0179,0.2271,0.227,0.2083,0.2067,0.1309,0.1272,0.8446,0.0282
1258,Chầu văn,chau_van/audio_0_104.wav,1,0.0559,0.8326,0.0438,0.0535,0.0141,0.3316,0.3337,0.3348,0.0301,0.0392,0.055,0.2045,0.6711,0.0404,0.8022,0.1574,0.0067,0.9844,0.0089,0.2367,0.2375,0.2173,0.2142,0.0943,0.0368,0.1727,0.7905
1259,Chầu văn,chau_van/audio_0_104.wav,2,0.1491,0.1579,0.6352,0.0423,0.0155,0.3323,0.3335,0.3342,0.9271,0.0579,0.0122,0.0022,0.0006,0.0424,0.8412,0.1164,0.0067,0.9844,0.0089,0.265,0.263,0.1923,0.1887,0.091,0.947,0.0458,0.0072
1260,Chầu văn,chau_van/audio_7_459.wav,1,0.0338,0.0995,0.0967,0.6092,0.1608,0.3347,0.3331,0.3322,0.0887,0.757,0.1416,0.0104,0.0023,0.0143,0.9633,0.0224,0.969,0.0242,0.0069,0.2375,0.2366,0.2015,0.1994,0.1251,0.0704,0.6794,0.2502
1261,Chầu văn,chau_van/audio_7_459.wav,2,0.0524,0.5673,0.1309,0.216,0.0334,0.3345,0.3331,0.3324,0.0808,0.1637,0.4964,0.2365,0.0226,0.0151,0.0806,0.9044,0.8674,0.0982,0.0344,0.2561,0.2543,0.195,0.192,0.1027,0.0901,0.8866,0.0232
1262,Chầu văn,chau_van/audio_7_337.wav,1,0.0487,0.1218,0.7308,0.075,0.0238,0.3348,0.3331,0.3321,0.0238,0.0368,0.0681,0.8431,0.0282,0.0072,0.0315,0.9612,0.0067,0.9844,0.0089,0.2111,0.2114,0.2099,0.2092,0.1583,0.1442,0.8258,0.03
1263,Chầu văn,chau_van/audio_7_337.wav,2,0.0272,0.1155,0.0773,0.7231,0.0569,0.3349,0.3329,0.3322,0.0097,0.012,0.0156,0.0384,0.9242,0.0538,0.4886,0.4576,0.0542,0.7019,0.2439,0.1859,0.1874,0.2238,0.2248,0.1781,0.7824,0.194,0.0236
1264,Chầu văn,chau_van/audio_2_051.wav,1,0.0131,0.9604,0.0142,0.0098,0.0025,0.332,0.3336,0.3344,0.9795,0.016,0.0036,0.0007,0.0002,0.0694,0.7159,0.2147,0.996,0.0032,0.0008,0.1604,0.1615,0.1987,0.2008,0.2788,0.8946,0.0819,0.0235
1265,Chầu văn,chau_van/audio_2_051.wav,2,0.009,0.9691,0.0092,0.0103,0.0024,0.3324,0.3338,0.3338,0.0127,0.0156,0.0201,0.0482,0.9035,0.2032,0.7281,0.0688,0.9905,0.0078,0.0017,0.1542,0.1554,0.1962,0.1985,0.2957,0.0728,0.5916,0.3356
1266,Chầu văn,chau_van/audio_5_144.wav,1,0.1977,0.6452,0.0903,0.0506,0.0162,0.3323,0.3334,0.3344,0.4507,0.4175,0.11,0.0173,0.0044,0.9738,0.0201,0.0061,0.0263,0.1483,0.8254,0.1489,0.15,0.1901,0.1926,0.3185,0.985,0.0122,0.0027
1267,Chầu văn,chau_van/audio_5_144.wav,2,0.0961,0.7945,0.0583,0.0394,0.0117,0.3322,0.3334,0.3344,0.858,0.0959,0.0347,0.0086,0.0027,0.9835,0.0127,0.0038,0.0263,0.1483,0.8254,0.1517,0.1528,0.1904,0.1926,0.3125,0.8656,0.1031,0.0313
1268,Chầu văn,chau_van/audio_5_481.wav,1,0.0449,0.8743,0.0347,0.0364,0.0097,0.3321,0.3336,0.3343,0.891,0.0749,0.0258,0.0063,0.002,0.0881,0.7343,0.1776,0.0067,0.9844,0.0089,0.1657,0.167,0.2073,0.2093,0.2507,0.9339,0.0524,0.0138
1269,Chầu văn,chau_van/audio_5_481.wav,2,0.0581,0.8469,0.0416,0.0418,0.0115,0.3313,0.3335,0.3352,0.8791,0.0823,0.0291,0.0072,0.0023,0.0982,0.8376,0.0642,0.0067,0.9844,0.0089,0.1459,0.1474,0.2027,0.2059,0.2981,0.9992,0.0007,0.0001
1270,Chầu văn,chau_van/audio_5_591.wav,1,0.0305,0.2066,0.0569,0.6632,0.0427,0.3286,0.3343,0.3371,0.8982,0.0705,0.0239,0.0056,0.0017,0.0637,0.6478,0.2885,0.0422,0.1103,0.8475,0.1231,0.1244,0.1755,0.1789,0.3981,0.9549,0.0361,0.009
1271,Chầu văn,chau_van/audio_5_591.wav,2,0.1027,0.431,0.0975,0.2877,0.081,0.331,0.3334,0.3356,0.8518,0.0992,0.0367,0.0093,0.003,0.0848,0.8736,0.0416,0.969,0.0242,0.0069,0.1323,0.1336,0.1812,0.1842,0.3687,0.8596,0.1074,0.033
1272,Chầu văn,chau_van/audio_7_362.wav,1,0.0647,0.4595,0.2258,0.2112,0.0389,0.3339,0.3331,0.333,0.7589,0.1926,0.0399,0.0067,0.0018,0.0559,0.5196,0.4245,0.0021,0.0073,0.9906,0.1515,0.153,0.2074,0.2104,0.2778,0.3458,0.6142,0.04
1273,Chầu văn,chau_van/audio_7_362.wav,2,0.0207,0.0851,0.056,0.7881,0.0501,0.3339,0.333,0.3331,0.1156,0.8035,0.072,0.0072,0.0017,0.055,0.7468,0.1982,0.8989,0.0759,0.0252,0.1811,0.1827,0.2231,0.2245,0.1886,0.6476,0.3197,0.0327
1274,Chầu văn,chau_van/audio_7_136.wav,1,0.0271,0.0713,0.064,0.4611,0.3764,0.3327,0.3335,0.3338,0.8003,0.1467,0.0417,0.0087,0.0027,0.045,0.8474,0.1076,0.0021,0.0073,0.9906,0.1818,0.1831,0.2173,0.2185,0.1992,0.9056,0.0824,0.012
1275,Chầu văn,chau_van/audio_7_136.wav,2,0.0694,0.148,0.2621,0.3236,0.197,0.3342,0.3331,0.3327,0.0235,0.928,0.045,0.0028,0.0006,0.0511,0.7114,0.2376,0.0021,0.0073,0.9906,0.1492,0.1509,0.2109,0.2142,0.2748,0.0675,0.7217,0.2107
1276,Chầu văn,chau_van/audio_7_241.wav,1,0.0458,0.1924,0.1563,0.5345,0.071,0.3339,0.3331,0.333,0.2782,0.5769,0.1251,0.0159,0.0039,0.0561,0.8698,0.0742,0.0021,0.0073,0.9906,0.1695,0.1708,0.2125,0.2144,0.2328,0.9999,0.0001,0.0
1277,Chầu văn,chau_van/audio_7_241.wav,2,0.0213,0.0547,0.0465,0.3423,0.5353,0.3331,0.3334,0.3335,0.2095,0.7066,0.0732,0.0086,0.0021,0.0681,0.5529,0.379,0.0021,0.0073,0.9906,0.1988,0.2002,0.225,0.225,0.1511,0.6112,0.3542,0.0346
1278,Chầu văn,chau_van/audio_2_041.wav,1,0.0709,0.7945,0.0525,0.0645,0.0176,0.3324,0.3334,0.3341,0.8892,0.0761,0.0263,0.0064,0.002,0.0651,0.6186,0.3163,0.0067,0.9844,0.0089,0.1856,0.1864,0.2071,0.208,0.2128,0.9566,0.0348,0.0086
1279,Chầu văn,chau_van/audio_2_041.wav,2,0.1433,0.6533,0.0821,0.0925,0.0289,0.3321,0.3336,0.3343,0.0696,0.1389,0.4291,0.3376,0.0248,0.0661,0.8937,0.0402,0.0067,0.9844,0.0089,0.1673,0.1685,0.2052,0.2071,0.252,0.1472,0.8224,0.0303
1280,Chầu văn,chau_van/audio_7_354.wav,1,0.0353,0.2442,0.0781,0.598,0.0444,0.3341,0.3331,0.3328,0.9243,0.0562,0.0155,0.0031,0.0009,0.0473,0.8177,0.135,0.0021,0.0073,0.9906,0.17,0.1717,0.2203,0.2224,0.2155,0.95,0.0432,0.0068
1281,Chầu văn,chau_van/audio_7_354.wav,2,0.0212,0.0702,0.056,0.7599,0.0927,0.334,0.3331,0.3328,0.5706,0.3728,0.0478,0.007,0.0019,0.0342,0.9003,0.0655,0.0021,0.0073,0.9906,0.1678,0.1696,0.2223,0.2246,0.2157,0.7611,0.2137,0.0252
1282,Chầu văn,chau_van/audio_2_124.wav,1,0.3497,0.3943,0.1157,0.1003,0.04,0.3324,0.3333,0.3343,0.0214,0.0263,0.0342,0.0857,0.8325,0.0333,0.2376,0.729,0.8989,0.0759,0.0252,0.1555,0.1573,0.219,0.2221,0.2462,0.2944,0.6665,0.039
1283,Chầu văn,chau_van/audio_2_124.wav,2,0.3304,0.3903,0.1202,0.1128,0.0462,0.3316,0.3335,0.3349,0.9656,0.0271,0.0059,0.0011,0.0003,0.0019,0.008,0.9902,0.0263,0.1483,0.8254,0.1664,0.168,0.2163,0.2184,0.2309,0.9424,0.0458,0.0118
1284,Chầu văn,chau_van/audio_0_046.wav,1,0.1457,0.6986,0.0742,0.0621,0.0194,0.3324,0.3339,0.3337,0.6229,0.2912,0.0707,0.012,0.0032,0.7586,0.206,0.0355,0.0263,0.1483,0.8254,0.1311,0.1324,0.1862,0.1896,0.3607,0.8667,0.1023,0.031
1285,Chầu văn,chau_van/audio_0_046.wav,2,0.2228,0.5529,0.0982,0.0938,0.0323,0.3307,0.334,0.3353,0.9293,0.0498,0.0161,0.0037,0.0012,0.2421,0.6975,0.0604,0.0263,0.1483,0.8254,0.1333,0.1348,0.1937,0.1973,0.3409,0.8946,0.0819,0.0235
1286,Chầu văn,chau_van/audio_7_465.wav,1,0.0192,0.0556,0.0389,0.6014,0.2849,0.334,0.333,0.333,0.9876,0.0096,0.0023,0.0004,0.0001,0.052,0.4441,0.5039,0.0263,0.1483,0.8254,0.1571,0.1585,0.2068,0.2093,0.2683,0.9431,0.0452,0.0116
1287,Chầu văn,chau_van/audio_7_465.wav,2,0.0011,0.0042,0.0023,0.9885,0.004,0.3346,0.3331,0.3324,0.0239,0.0292,0.037,0.0795,0.8304,0.0112,0.0544,0.9345,0.0263,0.1483,0.8254,0.1643,0.1655,0.204,0.206,0.2601,0.028,0.0693,0.9026
1288,Chầu văn,chau_van/audio_5_600.wav,1,0.0269,0.1637,0.047,0.7192,0.0432,0.3349,0.3329,0.3322,0.8468,0.1249,0.0234,0.0039,0.0011,0.0309,0.1582,0.811,0.0542,0.7019,0.2439,0.2633,0.2612,0.1922,0.1888,0.0946,0.5754,0.3884,0.0362
1289,Chầu văn,chau_van/audio_5_600.wav,2,0.0233,0.143,0.0472,0.7496,0.0369,0.3333,0.3333,0.3334,0.3951,0.5413,0.0543,0.0074,0.0019,0.0433,0.1265,0.8302,0.0542,0.7019,0.2439,0.2663,0.2641,0.1912,0.1877,0.0907,0.8932,0.0935,0.0133
1290,Chầu văn,chau_van/audio_5_708.wav,1,0.1064,0.7121,0.1219,0.0462,0.0134,0.3303,0.3337,0.336,0.0127,0.0166,0.0232,0.0804,0.8671,0.1106,0.8375,0.0519,0.0021,0.0073,0.9906,0.2026,0.2032,0.2105,0.2104,0.1733,0.3269,0.6334,0.0398
1291,Chầu văn,chau_van/audio_5_708.wav,2,0.0679,0.2376,0.444,0.2006,0.0498,0.3322,0.3334,0.3345,0.031,0.0444,0.0724,0.7659,0.0863,0.0626,0.9028,0.0346,0.969,0.0242,0.0069,0.2294,0.229,0.2054,0.2037,0.1324,0.2861,0.6751,0.0388
1292,Chầu văn,chau_van/audio_7_095.wav,1,0.0911,0.126,0.5862,0.1249,0.0718,0.334,0.3331,0.333,0.0134,0.0212,0.0404,0.9093,0.0158,0.0256,0.1498,0.8247,0.969,0.0242,0.0069,0.1394,0.1407,0.1874,0.1903,0.3422,0.8409,0.1207,0.0384
1293,Chầu văn,chau_van/audio_7_095.wav,2,0.0176,0.0449,0.0311,0.2445,0.6619,0.3338,0.3331,0.3331,0.9564,0.0322,0.009,0.0018,0.0005,0.0739,0.69,0.2361,0.8965,0.0877,0.0157,0.1339,0.1352,0.1866,0.1898,0.3545,0.8646,0.1038,0.0316
1294,Chầu văn,chau_van/audio_5_727.wav,1,0.0728,0.6873,0.1622,0.0617,0.016,0.3322,0.3334,0.3344,0.9794,0.0155,0.004,0.0008,0.0002,0.0767,0.6552,0.2682,0.8965,0.0877,0.0157,0.2071,0.2076,0.2113,0.2108,0.1632,0.7632,0.1732,0.0636
1295,Chầu văn,chau_van/audio_5_727.wav,2,0.0852,0.69,0.1552,0.0546,0.015,0.3318,0.3335,0.3348,0.4691,0.4584,0.0616,0.0087,0.0023,0.0164,0.9558,0.0278,0.8965,0.0877,0.0157,0.2144,0.2143,0.2047,0.2039,0.1627,0.9968,0.0027,0.0005
1296,Chầu văn,chau_van/audio_3_000.wav,1,0.0492,0.3258,0.0703,0.4949,0.0598,0.3364,0.333,0.3306,0.0225,0.0289,0.0389,0.1012,0.8084,0.0271,0.0825,0.8905,0.9905,0.0078,0.0017,0.2028,0.2034,0.2113,0.2111,0.1714,0.0502,0.113,0.8368
1297,Chầu văn,chau_van/audio_3_000.wav,2,0.006,0.0222,0.0112,0.9321,0.0286,0.334,0.333,0.333,0.318,0.6193,0.0538,0.007,0.0018,0.0154,0.0789,0.9057,0.9905,0.0078,0.0017,0.206,0.2064,0.21,0.2096,0.168,0.9864,0.0116,0.002
1298,Chầu văn,chau_van/audio_7_265.wav,1,0.0143,0.0448,0.03,0.7778,0.1331,0.3341,0.3332,0.3327,0.6976,0.2479,0.0453,0.0072,0.002,0.1187,0.825,0.0563,0.0067,0.9844,0.0089,0.2165,0.2165,0.2071,0.2062,0.1536,0.3063,0.6543,0.0394
1299,Chầu văn,chau_van/audio_7_265.wav,2,0.1893,0.6433,0.1043,0.0479,0.0152,0.3343,0.3331,0.3325,0.8566,0.0967,0.035,0.0088,0.0029,0.3506,0.5754,0.074,0.64,0.3185,0.0415,0.188,0.1889,0.211,0.2117,0.2004,0.9696,0.0261,0.0043
1300,Chầu văn,chau_van/audio_5_501.wav,1,0.0853,0.6581,0.1798,0.0605,0.0164,0.3308,0.3332,0.336,0.72,0.2334,0.0388,0.0061,0.0017,0.0101,0.0497,0.9402,0.0021,0.0073,0.9906,0.1275,0.1289,0.1826,0.1861,0.3748,0.9714,0.0231,0.0055
1301,Chầu văn,chau_van/audio_5_501.wav,2,0.0466,0.8782,0.0344,0.0319,0.0088,0.3337,0.333,0.3333,0.9114,0.0615,0.0206,0.0049,0.0015,0.049,0.7557,0.1952,0.0021,0.0073,0.9906,0.1336,0.1349,0.1865,0.1898,0.3553,0.9074,0.0724,0.0202
1302,Chầu văn,chau_van/audio_3_046.wav,1,0.0204,0.1192,0.0426,0.7837,0.0341,0.3318,0.3338,0.3343,0.0791,0.1593,0.4833,0.2551,0.0233,0.0527,0.6644,0.283,0.9905,0.0078,0.0017,0.2431,0.2416,0.196,0.1938,0.1256,0.0008,0.9987,0.0005
1303,Chầu văn,chau_van/audio_3_046.wav,2,0.0311,0.0771,0.0761,0.3878,0.4279,0.3328,0.3338,0.3334,0.0597,0.1129,0.3099,0.4904,0.0271,0.0161,0.951,0.0329,0.0067,0.9844,0.0089,0.256,0.2537,0.1911,0.1883,0.1109,0.0503,0.8492,0.1006
1304,Chầu văn,chau_van/audio_5_742.wav,1,0.4961,0.2752,0.113,0.0805,0.0352,0.334,0.3332,0.3327,0.8357,0.11,0.0405,0.0104,0.0034,0.052,0.6516,0.2965,0.0263,0.1483,0.8254,0.107,0.1087,0.1841,0.1894,0.4108,0.9689,0.0251,0.006
1305,Chầu văn,chau_van/audio_5_742.wav,2,0.433,0.282,0.1301,0.105,0.0499,0.3336,0.3331,0.3333,0.0399,0.108,0.7871,0.0575,0.0075,0.0285,0.0969,0.8746,0.0263,0.1483,0.8254,0.1562,0.1575,0.202,0.2044,0.2798,0.0775,0.9013,0.0212
1306,Chầu văn,chau_van/audio_2_050.wav,1,0.1066,0.7611,0.0618,0.0543,0.0163,0.3317,0.3335,0.3348,0.9935,0.005,0.0012,0.0002,0.0001,0.0779,0.8601,0.062,0.0542,0.7019,0.2439,0.1774,0.1786,0.2111,0.2125,0.2205,0.9826,0.0142,0.0032
1307,Chầu văn,chau_van/audio_2_050.wav,2,0.1128,0.6812,0.0757,0.1007,0.0295,0.3328,0.3335,0.3337,0.0983,0.2638,0.5568,0.0679,0.0132,0.0622,0.8964,0.0414,0.0263,0.1483,0.8254,0.1677,0.1687,0.1995,0.2012,0.263,0.0001,0.9998,0.0001
1308,Chầu văn,chau_van/audio_5_515.wav,1,0.0863,0.8003,0.068,0.0351,0.0103,0.3329,0.3335,0.3336,0.0038,0.0143,0.9793,0.0023,0.0004,0.0117,0.0616,0.9267,0.0263,0.1483,0.8254,0.1785,0.1795,0.2088,0.2101,0.223,0.5323,0.4299,0.0378
1309,Chầu văn,chau_van/audio_5_515.wav,2,0.045,0.8643,0.0365,0.0431,0.0112,0.334,0.3334,0.3326,0.5552,0.3823,0.0524,0.0079,0.0021,0.0026,0.0102,0.9872,0.0263,0.1483,0.8254,0.191,0.1919,0.2125,0.213,0.1917,0.8682,0.1159,0.0159
1310,Chầu văn,chau_van/audio_1_013.wav,1,0.177,0.1173,0.5994,0.0689,0.0373,0.3337,0.3332,0.333,0.0461,0.0564,0.071,0.1409,0.6856,0.0721,0.1745,0.7534,0.0542,0.7019,0.2439,0.178,0.1787,0.1992,0.2003,0.2438,0.0158,0.0632,0.921
1311,Chầu văn,chau_van/audio_1_013.wav,2,0.0439,0.6247,0.0752,0.2253,0.0309,0.3356,0.3331,0.3314,0.0425,0.8466,0.1038,0.0058,0.0013,0.0457,0.3705,0.5838,0.0263,0.1483,0.8254,0.2281,0.2276,0.2037,0.2021,0.1384,0.0385,0.8998,0.0618
1312,Chầu văn,chau_van/audio_5_092.wav,1,0.2756,0.4406,0.2104,0.0551,0.0183,0.3317,0.3333,0.335,0.9022,0.0687,0.0224,0.0051,0.0015,0.7304,0.2298,0.0398,0.0542,0.7019,0.2439,0.1536,0.1546,0.1906,0.1928,0.3084,0.8837,0.09,0.0264
1313,Chầu văn,chau_van/audio_5_092.wav,2,0.2525,0.5671,0.113,0.0508,0.0166,0.3322,0.3334,0.3344,0.8544,0.0982,0.0357,0.0089,0.0028,0.4018,0.5334,0.0648,0.0263,0.1483,0.8254,0.132,0.1332,0.1811,0.1842,0.3696,0.9858,0.0116,0.0026
1314,Chầu văn,chau_van/audio_2_146.wav,1,0.0456,0.4858,0.0816,0.3474,0.0396,0.3326,0.3331,0.3343,0.9313,0.0492,0.0151,0.0033,0.001,0.0442,0.8088,0.147,0.64,0.3185,0.0415,0.1342,0.1355,0.1844,0.1875,0.3583,0.931,0.0546,0.0145
1315,Chầu văn,chau_van/audio_2_146.wav,2,0.0057,0.9791,0.0063,0.0072,0.0017,0.333,0.3333,0.3336,0.2647,0.4781,0.2192,0.0309,0.0072,0.0096,0.9814,0.0091,0.64,0.3185,0.0415,0.1607,0.1617,0.1943,0.1962,0.2871,0.9807,0.0157,0.0036
1316,Chầu văn,chau_van/audio_1_039.wav,1,0.1103,0.7099,0.0708,0.0842,0.0248,0.3348,0.3334,0.3318,0.0721,0.1251,0.2798,0.4885,0.0345,0.0491,0.774,0.1769,0.0372,0.9449,0.0179,0.226,0.2257,0.2053,0.2038,0.1392,0.1874,0.7788,0.0338
1317,Chầu văn,chau_van/audio_1_039.wav,2,0.0799,0.3427,0.0892,0.3929,0.0953,0.3339,0.3334,0.3327,0.3013,0.6359,0.054,0.007,0.0018,0.0484,0.4733,0.4783,0.9336,0.0507,0.0157,0.2115,0.2117,0.2074,0.2067,0.1627,0.001,0.9983,0.0007
1318,Chầu văn,chau_van/audio_5_647.wav,1,0.0355,0.8597,0.0612,0.0351,0.0085,0.3319,0.3336,0.3344,0.0404,0.0544,0.08,0.4009,0.4244,0.362,0.5637,0.0743,0.9336,0.0507,0.0157,0.2287,0.2287,0.2098,0.208,0.1247,0.1032,0.8717,0.0251
1319,Chầu văn,chau_van/audio_5_647.wav,2,0.0393,0.8089,0.0449,0.089,0.0179,0.3319,0.3337,0.3344,0.0391,0.0538,0.0815,0.5033,0.3223,0.4433,0.4924,0.0643,0.996,0.0032,0.0008,0.1752,0.1773,0.2337,0.2356,0.1782,0.0084,0.9877,0.0039
1320,Chầu văn,chau_van/audio_7_369.wav,1,0.0451,0.4388,0.0893,0.3855,0.0412,0.3356,0.3328,0.3316,0.9126,0.0706,0.0137,0.0024,0.0007,0.015,0.0657,0.9192,0.0542,0.7019,0.2439,0.2374,0.2366,0.2015,0.1994,0.1251,0.7566,0.2178,0.0256
1321,Chầu văn,chau_van/audio_7_369.wav,2,0.1594,0.6971,0.0785,0.0495,0.0155,0.3342,0.3331,0.3326,0.0622,0.1406,0.6161,0.1652,0.0159,0.0082,0.0295,0.9623,0.8965,0.0877,0.0157,0.2199,0.2196,0.2037,0.2026,0.1541,0.5574,0.4057,0.0369
1322,Chầu văn,chau_van/audio_5_109.wav,1,0.1428,0.7088,0.0727,0.0577,0.018,0.3319,0.3335,0.3346,0.7409,0.162,0.0698,0.0203,0.007,0.9353,0.0514,0.0132,0.0372,0.9449,0.0179,0.1476,0.1486,0.1878,0.1903,0.3257,0.968,0.0258,0.0062
1323,Chầu văn,chau_van/audio_5_109.wav,2,0.1197,0.747,0.0655,0.052,0.0158,0.3322,0.3333,0.3345,0.8417,0.1054,0.0395,0.0101,0.0032,0.9472,0.0401,0.0128,0.2741,0.6756,0.0503,0.15,0.151,0.1892,0.1915,0.3183,0.8872,0.0874,0.0254
1324,Chầu văn,chau_van/audio_4_003.wav,1,0.6328,0.221,0.0969,0.036,0.0134,0.3316,0.3336,0.3348,0.9897,0.0076,0.0021,0.0004,0.0001,0.0405,0.8401,0.1194,0.0067,0.9844,0.0089,0.1702,0.1713,0.206,0.2077,0.2448,0.9221,0.0613,0.0166
1325,Chầu văn,chau_van/audio_4_003.wav,2,0.1789,0.6342,0.1231,0.0487,0.0152,0.3313,0.3335,0.3352,0.9091,0.0733,0.0143,0.0025,0.0007,0.0097,0.9761,0.0142,0.0067,0.9844,0.0089,0.142,0.1434,0.1936,0.1966,0.3244,0.9062,0.0733,0.0205
1326,Chầu văn,chau_van/audio_7_029.wav,1,0.0366,0.2718,0.075,0.5726,0.044,0.3341,0.3331,0.3328,0.0523,0.0932,0.2243,0.6017,0.0285,0.0399,0.2601,0.7001,0.0542,0.7019,0.2439,0.236,0.2352,0.2019,0.1999,0.1269,0.2832,0.6781,0.0387
1327,Chầu văn,chau_van/audio_7_029.wav,2,0.0696,0.3713,0.3133,0.2037,0.042,0.3348,0.333,0.3322,0.0166,0.0267,0.053,0.8871,0.0166,0.007,0.0268,0.9662,0.0263,0.1483,0.8254,0.2275,0.2269,0.2025,0.201,0.1421,0.0634,0.3821,0.5545
1328,Chầu văn,chau_van/audio_5_266.wav,1,0.0397,0.1231,0.0583,0.5771,0.2018,0.3334,0.3332,0.3334,0.9516,0.0364,0.0095,0.0019,0.0006,0.0836,0.1935,0.7229,0.0542,0.7019,0.2439,0.2005,0.2009,0.2083,0.2083,0.1819,0.987,0.0106,0.0024
1329,Chầu văn,chau_van/audio_5_266.wav,2,0.0741,0.2433,0.0872,0.4492,0.1463,0.3334,0.3332,0.3334,0.703,0.187,0.0794,0.0227,0.0079,0.0814,0.1925,0.7261,0.996,0.0032,0.0008,0.1876,0.1883,0.206,0.2067,0.2114,0.7658,0.1715,0.0627
1330,Chầu văn,chau_van/audio_7_423.wav,1,0.0367,0.1962,0.1017,0.6127,0.0527,0.3339,0.3331,0.333,0.3797,0.4954,0.1061,0.015,0.0038,0.07,0.5297,0.4004,0.0021,0.0073,0.9906,0.185,0.1864,0.2194,0.2204,0.1889,0.9864,0.0115,0.002
1331,Chầu văn,chau_van/audio_7_423.wav,2,0.0164,0.0744,0.0412,0.8319,0.0361,0.3343,0.3331,0.3327,0.6497,0.2996,0.0425,0.0064,0.0017,0.052,0.8469,0.1011,0.8989,0.0759,0.0252,0.1978,0.199,0.2202,0.2203,0.1626,0.6825,0.2869,0.0307
1332,Chầu văn,chau_van/audio_7_263.wav,1,0.0297,0.196,0.0541,0.6775,0.0428,0.3344,0.3332,0.3325,0.1601,0.6335,0.1847,0.0177,0.0039,0.0465,0.7704,0.1831,0.969,0.0242,0.0069,0.2326,0.2319,0.2015,0.1997,0.1344,0.4335,0.5265,0.04
1333,Chầu văn,chau_van/audio_7_263.wav,2,0.1415,0.7216,0.079,0.0442,0.0136,0.3346,0.333,0.3323,0.0789,0.1454,0.3639,0.3816,0.0302,0.0013,0.0051,0.9936,0.0021,0.0073,0.9906,0.2129,0.2132,0.2094,0.2086,0.1558,0.0236,0.9472,0.0292
1334,Chầu văn,chau_van/audio_5_426.wav,1,0.0624,0.6814,0.066,0.1572,0.033,0.3353,0.3327,0.332,0.9633,0.0272,0.0075,0.0015,0.0005,0.0243,0.9385,0.0372,0.0542,0.7019,0.2439,0.1285,0.1298,0.1825,0.1859,0.3733,0.9705,0.0239,0.0057
1335,Chầu văn,chau_van/audio_5_426.wav,2,0.0405,0.7028,0.0643,0.1671,0.0253,0.336,0.3332,0.3308,0.072,0.3542,0.5491,0.0207,0.0039,0.0469,0.8111,0.142,0.0542,0.7019,0.2439,0.1344,0.1358,0.1854,0.1886,0.3558,0.0295,0.9596,0.0109
1336,Chầu văn,chau_van/audio_5_567.wav,1,0.0905,0.7734,0.0862,0.0387,0.0112,0.3324,0.3334,0.3342,0.9794,0.0157,0.0039,0.0008,0.0002,0.0846,0.2027,0.7127,0.0542,0.7019,0.2439,0.2041,0.2046,0.2105,0.2102,0.1706,0.9918,0.0067,0.0015
1337,Chầu văn,chau_van/audio_5_567.wav,2,0.1597,0.6915,0.0889,0.0456,0.0142,0.3318,0.3335,0.3347,0.9938,0.0048,0.0011,0.0002,0.0001,0.0256,0.088,0.8864,0.0542,0.7019,0.2439,0.2211,0.2212,0.2095,0.2082,0.14,0.9988,0.001,0.0002
1338,Chầu văn,chau_van/audio_5_401.wav,1,0.0169,0.9306,0.0191,0.0275,0.0059,0.3321,0.3336,0.3343,0.0949,0.2985,0.5628,0.0371,0.0067,0.6506,0.3023,0.047,0.0372,0.9449,0.0179,0.1494,0.1509,0.2022,0.2051,0.2925,0.4441,0.516,0.0399
1339,Chầu văn,chau_van/audio_5_401.wav,2,0.1326,0.6952,0.1129,0.0455,0.0137,0.3318,0.3335,0.3347,0.2488,0.5925,0.1379,0.0168,0.004,0.0082,0.9826,0.0092,0.0372,0.9449,0.0179,0.1766,0.1778,0.2142,0.2157,0.2157,0.6361,0.3306,0.0333
1340,Chầu văn,chau_van/audio_5_323.wav,1,0.046,0.72,0.0583,0.1492,0.0264,0.3337,0.3332,0.3331,0.8818,0.0932,0.0203,0.0037,0.0011,0.0589,0.1513,0.7898,0.0263,0.1483,0.8254,0.2181,0.2184,0.2117,0.2105,0.1412,0.0529,0.9305,0.0165
1341,Chầu văn,chau_van/audio_5_323.wav,2,0.0222,0.0604,0.0393,0.4136,0.4646,0.3338,0.3331,0.3331,0.024,0.0291,0.0368,0.0801,0.83,0.0254,0.0844,0.8903,0.0263,0.1483,0.8254,0.2035,0.204,0.2089,0.2087,0.1749,0.9998,0.0001,0.0
1342,Chầu văn,chau_van/audio_0_041.wav,1,0.1982,0.6025,0.0903,0.0818,0.0271,0.3359,0.3334,0.3307,0.0824,0.159,0.4349,0.2973,0.0264,0.4472,0.4937,0.0591,0.0542,0.7019,0.2439,0.1187,0.12,0.1734,0.177,0.4109,0.3517,0.6081,0.0401
1343,Chầu văn,chau_van/audio_0_041.wav,2,0.0089,0.9637,0.0132,0.0116,0.0026,0.3333,0.3338,0.3329,0.9659,0.0268,0.0059,0.0011,0.0003,0.6907,0.2662,0.0431,0.0263,0.1483,0.8254,0.1347,0.136,0.1873,0.1905,0.3514,0.9773,0.0184,0.0043
1344,Chầu văn,chau_van/audio_0_086.wav,1,0.0105,0.9629,0.0109,0.0128,0.003,0.3319,0.3337,0.3344,0.0359,0.0509,0.08,0.6153,0.2179,0.0451,0.7557,0.1992,0.64,0.3185,0.0415,0.2461,0.2469,0.2139,0.2101,0.0831,0.0129,0.9741,0.013
1345,Chầu văn,chau_van/audio_0_086.wav,2,0.1462,0.7085,0.0733,0.0549,0.0171,0.3327,0.3335,0.3338,0.0225,0.0328,0.0546,0.8273,0.0628,0.1421,0.8094,0.0484,0.2741,0.6756,0.0503,0.1765,0.1776,0.2089,0.2103,0.2268,0.026,0.9405,0.0335
1346,Chầu văn,chau_van/audio_1_050.wav,1,0.0512,0.0855,0.095,0.1794,0.5888,0.3335,0.3332,0.3334,0.0059,0.0076,0.0104,0.0327,0.9435,0.0671,0.8797,0.0532,0.8965,0.0877,0.0157,0.1837,0.1845,0.2078,0.2087,0.2153,0.0081,0.0226,0.9693
1347,Chầu văn,chau_van/audio_1_050.wav,2,0.0223,0.0599,0.0391,0.3852,0.4935,0.3334,0.3332,0.3334,0.2089,0.2272,0.2299,0.195,0.1389,0.0474,0.8224,0.1302,0.0263,0.1483,0.8254,0.1673,0.1684,0.2057,0.2076,0.251,0.749,0.1823,0.0687
1348,Chầu văn,chau_van/audio_5_254.wav,1,0.0434,0.1635,0.0608,0.6142,0.118,0.3328,0.3333,0.3339,0.0231,0.9605,0.0147,0.0014,0.0003,0.0248,0.084,0.8913,0.0263,0.1483,0.8254,0.2116,0.2116,0.2052,0.2046,0.167,0.2466,0.7161,0.0373
1349,Chầu văn,chau_van/audio_5_254.wav,2,0.0061,0.0285,0.0115,0.9378,0.0161,0.333,0.3332,0.3338,0.9474,0.0413,0.0091,0.0017,0.0005,0.0331,0.0974,0.8694,0.0263,0.1483,0.8254,0.2332,0.2328,0.2061,0.2041,0.1237,0.9638,0.0311,0.0051
1350,Chầu văn,chau_van/audio_5_417.wav,1,0.1441,0.6056,0.09,0.122,0.0383,0.3332,0.3337,0.3331,0.9857,0.0106,0.0029,0.0006,0.0002,0.3364,0.5966,0.0671,0.64,0.3185,0.0415,0.1305,0.1318,0.183,0.1862,0.3685,0.9929,0.0058,0.0013
1351,Chầu văn,chau_van/audio_5_417.wav,2,0.0644,0.1971,0.5488,0.1483,0.0413,0.3344,0.3336,0.332,0.9691,0.0228,0.0064,0.0013,0.0004,0.2433,0.6901,0.0666,0.0372,0.9449,0.0179,0.1235,0.1247,0.1739,0.1772,0.4007,0.9989,0.0009,0.0002
1352,Chầu văn,chau_van/audio_7_146.wav,1,0.0106,0.0345,0.0226,0.8561,0.0762,0.3343,0.333,0.3327,0.9087,0.0733,0.0147,0.0026,0.0007,0.0282,0.9188,0.053,0.0263,0.1483,0.8254,0.1699,0.1716,0.2213,0.2235,0.2137,0.9007,0.0868,0.0125
1353,Chầu văn,chau_van/audio_7_146.wav,2,0.0522,0.1765,0.201,0.4763,0.0941,0.3343,0.3331,0.3326,0.7344,0.2209,0.0372,0.0059,0.0016,0.0589,0.4438,0.4973,0.0021,0.0073,0.9906,0.1553,0.1574,0.2263,0.2297,0.2313,0.976,0.0206,0.0035
1354,Chầu văn,chau_van/audio_5_295.wav,1,0.0219,0.0667,0.0384,0.6534,0.2197,0.3333,0.3332,0.3335,0.5854,0.3591,0.0468,0.0069,0.0019,0.0564,0.1471,0.7965,0.0263,0.1483,0.8254,0.2153,0.2154,0.2081,0.2072,0.154,0.8367,0.1236,0.0397
1355,Chầu văn,chau_van/audio_5_295.wav,2,0.0584,0.1752,0.0761,0.4922,0.1981,0.3327,0.3333,0.334,0.7363,0.2221,0.0347,0.0055,0.0015,0.0293,0.0998,0.8709,0.64,0.3185,0.0415,0.211,0.211,0.2052,0.2046,0.1683,0.9819,0.0154,0.0027
1356,Chầu văn,chau_van/audio_5_014.wav,1,0.0255,0.8767,0.0316,0.0553,0.0109,0.332,0.3336,0.3344,0.906,0.0756,0.015,0.0026,0.0007,0.9659,0.0274,0.0067,0.2741,0.6756,0.0503,0.1486,0.1497,0.1885,0.1909,0.3222,0.9376,0.0495,0.0129
1357,Chầu văn,chau_van/audio_5_014.wav,2,0.1018,0.7852,0.0624,0.039,0.0117,0.3316,0.3335,0.3349,0.7458,0.1594,0.0683,0.0198,0.0068,0.9738,0.0202,0.0059,0.2741,0.6756,0.0503,0.1517,0.1528,0.1901,0.1924,0.313,0.9407,0.0471,0.0122
1358,Chầu văn,chau_van/audio_1_003.wav,1,0.564,0.2794,0.0942,0.0454,0.017,0.3336,0.3333,0.3332,0.3521,0.5529,0.0804,0.0114,0.0031,0.1011,0.8589,0.04,0.0021,0.0073,0.9906,0.2422,0.2406,0.1946,0.1925,0.1301,0.0718,0.6468,0.2814
1359,Chầu văn,chau_van/audio_1_003.wav,2,0.1638,0.69,0.0847,0.0469,0.0147,0.3356,0.3333,0.3311,0.1074,0.8508,0.0366,0.0041,0.001,0.0211,0.9284,0.0505,0.0021,0.0073,0.9906,0.25,0.2479,0.1921,0.1897,0.1203,0.0004,0.9994,0.0002
1360,Chầu văn,chau_van/audio_5_376.wav,1,0.144,0.6606,0.0808,0.0874,0.0273,0.332,0.3337,0.3344,0.0156,0.0191,0.0246,0.0579,0.8829,0.5395,0.4057,0.0548,0.0263,0.1483,0.8254,0.1422,0.1435,0.1914,0.1943,0.3286,0.0398,0.191,0.7691
1361,Chầu văn,chau_van/audio_5_376.wav,2,0.1556,0.6277,0.0868,0.0985,0.0314,0.332,0.3335,0.3345,0.8333,0.1103,0.042,0.0109,0.0035,0.8566,0.1201,0.0233,0.0263,0.1483,0.8254,0.162,0.163,0.1985,0.2005,0.276,0.888,0.0868,0.0252
1362,Chầu văn,chau_van/audio_5_176.wav,1,0.0386,0.1091,0.0579,0.5011,0.2933,0.3326,0.3333,0.334,0.6818,0.2076,0.0819,0.0215,0.0072,0.0281,0.0922,0.8797,0.0021,0.0073,0.9906,0.2123,0.2123,0.205,0.2044,0.166,0.8212,0.1344,0.0444
1363,Chầu văn,chau_van/audio_5_176.wav,2,0.07,0.4328,0.0823,0.3493,0.0656,0.3335,0.3332,0.3333,0.8273,0.123,0.0384,0.0086,0.0027,0.0365,0.1061,0.8575,0.0021,0.0073,0.9906,0.2211,0.2208,0.2052,0.2041,0.1488,0.9995,0.0005,0.0001
1364,Chầu văn,chau_van/audio_7_403.wav,1,0.0374,0.0736,0.0862,0.2072,0.5956,0.3343,0.3331,0.3327,0.8663,0.0903,0.0326,0.0081,0.0026,0.0665,0.868,0.0656,0.0067,0.9844,0.0089,0.1395,0.1407,0.1876,0.1905,0.3417,0.9818,0.0148,0.0034
1365,Chầu văn,chau_van/audio_7_403.wav,2,0.0127,0.9463,0.0153,0.0213,0.0045,0.3349,0.333,0.3321,0.0809,0.1839,0.6153,0.1061,0.0138,0.0413,0.3287,0.63,0.0372,0.9449,0.0179,0.2148,0.2151,0.2111,0.2102,0.1488,0.0007,0.9988,0.0005
1366,Chầu văn,chau_van/audio_5_249.wav,1,0.0128,0.0682,0.0262,0.8677,0.0251,0.334,0.3331,0.3329,0.9012,0.0789,0.0162,0.0029,0.0008,0.0299,0.0898,0.8804,0.8965,0.0877,0.0157,0.2218,0.2219,0.2097,0.2084,0.1381,0.3994,0.5603,0.0403
1367,Chầu văn,chau_van/audio_5_249.wav,2,0.0097,0.0336,0.0227,0.8853,0.0486,0.3343,0.3331,0.3326,0.0291,0.0351,0.0441,0.0944,0.7972,0.0087,0.0311,0.9602,0.0263,0.1483,0.8254,0.2022,0.2026,0.2081,0.208,0.1792,0.9075,0.0808,0.0118
1368,Chầu văn,chau_van/audio_7_075.wav,1,0.0082,0.9666,0.0099,0.0126,0.0027,0.3343,0.3331,0.3327,0.5627,0.38,0.0483,0.0071,0.0019,0.0522,0.1385,0.8093,0.2741,0.6756,0.0503,0.2371,0.2361,0.1996,0.1976,0.1295,0.7447,0.2289,0.0265
1369,Chầu văn,chau_van/audio_7_075.wav,2,0.0586,0.1963,0.2522,0.4053,0.0877,0.3343,0.333,0.3327,0.0298,0.0384,0.0531,0.1821,0.6965,0.0183,0.0593,0.9224,0.2741,0.6756,0.0503,0.2167,0.2168,0.2081,0.2071,0.1514,0.3621,0.5977,0.0402
1370,Chầu văn,chau_van/audio_6_044.wav,1,0.0509,0.2731,0.1639,0.4545,0.0576,0.3318,0.3336,0.3346,0.7891,0.1358,0.0551,0.0151,0.005,0.1161,0.8364,0.0475,0.0021,0.0073,0.9906,0.139,0.1402,0.1836,0.1863,0.3509,0.8806,0.0922,0.0272
1371,Chầu văn,chau_van/audio_6_044.wav,2,0.0641,0.3272,0.2597,0.2963,0.0527,0.3318,0.3335,0.3347,0.7366,0.1641,0.0713,0.0209,0.0072,0.3449,0.5878,0.0673,0.9336,0.0507,0.0157,0.1389,0.14,0.1832,0.186,0.3519,0.8529,0.1122,0.0349
1372,Chầu văn,chau_van/audio_5_023.wav,1,0.5813,0.1991,0.1672,0.0381,0.0144,0.3323,0.3335,0.3342,0.9595,0.0299,0.0084,0.0017,0.0005,0.8644,0.098,0.0376,0.0372,0.9449,0.0179,0.1804,0.1813,0.2052,0.2063,0.2268,0.9599,0.0322,0.0079
1373,Chầu văn,chau_van/audio_5_023.wav,2,0.0442,0.7495,0.0543,0.1283,0.0237,0.3326,0.3335,0.3339,0.078,0.1514,0.4267,0.3177,0.0263,0.9839,0.0128,0.0033,0.0372,0.9449,0.0179,0.2423,0.2412,0.1995,0.1972,0.1198,0.0159,0.9773,0.0067
1374,Chầu văn,chau_van/audio_7_220.wav,1,0.0226,0.078,0.062,0.7562,0.0813,0.3343,0.3331,0.3326,0.0333,0.04,0.0502,0.1079,0.7686,0.0322,0.9167,0.0511,0.0021,0.0073,0.9906,0.1342,0.1363,0.2188,0.2238,0.2869,0.0491,0.9352,0.0157
1375,Chầu văn,chau_van/audio_7_220.wav,2,0.0298,0.0986,0.087,0.6821,0.1024,0.3342,0.3331,0.3327,0.8673,0.1054,0.0223,0.0039,0.0011,0.053,0.8877,0.0593,0.64,0.3185,0.0415,0.1504,0.1521,0.2125,0.2158,0.2692,0.959,0.0353,0.0057
1376,Chầu văn,chau_van/audio_6_001.wav,1,0.0067,0.9766,0.007,0.0078,0.0018,0.3326,0.3333,0.3342,0.8926,0.0763,0.0242,0.0053,0.0016,0.183,0.7444,0.0727,0.8965,0.0877,0.0157,0.1277,0.1289,0.1777,0.1808,0.3849,0.9749,0.0203,0.0048
1377,Chầu văn,chau_van/audio_6_001.wav,2,0.0333,0.7896,0.0588,0.1012,0.0171,0.3317,0.3336,0.3347,0.0126,0.0155,0.0201,0.0491,0.9027,0.3134,0.6225,0.0641,0.64,0.3185,0.0415,0.1469,0.1479,0.1872,0.1896,0.3284,0.0001,0.0003,0.9995
1378,Chầu văn,chau_van/audio_5_468.wav,1,0.1956,0.5918,0.0925,0.0901,0.0301,0.3322,0.3333,0.3345,0.8239,0.116,0.0445,0.0117,0.0038,0.0719,0.3963,0.5318,0.0372,0.9449,0.0179,0.1413,0.1428,0.1969,0.2002,0.3188,0.983,0.0139,0.0032
1379,Chầu văn,chau_van/audio_5_468.wav,2,0.0253,0.8974,0.0271,0.0412,0.009,0.3324,0.3336,0.334,0.0575,0.1357,0.6468,0.1449,0.0151,0.0274,0.9479,0.0246,0.0372,0.9449,0.0179,0.1578,0.1588,0.1944,0.1965,0.2924,0.9739,0.0223,0.0038
1380,Chầu văn,chau_van/audio_6_006.wav,1,0.0853,0.6897,0.0707,0.1225,0.0319,0.3304,0.3336,0.3359,0.7649,0.1491,0.0624,0.0177,0.006,0.674,0.2761,0.05,0.2741,0.6756,0.0503,0.1293,0.1305,0.1767,0.1798,0.3837,0.8917,0.084,0.0242
1381,Chầu văn,chau_van/audio_6_006.wav,2,0.0047,0.9853,0.0049,0.0041,0.001,0.332,0.3335,0.3345,0.7691,0.1467,0.0612,0.0172,0.0058,0.2729,0.6548,0.0723,0.2741,0.6756,0.0503,0.1414,0.1425,0.1849,0.1875,0.3437,0.8933,0.0828,0.0238
1382,Chầu văn,chau_van/audio_7_184.wav,1,0.0426,0.1319,0.1408,0.5616,0.1231,0.3342,0.3331,0.3327,0.8506,0.1196,0.0244,0.0042,0.0012,0.0668,0.6165,0.3167,0.0021,0.0073,0.9906,0.1627,0.1644,0.2179,0.2204,0.2346,0.0095,0.9816,0.0089
1383,Chầu văn,chau_van/audio_7_184.wav,2,0.0383,0.1128,0.1164,0.5802,0.1523,0.3343,0.3331,0.3326,0.8292,0.1404,0.0251,0.0041,0.0011,0.0609,0.7881,0.1511,0.8989,0.0759,0.0252,0.1653,0.1671,0.2251,0.2277,0.2149,0.9414,0.0507,0.0079
1384,Chầu văn,chau_van/audio_5_636.wav,1,0.0369,0.7536,0.0686,0.1211,0.0198,0.3327,0.3338,0.3336,0.8522,0.0989,0.0365,0.0093,0.003,0.018,0.0977,0.8843,0.0542,0.7019,0.2439,0.1575,0.1585,0.1938,0.1959,0.2943,0.8686,0.1009,0.0305
1385,Chầu văn,chau_van/audio_5_636.wav,2,0.0214,0.0671,0.0542,0.7349,0.1224,0.332,0.3335,0.3345,0.7284,0.2104,0.05,0.0088,0.0024,0.041,0.8685,0.0905,0.0542,0.7019,0.2439,0.1336,0.1348,0.1815,0.1845,0.3656,0.9354,0.0512,0.0134
1386,Chầu văn,chau_van/audio_5_080.wav,1,0.2674,0.4833,0.1081,0.1033,0.0379,0.3324,0.3334,0.3342,0.8057,0.1404,0.0426,0.0088,0.0025,0.8126,0.1583,0.0291,0.0542,0.7019,0.2439,0.1429,0.144,0.188,0.1907,0.3344,0.8687,0.1008,0.0304
1387,Chầu văn,chau_van/audio_5_080.wav,2,0.1415,0.6946,0.0747,0.0681,0.0212,0.3318,0.3337,0.3345,0.8626,0.1126,0.0204,0.0034,0.001,0.6333,0.3178,0.0489,0.0542,0.7019,0.2439,0.1517,0.1527,0.1905,0.1928,0.3123,0.9539,0.0369,0.0092
1388,Chầu văn,chau_van/audio_7_267.wav,1,0.0762,0.1371,0.2349,0.2728,0.279,0.333,0.3334,0.3336,0.0425,0.0589,0.0908,0.6203,0.1876,0.0284,0.8922,0.0794,0.969,0.0242,0.0069,0.231,0.2306,0.2063,0.2044,0.1277,0.0237,0.967,0.0092
1389,Chầu văn,chau_van/audio_7_267.wav,2,0.0737,0.1623,0.4015,0.2534,0.1092,0.3345,0.3331,0.3325,0.0427,0.8119,0.1372,0.0067,0.0014,0.0344,0.2326,0.733,0.0021,0.0073,0.9906,0.2314,0.2311,0.2067,0.2048,0.1261,0.2902,0.6709,0.0389
1390,Chầu văn,chau_van/audio_7_398.wav,1,0.0528,0.6399,0.1367,0.1442,0.0263,0.3334,0.3332,0.3334,0.0255,0.0396,0.0735,0.8326,0.0289,0.0512,0.7196,0.2291,0.0263,0.1483,0.8254,0.1955,0.1964,0.2142,0.2145,0.1794,0.0562,0.8163,0.1275
1391,Chầu văn,chau_van/audio_7_398.wav,2,0.0581,0.2256,0.241,0.4021,0.0733,0.3329,0.3333,0.3339,0.4062,0.5304,0.0541,0.0074,0.002,0.0468,0.7715,0.1817,0.0263,0.1483,0.8254,0.1908,0.1919,0.2159,0.2165,0.1849,0.1702,0.7974,0.0324
1392,Chầu văn,chau_van/audio_7_187.wav,1,0.01,0.0338,0.0228,0.8752,0.0581,0.3341,0.3331,0.3328,0.767,0.1876,0.0375,0.0063,0.0017,0.0502,0.8677,0.082,0.0021,0.0073,0.9906,0.1712,0.173,0.2247,0.2268,0.2044,0.9937,0.0054,0.001
1393,Chầu văn,chau_van/audio_7_187.wav,2,0.0255,0.0658,0.0588,0.4052,0.4446,0.3339,0.3331,0.333,0.8292,0.1301,0.0329,0.0061,0.0017,0.0358,0.1716,0.7926,0.0372,0.9449,0.0179,0.1452,0.1465,0.1959,0.1988,0.3136,0.9787,0.0173,0.004
1394,Chầu văn,chau_van/audio_3_013.wav,1,0.0374,0.0678,0.0582,0.1554,0.6812,0.3341,0.3331,0.3329,0.9142,0.0689,0.0138,0.0024,0.0007,0.0135,0.076,0.9105,0.0021,0.0073,0.9906,0.2004,0.2013,0.216,0.2159,0.1664,0.8745,0.1102,0.0152
1395,Chầu văn,chau_van/audio_3_013.wav,2,0.0452,0.0773,0.0735,0.1645,0.6396,0.3346,0.333,0.3325,0.3589,0.5296,0.0953,0.013,0.0033,0.0393,0.2403,0.7204,0.0021,0.0073,0.9906,0.139,0.1405,0.1974,0.2008,0.3223,0.0476,0.937,0.0154
1396,Chầu văn,chau_van/audio_5_215.wav,1,0.0175,0.0744,0.029,0.8271,0.052,0.3331,0.3333,0.3337,0.9502,0.0361,0.0107,0.0023,0.0007,0.0458,0.1259,0.8284,0.0067,0.9844,0.0089,0.1784,0.1793,0.2062,0.2074,0.2287,0.9843,0.0133,0.0023
1397,Chầu văn,chau_van/audio_5_215.wav,2,0.0564,0.1457,0.0754,0.4193,0.3032,0.3329,0.3333,0.3338,0.9972,0.0021,0.0005,0.0001,0.0,0.0052,0.0199,0.9749,0.996,0.0032,0.0008,0.1856,0.1865,0.2114,0.2123,0.2041,0.9424,0.0499,0.0078
1398,Chầu văn,chau_van/audio_6_046.wav,1,0.0675,0.2315,0.4028,0.2398,0.0584,0.3316,0.3336,0.3347,0.8228,0.1236,0.0415,0.0093,0.0028,0.2021,0.7381,0.0598,0.0021,0.0073,0.9906,0.1389,0.14,0.1821,0.1848,0.3542,0.8493,0.1147,0.036
1399,Chầu văn,chau_van/audio_6_046.wav,2,0.0377,0.7868,0.0794,0.0804,0.0156,0.3326,0.3332,0.3342,0.8644,0.0923,0.0328,0.008,0.0025,0.4732,0.4635,0.0633,0.0021,0.0073,0.9906,0.1308,0.132,0.1778,0.1808,0.3785,0.9306,0.0549,0.0146
1400,Chầu văn,chau_van/audio_5_725.wav,1,0.0225,0.8873,0.0394,0.0423,0.0085,0.3322,0.3334,0.3343,0.0808,0.157,0.4383,0.2979,0.026,0.4743,0.4552,0.0706,0.8965,0.0877,0.0157,0.2168,0.2165,0.2033,0.2025,0.1609,0.8506,0.1318,0.0176
1401,Chầu văn,chau_van/audio_5_725.wav,2,0.037,0.7772,0.0505,0.1153,0.02,0.3327,0.3333,0.334,0.995,0.0039,0.0009,0.0002,0.0001,0.1304,0.8184,0.0513,0.8965,0.0877,0.0157,0.2468,0.2453,0.1975,0.195,0.1154,0.9989,0.0009,0.0002
1402,Chầu văn,chau_van/audio_5_284.wav,1,0.0723,0.5229,0.0806,0.2702,0.0539,0.3334,0.3332,0.3334,0.9186,0.0656,0.0129,0.0022,0.0006,0.0615,0.1562,0.7824,0.0263,0.1483,0.8254,0.2181,0.2182,0.2089,0.2078,0.147,0.5368,0.4255,0.0376
1403,Chầu văn,chau_van/audio_5_284.wav,2,0.0198,0.0844,0.0322,0.8072,0.0564,0.3328,0.3333,0.3339,0.0037,0.0047,0.0061,0.0155,0.9699,0.0148,0.0534,0.9318,0.8965,0.0877,0.0157,0.2166,0.2169,0.2121,0.211,0.1434,0.0383,0.9485,0.0132
1404,Chầu văn,chau_van/audio_5_175.wav,1,0.01,0.0425,0.0242,0.8968,0.0265,0.3333,0.3333,0.3334,0.8952,0.0848,0.0164,0.0028,0.0008,0.0439,0.1238,0.8323,0.0021,0.0073,0.9906,0.2194,0.2193,0.2068,0.2057,0.1487,0.9996,0.0003,0.0001
1405,Chầu văn,chau_van/audio_5_175.wav,2,0.0561,0.1955,0.0731,0.5337,0.1416,0.333,0.3333,0.3337,0.8642,0.0966,0.0302,0.0068,0.0021,0.0112,0.0388,0.95,0.0021,0.0073,0.9906,0.2358,0.2352,0.2043,0.2022,0.1226,0.8752,0.0961,0.0287
1406,Chầu văn,chau_van/audio_1_054.wav,1,0.0506,0.3978,0.1311,0.3753,0.0453,0.3344,0.3331,0.3326,0.0342,0.0411,0.0517,0.1119,0.7611,0.0237,0.136,0.8403,0.0021,0.0073,0.9906,0.1983,0.1994,0.2183,0.2183,0.1657,0.9523,0.0381,0.0096
1407,Chầu văn,chau_van/audio_1_054.wav,2,0.064,0.2135,0.3165,0.3294,0.0766,0.3342,0.3331,0.3328,0.0237,0.0288,0.0363,0.0789,0.8323,0.034,0.2226,0.7434,0.0021,0.0073,0.9906,0.1962,0.1973,0.2187,0.2189,0.1689,0.1291,0.2254,0.6455
1408,Chầu văn,chau_van/audio_5_259.wav,1,0.0048,0.0227,0.0102,0.9504,0.0119,0.333,0.3332,0.3338,0.268,0.6229,0.0945,0.0117,0.0029,0.0343,0.1001,0.8656,0.0263,0.1483,0.8254,0.2053,0.2061,0.2162,0.2158,0.1567,0.9969,0.0026,0.0005
1409,Chầu văn,chau_van/audio_5_259.wav,2,0.067,0.3136,0.0813,0.4485,0.0896,0.3332,0.3333,0.3336,0.1017,0.7381,0.1462,0.0115,0.0025,0.0376,0.1091,0.8533,0.0263,0.1483,0.8254,0.2169,0.217,0.2087,0.2077,0.1497,0.9992,0.0006,0.0001
1410,Chầu văn,chau_van/audio_2_053.wav,1,0.1889,0.6241,0.0867,0.0755,0.0247,0.3326,0.3335,0.3339,0.045,0.1186,0.7722,0.0569,0.0073,0.0374,0.9283,0.0343,0.0542,0.7019,0.2439,0.1484,0.1496,0.1927,0.1953,0.314,0.6467,0.3206,0.0328
1411,Chầu văn,chau_van/audio_2_053.wav,2,0.1278,0.7121,0.0712,0.068,0.0208,0.3318,0.3337,0.3345,0.98,0.0146,0.0042,0.0009,0.0003,0.0579,0.4484,0.4937,0.0542,0.7019,0.2439,0.1537,0.1552,0.2089,0.2118,0.2703,0.9907,0.0076,0.0017
1412,Chầu văn,chau_van/audio_5_035.wav,1,0.1005,0.6634,0.0768,0.1247,0.0345,0.332,0.3335,0.3345,0.9849,0.0115,0.0029,0.0006,0.0002,0.8426,0.1321,0.0254,0.8965,0.0877,0.0157,0.1488,0.1499,0.1912,0.1937,0.3164,0.9884,0.0095,0.0021
1413,Chầu văn,chau_van/audio_5_035.wav,2,0.107,0.66,0.0783,0.1204,0.0343,0.3329,0.3333,0.3339,0.8537,0.0982,0.0361,0.0091,0.0029,0.6151,0.3357,0.0492,0.64,0.3185,0.0415,0.1374,0.1385,0.1829,0.1857,0.3554,0.8739,0.0971,0.029
1414,Chầu văn,chau_van/audio_5_353.wav,1,0.2016,0.5298,0.1038,0.1222,0.0427,0.3321,0.3335,0.3343,0.525,0.3741,0.0841,0.0133,0.0035,0.0424,0.3294,0.6282,0.2741,0.6756,0.0503,0.1625,0.1636,0.2022,0.2043,0.2675,0.9979,0.0017,0.0004
1415,Chầu văn,chau_van/audio_5_353.wav,2,0.1966,0.5779,0.0951,0.0976,0.0328,0.3313,0.3338,0.335,0.1119,0.2533,0.544,0.0781,0.0127,0.1271,0.8187,0.0542,0.0372,0.9449,0.0179,0.1501,0.1512,0.1925,0.195,0.3111,0.922,0.0679,0.0101
1416,Chầu văn,chau_van/audio_6_015.wav,1,0.0627,0.2723,0.2713,0.3325,0.0613,0.3319,0.3336,0.3345,0.7716,0.1456,0.0602,0.0169,0.0057,0.6323,0.3149,0.0529,0.2741,0.6756,0.0503,0.1418,0.1429,0.1849,0.1875,0.3429,0.968,0.0258,0.0062
1417,Chầu văn,chau_van/audio_6_015.wav,2,0.0553,0.8353,0.0678,0.0326,0.0089,0.3321,0.3335,0.3344,0.8421,0.1051,0.0394,0.0101,0.0032,0.1529,0.778,0.069,0.2741,0.6756,0.0503,0.1062,0.1075,0.1615,0.1652,0.4596,0.9077,0.0721,0.0201
1418,Chầu văn,chau_van/audio_5_500.wav,1,0.1151,0.6617,0.1561,0.052,0.0151,0.3279,0.3342,0.3379,0.9196,0.0593,0.0167,0.0034,0.001,0.0586,0.5197,0.4217,0.0021,0.0073,0.9906,0.1348,0.1361,0.1866,0.1898,0.3527,0.9704,0.0239,0.0057
1419,Chầu văn,chau_van/audio_5_500.wav,2,0.0705,0.8374,0.052,0.0311,0.009,0.3312,0.3335,0.3353,0.0345,0.049,0.0775,0.6432,0.1957,0.0028,0.0111,0.9861,0.0021,0.0073,0.9906,0.1488,0.15,0.193,0.1956,0.3126,0.0483,0.9361,0.0155
1420,Chầu văn,chau_van/audio_7_394.wav,1,0.0215,0.0742,0.0354,0.7582,0.1108,0.3337,0.3331,0.3332,0.7386,0.1858,0.0597,0.0124,0.0035,0.0507,0.1469,0.8024,0.0067,0.9844,0.0089,0.1485,0.1498,0.1973,0.2,0.3043,0.9906,0.0077,0.0017
1421,Chầu văn,chau_van/audio_7_394.wav,2,0.0406,0.1178,0.0598,0.5244,0.2575,0.3336,0.3332,0.3332,0.8372,0.108,0.0408,0.0106,0.0034,0.0414,0.1334,0.8252,0.0067,0.9844,0.0089,0.1572,0.1586,0.2053,0.2079,0.271,0.8903,0.0851,0.0246
1422,Chầu văn,chau_van/audio_5_371.wav,1,0.2505,0.5062,0.1052,0.1016,0.0365,0.3325,0.3334,0.3341,0.9319,0.0479,0.0155,0.0036,0.0011,0.1133,0.7767,0.11,0.0067,0.9844,0.0089,0.1711,0.1723,0.2083,0.2101,0.2382,0.9637,0.0292,0.0071
1423,Chầu văn,chau_van/audio_5_371.wav,2,0.2727,0.4935,0.1053,0.0944,0.0342,0.3316,0.3335,0.3349,0.8985,0.0728,0.0224,0.0048,0.0014,0.0429,0.9104,0.0467,0.0542,0.7019,0.2439,0.1675,0.1687,0.2063,0.2082,0.2493,0.9949,0.0043,0.0008
1424,Chầu văn,chau_van/audio_7_062.wav,1,0.0706,0.2941,0.4287,0.1669,0.0398,0.3345,0.333,0.3324,0.0186,0.0241,0.0335,0.1176,0.8062,0.0065,0.0237,0.9698,0.0263,0.1483,0.8254,0.2186,0.2187,0.2092,0.208,0.1455,0.7939,0.1835,0.0226
1425,Chầu văn,chau_van/audio_7_062.wav,2,0.0622,0.8126,0.0482,0.0608,0.0162,0.3353,0.3329,0.3318,0.9444,0.044,0.0094,0.0017,0.0005,0.0036,0.0142,0.9822,0.0263,0.1483,0.8254,0.2455,0.244,0.1968,0.1944,0.1192,0.9982,0.0015,0.0003
1426,Chầu văn,chau_van/audio_5_020.wav,1,0.1802,0.5361,0.1027,0.1349,0.0462,0.3321,0.3336,0.3343,0.9867,0.0103,0.0024,0.0004,0.0001,0.9809,0.0146,0.0044,0.0542,0.7019,0.2439,0.2332,0.2321,0.199,0.1973,0.1384,0.91,0.0785,0.0115
1427,Chầu văn,chau_van/audio_5_020.wav,2,0.0138,0.9606,0.0128,0.0101,0.0026,0.3319,0.3336,0.3345,0.9976,0.0018,0.0005,0.0001,0.0,0.9768,0.0179,0.0053,0.0263,0.1483,0.8254,0.227,0.2262,0.2008,0.1994,0.1466,0.9972,0.0023,0.0004
1428,Chầu văn,chau_van/audio_7_404.wav,1,0.0222,0.085,0.0617,0.77,0.061,0.3349,0.3331,0.332,0.0869,0.2026,0.6115,0.0866,0.0124,0.044,0.3322,0.6238,0.0067,0.9844,0.0089,0.2402,0.2393,0.201,0.1988,0.1207,0.1278,0.8439,0.0282
1429,Chầu văn,chau_van/audio_7_404.wav,2,0.0675,0.2259,0.459,0.1971,0.0505,0.3347,0.3331,0.3322,0.135,0.7846,0.0711,0.0075,0.0018,0.0313,0.214,0.7547,0.0067,0.9844,0.0089,0.2084,0.2087,0.2092,0.2087,0.165,0.1474,0.8223,0.0303
1430,Chầu văn,chau_van/audio_7_119.wav,1,0.0531,0.17,0.2065,0.4673,0.103,0.3342,0.3331,0.3327,0.037,0.0559,0.099,0.764,0.0441,0.0383,0.9272,0.0345,0.0263,0.1483,0.8254,0.1914,0.1922,0.2091,0.2096,0.1977,0.9953,0.004,0.0007
1431,Chầu văn,chau_van/audio_7_119.wav,2,0.013,0.047,0.0227,0.8533,0.064,0.3345,0.333,0.3325,0.4466,0.4896,0.0543,0.0075,0.002,0.0462,0.798,0.1559,0.64,0.3185,0.0415,0.1958,0.1969,0.2187,0.219,0.1696,0.2309,0.7325,0.0365
1432,Chầu văn,chau_van/audio_2_139.wav,1,0.0539,0.4167,0.1486,0.336,0.0448,0.3324,0.3333,0.3342,0.7254,0.2319,0.0356,0.0056,0.0015,0.0374,0.2547,0.7079,0.2741,0.6756,0.0503,0.1495,0.1507,0.1942,0.1967,0.3089,0.9981,0.0016,0.0003
1433,Chầu văn,chau_van/audio_2_139.wav,2,0.043,0.1531,0.1471,0.567,0.0897,0.3334,0.3332,0.3335,0.5964,0.3352,0.0573,0.0088,0.0023,0.0493,0.4801,0.4707,0.2741,0.6756,0.0503,0.1367,0.138,0.1882,0.1913,0.3458,0.9992,0.0007,0.0001
1434,Chầu văn,chau_van/audio_5_709.wav,1,0.0218,0.9002,0.0383,0.0327,0.007,0.3315,0.3335,0.335,0.0382,0.0522,0.0781,0.437,0.3945,0.5902,0.349,0.0608,0.996,0.0032,0.0008,0.2098,0.2101,0.2081,0.2076,0.1644,0.9124,0.0764,0.0112
1435,Chầu văn,chau_van/audio_5_709.wav,2,0.0682,0.2469,0.4295,0.2055,0.0498,0.3316,0.3335,0.3348,0.0897,0.1828,0.5222,0.1843,0.0209,0.2026,0.7374,0.0601,0.996,0.0032,0.0008,0.2337,0.2333,0.206,0.204,0.123,0.1391,0.8314,0.0295
1436,Chầu văn,chau_van/audio_7_164.wav,1,0.0673,0.2069,0.4155,0.245,0.0653,0.334,0.3331,0.3329,0.0069,0.0088,0.0117,0.0338,0.9388,0.038,0.9265,0.0355,0.0263,0.1483,0.8254,0.1771,0.1781,0.2067,0.208,0.2302,0.0555,0.8203,0.1242
1437,Chầu văn,chau_van/audio_7_164.wav,2,0.0348,0.1043,0.1022,0.6118,0.1469,0.3339,0.3331,0.3329,0.5152,0.4229,0.0524,0.0075,0.002,0.0684,0.5739,0.3578,0.64,0.3185,0.0415,0.1776,0.179,0.2184,0.22,0.2051,0.9947,0.0045,0.0008
1438,Chầu văn,chau_van/audio_2_083.wav,1,0.0102,0.9536,0.0147,0.0178,0.0037,0.3327,0.3333,0.334,0.8766,0.0991,0.0199,0.0034,0.001,0.0473,0.8347,0.118,0.64,0.3185,0.0415,0.159,0.1606,0.2141,0.2169,0.2495,0.3347,0.6254,0.0399
1439,Chầu văn,chau_van/audio_2_083.wav,2,0.0694,0.834,0.0567,0.0311,0.0089,0.3329,0.3333,0.3338,0.9412,0.0447,0.0113,0.0022,0.0006,0.0458,0.9033,0.0509,0.0021,0.0073,0.9906,0.1499,0.1512,0.1976,0.2003,0.3009,0.8808,0.0921,0.0272
1440,Chầu văn,chau_van/audio_5_389.wav,1,0.1297,0.678,0.0773,0.0881,0.0269,0.3321,0.3336,0.3343,0.1463,0.3454,0.4446,0.0535,0.0102,0.5257,0.4184,0.0559,0.0263,0.1483,0.8254,0.1566,0.1578,0.1997,0.2021,0.2838,0.0436,0.942,0.0145
1441,Chầu văn,chau_van/audio_5_389.wav,2,0.1153,0.6717,0.0775,0.1047,0.0308,0.3319,0.3335,0.3346,0.9767,0.0177,0.0044,0.0009,0.0003,0.0351,0.8751,0.0898,0.0263,0.1483,0.8254,0.1599,0.1611,0.2018,0.204,0.2733,0.9236,0.0602,0.0162
1442,Chầu văn,chau_van/audio_7_009.wav,1,0.065,0.497,0.2225,0.1807,0.0348,0.3345,0.3331,0.3324,0.4746,0.4595,0.0559,0.0078,0.0021,0.0042,0.0184,0.9774,0.0542,0.7019,0.2439,0.2228,0.2224,0.2044,0.2031,0.1472,0.7652,0.2099,0.0249
1443,Chầu văn,chau_van/audio_7_009.wav,2,0.0504,0.4802,0.0743,0.3501,0.045,0.3342,0.3331,0.3327,0.0646,0.1531,0.6697,0.1005,0.0121,0.009,0.0433,0.9477,0.0542,0.7019,0.2439,0.2417,0.2407,0.2005,0.1981,0.119,0.496,0.4652,0.0389
1444,Chầu văn,chau_van/audio_7_057.wav,1,0.0678,0.2324,0.4447,0.2041,0.0512,0.3342,0.3332,0.3326,0.8031,0.1502,0.0373,0.0072,0.0021,0.0019,0.0075,0.9906,0.2741,0.6756,0.0503,0.2408,0.2394,0.1967,0.1946,0.1284,0.9864,0.0115,0.002
1445,Chầu văn,chau_van/audio_7_057.wav,2,0.0301,0.9147,0.0313,0.0188,0.0051,0.3345,0.3331,0.3325,0.9794,0.0155,0.004,0.0008,0.0002,0.0013,0.0051,0.9937,0.2741,0.6756,0.0503,0.2414,0.2401,0.1974,0.1953,0.1258,0.9811,0.0162,0.0028
1446,Chầu văn,chau_van/audio_7_417.wav,1,0.0769,0.4081,0.3691,0.1172,0.0287,0.3348,0.333,0.3323,0.1863,0.7588,0.0478,0.0057,0.0014,0.0114,0.0393,0.9493,0.0542,0.7019,0.2439,0.2255,0.2257,0.2112,0.2095,0.1282,0.0265,0.9391,0.0344
1447,Chầu văn,chau_van/audio_7_417.wav,2,0.046,0.6877,0.0622,0.1754,0.0287,0.3347,0.3331,0.3323,0.9291,0.0563,0.0119,0.0022,0.0006,0.0098,0.0351,0.9551,0.0263,0.1483,0.8254,0.2413,0.2406,0.2027,0.2003,0.1151,0.0124,0.9752,0.0124
1448,Chầu văn,chau_van/audio_5_173.wav,1,0.0174,0.0546,0.0317,0.7372,0.1591,0.333,0.3332,0.3337,0.9742,0.0198,0.0048,0.0009,0.0003,0.0368,0.1067,0.8564,0.0021,0.0073,0.9906,0.2262,0.2258,0.2049,0.2035,0.1396,0.0767,0.9022,0.0211
1449,Chầu văn,chau_van/audio_5_173.wav,2,0.0371,0.1298,0.0544,0.6431,0.1356,0.333,0.3332,0.3337,0.7993,0.1336,0.0499,0.0129,0.0043,0.0177,0.0598,0.9225,0.0021,0.0073,0.9906,0.2071,0.2072,0.2063,0.206,0.1733,0.9673,0.0264,0.0063
1450,Chầu văn,chau_van/audio_5_383.wav,1,0.0379,0.8785,0.05,0.0267,0.007,0.3328,0.3334,0.3337,0.0506,0.0693,0.101,0.3452,0.4338,0.4105,0.5258,0.0638,0.8989,0.0759,0.0252,0.1582,0.1593,0.1986,0.2007,0.2832,0.0225,0.0947,0.8829
1451,Chầu văn,chau_van/audio_5_383.wav,2,0.3613,0.4321,0.1044,0.0747,0.0275,0.333,0.3334,0.3336,0.2938,0.4946,0.1801,0.0254,0.0061,0.0878,0.6472,0.265,0.0542,0.7019,0.2439,0.1654,0.1666,0.2054,0.2074,0.2552,0.9666,0.0269,0.0065
1452,Chầu văn,chau_van/audio_7_385.wav,1,0.0089,0.043,0.0165,0.91,0.0217,0.3333,0.3333,0.3334,0.9116,0.0661,0.0176,0.0036,0.0011,0.0044,0.0203,0.9753,0.0263,0.1483,0.8254,0.2452,0.2439,0.1987,0.1962,0.116,0.9512,0.0421,0.0067
1453,Chầu văn,chau_van/audio_7_385.wav,2,0.0068,0.0108,0.9745,0.0057,0.0022,0.3345,0.3331,0.3324,0.0445,0.0734,0.1513,0.6992,0.0316,0.0416,0.1164,0.842,0.64,0.3185,0.0415,0.1966,0.1973,0.2107,0.2109,0.1845,0.0164,0.9768,0.0069
1454,Chầu văn,chau_van/audio_4_022.wav,1,0.3916,0.4197,0.1215,0.0499,0.0173,0.3318,0.3335,0.3347,0.0323,0.0484,0.0845,0.7901,0.0447,0.0441,0.917,0.0389,0.9905,0.0078,0.0017,0.1621,0.1635,0.209,0.2114,0.2541,0.5424,0.4202,0.0375
1455,Chầu văn,chau_van/audio_4_022.wav,2,0.1083,0.7611,0.0796,0.0393,0.0117,0.3319,0.3336,0.3345,0.857,0.1172,0.0213,0.0036,0.001,0.046,0.3946,0.5593,0.0542,0.7019,0.2439,0.1556,0.1568,0.2005,0.203,0.2841,0.9407,0.0471,0.0122
1456,Chầu văn,chau_van/audio_7_359.wav,1,0.0474,0.1399,0.1637,0.5145,0.1345,0.3341,0.3331,0.3328,0.0611,0.4145,0.506,0.0155,0.003,0.228,0.7074,0.0646,0.0067,0.9844,0.0089,0.152,0.1537,0.2109,0.214,0.2694,0.9999,0.0001,0.0
1457,Chầu văn,chau_van/audio_7_359.wav,2,0.0007,0.0029,0.0016,0.9919,0.0028,0.3324,0.3335,0.3341,0.2359,0.6425,0.106,0.0126,0.003,0.0273,0.9313,0.0414,0.0263,0.1483,0.8254,0.1898,0.1911,0.2194,0.22,0.1797,0.992,0.0068,0.0012
1458,Chầu văn,chau_van/audio_6_041.wav,1,0.0703,0.1538,0.5178,0.1854,0.0727,0.3317,0.3336,0.3347,0.6989,0.183,0.0835,0.0256,0.009,0.2523,0.6756,0.0721,0.0021,0.0073,0.9906,0.1412,0.1423,0.1837,0.1863,0.3465,0.7787,0.1631,0.0582
1459,Chầu văn,chau_van/audio_6_041.wav,2,0.0451,0.8337,0.0419,0.0641,0.0152,0.3316,0.3334,0.335,0.8538,0.0987,0.0358,0.0089,0.0028,0.0435,0.8762,0.0803,0.0021,0.0073,0.9906,0.1287,0.1299,0.1761,0.1791,0.3863,0.9963,0.003,0.0006
1460,Chầu văn,chau_van/audio_1_075.wav,1,0.125,0.735,0.0675,0.0555,0.017,0.3343,0.3333,0.3324,0.0316,0.0403,0.0532,0.1271,0.7478,0.0571,0.8295,0.1135,0.0067,0.9844,0.0089,0.2423,0.241,0.1977,0.1954,0.1237,0.1314,0.2279,0.6407
1461,Chầu văn,chau_van/audio_1_075.wav,2,0.1696,0.6509,0.117,0.0477,0.0148,0.3346,0.3331,0.3323,0.0292,0.0423,0.0698,0.7873,0.0714,0.0046,0.9889,0.0065,0.0263,0.1483,0.8254,0.2539,0.2521,0.1948,0.1919,0.1073,0.0696,0.4691,0.4613
1462,Chầu văn,chau_van/audio_0_103.wav,1,0.1072,0.7456,0.0643,0.0639,0.019,0.3317,0.3335,0.3348,0.9821,0.0133,0.0036,0.0007,0.0002,0.0264,0.9257,0.048,0.0372,0.9449,0.0179,0.169,0.1709,0.2298,0.2322,0.1981,0.9772,0.0185,0.0043
1463,Chầu văn,chau_van/audio_0_103.wav,2,0.0938,0.783,0.057,0.0511,0.0151,0.3322,0.3335,0.3343,0.0393,0.055,0.0843,0.4981,0.3233,0.0976,0.8627,0.0397,0.0067,0.9844,0.0089,0.1506,0.1518,0.1935,0.196,0.3081,0.0358,0.9094,0.0548
1464,Chầu văn,chau_van/audio_5_214.wav,1,0.0519,0.138,0.0712,0.4396,0.2993,0.3331,0.3332,0.3337,0.33,0.3273,0.2281,0.0832,0.0314,0.0139,0.0508,0.9353,0.0067,0.9844,0.0089,0.1832,0.1839,0.2046,0.2055,0.2228,0.7207,0.1999,0.0794
1465,Chầu văn,chau_van/audio_5_214.wav,2,0.0278,0.0914,0.0442,0.6809,0.1555,0.3332,0.3332,0.3336,0.0789,0.2961,0.592,0.028,0.0051,0.0188,0.061,0.9203,0.996,0.0032,0.0008,0.1762,0.1773,0.2084,0.2099,0.2282,0.9229,0.0607,0.0164
1466,Chầu văn,chau_van/audio_5_653.wav,1,0.1574,0.6878,0.0765,0.0595,0.0188,0.3328,0.3335,0.3337,0.0351,0.0478,0.0708,0.3437,0.5025,0.3705,0.5633,0.0662,0.2741,0.6756,0.0503,0.1786,0.1795,0.2049,0.2061,0.2309,0.0237,0.947,0.0293
1467,Chầu văn,chau_van/audio_5_653.wav,2,0.0937,0.7082,0.0694,0.1008,0.0279,0.3318,0.3335,0.3347,0.9195,0.0562,0.0186,0.0044,0.0014,0.0203,0.9611,0.0186,0.2741,0.6756,0.0503,0.1901,0.1915,0.2231,0.2237,0.1715,0.9982,0.0015,0.0003
1468,Chầu văn,chau_van/audio_7_399.wav,1,0.0326,0.1318,0.0987,0.6694,0.0675,0.3339,0.3331,0.3329,0.788,0.1752,0.0305,0.005,0.0014,0.0662,0.5599,0.3739,0.64,0.3185,0.0415,0.2024,0.2033,0.2173,0.2172,0.1598,0.467,0.4935,0.0395
1469,Chầu văn,chau_van/audio_7_399.wav,2,0.042,0.1075,0.1204,0.471,0.259,0.3344,0.3331,0.3325,0.0966,0.8614,0.0369,0.0041,0.001,0.0583,0.6132,0.3285,0.0021,0.0073,0.9906,0.1875,0.1886,0.2151,0.2159,0.193,0.5008,0.4604,0.0387
1470,Chầu văn,chau_van/audio_5_337.wav,1,0.1631,0.6079,0.0903,0.1048,0.0339,0.3323,0.3335,0.3342,0.0766,0.1928,0.6549,0.066,0.0098,0.8999,0.0827,0.0173,0.2741,0.6756,0.0503,0.1604,0.1614,0.196,0.198,0.2842,0.7863,0.1905,0.0232
1471,Chầu văn,chau_van/audio_5_337.wav,2,0.0541,0.8195,0.0458,0.0643,0.0162,0.3314,0.3336,0.335,0.0953,0.2244,0.5914,0.0771,0.0119,0.1943,0.7345,0.0712,0.2741,0.6756,0.0503,0.1649,0.1659,0.2004,0.2023,0.2664,0.2995,0.6613,0.0392
1472,Chầu văn,chau_van/audio_5_526.wav,1,0.3792,0.4247,0.1029,0.0682,0.0249,0.3327,0.3334,0.3339,0.6068,0.3297,0.0528,0.0083,0.0023,0.0638,0.1602,0.776,0.0263,0.1483,0.8254,0.216,0.2158,0.205,0.2041,0.1592,0.9947,0.0044,0.0009
1473,Chầu văn,chau_van/audio_5_526.wav,2,0.3272,0.4928,0.1093,0.0528,0.0179,0.3326,0.3332,0.3342,0.9893,0.0081,0.0021,0.0004,0.0001,0.0048,0.0178,0.9774,0.8965,0.0877,0.0157,0.1949,0.1956,0.2104,0.2107,0.1884,0.0799,0.8985,0.0216
1474,Chầu văn,chau_van/audio_7_323.wav,1,0.0338,0.065,0.8415,0.0435,0.0161,0.3337,0.3334,0.3329,0.7383,0.2198,0.0348,0.0055,0.0015,0.0522,0.5155,0.4324,0.9905,0.0078,0.0017,0.2319,0.2312,0.202,0.2003,0.1346,0.9359,0.0556,0.0085
1475,Chầu văn,chau_van/audio_7_323.wav,2,0.0462,0.1038,0.7522,0.0729,0.0249,0.3339,0.3332,0.3329,0.1806,0.5452,0.2436,0.0251,0.0055,0.2054,0.7232,0.0714,0.969,0.0242,0.0069,0.2153,0.2156,0.2098,0.2089,0.1505,0.9908,0.0075,0.0016
1476,Chầu văn,chau_van/audio_5_380.wav,1,0.128,0.6704,0.0786,0.0943,0.0287,0.332,0.3335,0.3345,0.9961,0.003,0.0008,0.0002,0.0,0.0598,0.8289,0.1113,0.0263,0.1483,0.8254,0.1559,0.1572,0.2043,0.2069,0.2757,0.9704,0.0239,0.0057
1477,Chầu văn,chau_van/audio_5_380.wav,2,0.192,0.5688,0.097,0.1064,0.0359,0.3315,0.3333,0.3352,0.0127,0.0157,0.0201,0.0466,0.9049,0.0189,0.9473,0.0338,0.0263,0.1483,0.8254,0.1583,0.1595,0.2014,0.2037,0.277,0.0055,0.0199,0.9746
1478,Chầu văn,chau_van/audio_5_467.wav,1,0.2517,0.554,0.0956,0.0736,0.0252,0.3327,0.3334,0.3338,0.7035,0.181,0.0818,0.0249,0.0087,0.0512,0.9093,0.0395,0.0372,0.9449,0.0179,0.1605,0.1617,0.2015,0.2037,0.2727,0.8633,0.1047,0.032
1479,Chầu văn,chau_van/audio_5_467.wav,2,0.0402,0.8986,0.0305,0.024,0.0066,0.3328,0.3335,0.3338,0.9858,0.0111,0.0025,0.0005,0.0001,0.0561,0.2572,0.6867,0.0372,0.9449,0.0179,0.1563,0.1575,0.2004,0.2028,0.2831,0.98,0.0163,0.0037
1480,Chầu văn,chau_van/audio_5_058.wav,1,0.0635,0.8497,0.0492,0.0292,0.0084,0.3318,0.3336,0.3347,0.7856,0.1377,0.0561,0.0155,0.0051,0.8206,0.1511,0.0283,0.0372,0.9449,0.0179,0.1397,0.1409,0.1854,0.1881,0.3459,0.9607,0.0316,0.0077
1481,Chầu văn,chau_van/audio_5_058.wav,2,0.0056,0.9803,0.006,0.0065,0.0015,0.3321,0.3334,0.3345,0.7911,0.1346,0.0544,0.0149,0.0049,0.9565,0.0333,0.0102,0.0372,0.9449,0.0179,0.1507,0.1518,0.1896,0.1919,0.316,0.8605,0.1068,0.0328
1482,Chầu văn,chau_van/audio_0_076.wav,1,0.045,0.8262,0.0787,0.0401,0.01,0.332,0.3337,0.3343,0.9898,0.0077,0.002,0.0004,0.0001,0.1924,0.743,0.0646,0.8674,0.0982,0.0344,0.1762,0.178,0.2301,0.232,0.1837,0.9492,0.0405,0.0103
1483,Chầu văn,chau_van/audio_0_076.wav,2,0.242,0.5455,0.098,0.0851,0.0294,0.3317,0.3336,0.3348,0.9813,0.0137,0.0039,0.0008,0.0003,0.0427,0.8896,0.0677,0.969,0.0242,0.0069,0.1653,0.1669,0.2174,0.2197,0.2307,0.9021,0.0856,0.0124
1484,Chầu văn,chau_van/audio_5_088.wav,1,0.1438,0.719,0.0737,0.0485,0.0151,0.332,0.3334,0.3346,0.8411,0.106,0.0396,0.0101,0.0032,0.8417,0.1324,0.0259,0.0263,0.1483,0.8254,0.1377,0.1389,0.1839,0.1868,0.3526,0.9567,0.0347,0.0086
1485,Chầu văn,chau_van/audio_5_088.wav,2,0.1166,0.7577,0.0644,0.047,0.0143,0.3325,0.3333,0.3342,0.8592,0.0951,0.0344,0.0085,0.0027,0.6099,0.3404,0.0498,0.0263,0.1483,0.8254,0.1436,0.1447,0.1875,0.1902,0.3339,0.9495,0.0403,0.0102
1486,Chầu văn,chau_van/audio_7_324.wav,1,0.1016,0.5066,0.2998,0.072,0.0201,0.3344,0.3331,0.3324,0.0114,0.0382,0.9403,0.0088,0.0013,0.0274,0.1827,0.7899,0.0067,0.9844,0.0089,0.1977,0.1984,0.2114,0.2115,0.181,0.0054,0.9919,0.0027
1487,Chầu văn,chau_van/audio_7_324.wav,2,0.0641,0.3133,0.267,0.3012,0.0544,0.3342,0.3331,0.3327,0.7494,0.209,0.0346,0.0055,0.0015,0.8607,0.1156,0.0237,0.8398,0.1172,0.043,0.2151,0.2148,0.2027,0.2019,0.1655,0.9598,0.0346,0.0056
1488,Chầu văn,chau_van/audio_5_341.wav,1,0.1328,0.5976,0.0902,0.1374,0.0421,0.332,0.3336,0.3344,0.8262,0.1146,0.0439,0.0116,0.0038,0.0341,0.2308,0.7351,0.0067,0.9844,0.0089,0.1731,0.1741,0.2061,0.2077,0.239,0.8191,0.1358,0.0451
1489,Chầu văn,chau_van/audio_5_341.wav,2,0.2205,0.4776,0.1127,0.1379,0.0513,0.3317,0.3337,0.3346,0.0573,0.1556,0.7302,0.0498,0.0072,0.0487,0.3755,0.5758,0.0067,0.9844,0.0089,0.1514,0.1527,0.1995,0.2022,0.2942,0.9484,0.0446,0.007
1490,Chầu văn,chau_van/audio_5_686.wav,1,0.5057,0.3067,0.1003,0.0627,0.0246,0.3312,0.3335,0.3354,0.8531,0.1154,0.0254,0.0047,0.0014,0.0074,0.0385,0.9541,0.0067,0.9844,0.0089,0.2317,0.2313,0.2061,0.2043,0.1266,0.9888,0.0091,0.002
1491,Chầu văn,chau_van/audio_5_686.wav,2,0.07,0.3701,0.3206,0.1979,0.0414,0.3309,0.3335,0.3356,0.8496,0.1129,0.0297,0.006,0.0018,0.0524,0.656,0.2916,0.0067,0.9844,0.0089,0.2182,0.2181,0.2073,0.2062,0.1502,0.9912,0.0072,0.0016
1492,Chầu văn,chau_van/audio_5_416.wav,1,0.0509,0.3564,0.1407,0.4035,0.0485,0.3344,0.3334,0.3323,0.9929,0.0054,0.0013,0.0003,0.0001,0.1211,0.8294,0.0495,0.996,0.0032,0.0008,0.2289,0.2283,0.2026,0.201,0.1392,0.9191,0.0704,0.0105
1493,Chầu văn,chau_van/audio_5_416.wav,2,0.1014,0.6375,0.0803,0.1419,0.0389,0.3317,0.334,0.3343,0.5234,0.4095,0.0568,0.0082,0.0022,0.2532,0.6885,0.0582,0.2741,0.6756,0.0503,0.1423,0.1436,0.1889,0.1917,0.3334,0.9583,0.0359,0.0058
1494,Chầu văn,chau_van/audio_5_015.wav,1,0.0515,0.8476,0.0619,0.0307,0.0083,0.331,0.3335,0.3355,0.8312,0.1117,0.0425,0.011,0.0036,0.9546,0.0363,0.009,0.2741,0.6756,0.0503,0.1314,0.1326,0.1781,0.1811,0.3768,0.9394,0.0481,0.0125
1495,Chầu văn,chau_van/audio_5_015.wav,2,0.0162,0.9427,0.0162,0.0201,0.0047,0.3326,0.3335,0.334,0.9028,0.0678,0.0224,0.0053,0.0017,0.2738,0.6635,0.0628,0.9905,0.0078,0.0017,0.1301,0.1314,0.1823,0.1855,0.3708,0.9978,0.0018,0.0003
1496,Chầu văn,chau_van/audio_5_665.wav,1,0.0003,0.999,0.0003,0.0003,0.0001,0.332,0.3336,0.3344,0.0708,0.0871,0.109,0.199,0.5341,0.0676,0.8726,0.0598,0.0067,0.9844,0.0089,0.1772,0.1782,0.2072,0.2085,0.2287,0.0203,0.0844,0.8953
1497,Chầu văn,chau_van/audio_5_665.wav,2,0.0699,0.1698,0.4526,0.2273,0.0804,0.3328,0.3335,0.3336,0.6857,0.2544,0.0491,0.0084,0.0024,0.0507,0.8922,0.0572,0.0067,0.9844,0.0089,0.2472,0.2455,0.1957,0.1933,0.1183,0.9938,0.0051,0.0011
1498,Chầu văn,chau_van/audio_1_019.wav,1,0.0466,0.5525,0.0945,0.2715,0.0349,0.3338,0.3331,0.3331,0.6614,0.2831,0.0464,0.0072,0.0019,0.018,0.102,0.88,0.0021,0.0073,0.9906,0.1868,0.1877,0.2117,0.2125,0.2013,0.5292,0.4329,0.0379
1499,Chầu văn,chau_van/audio_1_019.wav,2,0.0388,0.3069,0.0753,0.5347,0.0443,0.3341,0.333,0.3329,0.5251,0.4134,0.052,0.0075,0.002,0.0198,0.1162,0.864,0.0021,0.0073,0.9906,0.2084,0.2087,0.2091,0.2087,0.1651,0.9976,0.002,0.0004
1500,Chầu văn,chau_van/audio_5_396.wav,1,0.2761,0.5298,0.0977,0.0716,0.0248,0.3323,0.3334,0.3343,0.9397,0.0432,0.0133,0.003,0.0009,0.0408,0.8967,0.0625,0.0067,0.9844,0.0089,0.1776,0.1787,0.2109,0.2123,0.2205,0.8996,0.0782,0.0222
1501,Chầu văn,chau_van/audio_5_396.wav,2,0.2211,0.5066,0.1073,0.1213,0.0436,0.332,0.3336,0.3344,0.0372,0.0511,0.0767,0.4131,0.4219,0.4696,0.4694,0.061,0.64,0.3185,0.0415,0.1518,0.1532,0.201,0.2037,0.2903,0.0669,0.4259,0.5072
1502,Chầu văn,chau_van/audio_5_096.wav,1,0.1202,0.75,0.0767,0.0407,0.0123,0.3323,0.3333,0.3343,0.7922,0.1341,0.0541,0.0148,0.0049,0.9733,0.0214,0.0053,0.0263,0.1483,0.8254,0.1365,0.1377,0.1828,0.1857,0.3574,0.9302,0.0552,0.0146
1503,Chầu văn,chau_van/audio_5_096.wav,2,0.2202,0.3799,0.3217,0.0588,0.0194,0.3319,0.3334,0.3346,0.7083,0.1786,0.0803,0.0243,0.0085,0.9108,0.0737,0.0155,0.0263,0.1483,0.8254,0.1429,0.144,0.1853,0.1879,0.34,0.9017,0.0766,0.0216
1504,Chầu văn,chau_van/audio_5_089.wav,1,0.0645,0.831,0.0453,0.0463,0.0129,0.3318,0.3336,0.3347,0.8986,0.0788,0.0183,0.0034,0.0009,0.8801,0.0995,0.0204,0.0263,0.1483,0.8254,0.1452,0.1464,0.1887,0.1912,0.3285,0.893,0.0831,0.0239
1505,Chầu văn,chau_van/audio_5_089.wav,2,0.0593,0.8575,0.0471,0.0281,0.008,0.332,0.3335,0.3346,0.7178,0.1738,0.0772,0.0231,0.008,0.9855,0.0116,0.003,0.0263,0.1483,0.8254,0.1495,0.1506,0.1889,0.1913,0.3197,0.9736,0.0214,0.005
1506,Chầu văn,chau_van/audio_7_375.wav,1,0.0012,0.0047,0.0026,0.9863,0.0053,0.3344,0.3332,0.3324,0.6581,0.2924,0.0414,0.0063,0.0017,0.0542,0.6367,0.3091,0.64,0.3185,0.0415,0.224,0.2236,0.2037,0.2023,0.1464,0.3976,0.5621,0.0403
1507,Chầu văn,chau_van/audio_7_375.wav,2,0.0653,0.2092,0.5345,0.1502,0.0407,0.3348,0.3331,0.3321,0.9948,0.004,0.001,0.0002,0.0001,0.0637,0.8817,0.0547,0.9905,0.0078,0.0017,0.2236,0.2239,0.2126,0.2111,0.1287,0.8785,0.1066,0.0148
1508,Chầu văn,chau_van/audio_3_021.wav,1,0.0553,0.0929,0.084,0.186,0.5818,0.3346,0.3329,0.3325,0.991,0.0067,0.0018,0.0004,0.0001,0.0186,0.1114,0.87,0.0372,0.9449,0.0179,0.1509,0.1527,0.2128,0.216,0.2676,0.9621,0.0304,0.0074
1509,Chầu văn,chau_van/audio_3_021.wav,2,0.0853,0.1459,0.4772,0.1864,0.1052,0.334,0.3331,0.3328,0.9413,0.0418,0.013,0.0029,0.0009,0.0486,0.8384,0.1131,0.2741,0.6756,0.0503,0.1329,0.1342,0.183,0.1861,0.3637,0.9728,0.022,0.0052
1510,Chầu văn,chau_van/audio_1_072.wav,1,0.0076,0.0261,0.0148,0.904,0.0476,0.3343,0.333,0.3327,0.7639,0.1973,0.0321,0.0052,0.0014,0.036,0.2507,0.7133,0.2741,0.6756,0.0503,0.1408,0.1423,0.1989,0.2023,0.3157,0.9834,0.0135,0.0031
1511,Chầu văn,chau_van/audio_1_072.wav,2,0.0498,0.0642,0.8183,0.0459,0.0218,0.3339,0.3331,0.333,0.6166,0.3299,0.045,0.0067,0.0018,0.0473,0.7459,0.2067,0.0263,0.1483,0.8254,0.195,0.196,0.2152,0.2156,0.1782,0.8688,0.1154,0.0158
1512,Chầu văn,chau_van/audio_5_641.wav,1,0.6538,0.1068,0.1931,0.0323,0.014,0.3313,0.3336,0.3351,0.8852,0.0784,0.0275,0.0067,0.0021,0.6396,0.3122,0.0482,0.0542,0.7019,0.2439,0.1337,0.135,0.1863,0.1896,0.3554,0.907,0.0727,0.0203
1513,Chầu văn,chau_van/audio_5_641.wav,2,0.0926,0.2853,0.5356,0.0666,0.0199,0.332,0.3337,0.3343,0.9719,0.0221,0.0048,0.0009,0.0003,0.7798,0.1801,0.0401,0.8965,0.0877,0.0157,0.233,0.2324,0.2043,0.2025,0.1277,0.9152,0.0665,0.0183
1514,Chầu văn,chau_van/audio_5_433.wav,1,0.0591,0.3794,0.0768,0.4202,0.0644,0.3339,0.3335,0.3327,0.0686,0.1522,0.6003,0.1623,0.0165,0.0411,0.8016,0.1573,0.0542,0.7019,0.2439,0.1368,0.1381,0.1861,0.1891,0.3499,0.9587,0.0355,0.0057
1515,Chầu văn,chau_van/audio_5_433.wav,2,0.0433,0.6587,0.0683,0.2006,0.0291,0.3316,0.3336,0.3348,0.979,0.0163,0.0038,0.0007,0.0002,0.0075,0.9824,0.0101,0.0542,0.7019,0.2439,0.1321,0.1335,0.1843,0.1875,0.3626,0.9987,0.0011,0.0002
1516,Chầu văn,chau_van/audio_5_390.wav,1,0.066,0.8089,0.0494,0.0596,0.0161,0.3317,0.3335,0.3349,0.9447,0.0393,0.0124,0.0028,0.0009,0.0539,0.8068,0.1393,0.0542,0.7019,0.2439,0.1717,0.1728,0.2058,0.2074,0.2423,0.9103,0.0702,0.0195
1517,Chầu văn,chau_van/audio_5_390.wav,2,0.2554,0.5736,0.0959,0.0563,0.0187,0.3322,0.3336,0.3342,0.0122,0.0198,0.0399,0.9159,0.0123,0.9309,0.0515,0.0176,0.0422,0.1103,0.8475,0.1573,0.1586,0.2005,0.2028,0.2809,0.4525,0.5078,0.0398
1518,Chầu văn,chau_van/audio_5_683.wav,1,0.6663,0.1792,0.0854,0.0481,0.0209,0.3313,0.3336,0.3351,0.9742,0.0203,0.0045,0.0008,0.0002,0.0441,0.3559,0.6,0.0372,0.9449,0.0179,0.2423,0.2418,0.2043,0.2018,0.1098,0.8541,0.1287,0.0172
1519,Chầu văn,chau_van/audio_5_683.wav,2,0.3816,0.4342,0.1019,0.0607,0.0217,0.332,0.3335,0.3345,0.9592,0.0294,0.0089,0.002,0.0006,0.0346,0.2489,0.7164,0.0372,0.9449,0.0179,0.2398,0.2394,0.2059,0.2034,0.1115,0.9985,0.0012,0.0003
1520,Chầu văn,chau_van/audio_5_351.wav,1,0.4426,0.346,0.1069,0.0749,0.0295,0.3317,0.3336,0.3347,0.9281,0.0506,0.0164,0.0038,0.0012,0.3922,0.5291,0.0786,0.0067,0.9844,0.0089,0.1815,0.1827,0.2161,0.2174,0.2023,0.9548,0.0362,0.009
1521,Chầu văn,chau_van/audio_5_351.wav,2,0.1913,0.6475,0.0977,0.0482,0.0153,0.3322,0.3335,0.3343,0.0188,0.0312,0.0649,0.8684,0.0167,0.9929,0.0056,0.0016,0.0067,0.9844,0.0089,0.1522,0.1534,0.1957,0.1981,0.3006,0.0043,0.9934,0.0022
1522,Chầu văn,chau_van/audio_3_045.wav,1,0.0563,0.1435,0.2018,0.4236,0.1747,0.3315,0.3338,0.3348,0.0405,0.105,0.7792,0.0674,0.0079,0.0475,0.7114,0.2411,0.0067,0.9844,0.0089,0.239,0.2376,0.1964,0.1945,0.1326,0.0159,0.967,0.0171
1523,Chầu văn,chau_van/audio_3_045.wav,2,0.0205,0.0591,0.0383,0.5624,0.3196,0.3316,0.3336,0.3347,0.1123,0.8276,0.0531,0.0056,0.0014,0.0447,0.3156,0.6397,0.0542,0.7019,0.2439,0.246,0.2442,0.1941,0.1918,0.1239,0.0007,0.9989,0.0004
1524,Chầu văn,chau_van/audio_7_145.wav,1,0.0312,0.0839,0.0794,0.5219,0.2835,0.3345,0.333,0.3325,0.5691,0.3741,0.0479,0.007,0.0019,0.047,0.834,0.119,0.0263,0.1483,0.8254,0.1802,0.1818,0.2237,0.2251,0.1891,0.2122,0.7523,0.0355
1525,Chầu văn,chau_van/audio_7_145.wav,2,0.034,0.2033,0.0847,0.6311,0.0469,0.334,0.3331,0.3329,0.809,0.1514,0.0324,0.0056,0.0015,0.0553,0.4062,0.5385,0.0021,0.0073,0.9906,0.1537,0.1555,0.2146,0.2177,0.2585,0.9896,0.0088,0.0016
1526,Chầu văn,chau_van/audio_0_014.wav,1,0.0593,0.6042,0.0715,0.2248,0.0402,0.3345,0.3335,0.332,0.5861,0.3565,0.0482,0.0072,0.002,0.371,0.568,0.061,0.2741,0.6756,0.0503,0.1505,0.1516,0.1932,0.1957,0.3089,0.7356,0.2373,0.0271
1527,Chầu văn,chau_van/audio_0_014.wav,2,0.2056,0.6345,0.093,0.0506,0.0163,0.3359,0.3332,0.3309,0.0821,0.1565,0.4169,0.317,0.0275,0.6456,0.3056,0.0489,0.2741,0.6756,0.0503,0.1189,0.1202,0.172,0.1754,0.4135,0.9968,0.0027,0.0006
1528,Chầu văn,chau_van/audio_5_693.wav,1,0.4489,0.2905,0.1223,0.0953,0.043,0.3318,0.3335,0.3347,0.0406,0.0543,0.0794,0.3803,0.4455,0.0224,0.954,0.0236,0.64,0.3185,0.0415,0.2223,0.2231,0.2183,0.2165,0.1198,0.0005,0.9992,0.0003
1529,Chầu văn,chau_van/audio_5_693.wav,2,0.6579,0.2052,0.0808,0.0402,0.0158,0.3308,0.3338,0.3354,0.8412,0.1082,0.0381,0.0094,0.003,0.046,0.4217,0.5323,0.2741,0.6756,0.0503,0.2046,0.2055,0.2172,0.2169,0.1559,0.8679,0.1014,0.0307
1530,Chầu văn,chau_van/audio_2_144.wav,1,0.0642,0.3151,0.2672,0.2994,0.0541,0.3331,0.3333,0.3336,0.1508,0.3514,0.4341,0.0534,0.0103,0.0278,0.9086,0.0636,0.0372,0.9449,0.0179,0.1573,0.1583,0.1921,0.1941,0.2983,0.9997,0.0002,0.0
1531,Chầu văn,chau_van/audio_2_144.wav,2,0.0661,0.2061,0.3605,0.2921,0.0752,0.3331,0.3332,0.3337,0.6144,0.3164,0.0578,0.009,0.0024,0.0495,0.5321,0.4184,0.0372,0.9449,0.0179,0.1362,0.1374,0.1837,0.1866,0.356,0.9995,0.0005,0.0001
1532,Chầu văn,chau_van/audio_7_137.wav,1,0.0184,0.0545,0.0391,0.6678,0.2202,0.3341,0.333,0.3329,0.507,0.4314,0.0522,0.0074,0.002,0.0578,0.487,0.4552,0.0021,0.0073,0.9906,0.1634,0.1653,0.2257,0.2285,0.2171,0.9533,0.0403,0.0064
1533,Chầu văn,chau_van/audio_7_137.wav,2,0.0132,0.0294,0.0218,0.1048,0.8308,0.3348,0.3328,0.3324,0.4661,0.4721,0.0525,0.0074,0.002,0.0487,0.2754,0.6759,0.0067,0.9844,0.0089,0.1455,0.1469,0.1992,0.2023,0.3062,0.9523,0.0381,0.0096
1534,Chầu văn,chau_van/audio_1_046.wav,1,0.0149,0.9279,0.0227,0.0288,0.0057,0.336,0.3331,0.3309,0.0405,0.0564,0.0878,0.6457,0.1696,0.0157,0.0756,0.9087,0.0021,0.0073,0.9906,0.2357,0.2351,0.2039,0.2018,0.1236,0.0271,0.9627,0.0102
1535,Chầu văn,chau_van/audio_1_046.wav,2,0.0446,0.3715,0.099,0.4408,0.0442,0.3366,0.3328,0.3305,0.0611,0.9081,0.0272,0.0029,0.0007,0.0066,0.0272,0.9663,0.0021,0.0073,0.9906,0.2446,0.2434,0.1994,0.197,0.1156,0.9839,0.0137,0.0024
1536,Chầu văn,chau_van/audio_2_063.wav,1,0.1138,0.7543,0.0637,0.0524,0.0158,0.3328,0.3335,0.3337,0.0806,0.2047,0.6424,0.0627,0.0096,0.9712,0.0232,0.0056,0.0263,0.1483,0.8254,0.1544,0.1555,0.1927,0.1949,0.3026,0.9964,0.003,0.0006
1537,Chầu văn,chau_van/audio_2_063.wav,2,0.1147,0.7533,0.064,0.0522,0.0158,0.3332,0.3333,0.3335,0.0203,0.0247,0.0314,0.0695,0.8541,0.1307,0.8204,0.0489,0.0263,0.1483,0.8254,0.1733,0.1747,0.2154,0.2172,0.2194,0.0563,0.816,0.1278
1538,Chầu văn,chau_van/audio_2_007.wav,1,0.4625,0.3198,0.1088,0.0773,0.0315,0.3316,0.3337,0.3347,0.0365,0.0526,0.0861,0.7474,0.0774,0.0709,0.5508,0.3783,0.0067,0.9844,0.0089,0.1671,0.1685,0.211,0.2131,0.2403,0.9956,0.0037,0.0008
1539,Chầu văn,chau_van/audio_2_007.wav,2,0.1959,0.5558,0.0992,0.1111,0.0379,0.332,0.3337,0.3343,0.9699,0.0218,0.0064,0.0014,0.0004,0.4808,0.4516,0.0676,0.0067,0.9844,0.0089,0.1476,0.1489,0.1953,0.1981,0.3102,0.9678,0.026,0.0062
1540,Chầu văn,chau_van/audio_5_643.wav,1,0.2467,0.5429,0.0981,0.0834,0.0289,0.3316,0.3337,0.3347,0.9817,0.0134,0.0038,0.0008,0.0002,0.0502,0.8879,0.0619,0.969,0.0242,0.0069,0.1717,0.1733,0.2194,0.2213,0.2143,0.7842,0.1924,0.0234
1541,Chầu văn,chau_van/audio_5_643.wav,2,0.0437,0.7115,0.0962,0.1266,0.022,0.3326,0.3336,0.3339,0.0626,0.086,0.1242,0.3624,0.3649,0.4011,0.5383,0.0605,0.996,0.0032,0.0008,0.1592,0.1602,0.197,0.1991,0.2845,0.0701,0.4803,0.4496
1542,Chầu văn,chau_van/audio_5_381.wav,1,0.2121,0.4926,0.1102,0.1356,0.0494,0.3322,0.3335,0.3343,0.0415,0.0573,0.0879,0.5955,0.2178,0.4552,0.4863,0.0585,0.0263,0.1483,0.8254,0.1617,0.1628,0.1983,0.2003,0.2768,0.0726,0.5633,0.3641
1543,Chầu văn,chau_van/audio_5_381.wav,2,0.2671,0.5365,0.0973,0.0736,0.0254,0.332,0.3334,0.3346,0.8509,0.0998,0.0369,0.0094,0.003,0.0492,0.8543,0.0965,0.0263,0.1483,0.8254,0.1659,0.1671,0.2048,0.2068,0.2555,0.9683,0.0256,0.0061
1544,Chầu văn,chau_van/audio_0_013.wav,1,0.0189,0.9478,0.0167,0.0131,0.0035,0.3353,0.3333,0.3315,0.186,0.5741,0.2127,0.0222,0.005,0.462,0.4785,0.0595,0.0372,0.9449,0.0179,0.1373,0.1387,0.1897,0.1928,0.3415,0.9998,0.0001,0.0
1545,Chầu văn,chau_van/audio_0_013.wav,2,0.2682,0.5132,0.1017,0.0863,0.0306,0.33,0.3336,0.3364,0.8388,0.1303,0.0254,0.0043,0.0012,0.2331,0.7054,0.0615,0.2741,0.6756,0.0503,0.1224,0.1239,0.1816,0.1854,0.3867,0.953,0.0376,0.0094
1546,Chầu văn,chau_van/audio_3_020.wav,1,0.0596,0.1024,0.0851,0.2034,0.5495,0.334,0.333,0.333,0.0068,0.0087,0.0118,0.0361,0.9366,0.0336,0.2436,0.7228,0.0021,0.0073,0.9906,0.1529,0.1544,0.2054,0.2082,0.2791,0.0461,0.2324,0.7215
1547,Chầu văn,chau_van/audio_3_020.wav,2,0.0622,0.1,0.0983,0.1907,0.5488,0.334,0.3331,0.333,0.2203,0.6717,0.0943,0.011,0.0027,0.0224,0.1416,0.836,0.0021,0.0073,0.9906,0.1644,0.1659,0.2135,0.2158,0.2404,0.6772,0.2918,0.031
1548,Chầu văn,chau_van/audio_5_680.wav,1,0.5312,0.3014,0.0958,0.0519,0.0196,0.3332,0.3334,0.3334,0.0249,0.0323,0.045,0.1618,0.7361,0.0411,0.8046,0.1544,0.8965,0.0877,0.0157,0.2191,0.2191,0.2081,0.207,0.1466,0.0012,0.9981,0.0007
1549,Chầu văn,chau_van/audio_5_680.wav,2,0.441,0.2978,0.122,0.0961,0.043,0.3319,0.3335,0.3346,0.0412,0.0551,0.0804,0.3824,0.4409,0.0253,0.95,0.0247,0.64,0.3185,0.0415,0.2226,0.2234,0.218,0.2162,0.1197,0.0361,0.9512,0.0126
1550,Chầu văn,chau_van/audio_5_463.wav,1,0.0938,0.7987,0.0588,0.0376,0.0112,0.3313,0.3335,0.3352,0.9502,0.0396,0.0082,0.0015,0.0004,0.0526,0.5673,0.3801,0.2741,0.6756,0.0503,0.2437,0.243,0.2034,0.2008,0.1091,0.982,0.0153,0.0027
1551,Chầu văn,chau_van/audio_5_463.wav,2,0.0224,0.9388,0.019,0.0156,0.0041,0.3324,0.3336,0.334,0.0423,0.122,0.7939,0.0365,0.0053,0.0623,0.6621,0.2756,0.2741,0.6756,0.0503,0.1543,0.1556,0.1988,0.2012,0.2901,0.9863,0.0116,0.0021
1552,Chầu văn,chau_van/audio_5_617.wav,1,0.0706,0.1443,0.2532,0.3122,0.2197,0.3336,0.3333,0.3331,0.0179,0.9538,0.0261,0.0019,0.0004,0.0488,0.3,0.6511,0.2741,0.6756,0.0503,0.219,0.219,0.2069,0.2058,0.1493,0.0618,0.7773,0.1609
1553,Chầu văn,chau_van/audio_5_617.wav,2,0.0196,0.0526,0.0398,0.4033,0.4848,0.3335,0.3333,0.3332,0.7096,0.2159,0.0591,0.0119,0.0036,0.0057,0.0248,0.9695,0.0067,0.9844,0.0089,0.234,0.2334,0.204,0.2021,0.1264,0.7878,0.1891,0.0231
1554,Chầu văn,chau_van/audio_5_338.wav,1,0.1254,0.6793,0.0769,0.0908,0.0275,0.332,0.3337,0.3343,0.9793,0.0162,0.0036,0.0007,0.0002,0.0553,0.7952,0.1495,0.2741,0.6756,0.0503,0.1405,0.1418,0.1885,0.1913,0.3379,0.938,0.0492,0.0128
1555,Chầu văn,chau_van/audio_5_338.wav,2,0.1503,0.4521,0.3152,0.063,0.0194,0.3324,0.3335,0.3341,0.9121,0.0637,0.019,0.004,0.0012,0.2418,0.6857,0.0725,0.0372,0.9449,0.0179,0.1576,0.1588,0.1994,0.2017,0.2825,0.9462,0.0429,0.0109
1556,Chầu văn,chau_van/audio_7_190.wav,1,0.0208,0.0499,0.0341,0.2072,0.688,0.3338,0.3331,0.3331,0.901,0.069,0.023,0.0053,0.0016,0.0653,0.396,0.5388,0.996,0.0032,0.0008,0.126,0.1274,0.1845,0.1882,0.3739,0.9008,0.0773,0.0219
1557,Chầu văn,chau_van/audio_7_190.wav,2,0.0294,0.0714,0.046,0.2772,0.576,0.3336,0.3331,0.3333,0.9549,0.0327,0.0097,0.0021,0.0006,0.0784,0.6722,0.2494,0.0067,0.9844,0.0089,0.1252,0.1266,0.1825,0.1861,0.3795,0.9304,0.055,0.0146
1558,Chầu văn,chau_van/audio_5_511.wav,1,0.0674,0.2148,0.4392,0.2209,0.0577,0.3341,0.3335,0.3324,0.8671,0.1088,0.0198,0.0033,0.0009,0.0618,0.8855,0.0528,0.0067,0.9844,0.0089,0.1251,0.1264,0.176,0.1792,0.3933,0.935,0.0515,0.0135
1559,Chầu văn,chau_van/audio_5_511.wav,2,0.2566,0.5524,0.1235,0.0508,0.0166,0.3314,0.3338,0.3348,0.9251,0.0525,0.0172,0.004,0.0012,0.0578,0.9025,0.0396,0.0542,0.7019,0.2439,0.1393,0.1406,0.1886,0.1916,0.3399,0.9389,0.0485,0.0126
1560,Chầu văn,chau_van/audio_7_382.wav,1,0.0315,0.0633,0.8724,0.0245,0.0083,0.3347,0.3331,0.3323,0.0713,0.4523,0.4559,0.0171,0.0033,0.0097,0.0339,0.9564,0.0263,0.1483,0.8254,0.2014,0.2022,0.2139,0.2138,0.1687,0.0565,0.9262,0.0173
1561,Chầu văn,chau_van/audio_7_382.wav,2,0.0014,0.0054,0.0028,0.9841,0.0062,0.3337,0.3331,0.3332,0.9358,0.0513,0.0105,0.0019,0.0005,0.0146,0.0834,0.902,0.0263,0.1483,0.8254,0.2546,0.2532,0.1977,0.1946,0.1,0.0214,0.9701,0.0085
1562,Chầu văn,chau_van/audio_7_017.wav,1,0.013,0.0448,0.0232,0.8415,0.0775,0.3342,0.3331,0.3326,0.9832,0.0129,0.0031,0.0006,0.0002,0.0531,0.4041,0.5428,0.0067,0.9844,0.0089,0.2275,0.2272,0.2064,0.2048,0.134,0.8983,0.089,0.0128
1563,Chầu văn,chau_van/audio_7_017.wav,2,0.0763,0.3722,0.4036,0.1185,0.0294,0.3346,0.3331,0.3323,0.0418,0.0577,0.0883,0.5884,0.2238,0.0278,0.1857,0.7866,0.0067,0.9844,0.0089,0.2361,0.2357,0.2055,0.2033,0.1195,0.0076,0.0213,0.9711
1564,Chầu văn,chau_van/audio_7_457.wav,1,0.0792,0.379,0.4109,0.1041,0.0268,0.3349,0.3331,0.332,0.0148,0.025,0.0533,0.8921,0.0148,0.1748,0.7729,0.0523,0.9905,0.0078,0.0017,0.2452,0.244,0.1991,0.1966,0.1151,0.0088,0.0331,0.9581
1565,Chầu văn,chau_van/audio_7_457.wav,2,0.04,0.2192,0.1126,0.5745,0.0537,0.3348,0.3331,0.3322,0.064,0.8384,0.0895,0.0067,0.0015,0.0535,0.4941,0.4524,0.8989,0.0759,0.0252,0.2521,0.2504,0.1949,0.1921,0.1105,0.0053,0.9903,0.0044
1566,Chầu văn,chau_van/audio_5_334.wav,1,0.0659,0.1659,0.2954,0.3448,0.1281,0.3324,0.3336,0.334,0.9506,0.0375,0.0094,0.0019,0.0006,0.2834,0.6248,0.0918,0.8965,0.0877,0.0157,0.2254,0.225,0.2047,0.2033,0.1415,0.9966,0.0028,0.0006
1567,Chầu văn,chau_van/audio_5_334.wav,2,0.0401,0.0726,0.0835,0.1758,0.6279,0.3326,0.3336,0.3338,0.7932,0.1662,0.0331,0.0058,0.0017,0.119,0.7782,0.1028,0.0263,0.1483,0.8254,0.2258,0.2253,0.2041,0.2027,0.1421,0.8375,0.1231,0.0394
1568,Chầu văn,chau_van/audio_5_399.wav,1,0.153,0.6613,0.0807,0.0798,0.0252,0.3323,0.3335,0.3341,0.0142,0.0175,0.0224,0.0512,0.8948,0.671,0.2836,0.0454,0.0263,0.1483,0.8254,0.1503,0.1515,0.1941,0.1966,0.3075,0.003,0.0088,0.9882
1569,Chầu văn,chau_van/audio_5_399.wav,2,0.0851,0.7998,0.0534,0.0478,0.0139,0.3319,0.3335,0.3346,0.0236,0.0286,0.0364,0.0824,0.8289,0.0942,0.8666,0.0392,0.0263,0.1483,0.8254,0.1543,0.1556,0.2011,0.2036,0.2853,0.0707,0.4919,0.4374
1570,Chầu văn,chau_van/audio_7_284.wav,1,0.2239,0.6108,0.0909,0.056,0.0184,0.3341,0.3331,0.3327,0.0033,0.0042,0.0057,0.0169,0.9697,0.0003,0.0011,0.9986,0.9336,0.0507,0.0157,0.2132,0.2133,0.208,0.2072,0.1583,0.0721,0.5349,0.393
1571,Chầu văn,chau_van/audio_7_284.wav,2,0.0461,0.4721,0.0775,0.3628,0.0414,0.3346,0.3331,0.3323,0.1914,0.7303,0.0685,0.0079,0.0019,0.0515,0.7161,0.2325,0.0372,0.9449,0.0179,0.2353,0.2344,0.2012,0.1993,0.1297,0.0665,0.7339,0.1996
1572,Chầu văn,chau_van/audio_0_042.wav,1,0.1842,0.5679,0.0973,0.1127,0.0379,0.3323,0.3336,0.3341,0.0735,0.1553,0.5382,0.213,0.02,0.7443,0.2177,0.038,0.0263,0.1483,0.8254,0.1563,0.1574,0.1977,0.2,0.2887,0.9869,0.0107,0.0024
1573,Chầu văn,chau_van/audio_0_042.wav,2,0.1181,0.6102,0.0866,0.1432,0.0419,0.3327,0.3339,0.3334,0.9321,0.0479,0.0154,0.0036,0.0011,0.768,0.1975,0.0346,0.0263,0.1483,0.8254,0.1364,0.1378,0.192,0.1954,0.3385,0.9238,0.06,0.0162
1574,Chầu văn,chau_van/audio_5_360.wav,1,0.0964,0.7572,0.0616,0.0657,0.0191,0.3318,0.3336,0.3346,0.9632,0.0267,0.0079,0.0017,0.0005,0.0595,0.9037,0.0368,0.0372,0.9449,0.0179,0.1533,0.1546,0.2007,0.2033,0.2882,0.9965,0.0029,0.0006
1575,Chầu văn,chau_van/audio_5_360.wav,2,0.1571,0.5861,0.0938,0.1231,0.0398,0.332,0.3336,0.3344,0.0383,0.0576,0.1012,0.7561,0.0468,0.0327,0.8644,0.1029,0.0372,0.9449,0.0179,0.1433,0.1445,0.1884,0.1911,0.3327,0.4938,0.4673,0.0389
1576,Chầu văn,chau_van/audio_5_733.wav,1,0.0676,0.8071,0.0499,0.0593,0.0161,0.3335,0.3336,0.3328,0.0965,0.1247,0.162,0.2834,0.3334,0.0367,0.8898,0.0734,0.0263,0.1483,0.8254,0.1467,0.1481,0.1982,0.2011,0.3059,0.1791,0.2718,0.5491
1577,Chầu văn,chau_van/audio_5_733.wav,2,0.4764,0.2632,0.1241,0.0927,0.0435,0.3377,0.3324,0.3298,0.8638,0.1068,0.024,0.0043,0.0012,0.4877,0.4543,0.058,0.0263,0.1483,0.8254,0.1425,0.1437,0.1901,0.193,0.3306,0.9229,0.0607,0.0164
1578,Chầu văn,chau_van/audio_6_019.wav,1,0.0398,0.7628,0.0851,0.0946,0.0177,0.3334,0.3333,0.3333,0.8239,0.1161,0.0446,0.0116,0.0037,0.2052,0.7303,0.0645,0.0372,0.9449,0.0179,0.1458,0.1469,0.1883,0.1909,0.3282,0.907,0.0727,0.0203
1579,Chầu văn,chau_van/audio_6_019.wav,2,0.0585,0.8405,0.0428,0.0457,0.0125,0.3321,0.3334,0.3345,0.8478,0.1031,0.0372,0.0091,0.0028,0.4111,0.5184,0.0705,0.0372,0.9449,0.0179,0.1239,0.1251,0.1734,0.1766,0.401,0.9419,0.0462,0.0119
1580,Chầu văn,chau_van/audio_5_449.wav,1,0.0878,0.7858,0.0786,0.037,0.0107,0.3314,0.3337,0.335,0.9968,0.0024,0.0006,0.0001,0.0,0.17,0.7783,0.0517,0.0067,0.9844,0.0089,0.1147,0.1159,0.1677,0.1712,0.4305,0.8531,0.112,0.0349
1581,Chầu văn,chau_van/audio_5_449.wav,2,0.8854,0.0605,0.0346,0.0138,0.0057,0.3317,0.3335,0.3348,0.8723,0.0865,0.031,0.0077,0.0025,0.0447,0.9113,0.044,0.0372,0.9449,0.0179,0.1428,0.144,0.1878,0.1905,0.335,0.8557,0.1102,0.0341
1582,Chầu văn,chau_van/audio_7_283.wav,1,0.5304,0.2963,0.0964,0.0555,0.0214,0.3343,0.3331,0.3326,0.034,0.9427,0.0208,0.002,0.0005,0.0019,0.0089,0.9892,0.8989,0.0759,0.0252,0.2351,0.2343,0.201,0.199,0.1306,0.0645,0.7538,0.1816
1583,Chầu văn,chau_van/audio_7_283.wav,2,0.0673,0.2334,0.5005,0.1579,0.0409,0.3344,0.3331,0.3325,0.994,0.0045,0.0012,0.0002,0.0001,0.1886,0.7527,0.0588,0.969,0.0242,0.0069,0.2306,0.2302,0.2064,0.2046,0.1281,0.9584,0.0359,0.0058
1584,Chầu văn,chau_van/audio_5_484.wav,1,0.1282,0.6443,0.0829,0.111,0.0336,0.3317,0.3336,0.3348,0.0351,0.1002,0.8248,0.0351,0.0048,0.1979,0.7478,0.0543,0.0067,0.9844,0.0089,0.1556,0.1568,0.1983,0.2006,0.2887,0.0401,0.9463,0.0136
1585,Chầu văn,chau_van/audio_5_484.wav,2,0.0732,0.7602,0.0585,0.0857,0.0225,0.332,0.3335,0.3345,0.9634,0.0264,0.0079,0.0017,0.0005,0.0601,0.3178,0.6222,0.0067,0.9844,0.0089,0.1488,0.1503,0.205,0.2081,0.2878,0.9904,0.0078,0.0017
1586,Chầu văn,chau_van/audio_3_077.wav,1,0.0399,0.1217,0.0587,0.5645,0.2152,0.333,0.3331,0.3339,0.9043,0.0742,0.0173,0.0033,0.001,0.0005,0.0022,0.9973,0.0263,0.1483,0.8254,0.227,0.2264,0.2021,0.2007,0.1438,0.0531,0.9303,0.0166
1587,Chầu văn,chau_van/audio_3_077.wav,2,0.0265,0.078,0.0442,0.5798,0.2715,0.3334,0.3331,0.3335,0.9734,0.02,0.0052,0.001,0.0003,0.0157,0.0896,0.8946,0.0263,0.1483,0.8254,0.2343,0.2334,0.2013,0.1994,0.1315,0.3172,0.6432,0.0396
1588,Chầu văn,chau_van/audio_5_734.wav,1,0.4951,0.2643,0.1174,0.0848,0.0384,0.3381,0.3329,0.329,0.1043,0.2146,0.5319,0.1311,0.0182,0.0154,0.9726,0.0121,0.0263,0.1483,0.8254,0.1315,0.1329,0.1886,0.1922,0.3548,0.9267,0.0579,0.0155
1589,Chầu văn,chau_van/audio_5_734.wav,2,0.4201,0.2859,0.1322,0.1094,0.0524,0.3354,0.3332,0.3314,0.0172,0.0268,0.0483,0.8731,0.0345,0.1337,0.8099,0.0564,0.0263,0.1483,0.8254,0.14,0.1414,0.1943,0.1975,0.3268,0.0013,0.0038,0.9949
1590,Chầu văn,chau_van/audio_3_073.wav,1,0.0402,0.1682,0.0574,0.6407,0.0934,0.333,0.3333,0.3338,0.9989,0.0009,0.0002,0.0,0.0,0.0206,0.1234,0.8559,0.0263,0.1483,0.8254,0.23,0.2292,0.201,0.1994,0.1403,0.9061,0.082,0.0119
1591,Chầu văn,chau_van/audio_3_073.wav,2,0.0852,0.4561,0.0889,0.3001,0.0697,0.3326,0.3334,0.334,0.0715,0.1941,0.6758,0.0507,0.0079,0.0174,0.1027,0.8799,0.0263,0.1483,0.8254,0.2359,0.2352,0.2031,0.2011,0.1247,0.5224,0.4395,0.0381
1592,Chầu văn,chau_van/audio_7_271.wav,1,0.0358,0.8468,0.0669,0.041,0.0096,0.3341,0.3332,0.3327,0.0724,0.27,0.6253,0.0273,0.0049,0.0168,0.0978,0.8854,0.64,0.3185,0.0415,0.2164,0.2165,0.2083,0.2073,0.1515,0.8478,0.1344,0.0178
1593,Chầu văn,chau_van/audio_7_271.wav,2,0.0467,0.4854,0.0963,0.3326,0.039,0.3343,0.3331,0.3326,0.5567,0.3852,0.0489,0.0072,0.0019,0.0497,0.5985,0.3518,0.0542,0.7019,0.2439,0.2425,0.242,0.2049,0.2022,0.1083,0.9863,0.0117,0.0021
1594,Chầu văn,chau_van/audio_7_028.wav,1,0.0417,0.1458,0.1405,0.5791,0.0929,0.3348,0.333,0.3322,0.248,0.6592,0.0805,0.0098,0.0024,0.0364,0.2327,0.7309,0.0263,0.1483,0.8254,0.235,0.2343,0.2025,0.2005,0.1277,0.6581,0.3098,0.0321
1595,Chầu văn,chau_van/audio_7_028.wav,2,0.0671,0.2177,0.3979,0.2533,0.064,0.3349,0.3332,0.3319,0.0403,0.0678,0.1372,0.7123,0.0423,0.009,0.0332,0.9578,0.8965,0.0877,0.0157,0.2128,0.2129,0.2067,0.206,0.1617,0.0104,0.0285,0.9611
1596,Chầu văn,chau_van/audio_5_453.wav,1,0.8511,0.0788,0.0474,0.0162,0.0064,0.3318,0.3335,0.3347,0.9368,0.0447,0.0143,0.0033,0.001,0.0439,0.3764,0.5796,0.2741,0.6756,0.0503,0.1012,0.1027,0.1711,0.176,0.449,0.826,0.1311,0.0429
1597,Chầu văn,chau_van/audio_5_453.wav,2,0.1475,0.2248,0.5592,0.051,0.0175,0.3316,0.3335,0.3349,0.9903,0.0074,0.0018,0.0003,0.0001,0.0264,0.9519,0.0218,0.2741,0.6756,0.0503,0.1346,0.1366,0.2157,0.2205,0.2926,0.9392,0.0482,0.0125
1598,Chầu văn,chau_van/audio_5_486.wav,1,0.0362,0.8498,0.0376,0.0627,0.0138,0.3327,0.3336,0.3338,0.0027,0.0034,0.0045,0.0116,0.9778,0.0396,0.826,0.1344,0.0067,0.9844,0.0089,0.1558,0.157,0.1982,0.2005,0.2886,0.0532,0.8336,0.1132
1599,Chầu văn,chau_van/audio_5_486.wav,2,0.0559,0.7698,0.0539,0.0979,0.0225,0.3317,0.3336,0.3346,0.994,0.0046,0.0012,0.0002,0.0001,0.0848,0.797,0.1182,0.0067,0.9844,0.0089,0.1739,0.1751,0.2107,0.2123,0.2281,0.999,0.0008,0.0002
1600,Chầu văn,chau_van/audio_5_344.wav,1,0.0776,0.5874,0.0788,0.2097,0.0466,0.333,0.3331,0.3339,0.7802,0.1767,0.0355,0.006,0.0016,0.0115,0.9709,0.0176,0.0067,0.9844,0.0089,0.159,0.1601,0.1991,0.2013,0.2806,0.8767,0.1083,0.015
1601,Chầu văn,chau_van/audio_5_344.wav,2,0.1315,0.6463,0.0828,0.1068,0.0326,0.3319,0.3336,0.3345,0.0142,0.0175,0.0224,0.0512,0.8947,0.4155,0.5245,0.06,0.0542,0.7019,0.2439,0.1554,0.1565,0.1943,0.1965,0.2974,0.0005,0.9993,0.0003
1602,Chầu văn,chau_van/audio_5_495.wav,1,0.0172,0.9503,0.0151,0.0138,0.0036,0.3312,0.3335,0.3352,0.9691,0.0224,0.0066,0.0014,0.0004,0.0894,0.8369,0.0737,0.0021,0.0073,0.9906,0.1496,0.1509,0.1967,0.1994,0.3034,0.9332,0.0528,0.0139
1603,Chầu văn,chau_van/audio_5_495.wav,2,0.6061,0.2366,0.1059,0.0376,0.0139,0.3312,0.3335,0.3353,0.8222,0.1169,0.0452,0.0119,0.0039,0.0037,0.0165,0.9798,0.0021,0.0073,0.9906,0.1529,0.1541,0.1943,0.1967,0.302,0.8733,0.0975,0.0292
1604,Chầu văn,chau_van/audio_0_061.wav,1,0.0162,0.0754,0.0404,0.8331,0.0349,0.3343,0.333,0.3326,0.9336,0.0533,0.0107,0.0019,0.0005,0.0304,0.0994,0.8703,0.0542,0.7019,0.2439,0.2457,0.2445,0.1997,0.1971,0.113,0.9832,0.0143,0.0025
1605,Chầu văn,chau_van/audio_0_061.wav,2,0.0298,0.0881,0.048,0.574,0.2601,0.3336,0.3332,0.3332,0.2396,0.6869,0.0633,0.0081,0.0021,0.01,0.0469,0.9431,0.0067,0.9844,0.0089,0.2356,0.2349,0.2032,0.2012,0.1251,0.9031,0.0846,0.0122
1606,Chầu văn,chau_van/audio_7_340.wav,1,0.0606,0.4722,0.1897,0.2378,0.0397,0.3347,0.333,0.3324,0.0116,0.0146,0.0196,0.0563,0.898,0.016,0.0848,0.8991,0.0542,0.7019,0.2439,0.1565,0.1582,0.2131,0.2159,0.2563,0.0464,0.8677,0.086
1607,Chầu văn,chau_van/audio_7_340.wav,2,0.0438,0.1234,0.1394,0.5276,0.1658,0.3343,0.3331,0.3326,0.0134,0.0164,0.0211,0.0503,0.8988,0.0205,0.1264,0.8531,0.0542,0.7019,0.2439,0.1844,0.1857,0.2166,0.2176,0.1957,0.1311,0.8403,0.0286
1608,Chầu văn,chau_van/audio_7_140.wav,1,0.0622,0.2194,0.29,0.3527,0.0756,0.334,0.3331,0.3329,0.9278,0.0508,0.0164,0.0038,0.0012,0.0469,0.2912,0.6619,0.64,0.3185,0.0415,0.1506,0.1525,0.2185,0.222,0.2563,0.9827,0.0141,0.0032
1609,Chầu văn,chau_van/audio_7_140.wav,2,0.0248,0.0746,0.0635,0.6793,0.1578,0.3341,0.3331,0.3328,0.8183,0.1506,0.0257,0.0042,0.0012,0.0637,0.54,0.3963,0.0021,0.0073,0.9906,0.1964,0.1976,0.2205,0.2207,0.1648,0.3185,0.6419,0.0396
1610,Chầu văn,chau_van/audio_5_362.wav,1,0.1447,0.5293,0.1007,0.1702,0.0551,0.3316,0.3335,0.3348,0.122,0.2368,0.4889,0.1323,0.0199,0.6649,0.2859,0.0491,0.0372,0.9449,0.0179,0.154,0.1551,0.1952,0.1975,0.2981,0.9612,0.0334,0.0054
1611,Chầu văn,chau_van/audio_5_362.wav,2,0.0458,0.8111,0.0457,0.0796,0.0179,0.3321,0.3335,0.3344,0.0693,0.1547,0.6102,0.15,0.0159,0.5262,0.4148,0.0589,0.0067,0.9844,0.0089,0.1559,0.1569,0.1949,0.1971,0.2952,0.9272,0.0632,0.0095
1612,Chầu văn,chau_van/audio_1_034.wav,1,0.1052,0.1363,0.531,0.1391,0.0884,0.3351,0.3333,0.3316,0.0091,0.0113,0.0147,0.0362,0.9287,0.0193,0.112,0.8688,0.64,0.3185,0.0415,0.2042,0.2048,0.2132,0.2129,0.165,0.0186,0.0763,0.905
1613,Chầu văn,chau_van/audio_1_034.wav,2,0.032,0.8046,0.0576,0.0901,0.0156,0.3359,0.3335,0.3306,0.7983,0.1635,0.0315,0.0053,0.0014,0.0156,0.9635,0.021,0.64,0.3185,0.0415,0.1976,0.1981,0.2081,0.2083,0.188,0.9974,0.0022,0.0005
1614,Chầu văn,chau_van/audio_5_654.wav,1,0.0448,0.6609,0.0659,0.1984,0.0299,0.3309,0.3337,0.3354,0.0389,0.0541,0.0839,0.6238,0.1992,0.0462,0.7739,0.1798,0.2741,0.6756,0.0503,0.227,0.2277,0.2181,0.216,0.1112,0.0546,0.8261,0.1194
1615,Chầu văn,chau_van/audio_5_654.wav,2,0.0525,0.4088,0.1412,0.3524,0.0451,0.332,0.3337,0.3344,0.0398,0.0545,0.0821,0.4867,0.3368,0.0227,0.9227,0.0547,0.2741,0.6756,0.0503,0.2387,0.2384,0.2077,0.2052,0.11,0.1456,0.8242,0.0302
1616,Chầu văn,chau_van/audio_5_640.wav,1,0.0629,0.144,0.2276,0.3642,0.2014,0.334,0.3335,0.3325,0.7798,0.1838,0.0301,0.0049,0.0013,0.0504,0.8913,0.0583,0.0067,0.9844,0.0089,0.129,0.1303,0.1794,0.1826,0.3788,0.8865,0.0879,0.0256
1617,Chầu văn,chau_van/audio_5_640.wav,2,0.0759,0.778,0.0947,0.0402,0.0112,0.3311,0.3338,0.3351,0.9332,0.0473,0.015,0.0034,0.0011,0.0643,0.8912,0.0445,0.0542,0.7019,0.2439,0.1395,0.1407,0.1888,0.1918,0.3392,0.9689,0.0251,0.006
1618,Chầu văn,chau_van/audio_5_324.wav,1,0.0199,0.0591,0.0454,0.6842,0.1914,0.3344,0.333,0.3326,0.9187,0.0585,0.0176,0.0039,0.0012,0.04,0.1132,0.8468,0.0263,0.1483,0.8254,0.2033,0.2039,0.2124,0.2122,0.1682,0.983,0.0139,0.0032
1619,Chầu văn,chau_van/audio_5_324.wav,2,0.0366,0.0933,0.0969,0.4603,0.313,0.3336,0.3331,0.3333,0.8818,0.0961,0.0182,0.0031,0.0009,0.0129,0.0437,0.9434,0.0263,0.1483,0.8254,0.2114,0.2118,0.2113,0.2106,0.1549,0.9997,0.0002,0.0
1620,Chầu văn,chau_van/audio_7_329.wav,1,0.0175,0.0287,0.9295,0.0174,0.0068,0.3341,0.3331,0.3327,0.2851,0.6031,0.0967,0.0122,0.003,0.0423,0.8784,0.0793,0.9336,0.0507,0.0157,0.2299,0.2293,0.2035,0.2018,0.1355,0.7376,0.2354,0.027
1621,Chầu văn,chau_van/audio_7_329.wav,2,0.0803,0.694,0.1548,0.0558,0.015,0.3338,0.3332,0.333,0.0085,0.0109,0.0146,0.0398,0.9261,0.0007,0.0034,0.9959,0.8965,0.0877,0.0157,0.2189,0.2187,0.2044,0.2034,0.1545,0.0727,0.5965,0.3307
1622,Chầu văn,chau_van/audio_7_185.wav,1,0.0404,0.1051,0.1147,0.4859,0.2539,0.3339,0.3331,0.333,0.9393,0.0483,0.0101,0.0018,0.0005,0.0687,0.7231,0.2082,0.0263,0.1483,0.8254,0.1729,0.1745,0.2197,0.2215,0.2114,0.8669,0.1171,0.016
1623,Chầu văn,chau_van/audio_7_185.wav,2,0.0351,0.1048,0.1032,0.6079,0.1491,0.3342,0.3331,0.3327,0.9656,0.0271,0.0059,0.0011,0.0003,0.045,0.8727,0.0823,0.0021,0.0073,0.9906,0.1492,0.1508,0.207,0.2102,0.2828,0.9732,0.0217,0.0051
1624,Chầu văn,chau_van/audio_5_236.wav,1,0.0153,0.0559,0.0394,0.836,0.0534,0.3329,0.3333,0.3339,0.0625,0.1497,0.6796,0.0966,0.0116,0.0081,0.0288,0.9631,0.0263,0.1483,0.8254,0.2126,0.2125,0.2048,0.2041,0.1659,0.9974,0.0022,0.0004
1625,Chầu văn,chau_van/audio_5_236.wav,2,0.0042,0.0196,0.0082,0.9567,0.0112,0.333,0.3333,0.3337,0.9199,0.0583,0.017,0.0037,0.0011,0.0416,0.1166,0.8418,0.0263,0.1483,0.8254,0.2262,0.2261,0.2089,0.2073,0.1315,0.9908,0.0075,0.0016
1626,Chầu văn,chau_van/audio_7_430.wav,1,0.0153,0.0347,0.0251,0.1272,0.7976,0.3339,0.3331,0.3329,0.9699,0.0219,0.0064,0.0014,0.0004,0.0475,0.1963,0.7562,0.996,0.0032,0.0008,0.1399,0.1414,0.194,0.1972,0.3275,0.8007,0.1484,0.0509
1627,Chầu văn,chau_van/audio_7_430.wav,2,0.0324,0.0766,0.0494,0.2706,0.5709,0.3344,0.3331,0.3325,0.7754,0.1434,0.0591,0.0165,0.0055,0.0319,0.1303,0.8379,0.0067,0.9844,0.0089,0.1428,0.1442,0.1936,0.1965,0.3229,0.9699,0.0243,0.0058
1628,Chầu văn,chau_van/audio_5_412.wav,1,0.1093,0.5879,0.0876,0.1679,0.0471,0.3324,0.3335,0.3341,0.157,0.7445,0.0871,0.0093,0.0022,0.046,0.7806,0.1734,0.0542,0.7019,0.2439,0.1675,0.1685,0.2013,0.203,0.2596,0.0003,0.9995,0.0002
1629,Chầu văn,chau_van/audio_5_412.wav,2,0.0122,0.9481,0.0191,0.0169,0.0037,0.332,0.3334,0.3346,0.0705,0.1815,0.6775,0.0615,0.009,0.0253,0.9521,0.0226,0.0542,0.7019,0.2439,0.1584,0.1595,0.1967,0.1988,0.2866,0.0133,0.0523,0.9344
1630,Chầu văn,chau_van/audio_7_328.wav,1,0.063,0.382,0.079,0.4078,0.0681,0.3335,0.3333,0.3332,0.4097,0.5257,0.0552,0.0075,0.002,0.0082,0.9848,0.007,0.2741,0.6756,0.0503,0.2372,0.2362,0.2005,0.1986,0.1275,0.0104,0.9797,0.0099
1631,Chầu văn,chau_van/audio_7_328.wav,2,0.0329,0.0712,0.8561,0.03,0.0099,0.334,0.3332,0.3328,0.9466,0.0384,0.0116,0.0026,0.0008,0.0457,0.8758,0.0785,0.969,0.0242,0.0069,0.2515,0.2499,0.1964,0.1936,0.1087,0.8423,0.1394,0.0183
1632,Chầu văn,chau_van/audio_5_155.wav,1,0.2112,0.6213,0.0877,0.0601,0.0197,0.3324,0.3334,0.3343,0.846,0.1028,0.0383,0.0098,0.0031,0.8249,0.1477,0.0274,0.0263,0.1483,0.8254,0.1493,0.1505,0.1933,0.1958,0.3111,0.9879,0.0099,0.0022
1633,Chầu văn,chau_van/audio_5_155.wav,2,0.2454,0.5859,0.098,0.0532,0.0175,0.3322,0.3334,0.3343,0.8583,0.0957,0.0347,0.0086,0.0027,0.3862,0.5536,0.0602,0.0263,0.1483,0.8254,0.1412,0.1424,0.187,0.1898,0.3397,0.9113,0.0695,0.0192
1634,Chầu văn,chau_van/audio_5_613.wav,1,0.0321,0.1453,0.0485,0.7019,0.0722,0.334,0.333,0.333,0.6742,0.2775,0.0404,0.0062,0.0017,0.0124,0.045,0.9426,0.0372,0.9449,0.0179,0.2479,0.2469,0.2008,0.198,0.1063,0.6381,0.3287,0.0332
1635,Chầu văn,chau_van/audio_5_613.wav,2,0.0035,0.986,0.0046,0.0048,0.0011,0.3327,0.3335,0.3338,0.0117,0.0473,0.9339,0.0061,0.001,0.0229,0.1126,0.8645,0.8965,0.0877,0.0157,0.2093,0.2097,0.2114,0.2108,0.1588,0.3881,0.5716,0.0403
1636,Chầu văn,chau_van/audio_7_004.wav,1,0.0577,0.1649,0.6471,0.1007,0.0297,0.3342,0.333,0.3328,0.7779,0.1688,0.0431,0.0079,0.0022,0.0206,0.9476,0.0318,0.2741,0.6756,0.0503,0.2095,0.21,0.2118,0.2112,0.1574,0.9971,0.0025,0.0005
1637,Chầu văn,chau_van/audio_7_004.wav,2,0.0348,0.208,0.0872,0.6226,0.0474,0.3339,0.3332,0.3329,0.8833,0.0951,0.0177,0.003,0.0008,0.0164,0.9706,0.0131,0.0372,0.9449,0.0179,0.2186,0.219,0.2121,0.2108,0.1395,0.9898,0.0086,0.0015
1638,Chầu văn,chau_van/audio_5_418.wav,1,0.0313,0.8089,0.0484,0.0952,0.0162,0.3333,0.3339,0.3328,0.0543,0.0892,0.1818,0.6387,0.0359,0.0407,0.8423,0.117,0.0372,0.9449,0.0179,0.1387,0.14,0.1898,0.1929,0.3385,0.8152,0.164,0.0208
1639,Chầu văn,chau_van/audio_5_418.wav,2,0.0356,0.7824,0.07,0.0951,0.0169,0.334,0.3336,0.3324,0.8911,0.0746,0.0259,0.0063,0.002,0.0273,0.9428,0.0299,0.0372,0.9449,0.0179,0.14,0.1413,0.1878,0.1907,0.3402,0.9695,0.0246,0.0059
1640,Chầu văn,chau_van/audio_5_044.wav,1,0.8772,0.0646,0.0366,0.0152,0.0063,0.3326,0.3335,0.334,0.8851,0.0787,0.0275,0.0067,0.0021,0.7166,0.1918,0.0916,0.0067,0.9844,0.0089,0.1944,0.1948,0.2041,0.2044,0.2022,0.8563,0.1098,0.034
1641,Chầu văn,chau_van/audio_5_044.wav,2,0.3601,0.3677,0.1206,0.107,0.0446,0.3324,0.3336,0.3341,0.0904,0.1426,0.2638,0.4562,0.047,0.8141,0.1315,0.0544,0.0542,0.7019,0.2439,0.1957,0.1962,0.2061,0.2063,0.1957,0.9642,0.0308,0.005
1642,Chầu văn,chau_van/audio_5_595.wav,1,0.186,0.6414,0.084,0.067,0.0217,0.3322,0.3337,0.3341,0.9289,0.0501,0.0161,0.0037,0.0012,0.1933,0.7532,0.0536,0.0542,0.7019,0.2439,0.2079,0.2084,0.2118,0.2114,0.1605,0.9511,0.0391,0.0098
1643,Chầu văn,chau_van/audio_5_595.wav,2,0.1129,0.6428,0.0815,0.1263,0.0365,0.333,0.3336,0.3334,0.0555,0.0999,0.2273,0.578,0.0394,0.4148,0.5145,0.0708,0.996,0.0032,0.0008,0.1501,0.1513,0.1959,0.1985,0.3042,0.0059,0.0214,0.9727
1644,Chầu văn,chau_van/audio_7_289.wav,1,0.0548,0.1727,0.2185,0.4501,0.1038,0.3348,0.333,0.3321,0.4292,0.5059,0.0553,0.0076,0.002,0.0463,0.392,0.5617,0.8965,0.0877,0.0157,0.2656,0.2631,0.1893,0.1859,0.0961,0.2953,0.6657,0.0391
1645,Chầu văn,chau_van/audio_7_289.wav,2,0.0629,0.0866,0.8134,0.0272,0.0098,0.335,0.333,0.332,0.6459,0.2986,0.0465,0.0071,0.0019,0.0125,0.0428,0.9447,0.2741,0.6756,0.0503,0.2193,0.2194,0.2083,0.2072,0.1458,0.0148,0.9788,0.0063
1646,Chầu văn,chau_van/audio_5_465.wav,1,0.0929,0.6032,0.22,0.0659,0.018,0.3323,0.3336,0.3341,0.9406,0.0426,0.013,0.0029,0.0009,0.0848,0.8547,0.0604,0.0067,0.9844,0.0089,0.1765,0.1776,0.2088,0.2102,0.2269,0.9997,0.0002,0.0
1647,Chầu văn,chau_van/audio_5_465.wav,2,0.3771,0.4317,0.1238,0.0502,0.0173,0.3326,0.3335,0.3339,0.0163,0.0525,0.916,0.0133,0.002,0.0053,0.9865,0.0082,0.0372,0.9449,0.0179,0.1988,0.1992,0.2063,0.2064,0.1894,0.0673,0.725,0.2077
1648,Chầu văn,chau_van/audio_7_072.wav,1,0.0656,0.1712,0.5336,0.1746,0.0551,0.3343,0.3331,0.3326,0.0088,0.0112,0.015,0.0444,0.9205,0.0088,0.0452,0.946,0.0021,0.0073,0.9906,0.2399,0.2387,0.1989,0.1967,0.1258,0.0716,0.6514,0.277
1649,Chầu văn,chau_van/audio_7_072.wav,2,0.0655,0.2429,0.3317,0.2957,0.0643,0.3347,0.3331,0.3323,0.9123,0.0707,0.0139,0.0024,0.0007,0.007,0.0326,0.9604,0.996,0.0032,0.0008,0.2326,0.2318,0.2015,0.1998,0.1344,0.8882,0.098,0.0138
1650,Chầu văn,chau_van/audio_2_089.wav,1,0.6186,0.2121,0.092,0.0543,0.0231,0.332,0.3336,0.3344,0.0376,0.1197,0.8134,0.0253,0.0039,0.0429,0.9328,0.0243,0.0372,0.9449,0.0179,0.142,0.1437,0.2049,0.2085,0.301,0.9941,0.0049,0.001
1651,Chầu văn,chau_van/audio_2_089.wav,2,0.1235,0.7262,0.0686,0.0626,0.0191,0.3313,0.3337,0.335,0.9915,0.0065,0.0016,0.0003,0.0001,0.0165,0.0888,0.8947,0.9905,0.0078,0.0017,0.1804,0.1819,0.2203,0.2216,0.1958,0.9767,0.0189,0.0044
1652,Chầu văn,chau_van/audio_5_656.wav,1,0.389,0.4322,0.1076,0.0527,0.0184,0.3333,0.3333,0.3334,0.6997,0.2548,0.0381,0.0059,0.0016,0.0518,0.4068,0.5414,0.0263,0.1483,0.8254,0.2807,0.2766,0.1797,0.176,0.087,0.8904,0.096,0.0136
1653,Chầu văn,chau_van/audio_5_656.wav,2,0.0656,0.6016,0.2027,0.1063,0.0238,0.3327,0.3334,0.3339,0.0423,0.0577,0.0867,0.505,0.3083,0.0699,0.8975,0.0326,0.0067,0.9844,0.0089,0.2514,0.2499,0.1974,0.1946,0.1067,0.0661,0.4153,0.5186
1654,Chầu văn,chau_van/audio_6_049.wav,1,0.074,0.1536,0.4856,0.2002,0.0866,0.332,0.3333,0.3346,0.8359,0.1089,0.0412,0.0106,0.0034,0.2797,0.6396,0.0807,0.0542,0.7019,0.2439,0.124,0.1252,0.1734,0.1766,0.4008,0.9649,0.0283,0.0068
1655,Chầu văn,chau_van/audio_6_049.wav,2,0.0726,0.1408,0.5526,0.1621,0.0719,0.332,0.3334,0.3346,0.8343,0.1099,0.0416,0.0107,0.0034,0.2126,0.7098,0.0776,0.0067,0.9844,0.0089,0.1269,0.1281,0.1757,0.1788,0.3906,0.9864,0.0111,0.0025
1656,Chầu văn,chau_van/audio_7_005.wav,1,0.0469,0.4252,0.1041,0.3816,0.0422,0.3344,0.3331,0.3325,0.9976,0.0018,0.0005,0.0001,0.0,0.4284,0.4995,0.0721,0.64,0.3185,0.0415,0.2107,0.2109,0.2084,0.2078,0.1622,0.9222,0.0676,0.0101
1657,Chầu văn,chau_van/audio_7_005.wav,2,0.128,0.4697,0.317,0.0657,0.0196,0.3344,0.3333,0.3323,0.1123,0.6923,0.1785,0.0139,0.003,0.0403,0.3131,0.6466,0.0067,0.9844,0.0089,0.2166,0.2166,0.2073,0.2063,0.1533,0.6079,0.3573,0.0347
1658,Chầu văn,chau_van/audio_5_233.wav,1,0.0033,0.0124,0.0065,0.962,0.0157,0.3331,0.3333,0.3337,0.0098,0.0318,0.9483,0.0088,0.0013,0.0074,0.0306,0.962,0.0263,0.1483,0.8254,0.216,0.2159,0.2058,0.2049,0.1573,0.8707,0.1137,0.0156
1659,Chầu văn,chau_van/audio_5_233.wav,2,0.0366,0.129,0.0538,0.6485,0.1321,0.3334,0.3332,0.3334,0.9116,0.0639,0.019,0.0042,0.0013,0.0166,0.0548,0.9286,0.0263,0.1483,0.8254,0.2216,0.2215,0.2078,0.2066,0.1425,0.9834,0.0135,0.0031
1660,Chầu văn,chau_van/audio_0_022.wav,1,0.2699,0.4992,0.1044,0.093,0.0335,0.3338,0.3331,0.333,0.9033,0.0683,0.0218,0.005,0.0016,0.2356,0.7073,0.0571,0.9336,0.0507,0.0157,0.2653,0.2624,0.1872,0.1841,0.101,0.5667,0.3968,0.0365
1661,Chầu văn,chau_van/audio_0_022.wav,2,0.0723,0.185,0.6727,0.0534,0.0166,0.3356,0.3328,0.3316,0.1822,0.641,0.1566,0.0164,0.0038,0.6584,0.2955,0.0461,0.9336,0.0507,0.0157,0.2525,0.2505,0.1935,0.1908,0.1127,0.2841,0.6772,0.0387
1662,Chầu văn,chau_van/audio_3_022.wav,1,0.0115,0.0281,0.0206,0.1379,0.8019,0.3349,0.3329,0.3322,0.4108,0.5207,0.0585,0.008,0.0021,0.0527,0.458,0.4894,0.0021,0.0073,0.9906,0.2011,0.202,0.215,0.2149,0.1671,0.0556,0.8201,0.1243
1663,Chầu văn,chau_van/audio_3_022.wav,2,0.0288,0.0986,0.0448,0.6953,0.1325,0.3343,0.333,0.3327,0.9372,0.0493,0.0109,0.002,0.0006,0.0463,0.7296,0.2241,0.0021,0.0073,0.9906,0.193,0.1939,0.2131,0.2135,0.1865,0.7821,0.1943,0.0236
1664,Chầu văn,chau_van/audio_7_011.wav,1,0.044,0.4009,0.0884,0.424,0.0426,0.3349,0.3331,0.3321,0.0544,0.1033,0.2856,0.5304,0.0263,0.0128,0.0672,0.92,0.0542,0.7019,0.2439,0.2347,0.2342,0.2048,0.2028,0.1236,0.013,0.9738,0.0132
1665,Chầu văn,chau_van/audio_7_011.wav,2,0.0579,0.2859,0.2143,0.3825,0.0593,0.334,0.3332,0.3328,0.9997,0.0002,0.0,0.0,0.0,0.0116,0.0434,0.945,0.0263,0.1483,0.8254,0.2131,0.2134,0.2098,0.209,0.1547,0.902,0.0856,0.0124
1666,Chầu văn,chau_van/audio_5_159.wav,1,0.2123,0.6,0.1221,0.0497,0.0159,0.3319,0.3335,0.3346,0.7042,0.1806,0.0816,0.0249,0.0087,0.9933,0.0052,0.0015,0.0263,0.1483,0.8254,0.1454,0.1465,0.1879,0.1904,0.3298,0.9756,0.0198,0.0046
1667,Chầu văn,chau_van/audio_5_159.wav,2,0.1091,0.7614,0.0621,0.0518,0.0156,0.3324,0.3334,0.3342,0.8665,0.0907,0.0324,0.0079,0.0025,0.9146,0.0706,0.0148,0.8674,0.0982,0.0344,0.1435,0.1447,0.1882,0.1909,0.3327,0.8672,0.1019,0.0309
1668,Chầu văn,chau_van/audio_7_036.wav,1,0.0304,0.0705,0.0729,0.2969,0.5293,0.3341,0.3331,0.3328,0.019,0.0251,0.0357,0.1326,0.7876,0.0023,0.009,0.9887,0.0542,0.7019,0.2439,0.2178,0.2177,0.2056,0.2046,0.1543,0.112,0.2056,0.6824
1669,Chầu văn,chau_van/audio_7_036.wav,2,0.0612,0.1472,0.2275,0.3834,0.1807,0.3342,0.3331,0.3327,0.0097,0.0123,0.0166,0.0497,0.9116,0.009,0.0321,0.9589,0.996,0.0032,0.0008,0.2283,0.2279,0.2051,0.2035,0.1353,0.0004,0.0012,0.9984
1670,Chầu văn,chau_van/audio_5_333.wav,1,0.1418,0.6315,0.0858,0.1074,0.0335,0.3316,0.3335,0.3348,0.7517,0.1947,0.0439,0.0076,0.0021,0.0889,0.8712,0.0399,0.0067,0.9844,0.0089,0.1618,0.1629,0.2012,0.2033,0.2709,0.9971,0.0024,0.0005
1671,Chầu văn,chau_van/audio_5_333.wav,2,0.085,0.1535,0.7055,0.0418,0.0141,0.3328,0.3335,0.3337,0.8544,0.1196,0.0214,0.0036,0.001,0.019,0.0824,0.8986,0.0067,0.9844,0.0089,0.1716,0.1726,0.2037,0.2052,0.2469,0.9196,0.0632,0.0172
1672,Chầu văn,chau_van/audio_1_036.wav,1,0.0409,0.2972,0.0947,0.5212,0.0461,0.3354,0.3331,0.3314,0.7256,0.2281,0.0385,0.0061,0.0017,0.0417,0.8575,0.1008,0.0021,0.0073,0.9906,0.1961,0.1968,0.2104,0.2107,0.186,0.0331,0.955,0.0119
1673,Chầu văn,chau_van/audio_1_036.wav,2,0.0012,0.9957,0.0014,0.0014,0.0003,0.3344,0.3335,0.3321,0.0049,0.9891,0.0055,0.0004,0.0001,0.0045,0.0181,0.9774,0.0021,0.0073,0.9906,0.2403,0.2398,0.2048,0.2024,0.1128,0.2398,0.7232,0.037
1674,Chầu văn,chau_van/audio_5_672.wav,1,0.0192,0.9291,0.0196,0.026,0.006,0.3319,0.3336,0.3345,0.0134,0.0167,0.0222,0.0605,0.8872,0.2108,0.731,0.0582,0.0542,0.7019,0.2439,0.173,0.1747,0.2256,0.2276,0.1992,0.0238,0.9669,0.0092
1675,Chầu văn,chau_van/audio_5_672.wav,2,0.0404,0.8833,0.0322,0.0349,0.0092,0.3319,0.3334,0.3347,0.892,0.0771,0.0238,0.0054,0.0017,0.042,0.8703,0.0878,0.0542,0.7019,0.2439,0.2567,0.2561,0.2022,0.1986,0.0864,0.9476,0.0453,0.0071
1676,Chầu văn,chau_van/audio_5_206.wav,1,0.0412,0.3181,0.0685,0.5241,0.0481,0.3331,0.3332,0.3337,0.9514,0.0364,0.0096,0.002,0.0006,0.0243,0.0772,0.8985,0.0263,0.1483,0.8254,0.2197,0.2195,0.2051,0.2041,0.1517,0.9789,0.018,0.0031
1677,Chầu văn,chau_van/audio_5_206.wav,2,0.0347,0.8254,0.0417,0.0821,0.016,0.333,0.3332,0.3338,0.9634,0.0274,0.0072,0.0015,0.0004,0.047,0.1305,0.8225,0.8965,0.0877,0.0157,0.2128,0.2129,0.2074,0.2067,0.16,0.9948,0.0044,0.0008
1678,Chầu văn,chau_van/audio_3_029.wav,1,0.0527,0.1314,0.0721,0.391,0.3529,0.334,0.333,0.333,0.9338,0.0493,0.0134,0.0027,0.0008,0.0572,0.5811,0.3617,0.8965,0.0877,0.0157,0.1466,0.148,0.196,0.1988,0.3107,0.9067,0.0729,0.0204
1679,Chầu văn,chau_van/audio_3_029.wav,2,0.0892,0.2334,0.0987,0.3857,0.1929,0.333,0.3331,0.3338,0.7274,0.1692,0.074,0.0219,0.0076,0.024,0.9204,0.0557,0.0263,0.1483,0.8254,0.1439,0.1451,0.1918,0.1946,0.3245,0.8509,0.1136,0.0355
1680,Chầu văn,chau_van/audio_5_662.wav,1,0.0457,0.8834,0.0336,0.0292,0.0081,0.3316,0.3334,0.335,0.0489,0.065,0.0945,0.4282,0.3634,0.045,0.9144,0.0406,0.0372,0.9449,0.0179,0.1404,0.1431,0.2518,0.258,0.2066,0.1322,0.839,0.0287
1681,Chầu văn,chau_van/audio_5_662.wav,2,0.1003,0.7225,0.0679,0.085,0.0244,0.3321,0.3334,0.3344,0.9918,0.0061,0.0016,0.0003,0.0001,0.0269,0.9395,0.0336,0.0372,0.9449,0.0179,0.1861,0.1885,0.2447,0.2454,0.1353,0.9591,0.0352,0.0057
1682,Chầu văn,chau_van/audio_5_745.wav,1,0.4285,0.3029,0.1238,0.0999,0.0449,0.3342,0.3328,0.333,0.8921,0.0746,0.0253,0.0061,0.0019,0.0503,0.5647,0.3849,0.8965,0.0877,0.0157,0.132,0.1335,0.1915,0.1951,0.3478,0.7615,0.1742,0.0642
1683,Chầu văn,chau_van/audio_5_745.wav,2,0.3096,0.3857,0.1245,0.1267,0.0534,0.3332,0.3334,0.3334,0.0317,0.0869,0.8309,0.0449,0.0056,0.0358,0.1397,0.8245,0.0263,0.1483,0.8254,0.1533,0.1547,0.2013,0.2039,0.2868,0.9461,0.043,0.011
1684,Chầu văn,chau_van/audio_5_625.wav,1,0.0695,0.761,0.0578,0.089,0.0228,0.3348,0.3334,0.3317,0.9011,0.0739,0.0199,0.0039,0.0011,0.0589,0.7086,0.2325,0.0021,0.0073,0.9906,0.1368,0.1381,0.1903,0.1936,0.3412,0.9517,0.0386,0.0097
1685,Chầu văn,chau_van/audio_5_625.wav,2,0.0864,0.8057,0.0531,0.0424,0.0124,0.3325,0.3332,0.3344,0.051,0.0764,0.1335,0.6858,0.0532,0.0238,0.9232,0.053,0.0021,0.0073,0.9906,0.1337,0.135,0.1856,0.1887,0.357,0.9997,0.0002,0.0
1686,Chầu văn,chau_van/audio_5_545.wav,1,0.1946,0.6021,0.0906,0.0847,0.0281,0.335,0.3328,0.3323,0.0503,0.1637,0.7529,0.0285,0.0046,0.0336,0.0987,0.8677,0.0263,0.1483,0.8254,0.206,0.2067,0.2141,0.2137,0.1595,0.9983,0.0014,0.0003
1687,Chầu văn,chau_van/audio_5_545.wav,2,0.5557,0.2628,0.0974,0.0597,0.0243,0.3337,0.3331,0.3332,0.2393,0.6681,0.0805,0.0097,0.0024,0.0056,0.021,0.9734,0.0263,0.1483,0.8254,0.2085,0.2092,0.2141,0.2135,0.1547,0.9883,0.0099,0.0018
1688,Chầu văn,chau_van/audio_0_069.wav,1,0.0714,0.1193,0.1721,0.2373,0.3999,0.332,0.3336,0.3345,0.0879,0.8743,0.0332,0.0036,0.0009,0.018,0.1079,0.8741,0.0542,0.7019,0.2439,0.2423,0.2417,0.2039,0.2014,0.1107,0.0493,0.8538,0.0969
1689,Chầu văn,chau_van/audio_0_069.wav,2,0.0085,0.0285,0.018,0.8884,0.0567,0.3337,0.3332,0.3331,0.8829,0.0954,0.0178,0.003,0.0008,0.0067,0.0313,0.962,0.0372,0.9449,0.0179,0.2652,0.2627,0.1896,0.1863,0.0961,0.8863,0.0997,0.014
1690,Chầu văn,chau_van/audio_7_381.wav,1,0.0466,0.1035,0.7504,0.074,0.0255,0.3348,0.333,0.3322,0.2796,0.658,0.0539,0.0068,0.0018,0.0488,0.1315,0.8197,0.8965,0.0877,0.0157,0.1995,0.2002,0.211,0.211,0.1783,0.689,0.2807,0.0303
1691,Chầu văn,chau_van/audio_7_381.wav,2,0.0552,0.1644,0.2174,0.4468,0.1162,0.3344,0.333,0.3325,0.9976,0.0018,0.0004,0.0001,0.0,0.0043,0.0197,0.9761,0.8965,0.0877,0.0157,0.2144,0.2148,0.2114,0.2105,0.1488,0.1458,0.824,0.0302
1692,Chầu văn,chau_van/audio_5_226.wav,1,0.015,0.0557,0.0255,0.8383,0.0655,0.3329,0.3333,0.3337,0.0446,0.1446,0.7795,0.0269,0.0043,0.0167,0.0603,0.923,0.0542,0.7019,0.2439,0.2168,0.2165,0.2037,0.2028,0.1601,0.7144,0.257,0.0286
1693,Chầu văn,chau_van/audio_5_226.wav,2,0.0175,0.0458,0.0344,0.3135,0.5888,0.3333,0.3333,0.3334,0.7022,0.2205,0.0612,0.0124,0.0037,0.0644,0.1617,0.7739,0.0542,0.7019,0.2439,0.2067,0.2069,0.2066,0.2062,0.1736,0.834,0.1255,0.0405
1694,Chầu văn,chau_van/audio_0_064.wav,1,0.052,0.159,0.0704,0.5208,0.1979,0.3326,0.3333,0.3341,0.5083,0.4306,0.0518,0.0074,0.0019,0.02,0.096,0.884,0.0067,0.9844,0.0089,0.2494,0.2479,0.1966,0.1939,0.1122,0.6791,0.2901,0.0309
1695,Chầu văn,chau_van/audio_0_064.wav,2,0.0228,0.0665,0.0402,0.577,0.2935,0.3337,0.3331,0.3332,0.1491,0.7992,0.045,0.0053,0.0013,0.0248,0.0929,0.8823,0.0067,0.9844,0.0089,0.2609,0.2589,0.1931,0.1898,0.0972,0.9995,0.0004,0.0001
1696,Chầu văn,chau_van/audio_7_092.wav,1,0.0829,0.7752,0.0572,0.0661,0.0186,0.3345,0.333,0.3325,0.717,0.2274,0.0459,0.0076,0.0021,0.0098,0.0377,0.9525,0.2741,0.6756,0.0503,0.2374,0.2364,0.1993,0.1973,0.1296,0.9637,0.0312,0.0051
1697,Chầu văn,chau_van/audio_7_092.wav,2,0.0172,0.9513,0.0151,0.0131,0.0034,0.3346,0.333,0.3324,0.981,0.0141,0.0038,0.0008,0.0002,0.0118,0.0443,0.9439,0.2741,0.6756,0.0503,0.2304,0.2297,0.2014,0.1998,0.1388,0.9919,0.0067,0.0015
1698,Chầu văn,chau_van/audio_7_038.wav,1,0.0229,0.0747,0.0381,0.7159,0.1485,0.3343,0.3331,0.3326,0.0266,0.0328,0.0427,0.1079,0.79,0.0661,0.39,0.5438,0.0542,0.7019,0.2439,0.14,0.1412,0.1889,0.1918,0.3381,0.3395,0.6205,0.04
1699,Chầu văn,chau_van/audio_7_038.wav,2,0.03,0.0732,0.0468,0.2888,0.5613,0.3338,0.3331,0.3331,0.8876,0.0787,0.026,0.006,0.0018,0.0785,0.5584,0.3631,0.0422,0.1103,0.8475,0.1419,0.1431,0.188,0.1907,0.3363,0.8439,0.1186,0.0376
1700,Chầu văn,chau_van/audio_5_610.wav,1,0.0496,0.165,0.0675,0.5588,0.1592,0.333,0.3332,0.3337,0.1841,0.708,0.0937,0.0113,0.0029,0.0114,0.0451,0.9435,0.969,0.0242,0.0069,0.2486,0.2473,0.1979,0.1952,0.111,0.4786,0.4822,0.0393
1701,Chầu văn,chau_van/audio_5_610.wav,2,0.0269,0.0789,0.0448,0.5692,0.2801,0.334,0.3331,0.3329,0.2855,0.6184,0.0821,0.0111,0.0029,0.0281,0.0896,0.8823,0.969,0.0242,0.0069,0.2446,0.2432,0.1975,0.1952,0.1194,0.6455,0.3217,0.0328
1702,Chầu văn,chau_van/audio_7_025.wav,1,0.0584,0.1626,0.2356,0.4164,0.127,0.3342,0.3331,0.3326,0.7537,0.1985,0.0395,0.0066,0.0018,0.04,0.246,0.7139,0.0372,0.9449,0.0179,0.2236,0.2236,0.2083,0.2069,0.1376,0.0298,0.9592,0.011
1703,Chầu văn,chau_van/audio_7_025.wav,2,0.0445,0.7387,0.1025,0.0956,0.0187,0.335,0.333,0.332,0.0772,0.6299,0.2762,0.0139,0.0029,0.021,0.1176,0.8613,0.0067,0.9844,0.0089,0.2311,0.2306,0.2035,0.2017,0.1331,0.9953,0.0039,0.0007
1704,Chầu văn,chau_van/audio_0_066.wav,1,0.033,0.1768,0.0512,0.6804,0.0585,0.3332,0.3333,0.3335,0.5125,0.3249,0.1248,0.0287,0.0091,0.0147,0.0516,0.9337,0.969,0.0242,0.0069,0.2378,0.2367,0.1991,0.1971,0.1293,0.9805,0.0166,0.0029
1705,Chầu văn,chau_van/audio_0_066.wav,2,0.014,0.0354,0.0274,0.211,0.7123,0.3337,0.3331,0.3332,0.2364,0.6987,0.0562,0.0069,0.0017,0.0107,0.0411,0.9482,0.0067,0.9844,0.0089,0.252,0.2506,0.1981,0.1952,0.1041,0.9986,0.0012,0.0002
1706,Chầu văn,chau_van/audio_7_409.wav,1,0.0247,0.0791,0.0667,0.7171,0.1124,0.3341,0.3331,0.3328,0.9624,0.0277,0.0078,0.0016,0.0005,0.0412,0.2766,0.6823,0.0372,0.9449,0.0179,0.1472,0.1487,0.2033,0.2065,0.2943,0.8596,0.1074,0.033
1707,Chầu văn,chau_van/audio_7_409.wav,2,0.0131,0.0473,0.0329,0.8563,0.0504,0.3344,0.333,0.3326,0.7703,0.192,0.0313,0.005,0.0014,0.0446,0.3121,0.6433,0.969,0.0242,0.0069,0.1426,0.1444,0.2104,0.2142,0.2883,0.9952,0.0039,0.0008
1708,Chầu văn,chau_van/audio_5_009.wav,1,0.0413,0.873,0.0343,0.0408,0.0105,0.332,0.3336,0.3344,0.8539,0.1148,0.0255,0.0045,0.0013,0.923,0.0634,0.0136,0.2741,0.6756,0.0503,0.1417,0.1428,0.1846,0.1872,0.3438,0.9315,0.0542,0.0143
1709,Chầu văn,chau_van/audio_5_009.wav,2,0.0967,0.7771,0.0583,0.0524,0.0155,0.3314,0.3335,0.335,0.7829,0.1548,0.049,0.0103,0.003,0.9883,0.0094,0.0024,0.2741,0.6756,0.0503,0.1379,0.139,0.1828,0.1856,0.3547,0.9825,0.0142,0.0032
1710,Chầu văn,chau_van/audio_7_427.wav,1,0.0315,0.8228,0.0603,0.0719,0.0135,0.3339,0.3331,0.3329,0.7681,0.1734,0.0471,0.0089,0.0025,0.0767,0.6496,0.2737,0.64,0.3185,0.0415,0.1857,0.1871,0.221,0.222,0.1842,0.9605,0.0318,0.0078
1711,Chầu văn,chau_van/audio_7_427.wav,2,0.0093,0.0341,0.0167,0.8949,0.045,0.3345,0.333,0.3325,0.9784,0.0164,0.0041,0.0008,0.0002,0.0704,0.7238,0.2058,0.0021,0.0073,0.9906,0.201,0.2021,0.2209,0.2207,0.1553,0.9437,0.0448,0.0115
1712,Chầu văn,chau_van/audio_5_164.wav,1,0.3506,0.4695,0.1025,0.0574,0.02,0.3318,0.3336,0.3347,0.6856,0.1894,0.0878,0.0274,0.0097,0.9976,0.0019,0.0005,0.0263,0.1483,0.8254,0.1507,0.1518,0.1898,0.1921,0.3156,0.8735,0.0974,0.0291
1713,Chầu văn,chau_van/audio_5_164.wav,2,0.0547,0.8662,0.0384,0.0317,0.0089,0.3318,0.3335,0.3347,0.7721,0.1451,0.0603,0.0169,0.0056,0.935,0.0528,0.0122,0.8674,0.0982,0.0344,0.1517,0.1528,0.192,0.1944,0.309,0.9558,0.0354,0.0088
1714,Chầu văn,chau_van/audio_5_695.wav,1,0.6746,0.1759,0.0833,0.0463,0.0199,0.3312,0.3337,0.3351,0.9884,0.0086,0.0024,0.0005,0.0001,0.0412,0.7912,0.1676,0.0372,0.9449,0.0179,0.2289,0.2292,0.2123,0.2103,0.1192,0.8347,0.125,0.0403
1715,Chầu văn,chau_van/audio_5_695.wav,2,0.5925,0.2192,0.0995,0.0618,0.0271,0.3321,0.3336,0.3343,0.01,0.0125,0.0166,0.046,0.9149,0.0188,0.1088,0.8724,0.0372,0.9449,0.0179,0.2335,0.2334,0.2087,0.2066,0.1179,0.0282,0.9338,0.0379
1716,Chầu văn,chau_van/audio_0_114.wav,1,0.3334,0.4835,0.1136,0.0519,0.0176,0.3316,0.3335,0.3349,0.9941,0.0046,0.0011,0.0002,0.0001,0.4247,0.5055,0.0698,0.0372,0.9449,0.0179,0.2516,0.2503,0.1988,0.1959,0.1034,0.3721,0.5877,0.0402
1717,Chầu văn,chau_van/audio_0_114.wav,2,0.1489,0.7107,0.0746,0.0501,0.0157,0.3314,0.3336,0.335,0.9554,0.0321,0.0097,0.0022,0.0007,0.0602,0.9063,0.0335,0.0542,0.7019,0.2439,0.182,0.1834,0.2186,0.2199,0.1961,0.997,0.0025,0.0005
1718,Chầu văn,chau_van/audio_5_242.wav,1,0.0404,0.1536,0.0576,0.6354,0.113,0.3333,0.3331,0.3336,0.8439,0.1083,0.0364,0.0087,0.0028,0.0723,0.1754,0.7522,0.996,0.0032,0.0008,0.1861,0.1869,0.2084,0.2092,0.2094,0.9114,0.0772,0.0113
1719,Chầu văn,chau_van/audio_5_242.wav,2,0.0425,0.1331,0.061,0.5707,0.1927,0.3334,0.3332,0.3334,0.8215,0.1196,0.044,0.0112,0.0037,0.0775,0.1854,0.7371,0.996,0.0032,0.0008,0.1783,0.1793,0.2061,0.2073,0.229,0.8959,0.081,0.0231
1720,Chầu văn,chau_van/audio_5_063.wav,1,0.0116,0.9565,0.0125,0.0158,0.0036,0.332,0.3335,0.3345,0.981,0.0145,0.0036,0.0007,0.0002,0.9802,0.0158,0.0039,0.0542,0.7019,0.2439,0.1476,0.1487,0.189,0.1915,0.3232,0.9402,0.0475,0.0123
1721,Chầu văn,chau_van/audio_5_063.wav,2,0.0733,0.8127,0.0496,0.0502,0.0142,0.3319,0.3335,0.3346,0.8313,0.1116,0.0425,0.011,0.0036,0.6274,0.324,0.0486,0.0067,0.9844,0.0089,0.1405,0.1417,0.1863,0.1891,0.3424,0.9205,0.0625,0.017
1722,Chầu văn,chau_van/audio_0_056.wav,1,0.0524,0.1824,0.2028,0.4727,0.0897,0.334,0.3331,0.333,0.9919,0.0063,0.0015,0.0003,0.0001,0.027,0.0991,0.8739,0.0542,0.7019,0.2439,0.2532,0.2515,0.1958,0.1929,0.1067,0.844,0.1378,0.0182
1723,Chầu văn,chau_van/audio_0_056.wav,2,0.0247,0.0925,0.0703,0.7442,0.0683,0.3342,0.333,0.3328,0.7536,0.1981,0.0398,0.0066,0.0018,0.0217,0.1011,0.8772,0.0542,0.7019,0.2439,0.2725,0.2698,0.1874,0.1836,0.0868,0.9993,0.0006,0.0001
1724,Chầu văn,chau_van/audio_5_556.wav,1,0.0891,0.5098,0.2994,0.0803,0.0214,0.3322,0.3335,0.3344,0.9107,0.0716,0.0145,0.0026,0.0007,0.0374,0.1159,0.8468,0.0542,0.7019,0.2439,0.2135,0.2137,0.2089,0.2081,0.1558,0.9994,0.0005,0.0001
1725,Chầu văn,chau_van/audio_5_556.wav,2,0.8179,0.097,0.0515,0.0236,0.01,0.3321,0.3335,0.3345,0.849,0.1228,0.0232,0.0039,0.0011,0.0617,0.5328,0.4055,0.0372,0.9449,0.0179,0.2103,0.2106,0.2103,0.2098,0.1591,0.9975,0.0021,0.0004
1726,Chầu văn,chau_van/audio_7_461.wav,1,0.0061,0.0295,0.0119,0.9375,0.015,0.3346,0.3331,0.3323,0.0511,0.8729,0.0697,0.0052,0.0012,0.0518,0.6336,0.3146,0.0263,0.1483,0.8254,0.2487,0.2472,0.1967,0.1941,0.1132,0.0325,0.9558,0.0117
1727,Chầu văn,chau_van/audio_7_461.wav,2,0.0587,0.1834,0.2512,0.4086,0.0982,0.3337,0.3333,0.333,0.8975,0.0813,0.0171,0.0031,0.0009,0.0488,0.4222,0.529,0.0021,0.0073,0.9906,0.2577,0.2558,0.1938,0.1907,0.1021,0.8353,0.1457,0.019
1728,Chầu văn,chau_van/audio_7_054.wav,1,0.0779,0.5598,0.2527,0.0875,0.0219,0.3355,0.3328,0.3317,0.0331,0.0512,0.0944,0.7861,0.0352,0.0021,0.0085,0.9894,0.0263,0.1483,0.8254,0.2286,0.2282,0.2046,0.203,0.1356,0.8958,0.0911,0.013
1729,Chầu văn,chau_van/audio_7_054.wav,2,0.0685,0.2505,0.4522,0.1835,0.0452,0.335,0.333,0.3321,0.0197,0.0304,0.0558,0.8688,0.0252,0.0012,0.0051,0.9937,0.0263,0.1483,0.8254,0.2354,0.2346,0.2015,0.1995,0.1289,0.0462,0.9387,0.0151
1730,Chầu văn,chau_van/audio_7_236.wav,1,0.0237,0.0763,0.0635,0.7281,0.1084,0.3341,0.3331,0.3328,0.9021,0.0782,0.0161,0.0029,0.0008,0.0703,0.7667,0.163,0.0021,0.0073,0.9906,0.1772,0.1787,0.2199,0.2214,0.2028,0.9714,0.0245,0.0041
1731,Chầu văn,chau_van/audio_7_236.wav,2,0.0389,0.0897,0.1006,0.3457,0.4252,0.3341,0.3332,0.3327,0.206,0.7367,0.0497,0.0061,0.0016,0.0564,0.7891,0.1545,0.0021,0.0073,0.9906,0.1857,0.187,0.2189,0.2199,0.1885,0.9997,0.0003,0.0001
1732,Chầu văn,chau_van/audio_0_031.wav,1,0.2618,0.4565,0.1143,0.1211,0.0463,0.3351,0.3333,0.3315,0.8894,0.0766,0.0259,0.0062,0.002,0.6704,0.284,0.0456,0.64,0.3185,0.0415,0.1313,0.1327,0.1871,0.1906,0.3582,0.8432,0.119,0.0377
1733,Chầu văn,chau_van/audio_0_031.wav,2,0.1797,0.6043,0.0908,0.0943,0.031,0.3354,0.3332,0.3314,0.7739,0.1889,0.0308,0.005,0.0014,0.0137,0.9751,0.0112,0.64,0.3185,0.0415,0.1256,0.1273,0.1944,0.1988,0.3539,0.9617,0.0308,0.0075
1734,Chầu văn,chau_van/audio_2_147.wav,1,0.0686,0.3223,0.3303,0.231,0.0477,0.3331,0.3332,0.3337,0.6511,0.2918,0.0478,0.0074,0.002,0.0446,0.3919,0.5635,0.2741,0.6756,0.0503,0.1335,0.1348,0.1861,0.1893,0.3564,0.9337,0.0525,0.0138
1735,Chầu văn,chau_van/audio_2_147.wav,2,0.0498,0.3152,0.1436,0.4399,0.0516,0.3323,0.3333,0.3344,0.7276,0.23,0.0353,0.0055,0.0015,0.0304,0.1978,0.7718,0.2741,0.6756,0.0503,0.1466,0.1479,0.1935,0.1962,0.3158,0.9955,0.0038,0.0007
1736,Chầu văn,chau_van/audio_5_330.wav,1,0.7196,0.1412,0.1012,0.0275,0.0106,0.3327,0.3337,0.3336,0.0104,0.0134,0.018,0.0488,0.9094,0.6543,0.2939,0.0518,0.0067,0.9844,0.0089,0.1512,0.1523,0.1914,0.1937,0.3113,0.0654,0.4055,0.5291
1737,Chầu văn,chau_van/audio_5_330.wav,2,0.2653,0.4342,0.1186,0.1304,0.0515,0.332,0.3335,0.3345,0.8761,0.0843,0.0299,0.0074,0.0024,0.6806,0.2685,0.0509,0.64,0.3185,0.0415,0.1521,0.1532,0.1925,0.1948,0.3075,0.9698,0.0244,0.0058
1738,Chầu văn,chau_van/audio_5_377.wav,1,0.1454,0.7176,0.0755,0.0469,0.0146,0.3321,0.3336,0.3343,0.9636,0.0271,0.0074,0.0015,0.0004,0.0612,0.8078,0.131,0.0263,0.1483,0.8254,0.1413,0.1427,0.1957,0.1989,0.3215,0.921,0.0622,0.0168
1739,Chầu văn,chau_van/audio_5_377.wav,2,0.1931,0.5664,0.0974,0.107,0.0362,0.3316,0.3335,0.3349,0.0207,0.026,0.0347,0.0985,0.8202,0.6077,0.3398,0.0525,0.0263,0.1483,0.8254,0.1598,0.161,0.2024,0.2047,0.272,0.0692,0.6991,0.2316
1740,Chầu văn,chau_van/audio_1_015.wav,1,0.0676,0.7794,0.0546,0.0781,0.0203,0.335,0.3331,0.3319,0.8539,0.1156,0.0249,0.0044,0.0012,0.0246,0.144,0.8314,0.64,0.3185,0.0415,0.2228,0.2226,0.2061,0.2048,0.1438,0.9694,0.0262,0.0044
1741,Chầu văn,chau_van/audio_1_015.wav,2,0.0738,0.6646,0.1778,0.0667,0.0171,0.3355,0.3329,0.3316,0.0544,0.3691,0.5592,0.0145,0.0028,0.0041,0.0178,0.9781,0.64,0.3185,0.0415,0.2316,0.2312,0.205,0.2032,0.1289,0.0206,0.0857,0.8937
1742,Chầu văn,chau_van/audio_5_188.wav,1,0.0202,0.0872,0.0328,0.8037,0.056,0.3333,0.3331,0.3336,0.7666,0.1526,0.0595,0.0159,0.0053,0.0969,0.2124,0.6908,0.996,0.0032,0.0008,0.198,0.1984,0.2058,0.2059,0.1919,0.8864,0.0879,0.0256
1743,Chầu văn,chau_van/audio_5_188.wav,2,0.0669,0.2174,0.0821,0.4776,0.156,0.3334,0.3332,0.3334,0.8498,0.1046,0.0348,0.0082,0.0026,0.0806,0.1888,0.7306,0.996,0.0032,0.0008,0.1918,0.1923,0.206,0.2065,0.2034,0.4027,0.557,0.0403
1744,Chầu văn,chau_van/audio_7_355.wav,1,0.0275,0.0924,0.0788,0.7057,0.0956,0.3344,0.333,0.3326,0.3414,0.5773,0.0698,0.0092,0.0023,0.0286,0.9301,0.0412,0.0263,0.1483,0.8254,0.168,0.1697,0.22,0.2223,0.2199,0.3453,0.6147,0.04
1745,Chầu văn,chau_van/audio_7_355.wav,2,0.0471,0.3101,0.1282,0.4644,0.0502,0.3341,0.333,0.3328,0.7748,0.1873,0.0315,0.0051,0.0014,0.0466,0.769,0.1844,0.8989,0.0759,0.0252,0.1571,0.1593,0.2335,0.237,0.2132,0.9999,0.0001,0.0
1746,Chầu văn,chau_van/audio_5_583.wav,1,0.38,0.4413,0.1046,0.0549,0.0192,0.3318,0.3336,0.3346,0.1492,0.7095,0.126,0.0124,0.0029,0.0612,0.6525,0.2863,0.0542,0.7019,0.2439,0.2053,0.2055,0.2077,0.2075,0.174,0.5515,0.4114,0.0371
1747,Chầu văn,chau_van/audio_5_583.wav,2,0.5705,0.2637,0.0928,0.0524,0.0206,0.3321,0.3334,0.3345,0.9921,0.0061,0.0015,0.0003,0.0001,0.0409,0.127,0.8321,0.0542,0.7019,0.2439,0.2114,0.2119,0.2139,0.2132,0.1495,0.8405,0.141,0.0185
1748,Chầu văn,chau_van/audio_5_580.wav,1,0.073,0.4134,0.3322,0.148,0.0334,0.3325,0.3335,0.334,0.891,0.0886,0.0167,0.0029,0.0008,0.0473,0.1388,0.8139,0.0542,0.7019,0.2439,0.2144,0.2145,0.207,0.2062,0.1579,0.97,0.0257,0.0043
1749,Chầu văn,chau_van/audio_5_580.wav,2,0.0285,0.8335,0.0437,0.0803,0.014,0.3321,0.3336,0.3343,0.0514,0.0984,0.2726,0.5507,0.0269,0.0398,0.9025,0.0577,0.0542,0.7019,0.2439,0.2027,0.2031,0.2078,0.2077,0.1786,0.236,0.7272,0.0368
1750,Chầu văn,chau_van/audio_3_081.wav,1,0.0389,0.0681,0.0641,0.1514,0.6775,0.3334,0.3333,0.3333,0.001,0.0038,0.9944,0.0007,0.0001,0.0322,0.0954,0.8724,0.0542,0.7019,0.2439,0.2284,0.2281,0.2064,0.2048,0.1323,0.9781,0.0187,0.0032
1751,Chầu văn,chau_van/audio_3_081.wav,2,0.0093,0.0209,0.0157,0.0786,0.8755,0.3335,0.3331,0.3334,0.842,0.1294,0.0236,0.004,0.0011,0.0001,0.0005,0.9994,0.0542,0.7019,0.2439,0.2376,0.2367,0.2013,0.1992,0.1252,0.9103,0.0782,0.0115
1752,Chầu văn,chau_van/audio_3_023.wav,1,0.0227,0.07,0.039,0.6655,0.2028,0.3342,0.3331,0.3327,0.0505,0.133,0.7524,0.0565,0.0076,0.0158,0.9533,0.0309,0.0422,0.1103,0.8475,0.2,0.2009,0.2175,0.2174,0.1642,0.0614,0.7806,0.158
1753,Chầu văn,chau_van/audio_3_023.wav,2,0.0314,0.1042,0.0484,0.662,0.1541,0.3347,0.3329,0.3324,0.421,0.4885,0.077,0.0108,0.0028,0.0157,0.9696,0.0147,0.969,0.0242,0.0069,0.2477,0.2476,0.207,0.2037,0.0939,0.0717,0.9081,0.0202
1754,Chầu văn,chau_van/audio_7_105.wav,1,0.021,0.0391,0.9095,0.0224,0.0082,0.3341,0.333,0.3329,0.9952,0.0036,0.001,0.0002,0.0001,0.0405,0.1145,0.845,0.0372,0.9449,0.0179,0.2188,0.2186,0.205,0.204,0.1536,0.9355,0.0511,0.0134
1755,Chầu văn,chau_van/audio_7_105.wav,2,0.1017,0.4829,0.3217,0.0732,0.0205,0.335,0.3331,0.3319,0.0329,0.0432,0.0597,0.1714,0.6928,0.0202,0.9392,0.0406,0.9336,0.0507,0.0157,0.2143,0.2145,0.2086,0.2077,0.155,0.1101,0.2032,0.6867
1756,Chầu văn,chau_van/audio_7_082.wav,1,0.0421,0.3661,0.0809,0.4672,0.0437,0.3341,0.3331,0.3328,0.1767,0.7647,0.0511,0.006,0.0015,0.0246,0.0762,0.8992,0.2741,0.6756,0.0503,0.2367,0.2359,0.2017,0.1997,0.1261,0.8108,0.168,0.0212
1757,Chầu văn,chau_van/audio_7_082.wav,2,0.0301,0.8211,0.0454,0.0882,0.0152,0.3344,0.333,0.3326,0.0276,0.0365,0.0522,0.2144,0.6693,0.0376,0.1078,0.8546,0.2741,0.6756,0.0503,0.237,0.2361,0.2005,0.1984,0.128,0.0214,0.0894,0.8892
1758,Chầu văn,chau_van/audio_7_391.wav,1,0.0528,0.2308,0.1927,0.4559,0.0678,0.3343,0.3331,0.3327,0.3995,0.5042,0.082,0.0114,0.0029,0.0448,0.8762,0.079,0.8989,0.0759,0.0252,0.1829,0.1842,0.2173,0.2184,0.1973,0.9228,0.0672,0.0101
1759,Chầu văn,chau_van/audio_7_391.wav,2,0.0503,0.209,0.1819,0.4869,0.072,0.3341,0.3331,0.3328,0.9438,0.0448,0.0093,0.0017,0.0005,0.0556,0.6997,0.2447,0.9336,0.0507,0.0157,0.1987,0.1997,0.2177,0.2178,0.1661,0.9923,0.0065,0.0012
1760,Chầu văn,chau_van/audio_7_276.wav,1,0.0759,0.5089,0.2845,0.1053,0.0254,0.3349,0.3329,0.3322,0.7379,0.2072,0.0451,0.0077,0.0021,0.0084,0.04,0.9516,0.0263,0.1483,0.8254,0.2182,0.2186,0.213,0.2118,0.1384,0.8279,0.1524,0.0197
1761,Chầu văn,chau_van/audio_7_276.wav,2,0.0759,0.3975,0.3729,0.1238,0.03,0.3351,0.3329,0.332,0.0143,0.0179,0.0239,0.0676,0.8763,0.0089,0.0316,0.9595,0.0263,0.1483,0.8254,0.2209,0.2209,0.2086,0.2073,0.1423,0.0714,0.5112,0.4173
1762,Chầu văn,chau_van/audio_3_002.wav,1,0.0666,0.2679,0.0811,0.4752,0.1091,0.3336,0.3331,0.3333,0.8682,0.1036,0.0228,0.0042,0.0012,0.0057,0.0236,0.9706,0.9905,0.0078,0.0017,0.1877,0.1888,0.2144,0.2152,0.1938,0.5762,0.3877,0.0362
1763,Chầu văn,chau_van/audio_3_002.wav,2,0.0335,0.7889,0.0514,0.1082,0.018,0.3331,0.333,0.3338,0.4092,0.5258,0.0554,0.0076,0.002,0.0135,0.0457,0.9408,0.9905,0.0078,0.0017,0.2165,0.2166,0.2073,0.2064,0.1533,0.148,0.8216,0.0304
1764,Chầu văn,chau_van/audio_5_211.wav,1,0.0056,0.0264,0.0121,0.9422,0.0137,0.3334,0.3332,0.3334,0.9767,0.0183,0.0041,0.0008,0.0002,0.0358,0.104,0.8602,0.0263,0.1483,0.8254,0.2163,0.2163,0.2071,0.2062,0.1541,0.9998,0.0002,0.0
1765,Chầu văn,chau_van/audio_5_211.wav,2,0.0447,0.6571,0.0665,0.2016,0.03,0.3328,0.3333,0.3339,0.9598,0.0303,0.0079,0.0016,0.0005,0.0362,0.1048,0.859,0.0263,0.1483,0.8254,0.2158,0.2159,0.2081,0.2072,0.153,0.9193,0.0702,0.0104
1766,Chầu văn,chau_van/audio_5_224.wav,1,0.0218,0.0751,0.0358,0.7547,0.1126,0.3331,0.3332,0.3337,0.9564,0.0345,0.0074,0.0013,0.0004,0.0388,0.1104,0.8509,0.996,0.0032,0.0008,0.195,0.1958,0.2119,0.2122,0.1852,0.951,0.0423,0.0067
1767,Chầu văn,chau_van/audio_5_224.wav,2,0.0373,0.1085,0.1108,0.5811,0.1622,0.3329,0.3332,0.3338,0.44,0.474,0.0731,0.0103,0.0027,0.0339,0.0995,0.8665,0.0542,0.7019,0.2439,0.189,0.1898,0.2095,0.2102,0.2015,0.8995,0.0878,0.0126
1768,Chầu văn,chau_van/audio_3_044.wav,1,0.0269,0.0569,0.061,0.1924,0.6628,0.3302,0.3337,0.336,0.9238,0.0594,0.0135,0.0025,0.0007,0.03,0.1948,0.7752,0.0067,0.9844,0.0089,0.2402,0.2387,0.1965,0.1944,0.1302,0.1991,0.7663,0.0346
1769,Chầu văn,chau_van/audio_3_044.wav,2,0.0702,0.1649,0.3375,0.3028,0.1245,0.3319,0.3336,0.3345,0.1837,0.7244,0.0807,0.0091,0.0022,0.0553,0.5127,0.4319,0.996,0.0032,0.0008,0.2334,0.2324,0.1988,0.197,0.1384,0.1611,0.8072,0.0316
1770,Chầu văn,chau_van/audio_5_055.wav,1,0.1135,0.7663,0.066,0.0416,0.0126,0.3321,0.3335,0.3344,0.8364,0.1231,0.0326,0.0062,0.0018,0.9948,0.0041,0.0011,0.2741,0.6756,0.0503,0.1452,0.1463,0.1877,0.1903,0.3304,0.8872,0.0873,0.0254
1771,Chầu văn,chau_van/audio_5_055.wav,2,0.283,0.5389,0.0974,0.0603,0.0205,0.3322,0.3335,0.3343,0.7966,0.1456,0.0455,0.0095,0.0027,0.9776,0.0173,0.0051,0.2741,0.6756,0.0503,0.1546,0.1556,0.1928,0.195,0.3019,0.9452,0.0437,0.0112
1772,Chầu văn,chau_van/audio_5_306.wav,1,0.0029,0.0117,0.0065,0.9693,0.0095,0.3334,0.3332,0.3334,0.8576,0.1009,0.0319,0.0073,0.0023,0.0339,0.1011,0.865,0.0263,0.1483,0.8254,0.2372,0.2368,0.2061,0.2038,0.1162,0.8092,0.1695,0.0213
1773,Chầu văn,chau_van/audio_5_306.wav,2,0.0368,0.1168,0.0549,0.6061,0.1855,0.3341,0.333,0.3329,0.9346,0.0473,0.0141,0.0031,0.001,0.0354,0.1035,0.8612,0.0067,0.9844,0.0089,0.1854,0.1861,0.2057,0.2065,0.2164,0.9943,0.0047,0.001
1774,Chầu văn,chau_van/audio_5_357.wav,1,0.3911,0.3505,0.1905,0.0503,0.0176,0.3321,0.3335,0.3344,0.8885,0.0776,0.0259,0.0062,0.002,0.1237,0.7991,0.0772,0.0542,0.7019,0.2439,0.2016,0.202,0.2079,0.2078,0.1808,0.9095,0.0789,0.0115
1775,Chầu văn,chau_van/audio_5_357.wav,2,0.0488,0.5801,0.1096,0.2287,0.0328,0.3326,0.3335,0.3339,0.0274,0.043,0.0817,0.8198,0.0281,0.053,0.7414,0.2056,0.0372,0.9449,0.0179,0.1376,0.1389,0.1888,0.1919,0.3429,0.9333,0.0528,0.0139
1776,Chầu văn,chau_van/audio_5_210.wav,1,0.0094,0.0392,0.0165,0.9043,0.0306,0.333,0.3333,0.3337,0.0905,0.226,0.6095,0.0639,0.0101,0.0172,0.063,0.9198,0.64,0.3185,0.0415,0.2103,0.2103,0.2056,0.2051,0.1688,0.9586,0.0332,0.0082
1777,Chầu văn,chau_van/audio_5_210.wav,2,0.0382,0.1354,0.0555,0.6397,0.1312,0.3332,0.3333,0.3336,0.9304,0.0502,0.015,0.0033,0.001,0.0405,0.1141,0.8454,0.64,0.3185,0.0415,0.2259,0.2257,0.2064,0.205,0.137,0.7941,0.1528,0.0531
1778,Chầu văn,chau_van/audio_7_302.wav,1,0.0166,0.0718,0.0429,0.8291,0.0395,0.3344,0.333,0.3325,0.0076,0.0098,0.0133,0.038,0.9312,0.0483,0.4594,0.4923,0.0263,0.1483,0.8254,0.1726,0.1739,0.2133,0.215,0.2252,0.0002,0.0008,0.999
1779,Chầu văn,chau_van/audio_7_302.wav,2,0.03,0.1744,0.0732,0.6781,0.0444,0.3343,0.3331,0.3326,0.2924,0.5965,0.0958,0.0122,0.003,0.0292,0.192,0.7788,0.0263,0.1483,0.8254,0.1693,0.1705,0.2072,0.2089,0.2441,0.9914,0.007,0.0015
1780,Chầu văn,chau_van/audio_7_413.wav,1,0.0769,0.3173,0.4817,0.098,0.0261,0.3346,0.333,0.3323,0.4458,0.4899,0.0548,0.0076,0.002,0.0186,0.0604,0.921,0.0263,0.1483,0.8254,0.225,0.225,0.2087,0.2072,0.134,0.0052,0.9922,0.0026
1781,Chầu văn,chau_van/audio_7_413.wav,2,0.036,0.2401,0.0836,0.5948,0.0455,0.3341,0.3334,0.3326,0.3449,0.5905,0.0554,0.0073,0.0019,0.0067,0.0316,0.9617,0.0263,0.1483,0.8254,0.2431,0.242,0.1998,0.1975,0.1176,0.001,0.9984,0.0006
1782,Chầu văn,chau_van/audio_2_062.wav,1,0.2253,0.5549,0.0976,0.0908,0.0312,0.333,0.3334,0.3336,0.0995,0.1857,0.4429,0.2447,0.0273,0.9782,0.0171,0.0047,0.0263,0.1483,0.8254,0.1558,0.1569,0.1942,0.1963,0.2968,0.0212,0.9536,0.0252
1783,Chầu văn,chau_van/audio_2_062.wav,2,0.1535,0.6129,0.0893,0.1094,0.0349,0.3322,0.3333,0.3345,0.9323,0.0542,0.011,0.0019,0.0005,0.0602,0.6153,0.3245,0.0263,0.1483,0.8254,0.1693,0.1705,0.2057,0.2075,0.247,0.6994,0.271,0.0296
1784,Chầu văn,chau_van/audio_7_216.wav,1,0.0049,0.0172,0.0097,0.9409,0.0273,0.3344,0.3331,0.3326,0.0578,0.1594,0.7285,0.0473,0.007,0.0542,0.4826,0.4633,0.0263,0.1483,0.8254,0.1662,0.1681,0.2244,0.2269,0.2144,0.0192,0.0791,0.9017
1785,Chầu văn,chau_van/audio_7_216.wav,2,0.0156,0.0518,0.0277,0.7979,0.107,0.3345,0.333,0.3325,0.0568,0.9147,0.0252,0.0026,0.0006,0.0359,0.247,0.7171,0.0021,0.0073,0.9906,0.1847,0.1858,0.2141,0.215,0.2005,0.2324,0.731,0.0366
1786,Chầu văn,chau_van/audio_0_092.wav,1,0.1122,0.711,0.1178,0.0455,0.0134,0.3318,0.3336,0.3346,0.8402,0.1291,0.0252,0.0043,0.0012,0.0444,0.9024,0.0532,0.0067,0.9844,0.0089,0.2492,0.2483,0.2017,0.1988,0.102,0.9952,0.0039,0.0008
1787,Chầu văn,chau_van/audio_0_092.wav,2,0.7914,0.1089,0.0699,0.0215,0.0084,0.332,0.3335,0.3345,0.912,0.0627,0.0196,0.0044,0.0014,0.0538,0.9136,0.0326,0.2741,0.6756,0.0503,0.2869,0.2828,0.1786,0.1744,0.0773,0.9973,0.0022,0.0004
1788,Chầu văn,chau_van/audio_3_030.wav,1,0.0843,0.2289,0.0954,0.4015,0.19,0.3328,0.3333,0.334,0.7418,0.1615,0.0696,0.0202,0.0069,0.0595,0.6964,0.2441,0.0263,0.1483,0.8254,0.1522,0.1534,0.1955,0.1979,0.3011,0.9775,0.0183,0.0042
1789,Chầu văn,chau_van/audio_3_030.wav,2,0.089,0.2154,0.0997,0.3715,0.2244,0.3332,0.3332,0.3336,0.7425,0.1613,0.0692,0.0201,0.0069,0.0367,0.8598,0.1035,0.0263,0.1483,0.8254,0.136,0.1373,0.1879,0.191,0.3478,0.9667,0.0268,0.0065
1790,Chầu văn,chau_van/audio_5_608.wav,1,0.0145,0.0582,0.0245,0.8528,0.0501,0.3325,0.3334,0.3342,0.6338,0.307,0.0492,0.0078,0.0022,0.016,0.0597,0.9243,0.969,0.0242,0.0069,0.2459,0.2446,0.1994,0.1969,0.1132,0.9349,0.0516,0.0135
1791,Chầu văn,chau_van/audio_5_608.wav,2,0.0627,0.2627,0.0781,0.4931,0.1035,0.3327,0.3334,0.3339,0.0512,0.9066,0.0378,0.0036,0.0009,0.0182,0.062,0.9198,0.0067,0.9844,0.0089,0.2255,0.2248,0.2017,0.2004,0.1476,0.2108,0.7538,0.0354
1792,Chầu văn,chau_van/audio_1_068.wav,1,0.0135,0.0519,0.0344,0.8578,0.0423,0.3348,0.333,0.3322,0.0062,0.008,0.011,0.0348,0.9399,0.053,0.6469,0.3001,0.0263,0.1483,0.8254,0.1621,0.1638,0.218,0.2206,0.2355,0.0132,0.0519,0.9349
1793,Chầu văn,chau_van/audio_1_068.wav,2,0.0184,0.0753,0.0489,0.8107,0.0468,0.3343,0.333,0.3327,0.0032,0.0041,0.0056,0.0174,0.9697,0.0484,0.4387,0.5129,0.0263,0.1483,0.8254,0.1875,0.1889,0.2202,0.221,0.1825,0.0631,0.7671,0.1699
1794,Chầu văn,chau_van/audio_5_420.wav,1,0.0372,0.7728,0.0754,0.0971,0.0174,0.3339,0.3336,0.3324,0.1611,0.398,0.3883,0.0438,0.0088,0.1037,0.8503,0.046,0.0067,0.9844,0.0089,0.1398,0.1411,0.1872,0.1901,0.3418,0.9924,0.0065,0.0012
1795,Chầu văn,chau_van/audio_5_420.wav,2,0.0749,0.7455,0.061,0.0942,0.0245,0.334,0.3337,0.3323,0.9911,0.0067,0.0018,0.0004,0.0001,0.0222,0.9624,0.0154,0.0067,0.9844,0.0089,0.1275,0.1289,0.1818,0.1852,0.3766,0.8648,0.119,0.0162
1796,Chầu văn,chau_van/audio_7_039.wav,1,0.0367,0.0966,0.0996,0.5013,0.2659,0.3342,0.3331,0.3328,0.9196,0.0567,0.0183,0.0042,0.0013,0.0706,0.7541,0.1753,0.0422,0.1103,0.8475,0.1266,0.1279,0.1818,0.1853,0.3785,0.8565,0.1096,0.0339
1797,Chầu văn,chau_van/audio_7_039.wav,2,0.0517,0.1365,0.1767,0.4588,0.1762,0.3342,0.333,0.3327,0.9294,0.0546,0.0128,0.0025,0.0007,0.0579,0.6125,0.3297,0.8965,0.0877,0.0157,0.2498,0.249,0.2025,0.1994,0.0993,0.9856,0.0123,0.0022
1798,Chầu văn,chau_van/audio_0_118.wav,1,0.1313,0.7386,0.0718,0.0446,0.0137,0.3315,0.3335,0.335,0.9203,0.0558,0.0183,0.0043,0.0013,0.2941,0.6382,0.0677,0.0542,0.7019,0.2439,0.1769,0.1787,0.2267,0.2284,0.1893,0.9939,0.0052,0.0009
1799,Chầu văn,chau_van/audio_0_118.wav,2,0.0861,0.656,0.0749,0.146,0.037,0.3319,0.3334,0.3346,0.9615,0.0277,0.0084,0.0019,0.0006,0.0509,0.7915,0.1577,0.996,0.0032,0.0008,0.1884,0.1903,0.2329,0.2337,0.1547,0.9514,0.0389,0.0098
1800,Cải lương,cailuong/audio_0_064.wav,1,0.2931,0.1502,0.4942,0.0445,0.018,0.3298,0.3337,0.3365,0.2542,0.681,0.056,0.007,0.0018,0.8342,0.1198,0.046,0.0372,0.9449,0.0179,0.1683,0.1693,0.2002,0.2019,0.2603,0.3397,0.6204,0.04
1801,Cải lương,cailuong/audio_0_064.wav,2,0.5198,0.1206,0.2889,0.0476,0.023,0.3317,0.3336,0.3347,0.9531,0.035,0.0094,0.0019,0.0006,0.8189,0.1387,0.0425,0.0542,0.7019,0.2439,0.1604,0.1614,0.1975,0.1995,0.2812,0.9742,0.0221,0.0037
1802,Cải lương,cailuong/audio_11_065.wav,1,0.3889,0.4198,0.1243,0.0498,0.0172,0.3306,0.3334,0.336,0.0674,0.1489,0.5924,0.1743,0.017,0.0074,0.0269,0.9657,0.0372,0.9449,0.0179,0.1436,0.1448,0.1894,0.1921,0.3301,0.0703,0.6814,0.2483
1803,Cải lương,cailuong/audio_11_065.wav,2,0.2684,0.5501,0.0956,0.0641,0.0218,0.3338,0.3335,0.3327,0.0974,0.8339,0.0608,0.0064,0.0016,0.0186,0.1124,0.869,0.9905,0.0078,0.0017,0.1461,0.1472,0.1898,0.1924,0.3245,0.0313,0.9574,0.0114
1804,Cải lương,cailuong/audio_6_065.wav,1,0.611,0.211,0.1282,0.0364,0.0136,0.3343,0.3331,0.3326,0.0692,0.6717,0.2446,0.012,0.0025,0.0006,0.0024,0.9971,0.0422,0.1103,0.8475,0.2379,0.2376,0.2071,0.2047,0.1127,0.9998,0.0002,0.0
1805,Cải lương,cailuong/audio_6_065.wav,2,0.7328,0.1529,0.0684,0.0327,0.0132,0.3336,0.333,0.3333,0.6971,0.2569,0.0385,0.0059,0.0016,0.0259,0.1627,0.8114,0.9905,0.0078,0.0017,0.2661,0.2655,0.1988,0.1943,0.0753,0.9872,0.0109,0.0019
1806,Cải lương,cailuong/audio_4_097.wav,1,0.1454,0.1124,0.6308,0.0718,0.0396,0.3331,0.3331,0.3338,0.8434,0.1201,0.0295,0.0055,0.0015,0.2811,0.6343,0.0846,0.8157,0.1334,0.0509,0.1435,0.1446,0.1863,0.1889,0.3368,0.988,0.0102,0.0018
1807,Cải lương,cailuong/audio_4_097.wav,2,0.0826,0.143,0.5052,0.1754,0.0938,0.3337,0.3333,0.333,0.2323,0.593,0.1525,0.018,0.0042,0.9862,0.0109,0.0029,0.0372,0.9449,0.0179,0.1663,0.1675,0.2048,0.2067,0.2547,0.4652,0.4952,0.0395
1808,Cải lương,cailuong/audio_8_215.wav,1,0.6105,0.2293,0.1095,0.037,0.0137,0.3328,0.3331,0.3341,0.8273,0.1425,0.0249,0.0041,0.0011,0.0204,0.1173,0.8623,0.0542,0.7019,0.2439,0.1473,0.1484,0.1882,0.1907,0.3253,0.9268,0.0636,0.0096
1809,Cải lương,cailuong/audio_8_215.wav,2,0.7248,0.1335,0.0802,0.042,0.0195,0.3331,0.3331,0.3338,0.4246,0.4444,0.1101,0.0167,0.0042,0.0531,0.4702,0.4767,0.0021,0.0073,0.9906,0.1416,0.1428,0.1855,0.1881,0.342,0.9947,0.0045,0.0008
1810,Cải lương,cailuong/audio_24_017.wav,1,0.0996,0.5057,0.3014,0.073,0.0203,0.3324,0.3336,0.334,0.1195,0.6513,0.2094,0.0162,0.0035,0.0111,0.0475,0.9414,0.9905,0.0078,0.0017,0.1222,0.1237,0.1862,0.1903,0.3777,0.416,0.5439,0.0402
1811,Cải lương,cailuong/audio_24_017.wav,2,0.2868,0.1914,0.4559,0.0478,0.0181,0.3325,0.333,0.3345,0.0779,0.3957,0.5017,0.0207,0.004,0.0517,0.5285,0.4198,0.9336,0.0507,0.0157,0.1539,0.1554,0.2074,0.2102,0.2732,0.008,0.9848,0.0072
1812,Cải lương,cailuong/audio_4_303.wav,1,0.0491,0.7873,0.0499,0.0931,0.0205,0.3324,0.3336,0.3341,0.9162,0.0676,0.0132,0.0023,0.0006,0.9615,0.0313,0.0072,0.9905,0.0078,0.0017,0.2025,0.2036,0.2216,0.2214,0.151,0.2471,0.7156,0.0373
1813,Cải lương,cailuong/audio_4_303.wav,2,0.3746,0.3825,0.1136,0.0925,0.0368,0.3333,0.3334,0.3334,0.1202,0.6034,0.2536,0.0187,0.004,0.9535,0.0379,0.0085,0.9905,0.0078,0.0017,0.1934,0.1949,0.2249,0.2253,0.1616,0.9994,0.0005,0.0001
1814,Cải lương,cailuong/audio_21_010.wav,1,0.0159,0.0294,0.9344,0.0149,0.0053,0.3319,0.3336,0.3345,0.1345,0.355,0.4563,0.0455,0.0087,0.0481,0.8488,0.1031,0.0422,0.1103,0.8475,0.1447,0.1459,0.1892,0.1919,0.3283,0.8583,0.1248,0.0168
1815,Cải lương,cailuong/audio_21_010.wav,2,0.5862,0.1308,0.2318,0.0362,0.015,0.3336,0.3333,0.333,0.0241,0.921,0.0512,0.0031,0.0007,0.3124,0.5995,0.0881,0.0542,0.7019,0.2439,0.1474,0.1488,0.1986,0.2015,0.3038,0.0085,0.9876,0.004
1816,Cải lương,cailuong/audio_17_162.wav,1,0.0635,0.1131,0.1598,0.2486,0.415,0.3338,0.3336,0.3326,0.1436,0.4813,0.332,0.0348,0.0082,0.0852,0.2049,0.7099,0.0263,0.1483,0.8254,0.191,0.1914,0.2023,0.2028,0.2125,0.0672,0.1422,0.7906
1817,Cải lương,cailuong/audio_17_162.wav,2,0.0177,0.0256,0.9345,0.0157,0.0065,0.3355,0.3332,0.3313,0.0212,0.9577,0.0191,0.0016,0.0004,0.0237,0.0748,0.9015,0.0021,0.0073,0.9906,0.2137,0.2137,0.2063,0.2056,0.1607,0.1417,0.8285,0.0298
1818,Cải lương,cailuong/audio_8_062.wav,1,0.9999,0.0001,0.0,0.0,0.0,0.3324,0.3334,0.3342,0.4883,0.4497,0.0526,0.0074,0.002,0.2825,0.6558,0.0617,0.2741,0.6756,0.0503,0.196,0.1969,0.2159,0.2161,0.1751,0.1246,0.8475,0.0279
1819,Cải lương,cailuong/audio_8_062.wav,2,0.0094,0.0161,0.9632,0.0082,0.003,0.3318,0.3336,0.3346,0.7087,0.1789,0.0799,0.0241,0.0084,0.0352,0.9176,0.0472,0.0021,0.0073,0.9906,0.1623,0.1632,0.1963,0.1982,0.28,0.826,0.131,0.0429
1820,Cải lương,cailuong/audio_23_224.wav,1,0.0215,0.101,0.0561,0.7785,0.0429,0.3329,0.3335,0.3336,0.02,0.0798,0.8885,0.0101,0.0017,0.1951,0.7384,0.0665,0.0067,0.9844,0.0089,0.1846,0.1852,0.2029,0.2037,0.2236,0.0537,0.8312,0.1152
1821,Cải lương,cailuong/audio_23_224.wav,2,0.0234,0.0468,0.8968,0.0245,0.0085,0.3325,0.3336,0.3339,0.0632,0.1371,0.5334,0.246,0.0202,0.0154,0.0783,0.9062,0.0372,0.9449,0.0179,0.1883,0.1888,0.2044,0.2051,0.2134,0.0685,0.4504,0.4811
1822,Cải lương,cailuong/audio_8_131.wav,1,0.0496,0.8794,0.0387,0.0253,0.0071,0.3327,0.3334,0.334,0.0818,0.8813,0.0325,0.0035,0.0009,0.9442,0.0457,0.0101,0.0422,0.1103,0.8475,0.2224,0.2223,0.2066,0.2053,0.1433,0.2751,0.6865,0.0384
1823,Cải lương,cailuong/audio_8_131.wav,2,0.0531,0.8492,0.0404,0.0452,0.0121,0.3329,0.3334,0.3337,0.0389,0.8738,0.0811,0.0051,0.0011,0.9882,0.0093,0.0025,0.996,0.0032,0.0008,0.2183,0.2183,0.2078,0.2067,0.1488,0.0675,0.7225,0.21
1824,Cải lương,cailuong/audio_19_223.wav,1,0.9614,0.0163,0.0161,0.0043,0.0019,0.3323,0.3334,0.3344,0.2923,0.569,0.1195,0.0154,0.0038,0.946,0.0417,0.0122,0.0542,0.7019,0.2439,0.1335,0.1347,0.1805,0.1835,0.3678,0.0219,0.9695,0.0087
1825,Cải lương,cailuong/audio_19_223.wav,2,0.8881,0.0535,0.0362,0.0154,0.0069,0.333,0.3332,0.3338,0.8806,0.0864,0.0259,0.0055,0.0016,0.92,0.0602,0.0198,0.0067,0.9844,0.0089,0.1494,0.1505,0.1908,0.1932,0.316,0.9127,0.0684,0.0189
1826,Cải lương,cailuong/audio_15_132.wav,1,0.0496,0.1227,0.1544,0.4352,0.2381,0.3318,0.3337,0.3345,0.0584,0.5526,0.3732,0.0131,0.0027,0.0047,0.023,0.9724,0.0021,0.0073,0.9906,0.1762,0.1777,0.2181,0.2197,0.2084,0.015,0.9787,0.0064
1827,Cải lương,cailuong/audio_15_132.wav,2,0.0556,0.3715,0.0748,0.4366,0.0615,0.3317,0.3336,0.3347,0.0359,0.0988,0.8091,0.0497,0.0065,0.0094,0.0342,0.9564,0.9336,0.0507,0.0157,0.1911,0.1919,0.2112,0.2118,0.194,0.0666,0.7327,0.2007
1828,Cải lương,cailuong/audio_6_156.wav,1,0.4493,0.3644,0.1013,0.0618,0.0231,0.3345,0.3329,0.3326,0.0537,0.7807,0.1558,0.0081,0.0017,0.0495,0.5393,0.4112,0.0542,0.7019,0.2439,0.1138,0.1158,0.2048,0.211,0.3544,0.9388,0.0485,0.0126
1829,Cải lương,cailuong/audio_6_156.wav,2,0.0003,0.9988,0.0004,0.0004,0.0001,0.335,0.3329,0.3321,0.043,0.1342,0.7895,0.0288,0.0045,0.0074,0.0383,0.9543,0.0542,0.7019,0.2439,0.1937,0.1951,0.2228,0.2231,0.1653,0.4383,0.5218,0.04
1830,Cải lương,cailuong/audio_8_108.wav,1,0.1748,0.1008,0.6555,0.0467,0.0222,0.3338,0.3331,0.3331,0.0699,0.8886,0.0368,0.0037,0.0009,0.0565,0.8524,0.091,0.64,0.3185,0.0415,0.128,0.1293,0.1812,0.1846,0.3769,0.0225,0.9687,0.0088
1831,Cải lương,cailuong/audio_8_108.wav,2,0.4604,0.2453,0.2313,0.0461,0.017,0.3339,0.333,0.333,0.1283,0.702,0.1533,0.0134,0.003,0.0047,0.9911,0.0043,0.0542,0.7019,0.2439,0.1422,0.1445,0.233,0.2379,0.2424,0.0016,0.9975,0.0009
1832,Cải lương,cailuong/audio_8_017.wav,1,0.9004,0.0416,0.0377,0.0138,0.0065,0.333,0.3333,0.3336,0.1682,0.5878,0.2181,0.0212,0.0047,0.2402,0.6919,0.0679,0.2741,0.6756,0.0503,0.1296,0.1308,0.1789,0.182,0.3787,0.3966,0.5631,0.0403
1833,Cải lương,cailuong/audio_8_017.wav,2,0.986,0.0062,0.0055,0.0016,0.0007,0.3321,0.3334,0.3345,0.0586,0.1598,0.7253,0.0491,0.0072,0.058,0.9023,0.0397,0.64,0.3185,0.0415,0.1152,0.1165,0.1697,0.1733,0.4254,0.0246,0.9445,0.0309
1834,Cải lương,cailuong/audio_4_262.wav,1,0.0257,0.8856,0.0296,0.0489,0.0102,0.3313,0.3336,0.3351,0.0145,0.9744,0.0099,0.0009,0.0002,0.2707,0.6671,0.0622,0.0542,0.7019,0.2439,0.1864,0.1876,0.2169,0.2178,0.1913,0.0712,0.6616,0.2672
1835,Cải lương,cailuong/audio_4_262.wav,2,0.0366,0.8341,0.0719,0.0468,0.0107,0.3322,0.3334,0.3344,0.17,0.722,0.0953,0.0103,0.0024,0.9886,0.0091,0.0022,0.996,0.0032,0.0008,0.1577,0.159,0.2018,0.2041,0.2774,0.4151,0.5447,0.0402
1836,Cải lương,cailuong/audio_1_029.wav,1,0.0117,0.0239,0.0235,0.075,0.8659,0.3317,0.3336,0.3346,0.0037,0.0157,0.9784,0.0019,0.0003,0.0299,0.9106,0.0595,0.0067,0.9844,0.0089,0.2358,0.2348,0.1994,0.1975,0.1325,0.0727,0.6023,0.325
1837,Cải lương,cailuong/audio_1_029.wav,2,0.0133,0.0277,0.0219,0.0849,0.8521,0.3315,0.3337,0.3348,0.1226,0.7149,0.147,0.0127,0.0028,0.571,0.3657,0.0633,0.0067,0.9844,0.0089,0.1853,0.1863,0.2106,0.2115,0.2063,0.0115,0.9833,0.0051
1838,Cải lương,cailuong/audio_18_151.wav,1,0.0287,0.8745,0.0522,0.0364,0.0083,0.3318,0.3336,0.3346,0.2715,0.6652,0.0544,0.007,0.0018,0.5112,0.4323,0.0565,0.969,0.0242,0.0069,0.2643,0.2618,0.1899,0.1866,0.0974,0.0054,0.99,0.0046
1839,Cải lương,cailuong/audio_18_151.wav,2,0.8958,0.0484,0.0402,0.0111,0.0045,0.3308,0.3333,0.3358,0.0314,0.9495,0.017,0.0017,0.0004,0.6119,0.3383,0.0498,0.0263,0.1483,0.8254,0.272,0.2699,0.1908,0.1867,0.0805,0.0296,0.9298,0.0406
1840,Cải lương,cailuong/audio_14_139.wav,1,0.0554,0.4119,0.1597,0.3275,0.0454,0.3324,0.3333,0.3343,0.9347,0.0461,0.0148,0.0034,0.001,0.9658,0.0262,0.008,0.2741,0.6756,0.0503,0.1801,0.181,0.2074,0.2086,0.2228,0.8964,0.0806,0.023
1841,Cải lương,cailuong/audio_14_139.wav,2,0.0611,0.187,0.6125,0.1086,0.0309,0.3315,0.3335,0.335,0.8222,0.145,0.027,0.0045,0.0012,0.9712,0.0232,0.0056,0.2741,0.6756,0.0503,0.17,0.1714,0.2115,0.2133,0.2338,0.9608,0.0337,0.0055
1842,Cải lương,cailuong/audio_9_159.wav,1,0.0825,0.0654,0.8157,0.0256,0.0107,0.3303,0.3339,0.3357,0.0874,0.2581,0.6059,0.0415,0.0072,0.6182,0.3307,0.0512,0.0542,0.7019,0.2439,0.2029,0.2036,0.213,0.2128,0.1677,0.2642,0.6977,0.038
1843,Cải lương,cailuong/audio_9_159.wav,2,0.1816,0.1064,0.6566,0.0389,0.0166,0.3329,0.3333,0.3338,0.2257,0.6372,0.1198,0.014,0.0033,0.878,0.0991,0.0229,0.2741,0.6756,0.0503,0.169,0.1703,0.2091,0.2109,0.2408,0.9618,0.0328,0.0053
1844,Cải lương,cailuong/audio_20_184.wav,1,0.0321,0.0502,0.8684,0.0348,0.0146,0.3341,0.3332,0.3327,0.023,0.9343,0.0395,0.0026,0.0006,0.6271,0.3242,0.0487,0.0067,0.9844,0.0089,0.1442,0.1457,0.1987,0.2018,0.3095,0.0299,0.9287,0.0414
1845,Cải lương,cailuong/audio_20_184.wav,2,0.2514,0.3523,0.3198,0.0572,0.0194,0.3304,0.3336,0.336,0.8902,0.0874,0.0183,0.0032,0.0009,0.8438,0.1121,0.0441,0.0542,0.7019,0.2439,0.139,0.1402,0.1844,0.1872,0.3493,0.7038,0.2669,0.0293
1846,Cải lương,cailuong/audio_6_200.wav,1,0.1063,0.1608,0.6759,0.0423,0.0147,0.331,0.3333,0.3357,0.0563,0.1428,0.7224,0.0695,0.009,0.0079,0.9805,0.0116,0.0542,0.7019,0.2439,0.1101,0.1113,0.1636,0.1672,0.4477,0.008,0.0222,0.9698
1847,Cải lương,cailuong/audio_6_200.wav,2,0.4487,0.3703,0.1162,0.048,0.0169,0.3317,0.3335,0.3348,0.2314,0.5481,0.192,0.0231,0.0053,0.0181,0.967,0.0148,0.0067,0.9844,0.0089,0.1288,0.1301,0.1794,0.1825,0.3792,0.5945,0.3701,0.0354
1848,Cải lương,cailuong/audio_10_016.wav,1,0.0235,0.0359,0.9224,0.0133,0.0048,0.3311,0.3333,0.3356,0.0746,0.2054,0.6635,0.0488,0.0078,0.9412,0.0479,0.0109,0.8965,0.0877,0.0157,0.1672,0.1684,0.2065,0.2084,0.2496,0.0146,0.9701,0.0153
1849,Cải lương,cailuong/audio_10_016.wav,2,0.0512,0.0903,0.7522,0.0749,0.0313,0.3332,0.3331,0.3336,0.3821,0.5455,0.0619,0.0083,0.0021,0.9816,0.0146,0.0038,0.0263,0.1483,0.8254,0.1909,0.1915,0.2059,0.2065,0.2052,0.0603,0.9217,0.018
1850,Cải lương,cailuong/audio_15_079.wav,1,0.8639,0.0729,0.0416,0.0154,0.0062,0.3325,0.3333,0.3342,0.6315,0.287,0.0672,0.0113,0.003,0.0553,0.4732,0.4714,0.9336,0.0507,0.0157,0.1379,0.1391,0.1837,0.1865,0.3527,0.9085,0.0799,0.0117
1851,Cải lương,cailuong/audio_15_079.wav,2,0.0722,0.415,0.3224,0.1559,0.0345,0.3319,0.3337,0.3345,0.0561,0.6204,0.3096,0.0116,0.0024,0.0359,0.2518,0.7123,0.0372,0.9449,0.0179,0.1666,0.1678,0.2061,0.208,0.2516,0.0548,0.2988,0.6464
1852,Cải lương,cailuong/audio_4_020.wav,1,0.0114,0.0368,0.0231,0.8375,0.0912,0.332,0.3335,0.3345,0.7738,0.1445,0.0595,0.0166,0.0056,0.8472,0.1097,0.0431,0.0067,0.9844,0.0089,0.1724,0.1732,0.199,0.2004,0.2548,0.9987,0.0011,0.0002
1853,Cải lương,cailuong/audio_4_020.wav,2,0.0171,0.0524,0.0385,0.7453,0.1466,0.3326,0.3333,0.334,0.2624,0.4406,0.2497,0.0385,0.0088,0.0465,0.8467,0.1067,0.64,0.3185,0.0415,0.1444,0.1456,0.1911,0.1938,0.3251,0.9944,0.0046,0.001
1854,Cải lương,cailuong/audio_6_147.wav,1,0.0734,0.3011,0.4842,0.1122,0.0291,0.3338,0.3337,0.3325,0.0537,0.4496,0.481,0.0131,0.0026,0.0325,0.2285,0.739,0.996,0.0032,0.0008,0.1762,0.1774,0.2116,0.2131,0.2218,0.0012,0.9981,0.0007
1855,Cải lương,cailuong/audio_6_147.wav,2,0.6283,0.1067,0.2027,0.0418,0.0205,0.333,0.3333,0.3337,0.0357,0.0641,0.152,0.7221,0.026,0.0842,0.1938,0.722,0.0542,0.7019,0.2439,0.1545,0.1556,0.1935,0.1957,0.3007,0.0289,0.1278,0.8433
1856,Cải lương,cailuong/audio_13_037.wav,1,0.2836,0.542,0.1005,0.0553,0.0186,0.3329,0.3332,0.3339,0.6123,0.3337,0.0454,0.0068,0.0018,0.0171,0.0776,0.9053,0.8965,0.0877,0.0157,0.143,0.1446,0.2058,0.2094,0.2972,0.3891,0.5707,0.0403
1857,Cải lương,cailuong/audio_13_037.wav,2,0.3584,0.1465,0.4323,0.0444,0.0184,0.3328,0.3332,0.334,0.0986,0.86,0.0363,0.004,0.001,0.1018,0.2183,0.6799,0.9336,0.0507,0.0157,0.1561,0.1571,0.1946,0.1967,0.2955,0.0098,0.981,0.0092
1858,Cải lương,cailuong/audio_3_132.wav,1,0.1043,0.5322,0.0916,0.2138,0.0581,0.3326,0.3333,0.3341,0.1145,0.7826,0.0912,0.0094,0.0023,0.0864,0.5259,0.3877,0.996,0.0032,0.0008,0.1676,0.1686,0.202,0.2038,0.258,0.0667,0.7317,0.2016
1859,Cải lương,cailuong/audio_3_132.wav,2,0.0452,0.7879,0.049,0.0975,0.0203,0.3318,0.3334,0.3348,0.0231,0.9611,0.0142,0.0013,0.0003,0.0835,0.5158,0.4006,0.0542,0.7019,0.2439,0.1708,0.1716,0.1992,0.2007,0.2576,0.2491,0.7135,0.0374
1860,Cải lương,cailuong/audio_20_073.wav,1,0.0717,0.4249,0.3109,0.158,0.0346,0.3328,0.3334,0.3339,0.0566,0.5054,0.422,0.0134,0.0027,0.0301,0.905,0.0649,0.0067,0.9844,0.0089,0.1425,0.1439,0.1954,0.1985,0.3197,0.5089,0.4526,0.0385
1861,Cải lương,cailuong/audio_20_073.wav,2,0.0727,0.063,0.8312,0.0235,0.0096,0.3321,0.3334,0.3344,0.1359,0.6134,0.2277,0.0189,0.0041,0.1337,0.8181,0.0482,0.0263,0.1483,0.8254,0.1451,0.1464,0.1932,0.196,0.3193,0.7535,0.2207,0.0258
1862,Cải lương,cailuong/audio_10_034.wav,1,0.0712,0.3225,0.3919,0.1745,0.04,0.3332,0.3332,0.3336,0.0903,0.2112,0.6036,0.0827,0.0122,0.3847,0.5443,0.0709,0.0422,0.1103,0.8475,0.1776,0.1782,0.1992,0.2004,0.2446,0.0497,0.9345,0.0158
1863,Cải lương,cailuong/audio_10_034.wav,2,0.0162,0.0291,0.9326,0.0161,0.0059,0.3325,0.333,0.3345,0.0003,0.0013,0.9982,0.0002,0.0,0.0468,0.2884,0.6647,0.0542,0.7019,0.2439,0.1934,0.1938,0.2033,0.2036,0.2059,0.0003,0.0008,0.9989
1864,Cải lương,cailuong/audio_7_135.wav,1,0.8828,0.0524,0.0474,0.0123,0.0051,0.3325,0.3334,0.3341,0.9917,0.0064,0.0015,0.0003,0.0001,0.1333,0.2551,0.6116,0.0422,0.1103,0.8475,0.1669,0.1677,0.1969,0.1985,0.27,0.8088,0.1429,0.0483
1865,Cải lương,cailuong/audio_7_135.wav,2,0.1423,0.2119,0.5791,0.0495,0.017,0.3322,0.3334,0.3344,0.4512,0.4393,0.0907,0.0147,0.0041,0.0622,0.1572,0.7807,0.0067,0.9844,0.0089,0.1725,0.1734,0.2016,0.2031,0.2494,0.9294,0.0613,0.0093
1866,Cải lương,cailuong/audio_23_035.wav,1,0.1519,0.5931,0.0925,0.1231,0.0394,0.3311,0.3337,0.3352,0.0183,0.055,0.9054,0.0187,0.0026,0.0295,0.0889,0.8816,0.8965,0.0877,0.0157,0.173,0.1744,0.214,0.2157,0.2229,0.0147,0.0583,0.927
1867,Cải lương,cailuong/audio_23_035.wav,2,0.1667,0.4828,0.1094,0.1782,0.0628,0.3331,0.3331,0.3338,0.0893,0.5148,0.3699,0.0214,0.0046,0.0077,0.028,0.9642,0.8965,0.0877,0.0157,0.1849,0.1858,0.2096,0.2104,0.2093,0.0068,0.9873,0.0059
1868,Cải lương,cailuong/audio_2_172.wav,1,0.0557,0.669,0.1496,0.1039,0.0218,0.3333,0.3335,0.3332,0.373,0.5389,0.0754,0.0101,0.0026,0.0143,0.0644,0.9213,0.0263,0.1483,0.8254,0.1284,0.1297,0.1819,0.1852,0.3748,0.9893,0.0088,0.0019
1869,Cải lương,cailuong/audio_2_172.wav,2,0.0406,0.6963,0.0733,0.1651,0.0248,0.3326,0.3334,0.334,0.9712,0.0219,0.0055,0.0011,0.0003,0.0223,0.1285,0.8493,0.0263,0.1483,0.8254,0.1359,0.1372,0.1846,0.1875,0.3548,0.9953,0.0039,0.0008
1870,Cải lương,cailuong/audio_3_064.wav,1,0.0567,0.6554,0.0669,0.1865,0.0346,0.3325,0.3333,0.3342,0.3119,0.6212,0.0573,0.0076,0.002,0.0369,0.128,0.8352,0.0542,0.7019,0.2439,0.1701,0.1711,0.2037,0.2054,0.2497,0.39,0.5697,0.0403
1871,Cải lương,cailuong/audio_3_064.wav,2,0.0885,0.6148,0.0798,0.1735,0.0434,0.3321,0.3334,0.3345,0.068,0.4496,0.4628,0.0164,0.0032,0.0235,0.0851,0.8914,0.8965,0.0877,0.0157,0.1695,0.1706,0.2038,0.2055,0.2507,0.5544,0.4086,0.037
1872,Cải lương,cailuong/audio_17_121.wav,1,0.2591,0.1332,0.4955,0.0726,0.0396,0.333,0.3333,0.3338,0.9693,0.0224,0.0065,0.0014,0.0004,0.0406,0.3156,0.6438,0.0422,0.1103,0.8475,0.1955,0.1978,0.2388,0.2386,0.1293,0.9313,0.0543,0.0144
1873,Cải lương,cailuong/audio_17_121.wav,2,0.6854,0.1264,0.1106,0.051,0.0266,0.3331,0.3333,0.3336,0.8708,0.0875,0.0314,0.0078,0.0025,0.003,0.013,0.984,0.0542,0.7019,0.2439,0.1892,0.1914,0.2381,0.2386,0.1428,0.9387,0.0486,0.0126
1874,Cải lương,cailuong/audio_23_294.wav,1,0.1743,0.2283,0.5284,0.0512,0.0179,0.3314,0.334,0.3346,0.0001,0.0002,0.9997,0.0,0.0,0.0129,0.0557,0.9313,0.0021,0.0073,0.9906,0.1466,0.1479,0.1952,0.198,0.3123,0.0464,0.2344,0.7192
1875,Cải lương,cailuong/audio_23_294.wav,2,0.0674,0.2332,0.4883,0.168,0.0432,0.3323,0.3334,0.3343,0.0237,0.1322,0.834,0.0086,0.0016,0.0487,0.7318,0.2195,0.9905,0.0078,0.0017,0.1733,0.1745,0.2104,0.212,0.2299,0.0457,0.8706,0.0837
1876,Cải lương,cailuong/audio_14_157.wav,1,0.0669,0.2348,0.5401,0.125,0.0332,0.3345,0.3325,0.333,0.0115,0.0174,0.0309,0.9199,0.0203,0.01,0.9814,0.0086,0.8965,0.0877,0.0157,0.114,0.1156,0.1787,0.183,0.4087,0.025,0.9432,0.0318
1877,Cải lương,cailuong/audio_14_157.wav,2,0.0584,0.2831,0.2197,0.379,0.0599,0.3335,0.3331,0.3333,0.0614,0.8772,0.0555,0.0048,0.0011,0.5224,0.4194,0.0582,0.2741,0.6756,0.0503,0.1358,0.1377,0.2122,0.2168,0.2974,0.0066,0.9876,0.0058
1878,Cải lương,cailuong/audio_19_255.wav,1,0.698,0.1161,0.1459,0.0285,0.0116,0.3303,0.3338,0.3359,0.033,0.1525,0.7991,0.013,0.0023,0.1823,0.7643,0.0535,0.0542,0.7019,0.2439,0.1444,0.1464,0.2181,0.2221,0.269,0.0052,0.9904,0.0044
1879,Cải lương,cailuong/audio_19_255.wav,2,0.015,0.9403,0.0232,0.0175,0.004,0.3324,0.3336,0.334,0.1219,0.7653,0.0999,0.0103,0.0026,0.0393,0.2805,0.6802,0.969,0.0242,0.0069,0.1966,0.1978,0.2209,0.2211,0.1636,0.0484,0.936,0.0156
1880,Cải lương,cailuong/audio_1_081.wav,1,0.0622,0.1102,0.1529,0.2425,0.4322,0.3329,0.3337,0.3335,0.0115,0.0523,0.9297,0.0056,0.001,0.0348,0.1811,0.7841,0.0542,0.7019,0.2439,0.1997,0.1999,0.2041,0.2042,0.1921,0.0687,0.4538,0.4775
1881,Cải lương,cailuong/audio_1_081.wav,2,0.0335,0.0598,0.0621,0.1415,0.7031,0.3328,0.3336,0.3336,0.0618,0.6291,0.2947,0.0119,0.0024,0.1497,0.795,0.0553,0.0067,0.9844,0.0089,0.19,0.1904,0.2029,0.2035,0.2132,0.0727,0.5673,0.36
1882,Cải lương,cailuong/audio_8_156.wav,1,0.592,0.2562,0.09,0.0448,0.0171,0.3315,0.3336,0.3349,0.2651,0.6573,0.0671,0.0083,0.0021,0.1339,0.8201,0.0461,0.2741,0.6756,0.0503,0.1882,0.1894,0.2164,0.2171,0.1888,0.6318,0.3346,0.0335
1883,Cải lương,cailuong/audio_8_156.wav,2,0.041,0.7471,0.0882,0.1046,0.0191,0.332,0.3335,0.3345,0.033,0.2046,0.7495,0.0109,0.002,0.0484,0.9247,0.0269,0.2741,0.6756,0.0503,0.1875,0.1889,0.2211,0.222,0.1805,0.1265,0.8454,0.0281
1884,Cải lương,cailuong/audio_10_172.wav,1,0.0388,0.0438,0.878,0.0269,0.0125,0.3304,0.3334,0.3363,0.0607,0.8941,0.0405,0.0038,0.0009,0.0797,0.6332,0.2871,0.969,0.0242,0.0069,0.2009,0.201,0.2027,0.2027,0.1926,0.0391,0.9475,0.0134
1885,Cải lương,cailuong/audio_10_172.wav,2,0.0513,0.1389,0.729,0.062,0.0189,0.3317,0.3337,0.3346,0.1545,0.6161,0.2062,0.019,0.0042,0.8947,0.0852,0.0201,0.2741,0.6756,0.0503,0.1981,0.1983,0.2025,0.2026,0.1984,0.9309,0.06,0.0091
1886,Cải lương,cailuong/audio_12_092.wav,1,0.0771,0.4431,0.3383,0.1138,0.0277,0.3293,0.3338,0.3369,0.0754,0.8589,0.059,0.0054,0.0013,0.5364,0.3983,0.0652,0.9905,0.0078,0.0017,0.1866,0.1872,0.2049,0.2056,0.2157,0.4476,0.5125,0.0398
1887,Cải lương,cailuong/audio_12_092.wav,2,0.0438,0.3842,0.0745,0.4523,0.0452,0.3332,0.3331,0.3337,0.7492,0.158,0.067,0.0193,0.0066,0.3338,0.594,0.0722,0.64,0.3185,0.0415,0.1904,0.1909,0.2046,0.2052,0.2089,0.892,0.0838,0.0242
1888,Cải lương,cailuong/audio_2_107.wav,1,0.1533,0.1014,0.6632,0.0545,0.0277,0.3307,0.3338,0.3355,0.2062,0.7375,0.0488,0.0059,0.0015,0.0259,0.9168,0.0574,0.8965,0.0877,0.0157,0.1078,0.1092,0.1652,0.169,0.4488,0.0088,0.9871,0.0041
1889,Cải lương,cailuong/audio_2_107.wav,2,0.0673,0.0542,0.8429,0.0247,0.0109,0.332,0.3333,0.3346,0.0961,0.3588,0.5104,0.0293,0.0055,0.0515,0.921,0.0276,0.8965,0.0877,0.0157,0.1219,0.1234,0.182,0.1859,0.3868,0.0025,0.9956,0.0019
1890,Cải lương,cailuong/audio_8_093.wav,1,0.9055,0.0411,0.0341,0.0131,0.0061,0.3328,0.3333,0.3339,0.7637,0.1844,0.0424,0.0074,0.002,0.257,0.6601,0.0828,0.0067,0.9844,0.0089,0.1397,0.141,0.189,0.1919,0.3384,0.6018,0.3632,0.035
1891,Cải lương,cailuong/audio_8_093.wav,2,0.6343,0.1909,0.1273,0.0345,0.013,0.3325,0.3333,0.3342,0.5902,0.3375,0.0606,0.0093,0.0025,0.9254,0.0559,0.0188,0.0263,0.1483,0.8254,0.1739,0.175,0.2074,0.2089,0.2347,0.9707,0.0251,0.0042
1892,Cải lương,cailuong/audio_9_064.wav,1,0.7388,0.0957,0.1075,0.0383,0.0197,0.3335,0.3332,0.3333,0.0038,0.0063,0.0129,0.9728,0.0041,0.912,0.0716,0.0164,0.095,0.1999,0.7051,0.1739,0.1746,0.1996,0.201,0.2509,0.0106,0.9846,0.0048
1893,Cải lương,cailuong/audio_9_064.wav,2,0.1044,0.1064,0.6643,0.08,0.0448,0.3319,0.3335,0.3347,0.1378,0.6573,0.1851,0.0162,0.0036,0.9066,0.0689,0.0244,0.2741,0.6756,0.0503,0.2237,0.2233,0.204,0.2027,0.1463,0.4414,0.5187,0.0399
1894,Cải lương,cailuong/audio_24_122.wav,1,0.431,0.3879,0.1148,0.049,0.0172,0.3326,0.3334,0.334,0.7156,0.2226,0.0507,0.0087,0.0024,0.0376,0.1985,0.7639,0.0263,0.1483,0.8254,0.1219,0.1232,0.1773,0.1809,0.3967,0.9736,0.0226,0.0038
1895,Cải lương,cailuong/audio_24_122.wav,2,0.3195,0.1269,0.4871,0.046,0.0204,0.3335,0.3332,0.3334,0.3655,0.4789,0.1314,0.0193,0.0048,0.1499,0.7833,0.0668,0.9336,0.0507,0.0157,0.1253,0.1266,0.1781,0.1815,0.3885,0.9912,0.0073,0.0016
1896,Cải lương,cailuong/audio_17_316.wav,1,0.4416,0.1276,0.3508,0.0536,0.0264,0.3337,0.3333,0.333,0.9074,0.0718,0.0168,0.0031,0.0009,0.8141,0.1335,0.0524,0.9905,0.0078,0.0017,0.1728,0.1739,0.2059,0.2074,0.2399,0.9763,0.0192,0.0045
1897,Cải lương,cailuong/audio_17_316.wav,2,0.8645,0.0706,0.0401,0.0174,0.0074,0.3336,0.3335,0.3329,0.6571,0.2762,0.0553,0.009,0.0024,0.7952,0.145,0.0598,0.996,0.0032,0.0008,0.1769,0.1777,0.2024,0.2037,0.2393,0.9153,0.0738,0.0109
1898,Cải lương,cailuong/audio_5_151.wav,1,0.0199,0.8986,0.0283,0.0447,0.0085,0.3337,0.3332,0.3331,0.6523,0.2829,0.0539,0.0086,0.0023,0.979,0.0162,0.0048,0.0542,0.7019,0.2439,0.1765,0.1773,0.203,0.2042,0.2389,0.9881,0.0097,0.0022
1899,Cải lương,cailuong/audio_5_151.wav,2,0.0833,0.3604,0.4427,0.0894,0.0242,0.3336,0.3331,0.3333,0.88,0.0868,0.0261,0.0055,0.0016,0.8682,0.1099,0.0219,0.0263,0.1483,0.8254,0.1727,0.1736,0.2015,0.203,0.2493,0.9808,0.0156,0.0036
1900,Cải lương,cailuong/audio_7_132.wav,1,0.3425,0.446,0.1048,0.078,0.0286,0.3323,0.3334,0.3343,0.8154,0.1327,0.0403,0.0088,0.0027,0.0816,0.1896,0.7288,0.8965,0.0877,0.0157,0.1662,0.1671,0.1993,0.2011,0.2663,0.8964,0.0806,0.023
1901,Cải lương,cailuong/audio_7_132.wav,2,0.7479,0.1217,0.0748,0.038,0.0176,0.3333,0.3332,0.3334,0.6691,0.1969,0.0935,0.0299,0.0107,0.1756,0.293,0.5313,0.8989,0.0759,0.0252,0.1795,0.1801,0.1987,0.1998,0.2419,0.8599,0.1072,0.0329
1902,Cải lương,cailuong/audio_6_188.wav,1,0.957,0.0171,0.0185,0.0052,0.0023,0.3323,0.3335,0.3342,0.0034,0.0043,0.0057,0.0145,0.9721,0.0203,0.9422,0.0375,0.8965,0.0877,0.0157,0.1477,0.1488,0.1902,0.1927,0.3205,0.0015,0.005,0.9936
1903,Cải lương,cailuong/audio_6_188.wav,2,0.6506,0.1739,0.1299,0.033,0.0126,0.3353,0.3327,0.332,0.1779,0.7525,0.0608,0.007,0.0017,0.0213,0.9311,0.0476,0.0372,0.9449,0.0179,0.2217,0.2235,0.2289,0.2264,0.0994,0.1628,0.8054,0.0318
1904,Cải lương,cailuong/audio_20_179.wav,1,0.0739,0.1725,0.6894,0.0487,0.0155,0.3332,0.3335,0.3333,0.1589,0.7874,0.0467,0.0055,0.0014,0.9953,0.0037,0.001,0.0067,0.9844,0.0089,0.1533,0.1547,0.2037,0.2064,0.2818,0.0164,0.9659,0.0177
1905,Cải lương,cailuong/audio_20_179.wav,2,0.0871,0.5963,0.2275,0.0703,0.0188,0.3322,0.3337,0.3341,0.0474,0.7763,0.1669,0.0077,0.0016,0.9882,0.0094,0.0024,0.9905,0.0078,0.0017,0.141,0.1423,0.1893,0.1922,0.3352,0.0111,0.984,0.005
1906,Cải lương,cailuong/audio_16_236.wav,1,0.3939,0.3327,0.2053,0.0504,0.0177,0.331,0.3336,0.3354,0.0579,0.9081,0.0303,0.003,0.0007,0.032,0.8974,0.0706,0.996,0.0032,0.0008,0.1841,0.1848,0.2042,0.2051,0.2219,0.1092,0.8648,0.026
1907,Cải lương,cailuong/audio_16_236.wav,2,0.2671,0.3763,0.2808,0.0567,0.0191,0.331,0.3337,0.3353,0.1147,0.8352,0.0441,0.0048,0.0012,0.0208,0.9417,0.0375,0.996,0.0032,0.0008,0.1957,0.1961,0.2048,0.2051,0.1983,0.0573,0.9253,0.0175
1908,Cải lương,cailuong/audio_10_100.wav,1,0.0733,0.1462,0.2681,0.2999,0.2125,0.3308,0.3335,0.3357,0.0291,0.9419,0.0262,0.0022,0.0005,0.9352,0.0488,0.016,0.2741,0.6756,0.0503,0.178,0.1789,0.2055,0.2068,0.2309,0.0007,0.9988,0.0005
1909,Cải lương,cailuong/audio_10_100.wav,2,0.067,0.3954,0.0812,0.3867,0.0696,0.3317,0.3335,0.3348,0.8897,0.0773,0.0255,0.0058,0.0018,0.57,0.3726,0.0573,0.996,0.0032,0.0008,0.16,0.161,0.1948,0.1967,0.2875,0.9649,0.0282,0.0068
1910,Cải lương,cailuong/audio_4_082.wav,1,0.1997,0.1326,0.6106,0.0408,0.0163,0.3323,0.3335,0.3342,0.0773,0.1909,0.6503,0.0712,0.0103,0.8512,0.1088,0.04,0.0422,0.1103,0.8475,0.156,0.1572,0.198,0.2003,0.2885,0.6693,0.2992,0.0315
1911,Cải lương,cailuong/audio_4_082.wav,2,0.0692,0.3038,0.3604,0.2191,0.0475,0.3328,0.3333,0.3339,0.6456,0.2897,0.0539,0.0085,0.0023,0.7979,0.142,0.0601,0.0422,0.1103,0.8475,0.2015,0.2018,0.2062,0.2061,0.1843,0.8801,0.1053,0.0147
1912,Cải lương,cailuong/audio_18_012.wav,1,0.0053,0.0067,0.984,0.0029,0.0011,0.3328,0.3337,0.3336,0.0398,0.925,0.0317,0.0028,0.0007,0.0401,0.8953,0.0646,0.0542,0.7019,0.2439,0.2691,0.2661,0.1862,0.1828,0.0958,0.0284,0.9334,0.0382
1913,Cải lương,cailuong/audio_18_012.wav,2,0.1271,0.0864,0.7394,0.033,0.014,0.332,0.3336,0.3344,0.0547,0.7593,0.1749,0.0091,0.002,0.0342,0.9376,0.0282,0.0422,0.1103,0.8475,0.2524,0.2502,0.1915,0.1889,0.1171,0.0344,0.9143,0.0514
1914,Cải lương,cailuong/audio_11_220.wav,1,0.8171,0.0909,0.0548,0.0258,0.0115,0.333,0.3336,0.3335,0.4461,0.4626,0.0774,0.011,0.0028,0.0846,0.8272,0.0882,0.0422,0.1103,0.8475,0.1311,0.1323,0.1811,0.1842,0.3713,0.2362,0.727,0.0368
1915,Cải lương,cailuong/audio_11_220.wav,2,0.2742,0.2476,0.4072,0.0522,0.0188,0.3331,0.3333,0.3336,0.0207,0.9647,0.0131,0.0012,0.0003,0.3598,0.5695,0.0707,0.9336,0.0507,0.0157,0.1692,0.1709,0.2233,0.2255,0.2111,0.0263,0.9397,0.034
1916,Cải lương,cailuong/audio_4_033.wav,1,0.14,0.312,0.4689,0.0599,0.0192,0.3339,0.3332,0.3329,0.0304,0.8989,0.066,0.0039,0.0008,0.9665,0.0258,0.0077,0.095,0.1999,0.7051,0.2048,0.2054,0.2121,0.2118,0.1659,0.0001,0.9998,0.0001
1917,Cải lương,cailuong/audio_4_033.wav,2,0.0697,0.3758,0.3121,0.2008,0.0415,0.3345,0.333,0.3325,0.0077,0.0122,0.0233,0.9471,0.0097,0.9806,0.0149,0.0045,0.0542,0.7019,0.2439,0.1869,0.1878,0.2107,0.2115,0.2032,0.0525,0.8375,0.11
1918,Cải lương,cailuong/audio_0_153.wav,1,0.8426,0.0857,0.0469,0.0177,0.0071,0.3316,0.3336,0.3349,0.679,0.2667,0.0453,0.0071,0.0019,0.8021,0.1397,0.0582,0.0372,0.9449,0.0179,0.1748,0.1757,0.2021,0.2035,0.2439,0.9788,0.0181,0.0031
1919,Cải lương,cailuong/audio_0_153.wav,2,0.972,0.0129,0.0106,0.0032,0.0013,0.3319,0.3335,0.3346,0.6499,0.2624,0.0713,0.0129,0.0035,0.8186,0.1304,0.0509,0.0372,0.9449,0.0179,0.1657,0.1666,0.199,0.2008,0.2678,0.9973,0.0023,0.0004
1920,Cải lương,cailuong/audio_19_129.wav,1,0.8518,0.0524,0.0698,0.0177,0.0083,0.333,0.3332,0.3338,0.6382,0.285,0.0634,0.0105,0.0028,0.0524,0.8476,0.1,0.9905,0.0078,0.0017,0.1093,0.1107,0.1665,0.1704,0.4431,0.7956,0.1819,0.0225
1921,Cải lương,cailuong/audio_19_129.wav,2,0.4742,0.2367,0.2272,0.0452,0.0167,0.3321,0.3335,0.3344,0.1461,0.7129,0.1259,0.0123,0.0028,0.4088,0.5274,0.0637,0.8965,0.0877,0.0157,0.1698,0.1718,0.2318,0.2341,0.1924,0.7386,0.2345,0.0269
1922,Cải lương,cailuong/audio_8_011.wav,1,0.42,0.3977,0.1017,0.0591,0.0215,0.3328,0.3333,0.3339,0.0974,0.734,0.1544,0.0116,0.0025,0.042,0.8066,0.1515,0.0067,0.9844,0.0089,0.1721,0.1739,0.2249,0.2268,0.2022,0.4515,0.5088,0.0398
1923,Cải lương,cailuong/audio_8_011.wav,2,0.8512,0.0797,0.0462,0.0164,0.0065,0.333,0.3333,0.3337,0.0499,0.2785,0.6533,0.0154,0.0029,0.0445,0.7481,0.2075,0.0067,0.9844,0.0089,0.1218,0.1236,0.1952,0.1999,0.3595,0.9339,0.0573,0.0088
1924,Cải lương,cailuong/audio_20_209.wav,1,0.0584,0.7088,0.1438,0.072,0.017,0.3318,0.3337,0.3345,0.047,0.1788,0.7495,0.0211,0.0036,0.6535,0.2988,0.0478,0.9905,0.0078,0.0017,0.1875,0.1887,0.2181,0.2189,0.1868,0.0013,0.9978,0.0009
1925,Cải lương,cailuong/audio_20_209.wav,2,0.1053,0.7711,0.0605,0.0486,0.0146,0.3321,0.3336,0.3343,0.0106,0.035,0.9439,0.0091,0.0014,0.0179,0.954,0.0281,0.9905,0.0078,0.0017,0.1959,0.1971,0.2191,0.2193,0.1686,0.037,0.1735,0.7895
1926,Cải lương,cailuong/audio_14_017.wav,1,0.0404,0.0855,0.8326,0.0312,0.0103,0.3308,0.3335,0.3357,0.031,0.0481,0.0891,0.7986,0.0332,0.9084,0.0675,0.0241,0.0067,0.9844,0.0089,0.1506,0.1519,0.1962,0.1988,0.3025,0.0075,0.9889,0.0036
1927,Cải lương,cailuong/audio_14_017.wav,2,0.067,0.3652,0.2788,0.2428,0.0462,0.331,0.3335,0.3355,0.998,0.0015,0.0004,0.0001,0.0,0.9947,0.0042,0.0011,0.2741,0.6756,0.0503,0.1614,0.1627,0.2032,0.2053,0.2674,0.9708,0.0236,0.0056
1928,Cải lương,cailuong/audio_4_286.wav,1,0.1915,0.3619,0.3674,0.0597,0.0196,0.3328,0.3334,0.3338,0.8345,0.1364,0.024,0.004,0.0011,0.9939,0.0048,0.0013,0.0542,0.7019,0.2439,0.1578,0.1593,0.2079,0.2105,0.2645,0.1892,0.7769,0.0339
1929,Cải lương,cailuong/audio_4_286.wav,2,0.1194,0.6467,0.0817,0.1174,0.0347,0.3317,0.3335,0.3348,0.0523,0.8776,0.064,0.005,0.0011,0.3213,0.6188,0.0598,0.0542,0.7019,0.2439,0.2134,0.2141,0.2167,0.2158,0.14,0.1409,0.8295,0.0297
1930,Cải lương,cailuong/audio_19_104.wav,1,0.071,0.623,0.2035,0.0824,0.0201,0.3313,0.3337,0.335,0.065,0.7821,0.1415,0.0094,0.0021,0.0301,0.9495,0.0204,0.996,0.0032,0.0008,0.228,0.2282,0.2124,0.2105,0.1208,0.4828,0.4781,0.0392
1931,Cải lương,cailuong/audio_19_104.wav,2,0.0364,0.8127,0.0757,0.0622,0.013,0.331,0.3338,0.3352,0.0073,0.9865,0.0056,0.0005,0.0001,0.138,0.8143,0.0477,0.0422,0.1103,0.8475,0.2227,0.224,0.2239,0.2218,0.1076,0.0382,0.9487,0.0132
1932,Cải lương,cailuong/audio_15_024.wav,1,0.0251,0.032,0.9265,0.012,0.0045,0.3334,0.3332,0.3334,0.0263,0.0905,0.8643,0.0163,0.0026,0.2248,0.7129,0.0623,0.996,0.0032,0.0008,0.1374,0.139,0.2011,0.2048,0.3177,0.0716,0.5174,0.411
1933,Cải lương,cailuong/audio_15_024.wav,2,0.0745,0.4779,0.3001,0.1195,0.028,0.334,0.333,0.333,0.0549,0.1297,0.666,0.1358,0.0137,0.04,0.8759,0.0841,0.996,0.0032,0.0008,0.15,0.1514,0.199,0.2017,0.298,0.0323,0.1463,0.8214
1934,Cải lương,cailuong/audio_25_055.wav,1,0.2892,0.1289,0.5186,0.0443,0.019,0.3346,0.3336,0.3318,0.4229,0.5115,0.0557,0.0078,0.0021,0.0023,0.9951,0.0027,0.8965,0.0877,0.0157,0.1331,0.1345,0.1865,0.1898,0.3561,0.0401,0.8937,0.0662
1935,Cải lương,cailuong/audio_25_055.wav,2,0.2323,0.1228,0.548,0.0637,0.0332,0.3329,0.3333,0.3338,0.2046,0.5847,0.1854,0.0206,0.0047,0.2456,0.6945,0.0599,0.0542,0.7019,0.2439,0.1216,0.1229,0.1752,0.1787,0.4015,0.9521,0.0414,0.0066
1936,Cải lương,cailuong/audio_18_143.wav,1,0.054,0.8683,0.0381,0.0309,0.0087,0.3328,0.3336,0.3336,0.038,0.9259,0.0327,0.0028,0.0007,0.9206,0.065,0.0144,0.2741,0.6756,0.0503,0.2326,0.2321,0.2047,0.2028,0.1278,0.0405,0.9458,0.0137
1937,Cải lương,cailuong/audio_18_143.wav,2,0.0472,0.5989,0.1014,0.2209,0.0315,0.332,0.3337,0.3343,0.1159,0.8052,0.0701,0.0071,0.0017,0.9923,0.006,0.0017,0.0021,0.0073,0.9906,0.2312,0.2307,0.2045,0.2028,0.1308,0.6143,0.3513,0.0344
1938,Cải lương,cailuong/audio_8_182.wav,1,0.0362,0.7826,0.0727,0.0919,0.0167,0.3317,0.3337,0.3346,0.0398,0.8852,0.0695,0.0046,0.001,0.1658,0.7802,0.054,0.969,0.0242,0.0069,0.182,0.1838,0.228,0.2292,0.1769,0.016,0.9668,0.0172
1939,Cải lương,cailuong/audio_8_182.wav,2,0.0343,0.0412,0.9038,0.015,0.0057,0.3316,0.3337,0.3346,0.0753,0.7429,0.1678,0.0114,0.0026,0.0069,0.9838,0.0092,0.996,0.0032,0.0008,0.2061,0.2082,0.2352,0.2341,0.1164,0.0069,0.987,0.0061
1940,Cải lương,cailuong/audio_17_155.wav,1,0.1297,0.091,0.7067,0.0485,0.0241,0.3329,0.3332,0.3339,0.1865,0.7405,0.0638,0.0074,0.0018,0.0192,0.1161,0.8647,0.0263,0.1483,0.8254,0.2136,0.2149,0.2243,0.2231,0.124,0.9996,0.0003,0.0001
1941,Cải lương,cailuong/audio_17_155.wav,2,0.0163,0.0174,0.9541,0.0086,0.0037,0.334,0.3331,0.3329,0.0453,0.1656,0.7636,0.0218,0.0037,0.0228,0.0747,0.9024,0.0067,0.9844,0.0089,0.2122,0.2124,0.2083,0.2076,0.1595,0.0045,0.9932,0.0023
1942,Cải lương,cailuong/audio_20_207.wav,1,0.0027,0.9891,0.0035,0.0038,0.0008,0.3316,0.3337,0.3347,0.0862,0.7045,0.1942,0.0124,0.0026,0.1627,0.7839,0.0534,0.0422,0.1103,0.8475,0.1466,0.1481,0.2031,0.2063,0.2959,0.0533,0.9301,0.0166
1943,Cải lương,cailuong/audio_20_207.wav,2,0.0448,0.2819,0.1221,0.5001,0.0511,0.3324,0.3336,0.334,0.7088,0.2282,0.051,0.0092,0.0027,0.3964,0.5403,0.0632,0.0422,0.1103,0.8475,0.217,0.2171,0.2097,0.2087,0.1475,0.0191,0.9732,0.0078
1944,Cải lương,cailuong/audio_5_212.wav,1,0.0745,0.0625,0.8138,0.0333,0.0158,0.3319,0.3336,0.3345,0.0528,0.8594,0.0807,0.0057,0.0013,0.471,0.4661,0.0629,0.64,0.3185,0.0415,0.1851,0.1865,0.2199,0.2209,0.1876,0.2423,0.7206,0.0371
1945,Cải lương,cailuong/audio_5_212.wav,2,0.0668,0.1575,0.7136,0.0471,0.015,0.3315,0.3336,0.3349,0.0234,0.1106,0.8546,0.0096,0.0017,0.0496,0.4051,0.5453,0.2741,0.6756,0.0503,0.1605,0.1622,0.2173,0.22,0.24,0.001,0.9985,0.0006
1946,Cải lương,cailuong/audio_26_013.wav,1,0.0583,0.6429,0.1639,0.1115,0.0233,0.3315,0.3336,0.3349,0.0107,0.9804,0.008,0.0007,0.0002,0.0212,0.9472,0.0315,0.0263,0.1483,0.8254,0.0942,0.0959,0.1777,0.1839,0.4483,0.7966,0.181,0.0224
1947,Cải lương,cailuong/audio_26_013.wav,2,0.5186,0.1237,0.298,0.0413,0.0184,0.3316,0.3337,0.3347,0.8305,0.1339,0.0291,0.0051,0.0014,0.0361,0.1053,0.8586,0.0067,0.9844,0.0089,0.1612,0.1623,0.1993,0.2013,0.2758,0.1798,0.787,0.0332
1948,Cải lương,cailuong/audio_11_161.wav,1,0.7878,0.1163,0.0578,0.0269,0.0112,0.3327,0.3336,0.3337,0.2011,0.727,0.0627,0.0074,0.0018,0.0465,0.7576,0.1959,0.0542,0.7019,0.2439,0.1239,0.1252,0.1753,0.1785,0.3971,0.498,0.4632,0.0388
1949,Cải lương,cailuong/audio_11_161.wav,2,0.1786,0.5686,0.1813,0.0545,0.017,0.3333,0.3334,0.3333,0.0113,0.0361,0.9411,0.0101,0.0015,0.0241,0.9591,0.0168,0.9905,0.0078,0.0017,0.1457,0.1468,0.1901,0.1927,0.3247,0.0138,0.0542,0.932
1950,Cải lương,cailuong/audio_18_198.wav,1,0.0112,0.9487,0.0156,0.0204,0.0041,0.331,0.3339,0.3352,0.8631,0.1112,0.0211,0.0036,0.001,0.9189,0.0665,0.0146,0.64,0.3185,0.0415,0.2186,0.2184,0.2045,0.2035,0.155,0.7341,0.2387,0.0272
1951,Cải lương,cailuong/audio_18_198.wav,2,0.9664,0.0135,0.0141,0.0041,0.0018,0.3312,0.3338,0.335,0.9966,0.0026,0.0006,0.0001,0.0,0.58,0.3578,0.0621,0.0542,0.7019,0.2439,0.1724,0.1737,0.2114,0.2131,0.2294,0.7689,0.2065,0.0246
1952,Cải lương,cailuong/audio_21_242.wav,1,0.8516,0.0524,0.0699,0.0177,0.0083,0.3321,0.3333,0.3345,0.7637,0.1845,0.0423,0.0074,0.002,0.2443,0.6888,0.0669,0.0067,0.9844,0.0089,0.1406,0.1419,0.1926,0.1956,0.3293,0.8127,0.1662,0.021
1953,Cải lương,cailuong/audio_21_242.wav,2,0.8081,0.0664,0.0965,0.0201,0.0089,0.3332,0.3332,0.3336,0.4378,0.4333,0.1081,0.0166,0.0042,0.0603,0.7015,0.2381,0.64,0.3185,0.0415,0.1392,0.1404,0.1866,0.1895,0.3443,0.9535,0.0372,0.0093
1954,Cải lương,cailuong/audio_22_101.wav,1,0.0529,0.5363,0.1331,0.2419,0.0359,0.3319,0.3337,0.3344,0.1376,0.6576,0.1851,0.0162,0.0036,0.9195,0.0606,0.0199,0.0021,0.0073,0.9906,0.1897,0.1905,0.2105,0.2111,0.1982,0.9685,0.027,0.0045
1955,Cải lương,cailuong/audio_22_101.wav,2,0.0771,0.6569,0.0726,0.1564,0.037,0.3313,0.3337,0.335,0.2625,0.6658,0.0621,0.0077,0.0019,0.9102,0.068,0.0217,0.969,0.0242,0.0069,0.1878,0.1886,0.2088,0.2095,0.2053,0.4907,0.4703,0.039
1956,Cải lương,cailuong/audio_6_154.wav,1,0.7567,0.1381,0.0638,0.0295,0.0119,0.3339,0.3333,0.3327,0.0295,0.0828,0.8433,0.0393,0.0051,0.0494,0.4949,0.4557,0.2741,0.6756,0.0503,0.131,0.1327,0.1979,0.202,0.3364,0.173,0.7943,0.0327
1957,Cải lương,cailuong/audio_6_154.wav,2,0.7894,0.1189,0.0577,0.0243,0.0097,0.334,0.3335,0.3325,0.1091,0.3828,0.4706,0.0315,0.006,0.1021,0.854,0.0439,0.2741,0.6756,0.0503,0.1586,0.1607,0.2309,0.2343,0.2154,0.005,0.9908,0.0042
1958,Cải lương,cailuong/audio_4_318.wav,1,0.7792,0.1114,0.0783,0.0223,0.0087,0.3319,0.3335,0.3346,0.9591,0.0299,0.0086,0.0018,0.0005,0.7798,0.1535,0.0667,0.64,0.3185,0.0415,0.1603,0.1613,0.1958,0.1977,0.2848,0.8492,0.1331,0.0177
1959,Cải lương,cailuong/audio_4_318.wav,2,0.2583,0.4926,0.1776,0.0538,0.0176,0.3322,0.3333,0.3345,0.422,0.4801,0.0832,0.0118,0.003,0.9895,0.0084,0.0021,0.969,0.0242,0.0069,0.1572,0.1585,0.2031,0.2055,0.2757,0.2802,0.6812,0.0386
1960,Cải lương,cailuong/audio_0_176.wav,1,0.0599,0.1827,0.6341,0.0958,0.0275,0.3327,0.3335,0.3338,0.0041,0.0159,0.9773,0.0023,0.0004,0.975,0.0191,0.0059,0.9336,0.0507,0.0157,0.1667,0.1676,0.1981,0.1998,0.2678,0.0689,0.7044,0.2268
1961,Cải lương,cailuong/audio_0_176.wav,2,0.0689,0.5892,0.2183,0.1004,0.0233,0.3325,0.3337,0.3339,0.0906,0.5989,0.2883,0.0182,0.004,0.8259,0.124,0.0501,0.0067,0.9844,0.0089,0.1929,0.1934,0.2059,0.2063,0.2016,0.0143,0.0566,0.9291
1962,Cải lương,cailuong/audio_12_140.wav,1,0.0108,0.0358,0.0243,0.8615,0.0677,0.3313,0.3337,0.335,0.0548,0.7487,0.1856,0.0089,0.0019,0.0398,0.2616,0.6986,0.996,0.0032,0.0008,0.2267,0.2261,0.2018,0.2004,0.1451,0.007,0.9897,0.0034
1963,Cải lương,cailuong/audio_12_140.wav,2,0.0537,0.2322,0.1994,0.4466,0.0683,0.3327,0.3334,0.3339,0.1095,0.72,0.1554,0.0125,0.0028,0.9536,0.0364,0.01,0.9905,0.0078,0.0017,0.2036,0.2037,0.204,0.2038,0.1849,0.5264,0.4356,0.038
1964,Cải lương,cailuong/audio_0_286.wav,1,0.0991,0.0761,0.7651,0.0403,0.0195,0.3324,0.3332,0.3344,0.0138,0.049,0.927,0.0089,0.0014,0.2062,0.7333,0.0605,0.0372,0.9449,0.0179,0.1462,0.1475,0.1942,0.1969,0.3152,0.0705,0.4872,0.4423
1965,Cải lương,cailuong/audio_0_286.wav,2,0.7021,0.0957,0.1609,0.0288,0.0125,0.3317,0.3333,0.335,0.0794,0.3987,0.4968,0.021,0.004,0.1483,0.8027,0.049,0.0263,0.1483,0.8254,0.1629,0.164,0.2021,0.2041,0.2669,0.0697,0.6908,0.2394
1966,Cải lương,cailuong/audio_2_170.wav,1,0.0037,0.0173,0.0076,0.9618,0.0096,0.3321,0.3334,0.3345,0.6219,0.3225,0.0466,0.0071,0.002,0.0086,0.0313,0.9601,0.8965,0.0877,0.0157,0.1676,0.1692,0.2171,0.2192,0.2268,0.7825,0.1939,0.0235
1967,Cải lương,cailuong/audio_2_170.wav,2,0.4175,0.1317,0.3867,0.0446,0.0196,0.332,0.3333,0.3346,0.0202,0.9592,0.0187,0.0016,0.0004,0.0181,0.0641,0.9178,0.2741,0.6756,0.0503,0.1499,0.1511,0.1914,0.1938,0.3139,0.2868,0.6744,0.0388
1968,Cải lương,cailuong/audio_24_004.wav,1,0.0313,0.8483,0.0373,0.0693,0.0138,0.3326,0.3335,0.3339,0.0725,0.5342,0.3748,0.0154,0.0031,0.0364,0.2329,0.7308,0.0542,0.7019,0.2439,0.1213,0.1226,0.1743,0.1777,0.4041,0.8553,0.1275,0.0171
1969,Cải lương,cailuong/audio_24_004.wav,2,0.055,0.0705,0.8427,0.0232,0.0085,0.3332,0.3335,0.3334,0.1654,0.7716,0.0552,0.0063,0.0016,0.0366,0.8829,0.0805,0.7462,0.1779,0.0759,0.1539,0.1553,0.2019,0.2045,0.2844,0.8867,0.0993,0.014
1970,Cải lương,cailuong/audio_16_044.wav,1,0.0932,0.1426,0.7114,0.0392,0.0136,0.3347,0.3333,0.3319,0.0126,0.0189,0.0327,0.907,0.0287,0.7829,0.1816,0.0355,0.0422,0.1103,0.8475,0.1797,0.1804,0.2015,0.2026,0.2358,0.0006,0.0019,0.9975
1971,Cải lương,cailuong/audio_16_044.wav,2,0.0228,0.0457,0.9021,0.0218,0.0075,0.332,0.3337,0.3343,0.0031,0.004,0.0054,0.0167,0.9708,0.1717,0.7639,0.0645,0.8989,0.0759,0.0252,0.1833,0.1839,0.2025,0.2033,0.227,0.1672,0.2621,0.5707
1972,Cải lương,cailuong/audio_3_220.wav,1,0.1757,0.6218,0.0876,0.0867,0.0282,0.331,0.3337,0.3353,0.1646,0.7268,0.096,0.0102,0.0024,0.0074,0.0322,0.9604,0.8965,0.0877,0.0157,0.1396,0.1409,0.1885,0.1914,0.3396,0.9459,0.0467,0.0073
1973,Cải lương,cailuong/audio_3_220.wav,2,0.1313,0.5829,0.092,0.1484,0.0454,0.332,0.3337,0.3343,0.0176,0.0926,0.8816,0.0069,0.0012,0.0475,0.1294,0.8231,0.969,0.0242,0.0069,0.1644,0.1654,0.1987,0.2005,0.271,0.0061,0.9887,0.0052
1974,Cải lương,cailuong/audio_10_125.wav,1,0.0178,0.0336,0.9254,0.0172,0.0061,0.3331,0.3332,0.3337,0.0729,0.8236,0.0946,0.0073,0.0016,0.993,0.0055,0.0014,0.0372,0.9449,0.0179,0.1465,0.148,0.2001,0.2032,0.3022,0.2104,0.7543,0.0354
1975,Cải lương,cailuong/audio_10_125.wav,2,0.0235,0.1183,0.0598,0.7561,0.0423,0.3323,0.3336,0.3341,0.007,0.9843,0.008,0.0006,0.0001,0.0822,0.8705,0.0473,0.8965,0.0877,0.0157,0.2169,0.2171,0.2092,0.2082,0.1486,0.046,0.8694,0.0846
1976,Cải lương,cailuong/audio_23_181.wav,1,0.0425,0.3268,0.0966,0.4886,0.0454,0.3316,0.3336,0.3347,0.8156,0.1208,0.0469,0.0125,0.0041,0.6121,0.3248,0.0631,0.64,0.3185,0.0415,0.1897,0.1903,0.2057,0.2063,0.2081,0.8438,0.1186,0.0376
1977,Cải lương,cailuong/audio_23_181.wav,2,0.0576,0.0608,0.8243,0.0386,0.0188,0.3322,0.3337,0.3341,0.1558,0.7571,0.0768,0.0083,0.002,0.0677,0.2938,0.6385,0.969,0.0242,0.0069,0.1584,0.1596,0.1994,0.2017,0.2809,0.1725,0.7949,0.0326
1978,Cải lương,cailuong/audio_17_195.wav,1,0.013,0.95,0.0193,0.0144,0.0034,0.3363,0.333,0.3306,0.353,0.5661,0.0694,0.0092,0.0023,0.0048,0.0193,0.9759,0.9336,0.0507,0.0157,0.1509,0.1523,0.202,0.2048,0.29,0.8907,0.0848,0.0245
1979,Cải lương,cailuong/audio_17_195.wav,2,0.0271,0.1362,0.0711,0.7191,0.0465,0.335,0.3333,0.3317,0.0133,0.9668,0.0184,0.0013,0.0003,0.0041,0.0164,0.9796,0.0021,0.0073,0.9906,0.2158,0.2159,0.2074,0.2065,0.1543,0.0207,0.9549,0.0244
1980,Cải lương,cailuong/audio_24_125.wav,1,0.0614,0.2724,0.255,0.3494,0.0618,0.332,0.3336,0.3344,0.1268,0.7926,0.0715,0.0074,0.0018,0.0536,0.4103,0.5361,0.8965,0.0877,0.0157,0.1221,0.1239,0.1981,0.2029,0.353,0.2219,0.7421,0.036
1981,Cải lương,cailuong/audio_24_125.wav,2,0.0714,0.5675,0.236,0.1013,0.0238,0.3322,0.3336,0.3341,0.0151,0.9578,0.0251,0.0017,0.0004,0.0453,0.34,0.6146,0.64,0.3185,0.0415,0.1908,0.1937,0.2525,0.2521,0.1109,0.0728,0.5881,0.3391
1982,Cải lương,cailuong/audio_16_173.wav,1,0.2427,0.2536,0.4319,0.053,0.0188,0.3324,0.3336,0.334,0.0354,0.9422,0.02,0.0019,0.0005,0.9719,0.0222,0.0059,0.095,0.1999,0.7051,0.1707,0.1717,0.2042,0.2059,0.2476,0.2235,0.7403,0.0361
1983,Cải lương,cailuong/audio_16_173.wav,2,0.4127,0.2574,0.2635,0.0487,0.0178,0.3302,0.3337,0.3361,0.2282,0.7133,0.0506,0.0062,0.0016,0.5504,0.3895,0.0601,0.8965,0.0877,0.0157,0.1576,0.1587,0.1981,0.2004,0.2853,0.0001,0.9999,0.0001
1984,Cải lương,cailuong/audio_17_077.wav,1,0.0353,0.0782,0.843,0.0328,0.0107,0.3336,0.3333,0.333,0.1128,0.4982,0.3607,0.0236,0.0048,0.0861,0.8748,0.0391,0.0372,0.9449,0.0179,0.1277,0.13,0.2246,0.2306,0.2871,0.0902,0.8866,0.0233
1985,Cải lương,cailuong/audio_17_077.wav,2,0.3023,0.258,0.3685,0.0523,0.0189,0.3327,0.3332,0.3341,0.593,0.3447,0.0524,0.0078,0.0021,0.5201,0.423,0.0569,0.0021,0.0073,0.9906,0.2073,0.209,0.2303,0.2294,0.124,0.9976,0.0021,0.0004
1986,Cải lương,cailuong/audio_26_158.wav,1,0.0662,0.3714,0.2664,0.2496,0.0464,0.3329,0.3335,0.3337,0.9577,0.0333,0.0073,0.0013,0.0004,0.0095,0.9733,0.0172,0.0067,0.9844,0.0089,0.1819,0.1841,0.237,0.2383,0.1587,0.9996,0.0003,0.0001
1987,Cải lương,cailuong/audio_26_158.wav,2,0.9985,0.0007,0.0006,0.0002,0.0001,0.3334,0.3333,0.3332,0.0987,0.7336,0.1535,0.0117,0.0026,0.1389,0.8078,0.0533,0.9336,0.0507,0.0157,0.1297,0.1313,0.1933,0.1972,0.3486,0.1989,0.7665,0.0346
1988,Cải lương,cailuong/audio_0_128.wav,1,0.6228,0.1063,0.2117,0.04,0.0192,0.333,0.3332,0.3337,0.3254,0.5497,0.1071,0.0142,0.0035,0.8376,0.1191,0.0433,0.0021,0.0073,0.9906,0.1574,0.1584,0.194,0.1961,0.2941,0.6279,0.3384,0.0338
1989,Cải lương,cailuong/audio_0_128.wav,2,0.7202,0.0919,0.1488,0.0273,0.0119,0.3332,0.3331,0.3337,0.3354,0.4554,0.1753,0.0273,0.0067,0.8226,0.128,0.0494,0.0067,0.9844,0.0089,0.1611,0.1621,0.1951,0.197,0.2847,0.9622,0.0325,0.0053
1990,Cải lương,cailuong/audio_5_059.wav,1,0.0583,0.2624,0.228,0.3876,0.0636,0.333,0.3335,0.3335,0.586,0.3543,0.0503,0.0074,0.002,0.8367,0.1361,0.0273,0.64,0.3185,0.0415,0.172,0.1729,0.2013,0.2028,0.2511,0.8021,0.176,0.0219
1991,Cải lương,cailuong/audio_5_059.wav,2,0.0568,0.4537,0.1636,0.2838,0.0421,0.3326,0.3335,0.334,0.7819,0.1403,0.0569,0.0157,0.0053,0.8378,0.1162,0.046,0.9905,0.0078,0.0017,0.1849,0.1855,0.2034,0.2043,0.2219,0.9854,0.0124,0.0022
1992,Cải lương,cailuong/audio_21_017.wav,1,0.2119,0.1184,0.5755,0.062,0.0322,0.3334,0.333,0.3336,0.541,0.3916,0.0568,0.0083,0.0022,0.0496,0.7849,0.1656,0.0021,0.0073,0.9906,0.1739,0.1752,0.2123,0.2139,0.2248,0.6141,0.3514,0.0344
1993,Cải lương,cailuong/audio_21_017.wav,2,0.0804,0.0754,0.7735,0.047,0.0237,0.3321,0.3334,0.3345,0.4166,0.5158,0.0576,0.0079,0.002,0.0256,0.9147,0.0597,0.0067,0.9844,0.0089,0.2062,0.2067,0.2115,0.2111,0.1645,0.2948,0.6661,0.0391
1994,Cải lương,cailuong/audio_26_023.wav,1,0.0504,0.3561,0.1373,0.408,0.0483,0.332,0.3336,0.3344,0.829,0.1369,0.0277,0.0049,0.0014,0.047,0.4327,0.5203,0.9905,0.0078,0.0017,0.1892,0.1907,0.2224,0.223,0.1747,0.7965,0.1811,0.0224
1995,Cải lương,cailuong/audio_26_023.wav,2,0.1589,0.102,0.6874,0.0364,0.0153,0.3334,0.3334,0.3332,0.163,0.7729,0.0562,0.0064,0.0016,0.0785,0.8767,0.0449,0.0067,0.9844,0.0089,0.1331,0.1348,0.1995,0.2034,0.3293,0.7244,0.2477,0.0279
1996,Cải lương,cailuong/audio_0_034.wav,1,0.0365,0.0408,0.8869,0.0245,0.0113,0.3331,0.3332,0.3336,0.1325,0.4392,0.3905,0.0316,0.0063,0.9112,0.0656,0.0232,0.0263,0.1483,0.8254,0.1653,0.1663,0.1985,0.2003,0.2696,0.0149,0.9787,0.0064
1997,Cải lương,cailuong/audio_0_034.wav,2,0.1283,0.0856,0.7381,0.0335,0.0144,0.333,0.3333,0.3337,0.2893,0.6123,0.0849,0.0107,0.0027,0.944,0.0428,0.0132,0.64,0.3185,0.0415,0.1636,0.1646,0.1982,0.2,0.2735,0.1253,0.8467,0.028
1998,Cải lương,cailuong/audio_11_171.wav,1,0.0378,0.084,0.8337,0.0335,0.011,0.3319,0.3338,0.3342,0.0575,0.7595,0.1715,0.0094,0.0021,0.0406,0.2872,0.6722,0.8674,0.0982,0.0344,0.1498,0.151,0.1924,0.1948,0.312,0.0613,0.359,0.5797
1999,Cải lương,cailuong/audio_11_171.wav,2,0.0464,0.846,0.04,0.0541,0.0135,0.332,0.3336,0.3344,0.0137,0.9668,0.0179,0.0013,0.0003,0.0214,0.1276,0.851,0.0021,0.0073,0.9906,0.1459,0.1477,0.2111,0.2146,0.2807,0.0083,0.9841,0.0076
2000,Cải lương,cailuong/audio_16_089.wav,1,0.0436,0.7116,0.0955,0.1273,0.0221,0.3328,0.3334,0.3338,0.013,0.0509,0.9278,0.0071,0.0012,0.0196,0.9427,0.0377,0.2741,0.6756,0.0503,0.1396,0.1408,0.1872,0.1901,0.3423,0.0595,0.7949,0.1457
2001,Cải lương,cailuong/audio_16_089.wav,2,0.072,0.8365,0.0504,0.0319,0.0092,0.3314,0.3335,0.3351,0.0761,0.8272,0.0879,0.0071,0.0016,0.9917,0.0065,0.0018,0.2741,0.6756,0.0503,0.179,0.1798,0.2043,0.2055,0.2313,0.0638,0.9174,0.0187
2002,Cải lương,cailuong/audio_24_118.wav,1,0.1522,0.6452,0.1378,0.0496,0.0151,0.3323,0.3335,0.3342,0.1583,0.6444,0.1766,0.0169,0.0038,0.7545,0.2077,0.0377,0.0263,0.1483,0.8254,0.137,0.1381,0.1824,0.1852,0.3573,0.5652,0.3982,0.0366
2003,Cải lương,cailuong/audio_24_118.wav,2,0.4043,0.2684,0.26,0.0493,0.0179,0.3349,0.3328,0.3323,0.2968,0.4878,0.183,0.0262,0.0063,0.8613,0.1144,0.0243,0.0067,0.9844,0.0089,0.1406,0.1417,0.1841,0.1867,0.3469,0.9485,0.0445,0.007
2004,Cải lương,cailuong/audio_11_175.wav,1,0.6801,0.1364,0.1414,0.0302,0.0119,0.3325,0.3336,0.334,0.0309,0.055,0.132,0.7612,0.0208,0.0483,0.446,0.5057,0.996,0.0032,0.0008,0.1458,0.1469,0.1884,0.1909,0.328,0.0683,0.7118,0.2199
2005,Cải lương,cailuong/audio_11_175.wav,2,0.8781,0.064,0.0388,0.0136,0.0055,0.3344,0.3331,0.3325,0.0381,0.1008,0.7987,0.0557,0.0068,0.0319,0.8695,0.0986,0.996,0.0032,0.0008,0.1342,0.1354,0.1814,0.1843,0.3646,0.0677,0.7203,0.2121
2006,Cải lương,cailuong/audio_19_217.wav,1,0.3272,0.4884,0.1003,0.0624,0.0218,0.3324,0.3335,0.3341,0.084,0.8584,0.0514,0.005,0.0012,0.0128,0.9765,0.0107,0.9905,0.0078,0.0017,0.2292,0.2307,0.224,0.2211,0.0949,0.9987,0.0011,0.0002
2007,Cải lương,cailuong/audio_19_217.wav,2,0.3436,0.4777,0.106,0.0542,0.0186,0.3329,0.3335,0.3336,0.6117,0.3349,0.045,0.0067,0.0018,0.0883,0.8741,0.0377,0.9905,0.0078,0.0017,0.2312,0.2328,0.2241,0.2209,0.091,0.857,0.1261,0.017
2008,Cải lương,cailuong/audio_24_171.wav,1,0.1899,0.6092,0.1349,0.0502,0.0158,0.3323,0.3333,0.3344,0.0691,0.8939,0.0328,0.0034,0.0008,0.0481,0.4396,0.5124,0.969,0.0242,0.0069,0.1547,0.1567,0.2257,0.2292,0.2337,0.0089,0.9829,0.0082
2009,Cải lương,cailuong/audio_24_171.wav,2,0.1008,0.4103,0.3933,0.0744,0.0212,0.3331,0.3333,0.3336,0.0199,0.0314,0.0602,0.8669,0.0215,0.0509,0.3854,0.5637,0.1424,0.2547,0.6029,0.1527,0.1542,0.2068,0.2097,0.2765,0.0105,0.9794,0.0101
2010,Cải lương,cailuong/audio_6_089.wav,1,0.9262,0.0281,0.0327,0.0089,0.0041,0.3339,0.3335,0.3325,0.051,0.1271,0.71,0.1002,0.0116,0.029,0.9497,0.0213,0.64,0.3185,0.0415,0.1664,0.1673,0.1964,0.1981,0.2718,0.0001,0.9999,0.0001
2011,Cải lương,cailuong/audio_6_089.wav,2,0.6697,0.1767,0.0851,0.0478,0.0208,0.3339,0.3334,0.3328,0.7121,0.2318,0.0464,0.0076,0.0021,0.137,0.802,0.061,0.0372,0.9449,0.0179,0.143,0.1442,0.1892,0.192,0.3316,0.85,0.1324,0.0176
2012,Cải lương,cailuong/audio_4_171.wav,1,0.0606,0.1519,0.2332,0.3933,0.161,0.3364,0.3327,0.3309,0.071,0.8044,0.1138,0.0088,0.002,0.9718,0.0224,0.0058,0.0542,0.7019,0.2439,0.1848,0.186,0.2156,0.2166,0.197,0.028,0.1228,0.8492
2013,Cải lương,cailuong/audio_4_171.wav,2,0.065,0.1778,0.3106,0.341,0.1056,0.3352,0.3329,0.3319,0.0012,0.0049,0.9931,0.0007,0.0001,0.8491,0.1257,0.0252,0.9905,0.0078,0.0017,0.1795,0.1806,0.2105,0.2118,0.2175,0.0078,0.0219,0.9702
2014,Cải lương,cailuong/audio_14_144.wav,1,0.0558,0.2718,0.2015,0.41,0.0609,0.3324,0.3338,0.3339,0.4718,0.4601,0.0579,0.0081,0.0021,0.9722,0.0213,0.0066,0.64,0.3185,0.0415,0.1787,0.1796,0.2061,0.2073,0.2283,0.9082,0.0801,0.0117
2015,Cải lương,cailuong/audio_14_144.wav,2,0.0121,0.9634,0.0112,0.0106,0.0027,0.3318,0.3336,0.3345,0.8776,0.0832,0.0295,0.0073,0.0023,0.8975,0.0753,0.0272,0.64,0.3185,0.0415,0.1708,0.1718,0.201,0.2025,0.2538,0.9717,0.0229,0.0054
2016,Cải lương,cailuong/audio_12_009.wav,1,0.0498,0.145,0.177,0.4935,0.1348,0.3318,0.3337,0.3344,0.049,0.9165,0.0308,0.0029,0.0007,0.0361,0.8979,0.0659,0.2741,0.6756,0.0503,0.2269,0.2263,0.2022,0.2007,0.1438,0.7371,0.2359,0.027
2017,Cải lương,cailuong/audio_12_009.wav,2,0.0237,0.0412,0.899,0.026,0.0101,0.3317,0.3336,0.3347,0.8805,0.0814,0.0288,0.0071,0.0022,0.3058,0.5835,0.1107,0.8398,0.1172,0.043,0.1591,0.1601,0.1961,0.1981,0.2866,0.9591,0.0328,0.0081
2018,Cải lương,cailuong/audio_19_189.wav,1,0.9958,0.0018,0.0016,0.0005,0.0002,0.3339,0.333,0.3331,0.4954,0.4341,0.0598,0.0085,0.0022,0.1052,0.8356,0.0593,0.0372,0.9449,0.0179,0.1233,0.1245,0.1727,0.1759,0.4036,0.6542,0.3134,0.0323
2019,Cải lương,cailuong/audio_19_189.wav,2,0.8884,0.0486,0.0399,0.0157,0.0074,0.3337,0.3332,0.3331,0.0906,0.8104,0.0895,0.0078,0.0018,0.0302,0.9487,0.0212,0.0542,0.7019,0.2439,0.1279,0.1292,0.1804,0.1837,0.3788,0.0014,0.9977,0.001
2020,Cải lương,cailuong/audio_24_059.wav,1,0.0409,0.6934,0.0759,0.1649,0.0249,0.3324,0.3332,0.3344,0.1246,0.2446,0.4918,0.1204,0.0187,0.0643,0.8551,0.0806,0.0067,0.9844,0.0089,0.1452,0.1464,0.1899,0.1925,0.326,0.8926,0.094,0.0134
2021,Cải lương,cailuong/audio_24_059.wav,2,0.0453,0.7136,0.1044,0.1155,0.0212,0.3325,0.3334,0.334,0.3468,0.4874,0.1404,0.0203,0.005,0.092,0.8501,0.0579,0.0263,0.1483,0.8254,0.1318,0.1332,0.1847,0.188,0.3624,0.9988,0.001,0.0002
2022,Cải lương,cailuong/audio_16_070.wav,1,0.0496,0.0661,0.8543,0.022,0.008,0.3334,0.3334,0.3331,0.0616,0.6232,0.2999,0.0126,0.0027,0.0382,0.868,0.0938,0.2741,0.6756,0.0503,0.1413,0.1426,0.1909,0.1938,0.3315,0.9422,0.0501,0.0078
2023,Cải lương,cailuong/audio_16_070.wav,2,0.0758,0.3077,0.4908,0.0993,0.0265,0.3326,0.3336,0.3339,0.6312,0.3068,0.0514,0.0082,0.0023,0.0137,0.9679,0.0184,0.0067,0.9844,0.0089,0.1865,0.187,0.203,0.2037,0.2198,0.0186,0.9737,0.0076
2024,Cải lương,cailuong/audio_6_140.wav,1,0.9078,0.0445,0.0298,0.0124,0.0055,0.3363,0.3327,0.331,0.0664,0.1446,0.5653,0.2052,0.0185,0.0815,0.6799,0.2386,0.2741,0.6756,0.0503,0.1425,0.1437,0.1873,0.19,0.3366,0.0109,0.9785,0.0106
2025,Cải lương,cailuong/audio_6_140.wav,2,0.533,0.147,0.2647,0.0392,0.016,0.3343,0.3332,0.3325,0.0073,0.0306,0.9578,0.0037,0.0006,0.033,0.2286,0.7385,0.0372,0.9449,0.0179,0.1598,0.1613,0.2109,0.2134,0.2545,0.0143,0.9709,0.0148
2026,Cải lương,cailuong/audio_21_209.wav,1,0.9919,0.0037,0.003,0.001,0.0004,0.3317,0.3334,0.3349,0.0561,0.3579,0.5678,0.0153,0.0029,0.0135,0.0619,0.9246,0.0067,0.9844,0.0089,0.1293,0.1307,0.1819,0.1852,0.3729,0.0115,0.9833,0.0052
2027,Cải lương,cailuong/audio_21_209.wav,2,0.0867,0.0951,0.7086,0.0713,0.0383,0.3299,0.3339,0.3362,0.1924,0.5536,0.2245,0.0241,0.0054,0.1115,0.7987,0.0898,0.9905,0.0078,0.0017,0.1194,0.1208,0.1749,0.1785,0.4064,0.6445,0.3226,0.0329
2028,Cải lương,cailuong/audio_10_004.wav,1,0.0261,0.0266,0.9317,0.0111,0.0045,0.3353,0.3328,0.3319,0.0387,0.219,0.7272,0.0127,0.0024,0.9134,0.0713,0.0153,0.2741,0.6756,0.0503,0.1903,0.1909,0.2057,0.2063,0.2068,0.0396,0.1894,0.771
2029,Cải lương,cailuong/audio_10_004.wav,2,0.0584,0.1033,0.7954,0.032,0.0109,0.3311,0.3335,0.3354,0.3074,0.5607,0.1134,0.0148,0.0037,0.9931,0.0053,0.0015,0.0542,0.7019,0.2439,0.1741,0.1749,0.1998,0.2011,0.2501,0.9733,0.0216,0.0051
2030,Cải lương,cailuong/audio_4_199.wav,1,0.019,0.9437,0.0205,0.0134,0.0035,0.3311,0.3338,0.3351,0.0559,0.4154,0.5118,0.0141,0.0027,0.3839,0.5488,0.0673,0.0372,0.9449,0.0179,0.1869,0.1881,0.2175,0.2184,0.1891,0.0539,0.83,0.1162
2031,Cải lương,cailuong/audio_4_199.wav,2,0.0097,0.9703,0.0105,0.0076,0.0019,0.331,0.3337,0.3353,0.05,0.7955,0.1449,0.0078,0.0017,0.1255,0.8116,0.0629,0.9905,0.0078,0.0017,0.1766,0.1776,0.2066,0.2079,0.2313,0.038,0.9489,0.0131
2032,Cải lương,cailuong/audio_17_172.wav,1,0.3179,0.2925,0.3172,0.0534,0.0189,0.333,0.3333,0.3338,0.6716,0.1959,0.0925,0.0294,0.0105,0.0743,0.1783,0.7474,0.0542,0.7019,0.2439,0.1528,0.1539,0.1917,0.1939,0.3076,0.8731,0.0976,0.0292
2033,Cải lương,cailuong/audio_17_172.wav,2,0.0766,0.0604,0.8208,0.029,0.0132,0.333,0.3332,0.3339,0.0974,0.8425,0.0534,0.0054,0.0013,0.0449,0.7782,0.1769,0.8989,0.0759,0.0252,0.1348,0.1376,0.2569,0.2641,0.2065,0.5702,0.3934,0.0364
2034,Cải lương,cailuong/audio_26_034.wav,1,0.0897,0.1469,0.2923,0.2439,0.2272,0.3308,0.3335,0.3357,0.011,0.0369,0.9416,0.0091,0.0014,0.0347,0.2022,0.763,0.2741,0.6756,0.0503,0.1802,0.1814,0.2121,0.2133,0.2129,0.0221,0.0932,0.8847
2035,Cải lương,cailuong/audio_26_034.wav,2,0.0895,0.1507,0.3441,0.2362,0.1795,0.3312,0.3337,0.3351,0.0108,0.0345,0.9432,0.01,0.0014,0.0521,0.6559,0.292,0.8965,0.0877,0.0157,0.2264,0.2269,0.2147,0.2128,0.1192,0.0017,0.005,0.9933
2036,Cải lương,cailuong/audio_26_159.wav,1,0.0776,0.2588,0.5686,0.0737,0.0213,0.3316,0.3334,0.3349,0.0756,0.8494,0.0677,0.006,0.0014,0.2004,0.7447,0.0548,0.2741,0.6756,0.0503,0.1809,0.183,0.237,0.2383,0.1608,0.0993,0.8761,0.0246
2037,Cải lương,cailuong/audio_26_159.wav,2,0.1058,0.1018,0.6803,0.0724,0.0398,0.3319,0.3335,0.3345,0.036,0.0432,0.0543,0.1177,0.7489,0.0124,0.976,0.0116,0.0021,0.0073,0.9906,0.1355,0.1368,0.1862,0.1893,0.3522,0.9898,0.0086,0.0015
2038,Cải lương,cailuong/audio_8_164.wav,1,0.176,0.0996,0.6624,0.0426,0.0195,0.3325,0.3337,0.3338,0.0459,0.9201,0.0304,0.003,0.0007,0.2125,0.7228,0.0647,0.2741,0.6756,0.0503,0.1299,0.1312,0.1819,0.1852,0.3718,0.2892,0.6719,0.0389
2039,Cải lương,cailuong/audio_8_164.wav,2,0.4397,0.1909,0.3071,0.0449,0.0174,0.3321,0.3336,0.3342,0.0079,0.9799,0.0113,0.0008,0.0002,0.0271,0.8991,0.0738,0.0021,0.0073,0.9906,0.1207,0.1225,0.1971,0.202,0.3577,0.011,0.984,0.005
2040,Cải lương,cailuong/audio_12_179.wav,1,0.048,0.1227,0.7382,0.0694,0.0217,0.3322,0.3338,0.334,0.8359,0.1323,0.0261,0.0044,0.0012,0.843,0.1165,0.0405,0.64,0.3185,0.0415,0.1938,0.1942,0.204,0.2044,0.2035,0.6847,0.2848,0.0305
2041,Cải lương,cailuong/audio_12_179.wav,2,0.0626,0.1696,0.2739,0.3742,0.1198,0.3333,0.3335,0.3332,0.1179,0.2794,0.5273,0.0643,0.0111,0.6812,0.2506,0.0682,0.0422,0.1103,0.8475,0.1739,0.1748,0.2019,0.2033,0.2461,0.7793,0.1969,0.0238
2042,Cải lương,cailuong/audio_6_093.wav,1,0.0153,0.9494,0.0193,0.0128,0.0032,0.3319,0.334,0.3341,0.9869,0.01,0.0025,0.0005,0.0001,0.0486,0.6828,0.2686,0.8965,0.0877,0.0157,0.1762,0.178,0.2266,0.2283,0.1909,0.9388,0.0485,0.0126
2043,Cải lương,cailuong/audio_6_093.wav,2,0.1064,0.7597,0.062,0.0554,0.0166,0.3331,0.3337,0.3333,0.0354,0.8609,0.0974,0.0051,0.0011,0.0344,0.212,0.7537,0.8965,0.0877,0.0157,0.1955,0.1966,0.2175,0.2178,0.1726,0.3274,0.6329,0.0398
2044,Cải lương,cailuong/audio_25_210.wav,1,0.2322,0.1128,0.5874,0.0463,0.0212,0.3333,0.3331,0.3336,0.1694,0.683,0.131,0.0135,0.0031,0.0775,0.1869,0.7356,0.0422,0.1103,0.8475,0.1471,0.1484,0.1928,0.1954,0.3164,0.1138,0.8597,0.0265
2045,Cải lương,cailuong/audio_25_210.wav,2,0.0711,0.0994,0.7004,0.0857,0.0435,0.3316,0.3337,0.3347,0.0433,0.8213,0.1275,0.0065,0.0014,0.007,0.0257,0.9673,0.0263,0.1483,0.8254,0.1441,0.1457,0.2036,0.2069,0.2997,0.011,0.9783,0.0107
2046,Cải lương,cailuong/audio_15_078.wav,1,0.0446,0.3995,0.0749,0.436,0.045,0.3314,0.3335,0.3351,0.0057,0.0237,0.9668,0.0032,0.0005,0.0066,0.028,0.9654,0.2741,0.6756,0.0503,0.1483,0.1496,0.1964,0.1991,0.3065,0.3018,0.6589,0.0392
2047,Cải lương,cailuong/audio_15_078.wav,2,0.0413,0.3012,0.0664,0.5406,0.0505,0.3321,0.3333,0.3346,0.0461,0.7796,0.165,0.0077,0.0016,0.0173,0.0857,0.8971,0.2741,0.6756,0.0503,0.1459,0.147,0.1892,0.1918,0.3261,0.7902,0.1869,0.0229
2048,Cải lương,cailuong/audio_5_010.wav,1,0.0155,0.0721,0.0383,0.8404,0.0336,0.3332,0.3332,0.3336,0.9422,0.0412,0.0128,0.0029,0.0009,0.847,0.1282,0.0249,0.0542,0.7019,0.2439,0.1486,0.1498,0.1918,0.1943,0.3156,0.8699,0.1144,0.0157
2049,Cải lương,cailuong/audio_5_010.wav,2,0.0523,0.1105,0.1463,0.3201,0.3707,0.3345,0.3334,0.3321,0.0028,0.0043,0.0079,0.98,0.005,0.0393,0.846,0.1148,0.0542,0.7019,0.2439,0.1534,0.1546,0.1946,0.1969,0.3004,0.8027,0.1755,0.0219
2050,Cải lương,cailuong/audio_8_040.wav,1,0.815,0.0754,0.0832,0.0187,0.0077,0.3316,0.3339,0.3345,0.0562,0.5598,0.3691,0.0124,0.0025,0.2452,0.6974,0.0574,0.2741,0.6756,0.0503,0.1587,0.1602,0.2095,0.212,0.2596,0.0697,0.4721,0.4581
2051,Cải lương,cailuong/audio_8_040.wav,2,0.8323,0.0641,0.0688,0.0233,0.0115,0.3324,0.3337,0.3339,0.0347,0.0544,0.0979,0.7508,0.0621,0.6958,0.2595,0.0447,0.0263,0.1483,0.8254,0.1515,0.1527,0.1948,0.1973,0.3037,0.048,0.1089,0.8431
2052,Cải lương,cailuong/audio_17_102.wav,1,0.0213,0.0227,0.9427,0.0094,0.0038,0.3323,0.3337,0.334,0.8547,0.0975,0.0358,0.0091,0.0029,0.6645,0.2901,0.0454,0.8674,0.0982,0.0344,0.1837,0.1847,0.2102,0.2112,0.2101,0.9829,0.0139,0.0032
2053,Cải lương,cailuong/audio_17_102.wav,2,0.1459,0.1034,0.7012,0.0352,0.0143,0.3363,0.333,0.3307,0.7624,0.1821,0.0451,0.0081,0.0022,0.9596,0.0307,0.0097,0.0542,0.7019,0.2439,0.177,0.178,0.208,0.2094,0.2275,0.0085,0.9875,0.004
2054,Cải lương,cailuong/audio_0_024.wav,1,0.065,0.6217,0.1932,0.0978,0.0222,0.332,0.3336,0.3343,0.0064,0.9882,0.0048,0.0004,0.0001,0.8131,0.1322,0.0547,0.0021,0.0073,0.9906,0.1999,0.2002,0.2047,0.2047,0.1906,0.0721,0.5339,0.394
2055,Cải lương,cailuong/audio_0_024.wav,2,0.1497,0.1178,0.6102,0.0781,0.0442,0.3317,0.3339,0.3344,0.0603,0.1172,0.3234,0.4684,0.0306,0.2569,0.6785,0.0646,0.0263,0.1483,0.8254,0.1601,0.1612,0.1985,0.2005,0.2797,0.039,0.0917,0.8693
2056,Cải lương,cailuong/audio_0_152.wav,1,0.8026,0.0896,0.0799,0.0199,0.008,0.3315,0.3336,0.3348,0.7691,0.1818,0.0402,0.007,0.0019,0.8674,0.0963,0.0363,0.0263,0.1483,0.8254,0.1685,0.1694,0.2,0.2017,0.2604,0.998,0.0016,0.0003
2057,Cải lương,cailuong/audio_0_152.wav,2,0.2108,0.1556,0.5732,0.0435,0.0168,0.3302,0.3335,0.3363,0.8374,0.122,0.0326,0.0063,0.0018,0.8632,0.099,0.0379,0.0067,0.9844,0.0089,0.1747,0.1755,0.202,0.2033,0.2445,0.9898,0.0083,0.0018
2058,Cải lương,cailuong/audio_24_283.wav,1,0.0637,0.5609,0.2033,0.143,0.0291,0.333,0.3334,0.3336,0.1724,0.7393,0.0768,0.0091,0.0023,0.0036,0.0147,0.9817,0.0372,0.9449,0.0179,0.1573,0.1591,0.2187,0.2216,0.2433,0.0474,0.8629,0.0897
2059,Cải lương,cailuong/audio_24_283.wav,2,0.1005,0.4668,0.3374,0.0744,0.0209,0.3323,0.3335,0.3342,0.391,0.534,0.0641,0.0086,0.0022,0.0541,0.7883,0.1577,0.996,0.0032,0.0008,0.0968,0.0982,0.1581,0.1624,0.4844,0.0183,0.9612,0.0205
2060,Cải lương,cailuong/audio_16_018.wav,1,0.8834,0.0617,0.0361,0.0134,0.0054,0.332,0.3336,0.3344,0.0879,0.7724,0.1278,0.0097,0.0022,0.827,0.125,0.048,0.0542,0.7019,0.2439,0.1895,0.19,0.2044,0.2049,0.2112,0.0017,0.9974,0.0009
2061,Cải lương,cailuong/audio_16_018.wav,2,0.5298,0.3038,0.1064,0.044,0.016,0.3317,0.3338,0.3346,0.0042,0.9917,0.0037,0.0003,0.0001,0.8227,0.1416,0.0357,0.0542,0.7019,0.2439,0.2042,0.2041,0.2019,0.2017,0.1881,0.068,0.4428,0.4892
2062,Cải lương,cailuong/audio_11_005.wav,1,0.3478,0.4658,0.1177,0.0512,0.0175,0.3333,0.333,0.3336,0.0615,0.6797,0.2456,0.011,0.0023,0.0414,0.327,0.6316,0.8965,0.0877,0.0157,0.1539,0.1551,0.1973,0.1997,0.2939,0.0281,0.1235,0.8484
2063,Cải lương,cailuong/audio_11_005.wav,2,0.0637,0.8138,0.0772,0.0354,0.0098,0.334,0.3328,0.3332,0.1344,0.6309,0.2131,0.0178,0.0039,0.0322,0.9483,0.0196,0.0372,0.9449,0.0179,0.1581,0.1594,0.2034,0.2058,0.2733,0.9814,0.0158,0.0027
2064,Cải lương,cailuong/audio_4_149.wav,1,0.0367,0.2014,0.0557,0.6454,0.0609,0.3317,0.3336,0.3347,0.1105,0.8391,0.0444,0.0048,0.0012,0.994,0.0047,0.0013,0.0067,0.9844,0.0089,0.1933,0.1941,0.2109,0.2113,0.1904,0.0674,0.9132,0.0194
2065,Cải lương,cailuong/audio_4_149.wav,2,0.0238,0.8706,0.0352,0.0595,0.0109,0.3321,0.3335,0.3344,0.8521,0.1062,0.0327,0.0069,0.002,0.8649,0.0977,0.0373,0.0542,0.7019,0.2439,0.188,0.1887,0.2074,0.2081,0.2078,0.8822,0.091,0.0268
2066,Cải lương,cailuong/audio_1_142.wav,1,0.0452,0.0963,0.064,0.2546,0.5399,0.3331,0.3333,0.3336,0.0459,0.8936,0.0552,0.0043,0.001,0.1392,0.781,0.0798,0.8989,0.0759,0.0252,0.1896,0.19,0.2022,0.2028,0.2153,0.9944,0.0046,0.001
2067,Cải lương,cailuong/audio_1_142.wav,2,0.0415,0.0881,0.0598,0.2371,0.5734,0.3322,0.3334,0.3344,0.1119,0.5403,0.3223,0.0212,0.0043,0.2972,0.636,0.0668,0.8989,0.0759,0.0252,0.1774,0.1781,0.2029,0.2041,0.2375,0.995,0.0042,0.0008
2068,Cải lương,cailuong/audio_26_090.wav,1,0.0634,0.2378,0.2987,0.3316,0.0685,0.3315,0.3337,0.3348,0.0151,0.9696,0.0138,0.0012,0.0003,0.0372,0.8446,0.1183,0.8965,0.0877,0.0157,0.2284,0.2294,0.2194,0.217,0.1058,0.0689,0.4567,0.4744
2069,Cải lương,cailuong/audio_26_090.wav,2,0.0262,0.0265,0.9316,0.0112,0.0046,0.3303,0.3339,0.3358,0.0248,0.9232,0.0483,0.003,0.0007,0.5817,0.3666,0.0517,0.9336,0.0507,0.0157,0.1253,0.1266,0.178,0.1814,0.3888,0.0994,0.876,0.0246
2070,Cải lương,cailuong/audio_14_094.wav,1,0.0699,0.1666,0.343,0.301,0.1195,0.3337,0.3335,0.3328,0.0496,0.1228,0.7137,0.1025,0.0114,0.9762,0.0185,0.0053,0.0542,0.7019,0.2439,0.1735,0.1745,0.2051,0.2065,0.2405,0.059,0.798,0.143
2071,Cải lương,cailuong/audio_14_094.wav,2,0.0577,0.1346,0.1932,0.3873,0.2272,0.3323,0.3337,0.334,0.0548,0.4627,0.4662,0.0136,0.0027,0.9677,0.0246,0.0077,0.9905,0.0078,0.0017,0.1747,0.1758,0.208,0.2094,0.2321,0.0503,0.8489,0.1008
2072,Cải lương,cailuong/audio_9_121.wav,1,0.0422,0.6983,0.0858,0.1498,0.0239,0.3313,0.3337,0.335,0.0275,0.9549,0.0157,0.0015,0.0004,0.7101,0.2443,0.0457,0.0067,0.9844,0.0089,0.2274,0.2273,0.208,0.2063,0.1309,0.0986,0.8769,0.0245
2073,Cải lương,cailuong/audio_9_121.wav,2,0.1027,0.103,0.6769,0.0756,0.0418,0.332,0.3336,0.3344,0.0081,0.9822,0.0088,0.0007,0.0002,0.0067,0.9875,0.0058,0.0372,0.9449,0.0179,0.18,0.1816,0.2213,0.2226,0.1944,0.2501,0.7124,0.0375
2074,Cải lương,cailuong/audio_5_005.wav,1,0.0194,0.0375,0.9185,0.0183,0.0064,0.3346,0.333,0.3324,0.0487,0.1265,0.7558,0.0611,0.0078,0.9479,0.0417,0.0104,0.0021,0.0073,0.9906,0.1433,0.1447,0.194,0.197,0.3209,0.0002,0.9997,0.0001
2075,Cải lương,cailuong/audio_5_005.wav,2,0.0692,0.1031,0.6898,0.0923,0.0457,0.3341,0.3328,0.3331,0.0534,0.1336,0.7263,0.0773,0.0094,0.2092,0.7309,0.0599,0.64,0.3185,0.0415,0.1307,0.1321,0.1862,0.1896,0.3615,0.2089,0.7558,0.0353
2076,Cải lương,cailuong/audio_8_048.wav,1,0.49,0.3335,0.1143,0.0457,0.0164,0.3319,0.3334,0.3347,0.0554,0.6807,0.2515,0.0102,0.0021,0.0167,0.9478,0.0355,0.0021,0.0073,0.9906,0.1454,0.1469,0.2005,0.2035,0.3036,0.8653,0.1186,0.0161
2077,Cải lương,cailuong/audio_8_048.wav,2,0.6768,0.1921,0.078,0.0381,0.0151,0.3318,0.3335,0.3347,0.0168,0.9511,0.0297,0.0019,0.0004,0.0288,0.8948,0.0763,0.9336,0.0507,0.0157,0.1758,0.1774,0.221,0.2226,0.2033,0.0096,0.9814,0.009
2078,Cải lương,cailuong/audio_20_079.wav,1,0.08,0.7263,0.1307,0.0494,0.0135,0.3307,0.3337,0.3356,0.0819,0.6263,0.2743,0.0145,0.003,0.4557,0.483,0.0613,0.2741,0.6756,0.0503,0.1384,0.1397,0.1898,0.1928,0.3393,0.0261,0.94,0.0338
2079,Cải lương,cailuong/audio_20_079.wav,2,0.0393,0.093,0.8109,0.043,0.0138,0.3335,0.3335,0.333,0.0562,0.6314,0.299,0.0111,0.0023,0.0101,0.9773,0.0126,0.1424,0.2547,0.6029,0.1554,0.1572,0.2195,0.2226,0.2453,0.0679,0.7178,0.2144
2080,Cải lương,cailuong/audio_7_258.wav,1,0.7575,0.1069,0.0798,0.0376,0.0183,0.3328,0.3332,0.334,0.8991,0.0718,0.0226,0.005,0.0015,0.1501,0.7954,0.0545,0.0542,0.7019,0.2439,0.1467,0.1478,0.1876,0.19,0.3279,0.9401,0.0476,0.0123
2081,Cải lương,cailuong/audio_7_258.wav,2,0.573,0.1756,0.1343,0.0762,0.0409,0.333,0.3332,0.3338,0.8036,0.1277,0.0505,0.0136,0.0045,0.2636,0.67,0.0664,0.969,0.0242,0.0069,0.1599,0.1608,0.1935,0.1954,0.2904,0.9138,0.0676,0.0186
2082,Cải lương,cailuong/audio_13_081.wav,1,0.0653,0.6699,0.1707,0.0757,0.0183,0.3321,0.3336,0.3343,0.0797,0.8681,0.0464,0.0046,0.0011,0.0451,0.1315,0.8234,0.0263,0.1483,0.8254,0.1789,0.1803,0.2185,0.2199,0.2024,0.3616,0.5982,0.0402
2083,Cải lương,cailuong/audio_13_081.wav,2,0.089,0.5568,0.2594,0.0748,0.02,0.3323,0.3336,0.3341,0.9782,0.0164,0.0043,0.0009,0.0003,0.0498,0.1474,0.8028,0.0263,0.1483,0.8254,0.1735,0.1746,0.2084,0.21,0.2335,0.9864,0.0116,0.002
2084,Cải lương,cailuong/audio_9_152.wav,1,0.0166,0.0865,0.0383,0.8272,0.0315,0.3315,0.3336,0.335,0.0372,0.9114,0.047,0.0035,0.0008,0.8711,0.1046,0.0242,0.996,0.0032,0.0008,0.2417,0.2406,0.1994,0.1971,0.1213,0.0285,0.9608,0.0106
2085,Cải lương,cailuong/audio_9_152.wav,2,0.061,0.0538,0.8433,0.0286,0.0133,0.3321,0.3338,0.3341,0.0302,0.054,0.1302,0.765,0.0207,0.9777,0.0171,0.0051,0.8157,0.1334,0.0509,0.219,0.2191,0.2094,0.2083,0.1442,0.0614,0.36,0.5786
2086,Cải lương,cailuong/audio_8_214.wav,1,0.6854,0.0942,0.1706,0.0338,0.016,0.3328,0.3332,0.334,0.4833,0.4302,0.0731,0.0107,0.0028,0.0659,0.6338,0.3002,0.0067,0.9844,0.0089,0.143,0.1442,0.1864,0.189,0.3374,0.8759,0.109,0.0151
2087,Cải lương,cailuong/audio_8_214.wav,2,0.7715,0.0789,0.1167,0.023,0.01,0.3329,0.3332,0.3339,0.6611,0.2451,0.0752,0.0145,0.004,0.031,0.0944,0.8745,0.0021,0.0073,0.9906,0.1581,0.1591,0.1932,0.1952,0.2944,0.9449,0.0439,0.0112
2088,Cải lương,cailuong/audio_20_036.wav,1,0.0487,0.1227,0.7309,0.0743,0.0235,0.3323,0.3336,0.3341,0.0009,0.0038,0.9947,0.0005,0.0001,0.0572,0.9139,0.0289,0.0422,0.1103,0.8475,0.1828,0.1843,0.2206,0.2218,0.1904,0.0707,0.9093,0.02
2089,Cải lương,cailuong/audio_20_036.wav,2,0.061,0.8336,0.0444,0.0479,0.0131,0.3309,0.3336,0.3355,0.0237,0.9529,0.0212,0.0018,0.0004,0.0412,0.8124,0.1464,0.0542,0.7019,0.2439,0.2029,0.2036,0.2144,0.2142,0.1649,0.5847,0.3795,0.0358
2090,Cải lương,cailuong/audio_19_198.wav,1,0.0728,0.5193,0.2672,0.1142,0.0265,0.3323,0.3336,0.3341,0.0543,0.4991,0.4314,0.0128,0.0026,0.0057,0.986,0.0083,0.0422,0.1103,0.8475,0.2837,0.2814,0.1857,0.1809,0.0683,0.0039,0.993,0.0031
2091,Cải lương,cailuong/audio_19_198.wav,2,0.0445,0.6134,0.0743,0.2358,0.032,0.3322,0.3336,0.3342,0.0248,0.9448,0.0276,0.0022,0.0005,0.0214,0.932,0.0466,0.969,0.0242,0.0069,0.2233,0.2237,0.2132,0.2116,0.1281,0.0095,0.9862,0.0044
2092,Cải lương,cailuong/audio_6_236.wav,1,0.4422,0.3539,0.105,0.0713,0.0276,0.333,0.3334,0.3336,0.9228,0.0541,0.0177,0.0041,0.0013,0.8289,0.122,0.0491,0.0542,0.7019,0.2439,0.1973,0.1977,0.206,0.2061,0.1929,0.8103,0.1419,0.0478
2093,Cải lương,cailuong/audio_6_236.wav,2,0.8298,0.0693,0.0764,0.0173,0.0072,0.3335,0.3337,0.3329,0.0258,0.1096,0.8493,0.013,0.0023,0.1638,0.7803,0.0559,0.0542,0.7019,0.2439,0.167,0.1679,0.1985,0.2001,0.2666,0.0001,0.9999,0.0001
2094,Cải lương,cailuong/audio_18_160.wav,1,0.0146,0.0175,0.954,0.0097,0.0042,0.3325,0.3336,0.3339,0.2175,0.7247,0.05,0.0062,0.0016,0.7555,0.2073,0.0372,0.0542,0.7019,0.2439,0.2199,0.2195,0.2027,0.2017,0.1562,0.0001,0.9998,0.0001
2095,Cải lương,cailuong/audio_18_160.wav,2,0.1036,0.7816,0.0606,0.0417,0.0125,0.333,0.3335,0.3335,0.9676,0.0247,0.0061,0.0012,0.0003,0.9714,0.0226,0.0061,0.969,0.0242,0.0069,0.2107,0.2109,0.2077,0.2071,0.1638,0.9998,0.0002,0.0
2096,Cải lương,cailuong/audio_8_151.wav,1,0.6316,0.2248,0.0933,0.0366,0.0137,0.3308,0.3336,0.3356,0.1175,0.7557,0.1141,0.0103,0.0024,0.0791,0.8854,0.0355,0.0263,0.1483,0.8254,0.2093,0.2109,0.2295,0.2284,0.1219,0.8089,0.1697,0.0213
2097,Cải lương,cailuong/audio_8_151.wav,2,0.1444,0.7062,0.0919,0.044,0.0135,0.3309,0.3336,0.3354,0.7571,0.204,0.0324,0.0052,0.0014,0.1202,0.8349,0.0448,0.9905,0.0078,0.0017,0.159,0.162,0.2632,0.2671,0.1487,0.4819,0.4789,0.0392
2098,Cải lương,cailuong/audio_3_073.wav,1,0.0727,0.4709,0.0827,0.3124,0.0613,0.3319,0.3335,0.3346,0.0272,0.0399,0.0673,0.811,0.0547,0.5026,0.4307,0.0667,0.0372,0.9449,0.0179,0.1671,0.168,0.1993,0.2011,0.2646,0.8214,0.1583,0.0202
2099,Cải lương,cailuong/audio_3_073.wav,2,0.1074,0.6939,0.1359,0.0487,0.0141,0.3331,0.3333,0.3337,0.28,0.5992,0.1044,0.0131,0.0032,0.042,0.8023,0.1557,0.0542,0.7019,0.2439,0.1535,0.1546,0.1923,0.1945,0.3052,0.1566,0.8122,0.0312
2100,Cải lương,cailuong/audio_10_097.wav,1,0.0646,0.175,0.5454,0.1649,0.0501,0.3332,0.3334,0.3335,0.0052,0.0082,0.0159,0.9644,0.0064,0.9178,0.0611,0.0211,0.64,0.3185,0.0415,0.1923,0.193,0.2093,0.2098,0.1956,0.0725,0.6187,0.3088
2101,Cải lương,cailuong/audio_10_097.wav,2,0.0423,0.2643,0.112,0.531,0.0504,0.3315,0.3338,0.3347,0.0474,0.0859,0.2144,0.6261,0.0263,0.965,0.0272,0.0077,0.0372,0.9449,0.0179,0.1913,0.1921,0.2108,0.2114,0.1944,0.0096,0.0366,0.9537
2102,Cải lương,cailuong/audio_18_248.wav,1,0.6348,0.2117,0.1053,0.0351,0.0131,0.3324,0.3334,0.3342,0.0533,0.3387,0.5903,0.0149,0.0028,0.0989,0.2164,0.6847,0.0372,0.9449,0.0179,0.213,0.2133,0.2099,0.2091,0.1548,0.0648,0.3983,0.5369
2103,Cải lương,cailuong/audio_18_248.wav,2,0.1949,0.2932,0.4364,0.0564,0.0191,0.3333,0.3332,0.3335,0.1885,0.4708,0.2993,0.0341,0.0073,0.0585,0.9067,0.0348,0.0067,0.9844,0.0089,0.1175,0.1188,0.1725,0.1761,0.415,0.1146,0.8587,0.0267
2104,Cải lương,cailuong/audio_7_153.wav,1,0.678,0.1002,0.1775,0.0308,0.0135,0.3331,0.3331,0.3338,0.943,0.0404,0.0128,0.0029,0.0009,0.7686,0.1949,0.0366,0.8965,0.0877,0.0157,0.146,0.1474,0.1974,0.2003,0.3088,0.9688,0.0252,0.006
2105,Cải lương,cailuong/audio_7_153.wav,2,0.9801,0.0085,0.0078,0.0025,0.0011,0.3337,0.3331,0.3332,0.1463,0.5366,0.2871,0.0247,0.0052,0.0519,0.9179,0.0302,0.64,0.3185,0.0415,0.1339,0.1351,0.181,0.1839,0.3662,0.2737,0.6879,0.0384
2106,Cải lương,cailuong/audio_11_206.wav,1,0.0463,0.5699,0.0932,0.2568,0.0338,0.3336,0.3336,0.3329,0.0506,0.7421,0.1965,0.0089,0.0019,0.0122,0.0441,0.9438,0.0372,0.9449,0.0179,0.1686,0.1695,0.1991,0.2007,0.262,0.508,0.4535,0.0385
2107,Cải lương,cailuong/audio_11_206.wav,2,0.0609,0.3642,0.2132,0.312,0.0498,0.3342,0.3331,0.3326,0.0064,0.0284,0.9616,0.0031,0.0005,0.0133,0.0493,0.9374,0.8965,0.0877,0.0157,0.1638,0.1647,0.1976,0.1994,0.2745,0.1503,0.819,0.0306
2108,Cải lương,cailuong/audio_21_155.wav,1,0.322,0.4884,0.1211,0.0512,0.0173,0.3323,0.3334,0.3343,0.0481,0.7613,0.1807,0.0081,0.0017,0.0306,0.197,0.7724,0.0422,0.1103,0.8475,0.2132,0.2133,0.2078,0.207,0.1587,0.0034,0.9939,0.0027
2109,Cải lương,cailuong/audio_21_155.wav,2,0.775,0.1263,0.0655,0.0239,0.0093,0.3321,0.3335,0.3344,0.548,0.389,0.0529,0.0079,0.0022,0.0503,0.4622,0.4875,0.996,0.0032,0.0008,0.2152,0.2152,0.2064,0.2056,0.1575,0.0273,0.9367,0.036
2110,Cải lương,cailuong/audio_13_085.wav,1,0.3459,0.3382,0.2445,0.053,0.0185,0.3325,0.3334,0.3341,0.3914,0.5274,0.0694,0.0094,0.0024,0.0414,0.1192,0.8394,0.0372,0.9449,0.0179,0.1613,0.1627,0.2072,0.2095,0.2593,0.6687,0.2998,0.0315
2111,Cải lương,cailuong/audio_13_085.wav,2,0.3789,0.2982,0.2536,0.0511,0.0182,0.3316,0.3334,0.335,0.9849,0.0111,0.0031,0.0006,0.0002,0.0406,0.1172,0.8422,0.8989,0.0759,0.0252,0.1464,0.1478,0.1994,0.2024,0.304,0.9988,0.001,0.0002
2112,Cải lương,cailuong/audio_17_164.wav,1,0.1983,0.6182,0.0875,0.0723,0.0238,0.3369,0.333,0.3301,0.9373,0.0448,0.0139,0.0031,0.0009,0.037,0.2324,0.7307,0.0021,0.0073,0.9906,0.1584,0.1598,0.2035,0.2058,0.2725,0.9711,0.0234,0.0055
2113,Cải lương,cailuong/audio_17_164.wav,2,0.0718,0.3116,0.432,0.1486,0.0359,0.3336,0.333,0.3334,0.1267,0.8138,0.0521,0.0059,0.0015,0.0022,0.0086,0.9892,0.0021,0.0073,0.9906,0.134,0.1356,0.1947,0.1984,0.3373,0.0182,0.9743,0.0075
2114,Cải lương,cailuong/audio_24_151.wav,1,0.1919,0.5801,0.0949,0.0997,0.0334,0.3326,0.3335,0.3339,0.3481,0.5656,0.074,0.0098,0.0025,0.0483,0.4006,0.5511,0.2741,0.6756,0.0503,0.195,0.1967,0.2299,0.2301,0.1483,0.9178,0.0716,0.0106
2115,Cải lương,cailuong/audio_24_151.wav,2,0.0666,0.4431,0.2479,0.2034,0.039,0.3308,0.3338,0.3354,0.7948,0.1659,0.0324,0.0054,0.0015,0.0057,0.0262,0.9681,0.0372,0.9449,0.0179,0.1324,0.1344,0.2177,0.2228,0.2927,0.7329,0.2398,0.0273
2116,Cải lương,cailuong/audio_15_181.wav,1,0.0271,0.882,0.0485,0.0346,0.0078,0.332,0.3334,0.3346,0.0474,0.1407,0.7718,0.0348,0.0053,0.1489,0.8005,0.0507,0.8674,0.0982,0.0344,0.1585,0.1597,0.2025,0.2048,0.2746,0.0496,0.9346,0.0158
2117,Cải lương,cailuong/audio_15_181.wav,2,0.0466,0.5552,0.0945,0.2689,0.0348,0.3326,0.3334,0.334,0.0338,0.9161,0.046,0.0034,0.0008,0.1472,0.8032,0.0496,0.64,0.3185,0.0415,0.1567,0.158,0.2035,0.206,0.2757,0.9067,0.0814,0.0118
2118,Cải lương,cailuong/audio_6_197.wav,1,0.0346,0.0433,0.9008,0.0155,0.0058,0.3285,0.334,0.3375,0.0248,0.0712,0.8707,0.0294,0.0039,0.0291,0.1983,0.7726,0.1424,0.2547,0.6029,0.1303,0.1316,0.1819,0.1851,0.3711,0.0684,0.4491,0.4824
2119,Cải lương,cailuong/audio_6_197.wav,2,0.3414,0.2814,0.3062,0.0522,0.0187,0.3362,0.3327,0.331,0.0772,0.553,0.3508,0.0158,0.0032,0.0039,0.0151,0.981,0.0542,0.7019,0.2439,0.1558,0.1575,0.2121,0.2149,0.2597,0.3103,0.6503,0.0394
2120,Cải lương,cailuong/audio_20_003.wav,1,0.0607,0.7604,0.1156,0.0503,0.0129,0.3313,0.3337,0.335,0.8777,0.0896,0.0259,0.0053,0.0015,0.4954,0.444,0.0606,0.9905,0.0078,0.0017,0.1659,0.167,0.2019,0.2038,0.2613,0.9987,0.0011,0.0002
2121,Cải lương,cailuong/audio_20_003.wav,2,0.0225,0.8807,0.0376,0.0498,0.0094,0.3318,0.3337,0.3345,0.0172,0.0636,0.9077,0.0099,0.0016,0.0173,0.97,0.0127,0.9905,0.0078,0.0017,0.1697,0.171,0.213,0.2149,0.2315,0.0495,0.2568,0.6937
2122,Cải lương,cailuong/audio_13_110.wav,1,0.8716,0.0686,0.0389,0.0148,0.006,0.3324,0.3333,0.3343,0.4819,0.4522,0.056,0.0079,0.0021,0.0578,0.1503,0.7918,0.0372,0.9449,0.0179,0.1386,0.1399,0.188,0.1909,0.3427,0.6464,0.3208,0.0328
2123,Cải lương,cailuong/audio_13_110.wav,2,0.4477,0.2264,0.2624,0.0461,0.0173,0.333,0.3332,0.3338,0.1038,0.5288,0.3426,0.0207,0.0042,0.0699,0.1746,0.7555,0.0542,0.7019,0.2439,0.1632,0.1644,0.2015,0.2035,0.2675,0.2309,0.7325,0.0365
2124,Cải lương,cailuong/audio_20_128.wav,1,0.7945,0.0934,0.0833,0.0206,0.0082,0.3329,0.3333,0.3339,0.0061,0.0101,0.0212,0.9565,0.0062,0.0451,0.7416,0.2134,0.2741,0.6756,0.0503,0.1287,0.1303,0.192,0.1959,0.353,0.0125,0.0337,0.9538
2125,Cải lương,cailuong/audio_20_128.wav,2,0.152,0.0956,0.7008,0.0361,0.0155,0.3334,0.3332,0.3334,0.0094,0.0424,0.943,0.0044,0.0008,0.0482,0.8525,0.0993,0.0263,0.1483,0.8254,0.137,0.1384,0.188,0.1911,0.3454,0.0348,0.1608,0.8044
2126,Cải lương,cailuong/audio_22_106.wav,1,0.1232,0.712,0.0711,0.0719,0.0218,0.3336,0.3334,0.3331,0.0235,0.0363,0.0645,0.8256,0.0501,0.2945,0.6253,0.0802,0.996,0.0032,0.0008,0.1761,0.1768,0.2013,0.2026,0.2432,0.0588,0.9234,0.0178
2127,Cải lương,cailuong/audio_22_106.wav,2,0.0624,0.2093,0.2939,0.3543,0.0802,0.3331,0.3332,0.3337,0.784,0.139,0.0563,0.0155,0.0052,0.7837,0.1512,0.0651,0.0372,0.9449,0.0179,0.1736,0.1745,0.2013,0.2027,0.248,0.913,0.0682,0.0188
2128,Cải lương,cailuong/audio_19_038.wav,1,0.1207,0.6178,0.1885,0.0564,0.0165,0.3334,0.3334,0.3332,0.9584,0.0327,0.0073,0.0013,0.0004,0.5606,0.3825,0.0569,0.9905,0.0078,0.0017,0.1804,0.1814,0.2092,0.2104,0.2186,0.9749,0.0204,0.0048
2129,Cải lương,cailuong/audio_19_038.wav,2,0.5088,0.2029,0.2297,0.0424,0.0161,0.3306,0.3336,0.3357,0.0543,0.2259,0.6953,0.0208,0.0037,0.0285,0.9049,0.0665,0.0263,0.1483,0.8254,0.1472,0.1486,0.1986,0.2015,0.3041,0.0389,0.8983,0.0628
2130,Cải lương,cailuong/audio_17_179.wav,1,0.0674,0.091,0.7298,0.0745,0.0374,0.3344,0.3335,0.3321,0.0744,0.7581,0.1554,0.01,0.0021,0.2562,0.6802,0.0636,0.0542,0.7019,0.2439,0.2085,0.2088,0.2091,0.2087,0.165,0.0584,0.8022,0.1394
2131,Cải lương,cailuong/audio_17_179.wav,2,0.0508,0.5498,0.1206,0.2439,0.035,0.3357,0.3333,0.331,0.0429,0.9007,0.0515,0.004,0.0009,0.0153,0.0569,0.9278,0.8965,0.0877,0.0157,0.2455,0.2442,0.1988,0.1963,0.1152,0.0467,0.2366,0.7167
2132,Cải lương,cailuong/audio_24_140.wav,1,0.0497,0.49,0.115,0.3062,0.0391,0.3324,0.3335,0.334,0.0095,0.0443,0.9411,0.0044,0.0008,0.0267,0.1688,0.8046,0.8965,0.0877,0.0157,0.161,0.1621,0.2013,0.2035,0.2721,0.029,0.9315,0.0395
2133,Cải lương,cailuong/audio_24_140.wav,2,0.0436,0.3481,0.0983,0.4651,0.0449,0.3321,0.3336,0.3343,0.1462,0.8008,0.0462,0.0054,0.0014,0.0416,0.287,0.6714,0.8965,0.0877,0.0157,0.1719,0.1744,0.2465,0.2488,0.1584,0.066,0.7392,0.1948
2134,Cải lương,cailuong/audio_25_104.wav,1,0.9887,0.0053,0.0041,0.0014,0.0006,0.3329,0.3329,0.3342,0.028,0.9506,0.0193,0.0018,0.0004,0.0526,0.4678,0.4796,0.0372,0.9449,0.0179,0.1317,0.1329,0.1816,0.1847,0.3691,0.554,0.409,0.037
2135,Cải lương,cailuong/audio_25_104.wav,2,0.8239,0.0822,0.0563,0.0257,0.0119,0.3332,0.3335,0.3333,0.0184,0.0728,0.8976,0.0095,0.0016,0.0654,0.758,0.1766,0.2741,0.6756,0.0503,0.135,0.1362,0.1815,0.1843,0.3631,0.9503,0.0429,0.0068
2136,Cải lương,cailuong/audio_12_083.wav,1,0.0514,0.3282,0.0716,0.486,0.0627,0.332,0.3335,0.3345,0.7404,0.1622,0.07,0.0204,0.007,0.1052,0.6477,0.2471,0.0263,0.1483,0.8254,0.1545,0.1555,0.1935,0.1957,0.3008,0.9677,0.0261,0.0063
2137,Cải lương,cailuong/audio_12_083.wav,2,0.0063,0.0078,0.9812,0.0034,0.0013,0.3314,0.3335,0.3351,0.966,0.025,0.007,0.0015,0.0004,0.809,0.1518,0.0392,0.0067,0.9844,0.0089,0.1552,0.1563,0.1945,0.1967,0.2973,0.9557,0.0355,0.0088
2138,Cải lương,cailuong/audio_4_101.wav,1,0.0763,0.1561,0.3441,0.2743,0.1492,0.3323,0.3336,0.334,0.0554,0.5614,0.3685,0.0122,0.0025,0.9987,0.001,0.0003,0.0542,0.7019,0.2439,0.1748,0.1765,0.2249,0.2267,0.1971,0.5144,0.4473,0.0384
2139,Cải lương,cailuong/audio_4_101.wav,2,0.0437,0.6825,0.0636,0.182,0.0281,0.3326,0.3336,0.3338,0.7059,0.2481,0.0384,0.006,0.0016,0.6661,0.2883,0.0455,0.2741,0.6756,0.0503,0.1477,0.1497,0.222,0.2259,0.2547,0.33,0.6302,0.0398
2140,Cải lương,cailuong/audio_20_005.wav,1,0.0516,0.687,0.1314,0.1084,0.0216,0.3319,0.3336,0.3346,0.0575,0.7894,0.1432,0.0082,0.0017,0.067,0.9002,0.0328,0.9905,0.0078,0.0017,0.1943,0.1951,0.2118,0.2122,0.1866,0.317,0.6434,0.0396
2141,Cải lương,cailuong/audio_20_005.wav,2,0.0631,0.1775,0.5689,0.1472,0.0434,0.332,0.3337,0.3343,0.0228,0.1271,0.84,0.0085,0.0016,0.0512,0.7514,0.1974,0.0422,0.1103,0.8475,0.1543,0.156,0.2142,0.2172,0.2582,0.0686,0.7082,0.2232
2142,Cải lương,cailuong/audio_14_069.wav,1,0.0643,0.1452,0.5893,0.1477,0.0535,0.3306,0.3337,0.3356,0.0683,0.2486,0.6507,0.0275,0.0049,0.0159,0.9586,0.0255,0.9905,0.0078,0.0017,0.1712,0.1726,0.2147,0.2165,0.225,0.7684,0.2069,0.0247
2143,Cải lương,cailuong/audio_14_069.wav,2,0.0786,0.2273,0.6129,0.0624,0.0188,0.3307,0.3336,0.3356,0.7422,0.2121,0.038,0.0061,0.0017,0.1502,0.795,0.0548,0.0263,0.1483,0.8254,0.131,0.1325,0.1892,0.1927,0.3546,0.8383,0.1429,0.0187
2144,Cải lương,cailuong/audio_12_147.wav,1,0.1023,0.1517,0.3437,0.2153,0.187,0.3337,0.3334,0.3329,0.4272,0.5017,0.0606,0.0083,0.0022,0.0718,0.7949,0.1333,0.2741,0.6756,0.0503,0.1929,0.1936,0.2103,0.2108,0.1924,0.1456,0.8242,0.0302
2145,Cải lương,cailuong/audio_12_147.wav,2,0.0599,0.1396,0.2085,0.381,0.211,0.3336,0.3335,0.3329,0.1041,0.8545,0.0364,0.004,0.001,0.8448,0.1228,0.0324,0.0021,0.0073,0.9906,0.1959,0.1967,0.214,0.2143,0.1791,0.2353,0.7279,0.0368
2146,Cải lương,cailuong/audio_4_081.wav,1,0.0877,0.2542,0.0966,0.399,0.1625,0.3316,0.3336,0.3348,0.9973,0.002,0.0005,0.0001,0.0,0.6878,0.2689,0.0433,0.64,0.3185,0.0415,0.226,0.227,0.2204,0.2182,0.1085,0.9858,0.0121,0.0021
2147,Cải lương,cailuong/audio_4_081.wav,2,0.0575,0.37,0.1836,0.3396,0.0493,0.3314,0.3337,0.3348,0.9107,0.0709,0.0149,0.0026,0.0007,0.9733,0.0216,0.0051,0.64,0.3185,0.0415,0.1627,0.1647,0.2286,0.2314,0.2125,0.9574,0.0367,0.0059
2148,Cải lương,cailuong/audio_10_053.wav,1,0.0047,0.0225,0.0099,0.9511,0.0117,0.3313,0.3334,0.3353,0.0316,0.0883,0.832,0.0426,0.0055,0.0408,0.8311,0.1281,0.969,0.0242,0.0069,0.1518,0.1529,0.1927,0.1951,0.3075,0.7997,0.1781,0.0221
2149,Cải lương,cailuong/audio_10_053.wav,2,0.0063,0.0273,0.0115,0.9352,0.0196,0.3316,0.3334,0.335,0.0903,0.2725,0.5903,0.0399,0.007,0.0104,0.9764,0.0132,0.0021,0.0073,0.9906,0.1536,0.1547,0.194,0.1963,0.3014,0.9905,0.0078,0.0017
2150,Cải lương,cailuong/audio_7_011.wav,1,0.7891,0.0966,0.0848,0.0211,0.0084,0.3331,0.3331,0.3337,0.0716,0.396,0.51,0.0189,0.0036,0.0595,0.3875,0.553,0.64,0.3185,0.0415,0.1691,0.17,0.1977,0.1992,0.264,0.9975,0.0021,0.0004
2151,Cải lương,cailuong/audio_7_011.wav,2,0.9971,0.0013,0.0011,0.0004,0.0002,0.3337,0.3329,0.3334,0.3306,0.5147,0.132,0.0183,0.0045,0.0909,0.4548,0.4543,0.0263,0.1483,0.8254,0.1747,0.1753,0.1985,0.1997,0.2518,0.8699,0.1,0.0301
2152,Cải lương,cailuong/audio_18_114.wav,1,0.1119,0.6575,0.1622,0.0531,0.0154,0.3336,0.3335,0.3329,0.0115,0.0396,0.9395,0.0081,0.0012,0.9928,0.0058,0.0015,0.2741,0.6756,0.0503,0.1573,0.1585,0.1978,0.2001,0.2863,0.0007,0.9988,0.0005
2153,Cải lương,cailuong/audio_18_114.wav,2,0.5614,0.2244,0.1596,0.0398,0.0148,0.3336,0.3334,0.3331,0.3785,0.4664,0.1307,0.0195,0.0049,0.9228,0.0578,0.0194,0.9336,0.0507,0.0157,0.1871,0.188,0.2108,0.2116,0.2025,0.7967,0.1809,0.0224
2154,Cải lương,cailuong/audio_24_186.wav,1,0.0423,0.7964,0.0902,0.058,0.013,0.3337,0.3334,0.333,0.631,0.3135,0.0466,0.007,0.0019,0.5936,0.3476,0.0589,0.969,0.0242,0.0069,0.1372,0.1392,0.2136,0.2181,0.2919,0.7274,0.2449,0.0277
2155,Cải lương,cailuong/audio_24_186.wav,2,0.0433,0.1883,0.1419,0.5588,0.0677,0.3328,0.3334,0.3338,0.312,0.6197,0.0588,0.0076,0.0019,0.0145,0.9712,0.0143,0.0372,0.9449,0.0179,0.1304,0.1322,0.2044,0.2089,0.3241,0.616,0.3497,0.0344
2156,Cải lương,cailuong/audio_15_040.wav,1,0.0455,0.6202,0.0926,0.2116,0.0301,0.3318,0.3336,0.3346,0.3087,0.6282,0.0543,0.007,0.0018,0.0364,0.9305,0.0331,0.0263,0.1483,0.8254,0.1357,0.1372,0.1946,0.1981,0.3344,0.4028,0.5569,0.0403
2157,Cải lương,cailuong/audio_15_040.wav,2,0.3682,0.4487,0.114,0.0514,0.0177,0.3331,0.3332,0.3337,0.8871,0.0863,0.0214,0.004,0.0011,0.7646,0.2004,0.035,0.0021,0.0073,0.9906,0.1331,0.1343,0.1826,0.1857,0.3644,0.987,0.0111,0.002
2158,Cải lương,cailuong/audio_21_049.wav,1,0.8478,0.0538,0.0715,0.0184,0.0087,0.332,0.3335,0.3345,0.091,0.523,0.3633,0.0189,0.0038,0.1316,0.7985,0.0699,0.8965,0.0877,0.0157,0.1444,0.1458,0.1967,0.1998,0.3134,0.4603,0.5,0.0396
2159,Cải lương,cailuong/audio_21_049.wav,2,0.243,0.1158,0.5653,0.0513,0.0246,0.3291,0.3341,0.3367,0.0355,0.1295,0.8136,0.0184,0.0031,0.0646,0.8932,0.0422,0.0422,0.1103,0.8475,0.1369,0.1385,0.2004,0.2042,0.32,0.0013,0.9979,0.0007
2160,Cải lương,cailuong/audio_12_171.wav,1,0.0742,0.1502,0.5022,0.1898,0.0836,0.3324,0.3332,0.3344,0.3288,0.5674,0.0891,0.0117,0.0029,0.7254,0.2284,0.0462,0.996,0.0032,0.0008,0.1733,0.1742,0.2017,0.2031,0.2478,0.0022,0.9966,0.0012
2161,Cải lương,cailuong/audio_12_171.wav,2,0.0062,0.0216,0.0121,0.9237,0.0364,0.332,0.3336,0.3344,0.7313,0.168,0.0723,0.0211,0.0073,0.9059,0.0708,0.0233,0.0067,0.9844,0.0089,0.1779,0.1786,0.201,0.2021,0.2405,0.9272,0.0574,0.0153
2162,Cải lương,cailuong/audio_8_179.wav,1,0.4281,0.3756,0.1314,0.048,0.0168,0.3318,0.3337,0.3346,0.0757,0.151,0.4564,0.2925,0.0244,0.0175,0.9482,0.0343,0.9905,0.0078,0.0017,0.1414,0.1436,0.2263,0.2311,0.2576,0.0598,0.9222,0.018
2163,Cải lương,cailuong/audio_8_179.wav,2,0.3557,0.4632,0.1109,0.0522,0.0179,0.3313,0.3337,0.335,0.1173,0.8265,0.0493,0.0055,0.0014,0.0358,0.2631,0.7011,0.9905,0.0078,0.0017,0.186,0.1873,0.2168,0.2177,0.1922,0.2338,0.7295,0.0367
2164,Cải lương,cailuong/audio_9_151.wav,1,0.0712,0.3075,0.4204,0.1624,0.0385,0.3312,0.3336,0.3351,0.0698,0.5543,0.3585,0.0145,0.0029,0.6456,0.3028,0.0516,0.0021,0.0073,0.9906,0.2332,0.2329,0.2063,0.2043,0.1233,0.0441,0.8776,0.0783
2165,Cải lương,cailuong/audio_9_151.wav,2,0.0518,0.2073,0.1931,0.4732,0.0746,0.3316,0.3337,0.3347,0.0299,0.1471,0.8096,0.0114,0.002,0.5454,0.3908,0.0638,0.0422,0.1103,0.8475,0.2512,0.2495,0.1951,0.1925,0.1117,0.0011,0.9983,0.0006
2166,Cải lương,cailuong/audio_23_135.wav,1,0.1088,0.7732,0.0664,0.0397,0.012,0.3323,0.3333,0.3344,0.0752,0.1577,0.5317,0.2151,0.0204,0.0421,0.8042,0.1537,0.0021,0.0073,0.9906,0.1303,0.1316,0.1824,0.1856,0.3702,0.0001,0.9998,0.0001
2167,Cải lương,cailuong/audio_23_135.wav,2,0.0419,0.7177,0.0879,0.1305,0.022,0.3322,0.3334,0.3343,0.7499,0.1827,0.0538,0.0106,0.003,0.0074,0.0275,0.9651,0.2741,0.6756,0.0503,0.1679,0.1689,0.2002,0.2019,0.2611,0.8494,0.1147,0.0359
2168,Cải lương,cailuong/audio_8_159.wav,1,0.8427,0.0802,0.0538,0.0166,0.0066,0.3308,0.3339,0.3353,0.0298,0.1317,0.8237,0.0126,0.0022,0.047,0.7688,0.1842,0.996,0.0032,0.0008,0.1818,0.1828,0.211,0.2122,0.2122,0.0001,0.9998,0.0001
2169,Cải lương,cailuong/audio_8_159.wav,2,0.0812,0.7319,0.1258,0.048,0.0132,0.3322,0.3336,0.3342,0.0615,0.5018,0.4189,0.0148,0.003,0.0057,0.9876,0.0066,0.996,0.0032,0.0008,0.2345,0.2356,0.2191,0.2161,0.0948,0.0648,0.3979,0.5373
2170,Cải lương,cailuong/audio_20_018.wav,1,0.41,0.2169,0.3082,0.0472,0.0178,0.3332,0.3334,0.3335,0.0639,0.6547,0.2672,0.0117,0.0024,0.9309,0.0526,0.0165,0.0067,0.9844,0.0089,0.1961,0.1968,0.2108,0.2111,0.1852,0.0004,0.9994,0.0002
2171,Cải lương,cailuong/audio_20_018.wav,2,0.0131,0.9381,0.019,0.0249,0.005,0.3321,0.3333,0.3346,0.6788,0.1927,0.0901,0.0283,0.0101,0.3682,0.5611,0.0707,0.0067,0.9844,0.0089,0.1509,0.1519,0.1897,0.1919,0.3156,0.8266,0.1307,0.0427
2172,Cải lương,cailuong/audio_2_027.wav,1,0.0253,0.1411,0.0425,0.7457,0.0453,0.3323,0.3335,0.3343,0.177,0.6045,0.1906,0.0223,0.0056,0.0479,0.1439,0.8082,0.9336,0.0507,0.0157,0.1716,0.1725,0.1997,0.2012,0.255,0.0025,0.0075,0.9899
2173,Cải lương,cailuong/audio_2_027.wav,2,0.0339,0.1705,0.0514,0.6801,0.0641,0.3321,0.3335,0.3344,0.0593,0.3828,0.5375,0.017,0.0034,0.0105,0.0484,0.941,0.0372,0.9449,0.0179,0.1648,0.1662,0.2095,0.2116,0.2479,0.0521,0.8397,0.1082
2174,Cải lương,cailuong/audio_8_122.wav,1,0.282,0.1208,0.5282,0.0474,0.0216,0.3328,0.3333,0.3339,0.0405,0.0556,0.0841,0.5212,0.2986,0.0516,0.6867,0.2617,0.0021,0.0073,0.9906,0.1274,0.1287,0.1767,0.1799,0.3873,0.0415,0.2014,0.7571
2175,Cải lương,cailuong/audio_8_122.wav,2,0.6417,0.1066,0.1869,0.0431,0.0217,0.3329,0.3333,0.3338,0.0408,0.0564,0.0864,0.5847,0.2317,0.0249,0.9082,0.0669,0.0021,0.0073,0.9906,0.1437,0.1449,0.1869,0.1895,0.3349,0.0005,0.0017,0.9978
2176,Cải lương,cailuong/audio_20_004.wav,1,0.0207,0.8939,0.0344,0.0428,0.0083,0.3318,0.3337,0.3345,0.0786,0.8739,0.0422,0.0042,0.001,0.3839,0.5556,0.0605,0.9905,0.0078,0.0017,0.2012,0.2016,0.2073,0.2073,0.1826,0.1922,0.7737,0.0341
2177,Cải lương,cailuong/audio_20_004.wav,2,0.0185,0.9381,0.0176,0.0208,0.005,0.3313,0.3337,0.335,0.5042,0.4327,0.0535,0.0076,0.002,0.2397,0.7026,0.0577,0.9905,0.0078,0.0017,0.2162,0.2161,0.2055,0.2047,0.1575,0.3153,0.6452,0.0396
2178,Cải lương,cailuong/audio_26_120.wav,1,0.0126,0.0223,0.9492,0.0116,0.0043,0.3333,0.3334,0.3333,0.1275,0.8241,0.0424,0.0048,0.0012,0.229,0.7143,0.0566,0.0422,0.1103,0.8475,0.1731,0.1749,0.2246,0.2265,0.2008,0.2568,0.7054,0.0377
2179,Cải lương,cailuong/audio_26_120.wav,2,0.0969,0.3484,0.4608,0.0727,0.0211,0.329,0.3343,0.3367,0.0306,0.9075,0.0575,0.0036,0.0008,0.0024,0.9952,0.0024,0.0263,0.1483,0.8254,0.1131,0.1151,0.2049,0.2112,0.3557,0.0712,0.5054,0.4234
2180,Cải lương,cailuong/audio_3_058.wav,1,0.0542,0.8686,0.0382,0.0304,0.0086,0.3321,0.3333,0.3346,0.0623,0.3384,0.5779,0.018,0.0034,0.0459,0.7892,0.1648,0.2741,0.6756,0.0503,0.1519,0.1531,0.1948,0.1972,0.3029,0.0267,0.9383,0.0349
2181,Cải lương,cailuong/audio_3_058.wav,2,0.0552,0.4236,0.0753,0.3914,0.0545,0.3307,0.3337,0.3356,0.0307,0.0463,0.0791,0.7609,0.0829,0.0472,0.1618,0.791,0.0067,0.9844,0.0089,0.1699,0.1708,0.1997,0.2012,0.2584,0.0001,0.9998,0.0001
2182,Cải lương,cailuong/audio_5_030.wav,1,0.0437,0.0444,0.8746,0.0255,0.0119,0.331,0.3335,0.3355,0.0222,0.0657,0.8859,0.023,0.0032,0.6523,0.2919,0.0557,0.0021,0.0073,0.9906,0.1385,0.1399,0.1916,0.1948,0.3352,0.0007,0.9987,0.0005
2183,Cải lương,cailuong/audio_5_030.wav,2,0.0973,0.1506,0.3971,0.2052,0.1497,0.3341,0.3329,0.333,0.0175,0.9595,0.0209,0.0016,0.0004,0.608,0.3221,0.0699,0.996,0.0032,0.0008,0.1836,0.1844,0.2069,0.2079,0.2172,0.0427,0.8834,0.0739
2184,Cải lương,cailuong/audio_18_135.wav,1,0.388,0.3683,0.1761,0.0502,0.0174,0.3327,0.3333,0.3341,0.1526,0.7237,0.11,0.0112,0.0026,0.9539,0.0368,0.0093,0.2741,0.6756,0.0503,0.2155,0.2162,0.2166,0.2155,0.1362,0.5853,0.3789,0.0358
2185,Cải lương,cailuong/audio_18_135.wav,2,0.8705,0.0606,0.0498,0.0136,0.0055,0.3366,0.3326,0.3308,0.0675,0.1122,0.2316,0.5506,0.0381,0.9869,0.0104,0.0027,0.0372,0.9449,0.0179,0.1895,0.1904,0.2124,0.2131,0.1947,0.0344,0.914,0.0515
2186,Cải lương,cailuong/audio_5_166.wav,1,0.0633,0.5286,0.2047,0.1707,0.0327,0.3314,0.3337,0.335,0.0078,0.0333,0.9541,0.0041,0.0007,0.1284,0.7372,0.1344,0.9905,0.0078,0.0017,0.1873,0.188,0.2047,0.2053,0.2147,0.002,0.9965,0.0015
2187,Cải lương,cailuong/audio_5_166.wav,2,0.1901,0.1753,0.5723,0.0454,0.0168,0.3317,0.3337,0.3346,0.0114,0.0367,0.9405,0.01,0.0014,0.0853,0.8586,0.0561,0.996,0.0032,0.0008,0.1703,0.1712,0.2015,0.203,0.254,0.0009,0.9986,0.0005
2188,Cải lương,cailuong/audio_22_094.wav,1,0.003,0.9896,0.0037,0.003,0.0007,0.3308,0.3337,0.3355,0.0756,0.1648,0.5845,0.158,0.0171,0.8503,0.1077,0.042,0.0542,0.7019,0.2439,0.175,0.1759,0.204,0.2054,0.2397,0.0008,0.9987,0.0005
2189,Cải lương,cailuong/audio_22_094.wav,2,0.0821,0.4375,0.3586,0.0968,0.0249,0.3344,0.3334,0.3322,0.1448,0.8058,0.0432,0.005,0.0013,0.8207,0.1272,0.0521,0.9905,0.0078,0.0017,0.2025,0.2029,0.2085,0.2083,0.1778,0.0012,0.998,0.0008
2190,Cải lương,cailuong/audio_17_135.wav,1,0.0538,0.1338,0.1801,0.4277,0.2046,0.3335,0.3336,0.333,0.0191,0.9487,0.0297,0.002,0.0005,0.0504,0.5829,0.3666,0.969,0.0242,0.0069,0.1786,0.1805,0.2299,0.2314,0.1798,0.0461,0.9389,0.015
2191,Cải lương,cailuong/audio_17_135.wav,2,0.1335,0.7307,0.0697,0.0505,0.0156,0.3357,0.3333,0.331,0.9731,0.0196,0.0057,0.0012,0.0004,0.0229,0.1204,0.8567,0.0422,0.1103,0.8475,0.1684,0.1697,0.2095,0.2114,0.2411,0.9532,0.0374,0.0094
2192,Cải lương,cailuong/audio_11_164.wav,1,0.1794,0.1861,0.5711,0.0465,0.0169,0.3337,0.3332,0.3332,0.1801,0.4255,0.3446,0.0411,0.0086,0.0269,0.9558,0.0173,0.2741,0.6756,0.0503,0.1455,0.1466,0.1875,0.19,0.3303,0.4903,0.4707,0.039
2193,Cải lương,cailuong/audio_11_164.wav,2,0.0591,0.119,0.6693,0.1097,0.0429,0.3326,0.3334,0.3341,0.0611,0.191,0.7082,0.034,0.0056,0.0371,0.8274,0.1354,0.0263,0.1483,0.8254,0.1446,0.1457,0.187,0.1895,0.3331,0.636,0.3307,0.0333
2194,Cải lương,cailuong/audio_17_096.wav,1,0.0458,0.0911,0.1137,0.2527,0.4967,0.3342,0.3332,0.3326,0.2812,0.6018,0.0997,0.0137,0.0037,0.0429,0.2018,0.7553,0.0021,0.0073,0.9906,0.2162,0.216,0.2042,0.2034,0.1603,0.0719,0.6427,0.2854
2195,Cải lương,cailuong/audio_17_096.wav,2,0.0562,0.1626,0.6798,0.0783,0.0231,0.3342,0.3333,0.3324,0.9004,0.0691,0.0232,0.0055,0.0017,0.2656,0.6726,0.0618,0.0542,0.7019,0.2439,0.1421,0.1434,0.1939,0.197,0.3236,0.9174,0.0649,0.0177
2196,Cải lương,cailuong/audio_17_023.wav,1,0.0677,0.3227,0.3127,0.2475,0.0495,0.3358,0.3332,0.331,0.0328,0.8971,0.0652,0.004,0.0009,0.0343,0.1033,0.8624,0.9905,0.0078,0.0017,0.2372,0.2366,0.2036,0.2015,0.1212,0.0112,0.9838,0.005
2197,Cải lương,cailuong/audio_17_023.wav,2,0.0569,0.4636,0.1632,0.275,0.0413,0.3354,0.3331,0.3315,0.8967,0.0836,0.0162,0.0028,0.0008,0.0152,0.0542,0.9307,0.9905,0.0078,0.0017,0.2326,0.2321,0.204,0.2021,0.1293,0.9717,0.0242,0.0041
2198,Cải lương,cailuong/audio_4_002.wav,1,0.0697,0.1399,0.5695,0.1556,0.0654,0.3347,0.333,0.3323,0.0904,0.5973,0.2926,0.0163,0.0034,0.9952,0.0037,0.0011,0.0422,0.1103,0.8475,0.1825,0.1833,0.2061,0.2071,0.221,0.0247,0.9441,0.0312
2199,Cải lương,cailuong/audio_4_002.wav,2,0.0673,0.2301,0.4892,0.1696,0.0438,0.3296,0.3339,0.3365,0.1115,0.5347,0.3279,0.0214,0.0044,0.9459,0.0443,0.0098,0.2741,0.6756,0.0503,0.1654,0.1668,0.2101,0.2122,0.2455,0.0053,0.9903,0.0044
2200,Cải lương,cailuong/audio_7_015.wav,1,0.322,0.4893,0.1202,0.0513,0.0173,0.3331,0.3333,0.3336,0.0364,0.8553,0.1019,0.0053,0.0011,0.025,0.1605,0.8145,0.0067,0.9844,0.0089,0.1748,0.1755,0.2006,0.2019,0.2473,0.9796,0.0166,0.0038
2201,Cải lương,cailuong/audio_7_015.wav,2,0.6338,0.1215,0.1978,0.0331,0.0138,0.333,0.3332,0.3338,0.0865,0.8456,0.0603,0.0061,0.0015,0.0161,0.0881,0.8958,0.0067,0.9844,0.0089,0.1685,0.1694,0.1994,0.201,0.2617,0.741,0.2323,0.0267
2202,Cải lương,cailuong/audio_8_256.wav,1,0.7867,0.0804,0.1028,0.0212,0.0089,0.3329,0.3336,0.3335,0.2069,0.7135,0.0694,0.0081,0.002,0.0679,0.409,0.5231,0.969,0.0242,0.0069,0.1278,0.129,0.1765,0.1796,0.3872,0.584,0.3801,0.0358
2203,Cải lương,cailuong/audio_8_256.wav,2,0.0913,0.0902,0.7781,0.0292,0.0112,0.3302,0.3335,0.3363,0.8158,0.151,0.0275,0.0045,0.0012,0.1412,0.8003,0.0585,0.0372,0.9449,0.0179,0.128,0.1296,0.1928,0.1968,0.3528,0.8144,0.1648,0.0209
2204,Cải lương,cailuong/audio_4_216.wav,1,0.1852,0.6345,0.085,0.0719,0.0234,0.3318,0.3337,0.3346,0.5735,0.3646,0.0522,0.0077,0.002,0.9742,0.0201,0.0057,0.8965,0.0877,0.0157,0.1861,0.1869,0.2082,0.209,0.2098,0.9997,0.0003,0.0001
2205,Cải lương,cailuong/audio_4_216.wav,2,0.1109,0.1357,0.7018,0.038,0.0137,0.332,0.3336,0.3344,0.0658,0.8128,0.112,0.0077,0.0017,0.8404,0.1336,0.0261,0.9905,0.0078,0.0017,0.1711,0.1724,0.2112,0.2129,0.2324,0.1872,0.779,0.0338
2206,Cải lương,cailuong/audio_18_132.wav,1,0.1572,0.6939,0.0895,0.0453,0.0141,0.3301,0.3338,0.3361,0.9598,0.0297,0.0082,0.0017,0.0005,0.9881,0.0095,0.0024,0.0263,0.1483,0.8254,0.2482,0.247,0.1994,0.1967,0.1087,0.5303,0.4318,0.0379
2207,Cải lương,cailuong/audio_18_132.wav,2,0.1418,0.2075,0.5848,0.049,0.0169,0.3336,0.3331,0.3333,0.1223,0.8122,0.0578,0.0061,0.0015,0.8831,0.097,0.0199,0.64,0.3185,0.0415,0.2172,0.2183,0.2221,0.2207,0.1217,0.0013,0.9977,0.0009
2208,Cải lương,cailuong/audio_15_154.wav,1,0.0326,0.0409,0.9061,0.0148,0.0056,0.3316,0.3335,0.3348,0.124,0.6386,0.2167,0.017,0.0037,0.6129,0.3378,0.0494,0.0021,0.0073,0.9906,0.119,0.1204,0.1741,0.1776,0.4089,0.0083,0.9842,0.0075
2209,Cải lương,cailuong/audio_15_154.wav,2,0.0693,0.6736,0.171,0.0688,0.0173,0.3328,0.3333,0.334,0.2227,0.5514,0.1973,0.0233,0.0053,0.9698,0.023,0.0072,0.0422,0.1103,0.8475,0.1469,0.1482,0.1924,0.1951,0.3174,0.9709,0.025,0.0042
2210,Cải lương,cailuong/audio_20_120.wav,1,0.0742,0.4229,0.3371,0.1345,0.0313,0.3309,0.3338,0.3353,0.0308,0.085,0.8387,0.0404,0.0051,0.05,0.6398,0.3102,0.0372,0.9449,0.0179,0.1623,0.1635,0.2002,0.2022,0.2718,0.0167,0.0439,0.9394
2211,Cải lương,cailuong/audio_20_120.wav,2,0.0692,0.3488,0.3212,0.2162,0.0445,0.3323,0.3336,0.3341,0.0421,0.8161,0.1338,0.0065,0.0014,0.0493,0.4199,0.5308,0.0422,0.1103,0.8475,0.1666,0.1681,0.2129,0.215,0.2374,0.4019,0.5579,0.0403
2212,Cải lương,cailuong/audio_13_072.wav,1,0.0428,0.3805,0.0788,0.4542,0.0437,0.3323,0.3336,0.3341,0.0679,0.526,0.3885,0.0147,0.0029,0.0534,0.1481,0.7985,0.9905,0.0078,0.0017,0.1732,0.1746,0.2161,0.2179,0.2181,0.0728,0.5834,0.3438
2213,Cải lương,cailuong/audio_13_072.wav,2,0.0352,0.7854,0.0498,0.1107,0.0189,0.3319,0.3337,0.3345,0.0688,0.6221,0.2935,0.013,0.0027,0.0391,0.1192,0.8417,0.0422,0.1103,0.8475,0.1605,0.162,0.2096,0.2121,0.2558,0.0701,0.4793,0.4506
2214,Cải lương,cailuong/audio_15_004.wav,1,0.0821,0.0836,0.7474,0.0572,0.0297,0.3309,0.3339,0.3352,0.0318,0.8963,0.067,0.004,0.0009,0.9523,0.0386,0.0092,0.0021,0.0073,0.9906,0.1279,0.1293,0.1822,0.1856,0.375,0.0208,0.0864,0.8928
2215,Cải lương,cailuong/audio_15_004.wav,2,0.0571,0.0898,0.815,0.0282,0.0099,0.3324,0.3335,0.334,0.0512,0.7809,0.1578,0.0083,0.0018,0.9933,0.0053,0.0014,0.0263,0.1483,0.8254,0.1306,0.132,0.1867,0.1902,0.3605,0.0402,0.0941,0.8656
2216,Cải lương,cailuong/audio_26_032.wav,1,0.0911,0.1018,0.7642,0.0313,0.0116,0.331,0.3336,0.3354,0.0185,0.9664,0.0136,0.0012,0.0003,0.0426,0.1185,0.8389,0.64,0.3185,0.0415,0.1988,0.1997,0.2147,0.2147,0.1721,0.0536,0.2889,0.6575
2217,Cải lương,cailuong/audio_26_032.wav,2,0.0333,0.0424,0.8843,0.0275,0.0124,0.3321,0.3331,0.3348,0.0404,0.8292,0.1229,0.0062,0.0013,0.0506,0.1351,0.8143,0.0021,0.0073,0.9906,0.2019,0.2026,0.213,0.2129,0.1696,0.0668,0.4251,0.5081
2218,Cải lương,cailuong/audio_8_036.wav,1,0.8315,0.0859,0.0497,0.0229,0.01,0.3313,0.3336,0.335,0.9675,0.0235,0.007,0.0015,0.0005,0.0681,0.8949,0.037,0.0542,0.7019,0.2439,0.1111,0.1124,0.1637,0.1672,0.4456,0.892,0.0839,0.0242
2219,Cải lương,cailuong/audio_8_036.wav,2,0.5244,0.2823,0.1015,0.0652,0.0265,0.3323,0.3335,0.3342,0.7789,0.142,0.0578,0.016,0.0054,0.0492,0.5079,0.4429,0.0372,0.9449,0.0179,0.144,0.1452,0.1882,0.1908,0.3318,0.9374,0.0497,0.0129
2220,Cải lương,cailuong/audio_4_019.wav,1,0.049,0.8644,0.0518,0.0273,0.0075,0.3327,0.3332,0.3342,0.7532,0.1859,0.0492,0.0091,0.0025,0.8229,0.1259,0.0513,0.2741,0.6756,0.0503,0.1714,0.1723,0.2006,0.2021,0.2536,0.9973,0.0023,0.0004
2221,Cải lương,cailuong/audio_4_019.wav,2,0.095,0.4889,0.0914,0.2588,0.0659,0.3331,0.3332,0.3336,0.7426,0.1612,0.0692,0.0201,0.0069,0.1771,0.7595,0.0634,0.0372,0.9449,0.0179,0.162,0.1631,0.1997,0.2017,0.2734,0.8799,0.0927,0.0274
2222,Cải lương,cailuong/audio_20_154.wav,1,0.2683,0.3501,0.3059,0.0565,0.0193,0.3314,0.3338,0.3348,0.0478,0.7561,0.1861,0.0082,0.0017,0.0831,0.8709,0.046,0.0372,0.9449,0.0179,0.1416,0.1434,0.2101,0.214,0.291,0.0227,0.9497,0.0276
2223,Cải lương,cailuong/audio_20_154.wav,2,0.0776,0.745,0.1183,0.0464,0.0127,0.3323,0.3336,0.3342,0.007,0.9822,0.0099,0.0007,0.0002,0.0487,0.802,0.1493,0.2741,0.6756,0.0503,0.1807,0.1817,0.2076,0.2088,0.2212,0.0044,0.992,0.0036
2224,Cải lương,cailuong/audio_21_132.wav,1,0.2916,0.4698,0.1682,0.0528,0.0176,0.3315,0.3336,0.3349,0.8695,0.1012,0.0238,0.0043,0.0012,0.0324,0.8974,0.0702,0.0542,0.7019,0.2439,0.135,0.1365,0.1962,0.1998,0.3325,0.9414,0.0466,0.012
2225,Cải lương,cailuong/audio_21_132.wav,2,0.2661,0.1251,0.5164,0.0612,0.0312,0.3322,0.3336,0.3342,0.1151,0.2569,0.5353,0.0797,0.0131,0.0508,0.6261,0.3231,0.2741,0.6756,0.0503,0.154,0.1552,0.1944,0.1967,0.2997,0.9864,0.0111,0.0025
2226,Cải lương,cailuong/audio_26_055.wav,1,0.0674,0.1851,0.3681,0.291,0.0884,0.332,0.3335,0.3345,0.7967,0.1657,0.0308,0.0053,0.0015,0.056,0.5294,0.4146,0.0067,0.9844,0.0089,0.2691,0.2674,0.1929,0.1888,0.0818,0.4472,0.5129,0.0398
2227,Cải lương,cailuong/audio_26_055.wav,2,0.0612,0.1437,0.6163,0.1331,0.0457,0.3324,0.3334,0.3342,0.2874,0.6381,0.0639,0.0084,0.0022,0.0114,0.0625,0.9261,0.0422,0.1103,0.8475,0.2423,0.2418,0.2048,0.2022,0.1088,0.0104,0.9796,0.01
2228,Cải lương,cailuong/audio_26_059.wav,1,0.0783,0.1337,0.5639,0.1489,0.0752,0.3324,0.3336,0.3339,0.2292,0.7023,0.0591,0.0074,0.0019,0.0305,0.8786,0.0908,0.0263,0.1483,0.8254,0.2636,0.2639,0.204,0.1991,0.0695,0.0392,0.8969,0.0638
2229,Cải lương,cailuong/audio_26_059.wav,2,0.0698,0.2709,0.4834,0.1404,0.0355,0.3323,0.3331,0.3345,0.0661,0.3122,0.5973,0.0206,0.0038,0.0309,0.8747,0.0944,0.8989,0.0759,0.0252,0.2382,0.2433,0.2393,0.231,0.0482,0.0004,0.9994,0.0002
2230,Cải lương,cailuong/audio_12_150.wav,1,0.0828,0.1141,0.6405,0.1055,0.0571,0.3326,0.3336,0.3338,0.4646,0.448,0.074,0.0106,0.0028,0.0737,0.6016,0.3247,0.996,0.0032,0.0008,0.1603,0.1613,0.1962,0.1981,0.2841,0.9582,0.0335,0.0083
2231,Cải lương,cailuong/audio_12_150.wav,2,0.0204,0.0471,0.0454,0.2061,0.681,0.3318,0.3337,0.3344,0.1393,0.7828,0.0687,0.0073,0.0018,0.0262,0.1118,0.862,0.8965,0.0877,0.0157,0.2128,0.213,0.208,0.2073,0.1589,0.0719,0.9079,0.0202
2232,Cải lương,cailuong/audio_19_270.wav,1,0.1515,0.2602,0.5152,0.0548,0.0183,0.3323,0.3333,0.3344,0.038,0.937,0.0223,0.0022,0.0005,0.0199,0.9664,0.0137,0.969,0.0242,0.0069,0.1925,0.1945,0.2345,0.2348,0.1438,0.9972,0.0023,0.0005
2233,Cải lương,cailuong/audio_19_270.wav,2,0.0368,0.7838,0.0757,0.0874,0.0163,0.3328,0.3332,0.3339,0.0344,0.8677,0.0919,0.0049,0.0011,0.036,0.8438,0.1202,0.996,0.0032,0.0008,0.2479,0.2474,0.204,0.2009,0.0998,0.0039,0.994,0.002
2234,Cải lương,cailuong/audio_16_123.wav,1,0.069,0.1486,0.5463,0.1696,0.0664,0.3321,0.3337,0.3342,0.1385,0.7759,0.0751,0.0084,0.0021,0.037,0.8429,0.1201,0.996,0.0032,0.0008,0.1848,0.1858,0.212,0.213,0.2044,0.0121,0.0327,0.9552
2235,Cải lương,cailuong/audio_16_123.wav,2,0.066,0.0544,0.8411,0.0265,0.012,0.3316,0.3336,0.3348,0.0625,0.1246,0.388,0.3998,0.0252,0.8162,0.1538,0.03,0.0067,0.9844,0.0089,0.1738,0.1746,0.2005,0.2019,0.2492,0.0196,0.0505,0.9299
2236,Cải lương,cailuong/audio_21_062.wav,1,0.2088,0.1088,0.6205,0.0428,0.0191,0.3323,0.3334,0.3343,0.0791,0.8505,0.0633,0.0058,0.0013,0.1992,0.7343,0.0665,0.2741,0.6756,0.0503,0.1414,0.1425,0.1855,0.1882,0.3424,0.9115,0.0772,0.0113
2237,Cải lương,cailuong/audio_21_062.wav,2,0.8601,0.0573,0.0621,0.0145,0.0061,0.3311,0.3337,0.3352,0.9998,0.0001,0.0,0.0,0.0,0.0598,0.5617,0.3784,0.0372,0.9449,0.0179,0.1371,0.1387,0.199,0.2026,0.3226,0.9497,0.0434,0.0069
2238,Cải lương,cailuong/audio_17_000.wav,1,0.2614,0.1232,0.5261,0.0593,0.03,0.3331,0.3332,0.3337,0.0013,0.9974,0.0012,0.0001,0.0,0.0078,0.9826,0.0096,0.0372,0.9449,0.0179,0.2033,0.2046,0.2241,0.2238,0.1443,0.8596,0.1237,0.0167
2239,Cải lương,cailuong/audio_17_000.wav,2,0.0619,0.0944,0.7241,0.0812,0.0384,0.3324,0.3331,0.3345,0.0601,0.3224,0.5965,0.0177,0.0033,0.0357,0.8392,0.1252,0.996,0.0032,0.0008,0.2738,0.2708,0.1862,0.1824,0.0868,0.0116,0.9771,0.0114
2240,Cải lương,cailuong/audio_25_109.wav,1,0.1788,0.1811,0.5774,0.0459,0.0168,0.3336,0.3336,0.3328,0.0254,0.9426,0.0292,0.0023,0.0005,0.0346,0.1009,0.8645,0.64,0.3185,0.0415,0.1575,0.1588,0.2006,0.2029,0.2802,0.0313,0.9573,0.0114
2241,Cải lương,cailuong/audio_25_109.wav,2,0.1614,0.0989,0.6675,0.0486,0.0237,0.3326,0.3334,0.334,0.0548,0.9155,0.0263,0.0027,0.0007,0.0159,0.0674,0.9167,0.996,0.0032,0.0008,0.1285,0.1298,0.1805,0.1838,0.3775,0.0119,0.9764,0.0118
2242,Cải lương,cailuong/audio_15_053.wav,1,0.2585,0.5005,0.1702,0.0534,0.0175,0.3326,0.3336,0.3338,0.0406,0.2759,0.669,0.0122,0.0023,0.0124,0.9703,0.0173,0.0263,0.1483,0.8254,0.1506,0.1518,0.1962,0.1987,0.3027,0.5101,0.4514,0.0385
2243,Cải lương,cailuong/audio_15_053.wav,2,0.0754,0.4262,0.343,0.1256,0.0298,0.3318,0.3337,0.3344,0.0669,0.8387,0.0863,0.0067,0.0015,0.0226,0.958,0.0194,0.64,0.3185,0.0415,0.1553,0.1567,0.2027,0.2052,0.28,0.0001,0.9999,0.0001
2244,Cải lương,cailuong/audio_6_121.wav,1,0.4939,0.2149,0.2312,0.0436,0.0164,0.3338,0.3331,0.3331,0.1216,0.374,0.4605,0.0368,0.0071,0.0246,0.0779,0.8975,0.2741,0.6756,0.0503,0.1484,0.1495,0.1914,0.1939,0.3168,0.8206,0.1591,0.0203
2245,Cải lương,cailuong/audio_6_121.wav,2,0.4559,0.3703,0.1026,0.0524,0.0189,0.3337,0.3331,0.3331,0.1431,0.377,0.4279,0.0435,0.0085,0.0147,0.0566,0.9287,0.0263,0.1483,0.8254,0.1594,0.1604,0.1939,0.1958,0.2905,0.8244,0.1556,0.02
2246,Cải lương,cailuong/audio_6_194.wav,1,0.6585,0.1744,0.1222,0.0325,0.0123,0.3319,0.3333,0.3348,0.2348,0.6074,0.1376,0.0163,0.0039,0.0309,0.9486,0.0205,0.0542,0.7019,0.2439,0.1211,0.1223,0.1709,0.1741,0.4116,0.0966,0.8792,0.0242
2247,Cải lương,cailuong/audio_6_194.wav,2,0.0524,0.7121,0.1312,0.0857,0.0185,0.3368,0.3323,0.3309,0.041,0.878,0.0751,0.0048,0.0011,0.0325,0.2284,0.7391,0.969,0.0242,0.0069,0.1586,0.1614,0.2512,0.255,0.1738,0.0002,0.9997,0.0001
2248,Cải lương,cailuong/audio_19_080.wav,1,0.652,0.2092,0.0817,0.0409,0.0161,0.3306,0.3335,0.3358,0.7107,0.2299,0.049,0.0082,0.0022,0.8831,0.0874,0.0295,0.2741,0.6756,0.0503,0.1467,0.1479,0.1897,0.1922,0.3235,0.8976,0.0896,0.0128
2249,Cải lương,cailuong/audio_19_080.wav,2,0.937,0.0254,0.0276,0.007,0.003,0.3316,0.3336,0.3347,0.9959,0.0031,0.0007,0.0001,0.0,0.3524,0.5871,0.0605,0.0542,0.7019,0.2439,0.1496,0.1511,0.2053,0.2084,0.2856,0.9732,0.0217,0.0051
2250,Cải lương,cailuong/audio_25_043.wav,1,0.9608,0.0177,0.0152,0.0044,0.0018,0.3324,0.3338,0.3338,0.0646,0.1346,0.4686,0.3095,0.0227,0.0255,0.9477,0.0268,0.64,0.3185,0.0415,0.1208,0.1221,0.1726,0.1759,0.4086,0.0084,0.9877,0.0039
2251,Cải lương,cailuong/audio_25_043.wav,2,0.9817,0.0076,0.0076,0.0022,0.0009,0.3364,0.3333,0.3303,0.4868,0.4172,0.0808,0.0121,0.0031,0.1453,0.8038,0.0509,0.2741,0.6756,0.0503,0.1318,0.1331,0.1836,0.1868,0.3647,0.8178,0.1617,0.0206
2252,Cải lương,cailuong/audio_0_093.wav,1,0.0581,0.1602,0.6382,0.1103,0.0331,0.3331,0.3332,0.3337,0.0267,0.9504,0.0205,0.0019,0.0005,0.9048,0.0704,0.0247,0.0372,0.9449,0.0179,0.2053,0.2054,0.2043,0.2041,0.1809,0.0482,0.8592,0.0926
2253,Cải lương,cailuong/audio_0_093.wav,2,0.2179,0.1197,0.6039,0.0412,0.0173,0.3336,0.3334,0.333,0.7685,0.1939,0.0312,0.005,0.0014,0.962,0.029,0.009,0.8965,0.0877,0.0157,0.1966,0.197,0.2046,0.2048,0.197,0.079,0.8995,0.0215
2254,Cải lương,cailuong/audio_22_182.wav,1,0.0604,0.5023,0.0765,0.3104,0.0504,0.3326,0.3337,0.3337,0.0196,0.9536,0.0246,0.0018,0.0004,0.8274,0.1453,0.0273,0.0542,0.7019,0.2439,0.182,0.1826,0.202,0.203,0.2303,0.991,0.0074,0.0016
2255,Cải lương,cailuong/audio_22_182.wav,2,0.0617,0.3522,0.0781,0.4357,0.0723,0.3325,0.3337,0.3338,0.0994,0.8174,0.0746,0.007,0.0016,0.9328,0.0549,0.0123,0.9905,0.0078,0.0017,0.1764,0.1772,0.2018,0.2031,0.2416,0.8852,0.1007,0.0141
2256,Cải lương,cailuong/audio_11_227.wav,1,0.822,0.0946,0.0506,0.0231,0.0098,0.3338,0.3332,0.333,0.9353,0.0458,0.0146,0.0033,0.001,0.5035,0.4287,0.0678,0.0021,0.0073,0.9906,0.1518,0.1531,0.1968,0.1993,0.2989,0.9918,0.0069,0.0013
2257,Cải lương,cailuong/audio_11_227.wav,2,0.1586,0.6347,0.1412,0.0501,0.0154,0.3335,0.3334,0.3332,0.9044,0.0661,0.0224,0.0054,0.0017,0.9235,0.0588,0.0177,0.0372,0.9449,0.0179,0.143,0.1443,0.1931,0.1961,0.3234,0.9669,0.0267,0.0064
2258,Cải lương,cailuong/audio_5_111.wav,1,0.019,0.0975,0.0455,0.8027,0.0354,0.3341,0.3331,0.3328,0.0483,0.126,0.7576,0.0603,0.0078,0.9554,0.0337,0.0109,0.8674,0.0982,0.0344,0.18,0.1807,0.2019,0.203,0.2343,0.9532,0.0404,0.0064
2259,Cải lương,cailuong/audio_5_111.wav,2,0.062,0.1886,0.2861,0.3685,0.0947,0.3338,0.3334,0.3327,0.038,0.1,0.7949,0.0599,0.0072,0.9823,0.0136,0.0041,0.0372,0.9449,0.0179,0.1659,0.1668,0.1978,0.1995,0.2701,0.0698,0.6903,0.2399
2260,Cải lương,cailuong/audio_2_035.wav,1,0.0071,0.0349,0.0144,0.9275,0.0162,0.333,0.3333,0.3337,0.1038,0.718,0.1612,0.0138,0.0032,0.0133,0.0588,0.9279,0.0372,0.9449,0.0179,0.1638,0.1651,0.2071,0.2092,0.2547,0.048,0.2456,0.7065
2261,Cải lương,cailuong/audio_2_035.wav,2,0.0567,0.2767,0.2073,0.3989,0.0605,0.3333,0.3332,0.3335,0.0321,0.1952,0.7598,0.0108,0.002,0.0205,0.113,0.8666,0.0021,0.0073,0.9906,0.1428,0.1444,0.201,0.2043,0.3075,0.0687,0.4545,0.4768
2262,Cải lương,cailuong/audio_17_127.wav,1,0.0429,0.1371,0.1443,0.5624,0.1133,0.3351,0.3333,0.3316,0.0536,0.6709,0.2632,0.0102,0.0021,0.048,0.3245,0.6276,0.64,0.3185,0.0415,0.1691,0.1704,0.2093,0.2111,0.2401,0.0706,0.4909,0.4385
2263,Cải lương,cailuong/audio_17_127.wav,2,0.0526,0.1441,0.1881,0.4622,0.1529,0.335,0.3333,0.3317,0.0564,0.7204,0.2116,0.0096,0.002,0.0134,0.0528,0.9338,0.64,0.3185,0.0415,0.1614,0.163,0.2156,0.2181,0.2419,0.2928,0.6682,0.039
2264,Cải lương,cailuong/audio_7_282.wav,1,0.7538,0.0788,0.1267,0.0276,0.013,0.3327,0.3335,0.3338,0.9478,0.0379,0.0112,0.0024,0.0007,0.4021,0.5324,0.0655,0.0542,0.7019,0.2439,0.1611,0.1621,0.1949,0.1968,0.2851,0.925,0.0591,0.0159
2265,Cải lương,cailuong/audio_7_282.wav,2,0.7549,0.108,0.0805,0.038,0.0186,0.3336,0.3332,0.3332,0.9204,0.0563,0.018,0.0041,0.0012,0.7961,0.1686,0.0353,0.969,0.0242,0.0069,0.1567,0.1577,0.1921,0.1942,0.2993,0.9797,0.0165,0.0038
2266,Cải lương,cailuong/audio_26_080.wav,1,0.1546,0.1324,0.5534,0.0989,0.0607,0.3316,0.3336,0.3348,0.0632,0.1233,0.3633,0.4241,0.0261,0.0497,0.5587,0.3915,0.0422,0.1103,0.8475,0.1546,0.1561,0.2048,0.2075,0.277,0.0378,0.1785,0.7837
2267,Cải lương,cailuong/audio_26_080.wav,2,0.2151,0.1237,0.5564,0.0682,0.0366,0.3329,0.3334,0.3337,0.2545,0.5565,0.1637,0.0205,0.0048,0.7366,0.2237,0.0397,0.0021,0.0073,0.9906,0.1892,0.1904,0.2179,0.2186,0.1839,0.1185,0.8544,0.0271
2268,Cải lương,cailuong/audio_21_144.wav,1,0.0698,0.4173,0.2917,0.1833,0.0379,0.3323,0.3332,0.3345,0.0052,0.0205,0.9708,0.0031,0.0005,0.0619,0.5886,0.3495,0.2741,0.6756,0.0503,0.1668,0.168,0.2071,0.2091,0.2489,0.6006,0.3643,0.0351
2269,Cải lương,cailuong/audio_21_144.wav,2,0.19,0.1103,0.6149,0.0563,0.0284,0.3326,0.3332,0.3343,0.0536,0.6794,0.2548,0.0101,0.0021,0.0472,0.4247,0.5282,0.9905,0.0078,0.0017,0.1674,0.1691,0.2227,0.225,0.2158,0.0098,0.9808,0.0093
2270,Cải lương,cailuong/audio_25_166.wav,1,0.259,0.2559,0.4132,0.053,0.0189,0.3317,0.3337,0.3346,0.704,0.2448,0.0423,0.0069,0.0019,0.0464,0.3878,0.5658,0.0021,0.0073,0.9906,0.107,0.1086,0.1772,0.182,0.4252,0.0056,0.9917,0.0028
2271,Cải lương,cailuong/audio_25_166.wav,2,0.821,0.0802,0.0598,0.0265,0.0126,0.3322,0.3334,0.3345,0.315,0.5541,0.1123,0.0148,0.0037,0.0833,0.711,0.2057,0.0422,0.1103,0.8475,0.1246,0.1259,0.1757,0.1789,0.3949,0.0745,0.9048,0.0207
2272,Cải lương,cailuong/audio_24_173.wav,1,0.1435,0.7147,0.0726,0.0528,0.0164,0.3334,0.3333,0.3333,0.8779,0.0971,0.0203,0.0037,0.0011,0.011,0.9793,0.0096,0.0372,0.9449,0.0179,0.1614,0.1627,0.2047,0.2069,0.2643,0.0018,0.9969,0.0013
2273,Cải lương,cailuong/audio_24_173.wav,2,0.1905,0.5934,0.1485,0.0515,0.0162,0.3325,0.3334,0.3341,0.4162,0.5081,0.0645,0.0088,0.0023,0.1214,0.8281,0.0505,0.0067,0.9844,0.0089,0.1622,0.1637,0.2146,0.217,0.2425,0.0249,0.9434,0.0316
2274,Cải lương,cailuong/audio_17_293.wav,1,0.0433,0.3852,0.0761,0.451,0.0444,0.3355,0.333,0.3316,0.9704,0.0215,0.0063,0.0014,0.0004,0.0431,0.3334,0.6235,0.0021,0.0073,0.9906,0.1945,0.1958,0.221,0.2213,0.1673,0.9764,0.0191,0.0045
2275,Cải lương,cailuong/audio_17_293.wav,2,0.0314,0.168,0.0823,0.67,0.0483,0.336,0.3334,0.3306,0.1384,0.7573,0.0928,0.0094,0.0022,0.0076,0.036,0.9564,0.0422,0.1103,0.8475,0.1814,0.1829,0.2228,0.2241,0.1888,0.0036,0.9936,0.0028
2276,Cải lương,cailuong/audio_7_063.wav,1,0.6674,0.2006,0.0846,0.0343,0.013,0.3334,0.3331,0.3335,0.4824,0.3935,0.1032,0.0166,0.0043,0.1547,0.2784,0.5669,0.0263,0.1483,0.8254,0.1815,0.1821,0.1995,0.2004,0.2365,0.9486,0.041,0.0104
2277,Cải lương,cailuong/audio_7_063.wav,2,0.9436,0.0256,0.0198,0.0075,0.0034,0.3328,0.3333,0.334,0.0402,0.1168,0.8036,0.0345,0.005,0.1793,0.2918,0.5289,0.0372,0.9449,0.0179,0.1851,0.1855,0.2005,0.2013,0.2276,0.9898,0.0087,0.0016
2278,Cải lương,cailuong/audio_15_106.wav,1,0.0669,0.5012,0.0792,0.2986,0.0542,0.3312,0.3336,0.3352,0.0867,0.7803,0.1216,0.0094,0.0021,0.0471,0.4343,0.5185,0.969,0.0242,0.0069,0.1114,0.1127,0.167,0.1707,0.4381,0.4174,0.5425,0.0402
2279,Cải lương,cailuong/audio_15_106.wav,2,0.057,0.448,0.076,0.3654,0.0536,0.331,0.3337,0.3353,0.0628,0.6464,0.2767,0.0117,0.0024,0.0072,0.0354,0.9574,0.996,0.0032,0.0008,0.1693,0.1706,0.2114,0.2133,0.2354,0.1643,0.8038,0.0319
2280,Cải lương,cailuong/audio_4_154.wav,1,0.0155,0.0814,0.0349,0.8386,0.0296,0.3321,0.3334,0.3345,0.0889,0.694,0.2014,0.0129,0.0028,0.3745,0.5647,0.0608,0.0542,0.7019,0.2439,0.2261,0.2266,0.2155,0.2137,0.1181,0.079,0.8996,0.0215
2281,Cải lương,cailuong/audio_4_154.wav,2,0.0241,0.0488,0.8943,0.0244,0.0084,0.3329,0.3334,0.3336,0.0683,0.2813,0.6223,0.0238,0.0043,0.9651,0.0266,0.0083,0.9336,0.0507,0.0157,0.1683,0.1696,0.2102,0.2122,0.2397,0.1272,0.8446,0.0282
2282,Cải lương,cailuong/audio_2_021.wav,1,0.0753,0.3635,0.4059,0.1247,0.0306,0.3313,0.3337,0.3349,0.3925,0.5404,0.0572,0.0079,0.0021,0.0063,0.985,0.0087,0.0372,0.9449,0.0179,0.1418,0.1436,0.2101,0.2139,0.2907,0.0406,0.8918,0.0676
2283,Cải lương,cailuong/audio_2_021.wav,2,0.0709,0.4329,0.2977,0.1635,0.0351,0.3316,0.3342,0.3342,0.0146,0.0452,0.9237,0.0145,0.0021,0.0544,0.5819,0.3637,0.9905,0.0078,0.0017,0.1297,0.1314,0.1957,0.1998,0.3434,0.0003,0.001,0.9987
2284,Cải lương,cailuong/audio_7_110.wav,1,0.3336,0.4866,0.1088,0.053,0.0181,0.3318,0.3335,0.3347,0.4817,0.4263,0.0766,0.0121,0.0034,0.1197,0.2412,0.6391,0.0372,0.9449,0.0179,0.1892,0.1896,0.2026,0.2032,0.2154,0.9364,0.0504,0.0132
2285,Cải lương,cailuong/audio_7_110.wav,2,0.6355,0.1145,0.2026,0.0332,0.0141,0.3317,0.3336,0.3347,0.4971,0.3945,0.0889,0.0151,0.0043,0.0981,0.214,0.6878,0.0422,0.1103,0.8475,0.1907,0.1911,0.2016,0.2021,0.2144,0.9998,0.0002,0.0
2286,Cải lương,cailuong/audio_2_153.wav,1,0.0223,0.0235,0.9404,0.0098,0.004,0.3327,0.3331,0.3342,0.5682,0.3753,0.0477,0.007,0.0019,0.033,0.8601,0.1069,0.0067,0.9844,0.0089,0.0989,0.1002,0.1569,0.1609,0.483,0.6872,0.2824,0.0304
2287,Cải lương,cailuong/audio_2_153.wav,2,0.0619,0.301,0.2472,0.3328,0.057,0.3315,0.3335,0.335,0.9269,0.0558,0.0138,0.0027,0.0008,0.0179,0.1074,0.8746,0.0542,0.7019,0.2439,0.1648,0.1663,0.2113,0.2135,0.244,0.9999,0.0001,0.0
2288,Cải lương,cailuong/audio_9_125.wav,1,0.149,0.2479,0.5314,0.0536,0.018,0.3326,0.3335,0.3339,0.0592,0.1062,0.2368,0.5554,0.0424,0.7423,0.2204,0.0372,0.7604,0.1691,0.0705,0.1704,0.1712,0.198,0.1994,0.2609,0.0388,0.1846,0.7766
2289,Cải lương,cailuong/audio_9_125.wav,2,0.0943,0.3406,0.4703,0.0736,0.0213,0.3322,0.3337,0.3341,0.618,0.2864,0.078,0.0138,0.0037,0.9183,0.0608,0.0209,0.0542,0.7019,0.2439,0.1651,0.1661,0.1988,0.2006,0.2695,0.9884,0.0099,0.0018
2290,Cải lương,cailuong/audio_3_145.wav,1,0.1421,0.3882,0.1143,0.2569,0.0985,0.3318,0.3335,0.3347,0.0036,0.993,0.0031,0.0003,0.0001,0.0659,0.1643,0.7698,0.8398,0.1172,0.043,0.1595,0.1606,0.1992,0.2014,0.2793,0.7212,0.2507,0.0281
2291,Cải lương,cailuong/audio_3_145.wav,2,0.1116,0.2963,0.1087,0.3369,0.1465,0.3315,0.3336,0.3349,0.0667,0.1417,0.5206,0.2503,0.0206,0.0653,0.163,0.7717,0.0263,0.1483,0.8254,0.164,0.1651,0.2027,0.2047,0.2635,0.0482,0.8593,0.0925
2292,Cải lương,cailuong/audio_23_169.wav,1,0.023,0.1396,0.0473,0.7536,0.0365,0.3323,0.3335,0.3342,0.0573,0.6451,0.2837,0.0115,0.0024,0.0137,0.0462,0.9401,0.0422,0.1103,0.8475,0.1795,0.1808,0.2143,0.2156,0.2098,0.0238,0.9465,0.0296
2293,Cải lương,cailuong/audio_23_169.wav,2,0.1074,0.5151,0.0939,0.2219,0.0617,0.332,0.3336,0.3344,0.0369,0.8515,0.105,0.0054,0.0012,0.0246,0.0773,0.8981,0.996,0.0032,0.0008,0.1688,0.1701,0.2084,0.2102,0.2425,0.2795,0.6819,0.0386
2294,Cải lương,cailuong/audio_18_238.wav,1,0.2573,0.5622,0.0944,0.0644,0.0218,0.3313,0.3336,0.3351,0.0024,0.9946,0.0028,0.0002,0.0,0.9895,0.0083,0.0022,0.0021,0.0073,0.9906,0.2492,0.2475,0.1954,0.1928,0.115,0.0792,0.8993,0.0215
2295,Cải lương,cailuong/audio_18_238.wav,2,0.0204,0.9384,0.018,0.0185,0.0047,0.3316,0.3338,0.3346,0.0309,0.176,0.7799,0.0111,0.0021,0.9726,0.0222,0.0053,0.64,0.3185,0.0415,0.2447,0.2432,0.1967,0.1944,0.121,0.0613,0.3588,0.5799
2296,Cải lương,cailuong/audio_26_064.wav,1,0.0836,0.1225,0.6056,0.1219,0.0663,0.3328,0.3333,0.3339,0.0345,0.1451,0.803,0.0149,0.0026,0.0505,0.6803,0.2692,0.0542,0.7019,0.2439,0.1729,0.1742,0.2141,0.2158,0.223,0.0461,0.8688,0.0851
2297,Cải lương,cailuong/audio_26_064.wav,2,0.0613,0.088,0.7432,0.0725,0.035,0.3306,0.3334,0.336,0.0435,0.2383,0.6999,0.0154,0.0029,0.0436,0.8451,0.1113,0.996,0.0032,0.0008,0.1461,0.1478,0.2087,0.2121,0.2852,0.0666,0.4224,0.5109
2298,Cải lương,cailuong/audio_9_116.wav,1,0.0171,0.0519,0.0335,0.7,0.1974,0.3321,0.3336,0.3342,0.0416,0.2096,0.7297,0.016,0.003,0.3595,0.5761,0.0643,0.8965,0.0877,0.0157,0.2195,0.2191,0.2032,0.2021,0.1561,0.0458,0.2301,0.7241
2299,Cải lương,cailuong/audio_9_116.wav,2,0.0212,0.0658,0.053,0.7294,0.1306,0.3318,0.3337,0.3346,0.0503,0.7588,0.1805,0.0086,0.0018,0.9859,0.0112,0.003,0.0067,0.9844,0.0089,0.216,0.216,0.2053,0.2044,0.1583,0.0041,0.9938,0.0021
2300,Cải lương,cailuong/audio_13_076.wav,1,0.3007,0.4228,0.2042,0.0541,0.0182,0.3311,0.3335,0.3354,0.0417,0.156,0.779,0.0199,0.0034,0.0411,0.1183,0.8406,0.996,0.0032,0.0008,0.1301,0.1314,0.1848,0.1882,0.3655,0.0643,0.3927,0.543
2301,Cải lương,cailuong/audio_13_076.wav,2,0.2242,0.1256,0.5915,0.0415,0.0172,0.3314,0.3336,0.3351,0.0666,0.8437,0.0818,0.0064,0.0014,0.1135,0.233,0.6535,0.0542,0.7019,0.2439,0.1562,0.1574,0.1996,0.2019,0.2848,0.0001,0.9999,0.0001
2302,Cải lương,cailuong/audio_24_260.wav,1,0.1099,0.0763,0.7627,0.035,0.0161,0.3344,0.333,0.3326,0.869,0.0992,0.0255,0.0049,0.0014,0.8045,0.159,0.0365,0.0422,0.1103,0.8475,0.1494,0.1506,0.1928,0.1953,0.3119,0.7087,0.2623,0.029
2303,Cải lương,cailuong/audio_24_260.wav,2,0.5898,0.1139,0.2419,0.0376,0.0168,0.3332,0.3332,0.3335,0.0502,0.0677,0.1006,0.5148,0.2666,0.8893,0.0882,0.0225,0.9905,0.0078,0.0017,0.1422,0.1433,0.1852,0.1878,0.3415,0.784,0.1926,0.0234
2304,Cải lương,cailuong/audio_12_087.wav,1,0.0694,0.17,0.3539,0.2962,0.1104,0.3312,0.3338,0.335,0.0979,0.8269,0.0672,0.0065,0.0015,0.0341,0.1682,0.7976,0.8965,0.0877,0.0157,0.2058,0.2061,0.2071,0.2068,0.1742,0.2515,0.711,0.0375
2305,Cải lương,cailuong/audio_12_087.wav,2,0.0451,0.1635,0.1582,0.5461,0.087,0.3324,0.3336,0.334,0.8623,0.112,0.0211,0.0036,0.001,0.0544,0.3264,0.6192,0.8965,0.0877,0.0157,0.2032,0.2035,0.2063,0.2062,0.1807,0.921,0.0687,0.0103
2306,Cải lương,cailuong/audio_15_168.wav,1,0.2353,0.2756,0.4154,0.0546,0.0191,0.3325,0.3334,0.3341,0.0772,0.1564,0.4854,0.258,0.023,0.9095,0.0733,0.0172,0.7764,0.1589,0.0646,0.16,0.1611,0.2004,0.2026,0.2758,0.0002,0.9997,0.0001
2307,Cải lương,cailuong/audio_15_168.wav,2,0.0275,0.0401,0.8945,0.0265,0.0113,0.3319,0.3337,0.3344,0.0424,0.1091,0.7715,0.0689,0.0081,0.2276,0.7163,0.0561,0.64,0.3185,0.0415,0.1414,0.1427,0.1913,0.1943,0.3303,0.0716,0.6513,0.2771
2308,Cải lương,cailuong/audio_9_156.wav,1,0.0315,0.1811,0.0785,0.6631,0.0459,0.3324,0.3336,0.334,0.137,0.8053,0.0506,0.0056,0.0014,0.4176,0.5125,0.0699,0.64,0.3185,0.0415,0.2129,0.2132,0.2112,0.2105,0.1522,0.4901,0.4709,0.039
2309,Cải lương,cailuong/audio_9_156.wav,2,0.0636,0.1762,0.5614,0.1531,0.0457,0.332,0.3336,0.3343,0.2067,0.7345,0.0511,0.0062,0.0016,0.2641,0.6715,0.0644,0.64,0.3185,0.0415,0.2185,0.219,0.2129,0.2117,0.1379,0.31,0.6505,0.0394
2310,Cải lương,cailuong/audio_23_067.wav,1,0.058,0.1133,0.6851,0.1027,0.041,0.3326,0.3332,0.3342,0.0148,0.0523,0.9217,0.0097,0.0015,0.0427,0.7772,0.1802,0.0372,0.9449,0.0179,0.1214,0.1238,0.2303,0.2377,0.2868,0.0402,0.8934,0.0665
2311,Cải lương,cailuong/audio_23_067.wav,2,0.0802,0.6443,0.0747,0.162,0.0389,0.3319,0.3335,0.3346,0.0348,0.128,0.8125,0.021,0.0037,0.0003,0.0014,0.9982,0.969,0.0242,0.0069,0.1589,0.1603,0.2059,0.2083,0.2667,0.0397,0.9467,0.0135
2312,Cải lương,cailuong/audio_11_103.wav,1,0.6728,0.1575,0.1265,0.0312,0.012,0.3316,0.3334,0.335,0.1338,0.5834,0.2577,0.0207,0.0044,0.0518,0.33,0.6182,0.2741,0.6756,0.0503,0.1365,0.1377,0.1834,0.1862,0.3562,0.8851,0.1008,0.0141
2313,Cải lương,cailuong/audio_11_103.wav,2,0.0279,0.0295,0.9193,0.0161,0.0072,0.3333,0.3335,0.3332,0.0782,0.2277,0.6285,0.0554,0.0102,0.1329,0.7218,0.1453,0.996,0.0032,0.0008,0.1662,0.167,0.1954,0.1971,0.2743,0.0322,0.1457,0.8221
2314,Cải lương,cailuong/audio_1_035.wav,1,0.0142,0.0341,0.03,0.17,0.7516,0.3309,0.3336,0.3355,0.1261,0.8034,0.0623,0.0066,0.0016,0.9298,0.0546,0.0157,0.0021,0.0073,0.9906,0.1965,0.1967,0.2029,0.2031,0.2008,0.0739,0.9055,0.0206
2315,Cải lương,cailuong/audio_1_035.wav,2,0.0428,0.0771,0.0903,0.1843,0.6055,0.3311,0.3338,0.3351,0.2356,0.6932,0.0618,0.0075,0.0019,0.5639,0.3711,0.065,0.0067,0.9844,0.0089,0.2051,0.2052,0.204,0.2037,0.182,0.0208,0.9709,0.0083
2316,Cải lương,cailuong/audio_0_005.wav,1,0.2445,0.2989,0.3816,0.0557,0.0193,0.3335,0.3331,0.3334,0.0317,0.0931,0.8416,0.0295,0.0042,0.9387,0.0458,0.0154,0.9905,0.0078,0.0017,0.1784,0.1793,0.2046,0.2058,0.2319,0.0725,0.5504,0.3771
2317,Cải lương,cailuong/audio_0_005.wav,2,0.6436,0.1046,0.1903,0.0411,0.0203,0.3325,0.3333,0.3342,0.2157,0.6338,0.1318,0.015,0.0036,0.0447,0.8207,0.1346,0.9905,0.0078,0.0017,0.1565,0.1576,0.1956,0.1978,0.2925,0.4098,0.55,0.0402
2318,Cải lương,cailuong/audio_23_295.wav,1,0.174,0.5575,0.1954,0.0558,0.0173,0.3323,0.3334,0.3343,0.0757,0.4064,0.4945,0.0197,0.0038,0.0428,0.8019,0.1553,0.64,0.3185,0.0415,0.1991,0.1995,0.2067,0.2068,0.1879,0.9763,0.0203,0.0034
2319,Cải lương,cailuong/audio_23_295.wav,2,0.0305,0.9188,0.0244,0.0207,0.0056,0.3316,0.3335,0.3349,0.2798,0.533,0.157,0.0238,0.0065,0.0217,0.937,0.0413,0.0422,0.1103,0.8475,0.1972,0.1978,0.2086,0.2088,0.1876,0.0364,0.9074,0.0563
2320,Cải lương,cailuong/audio_22_188.wav,1,0.065,0.1861,0.3227,0.3315,0.0947,0.3334,0.3332,0.3334,0.0552,0.6447,0.2871,0.0108,0.0022,0.9295,0.055,0.0154,0.8965,0.0877,0.0157,0.196,0.1965,0.2066,0.2068,0.1941,0.0008,0.9987,0.0006
2321,Cải lương,cailuong/audio_22_188.wav,2,0.0575,0.4615,0.1678,0.2718,0.0414,0.3334,0.3332,0.3334,0.0565,0.5681,0.3609,0.0121,0.0024,0.8512,0.1181,0.0308,0.2741,0.6756,0.0503,0.2016,0.202,0.2071,0.2071,0.1821,0.8579,0.1252,0.0169
2322,Cải lương,cailuong/audio_2_102.wav,1,0.0278,0.0272,0.9265,0.0129,0.0056,0.3313,0.3333,0.3353,0.1063,0.8203,0.0653,0.0065,0.0015,0.296,0.644,0.0599,0.0372,0.9449,0.0179,0.1202,0.1217,0.1819,0.1859,0.3902,0.3512,0.6087,0.0401
2323,Cải lương,cailuong/audio_2_102.wav,2,0.0081,0.011,0.9747,0.0045,0.0017,0.3302,0.3337,0.336,0.0521,0.2681,0.66,0.0168,0.0031,0.0492,0.4568,0.494,0.9336,0.0507,0.0157,0.1219,0.1233,0.1768,0.1803,0.3976,0.0001,0.9998,0.0001
2324,Cải lương,cailuong/audio_26_165.wav,1,0.0413,0.7076,0.0615,0.1641,0.0256,0.332,0.3335,0.3345,0.1113,0.8094,0.0706,0.007,0.0017,0.0557,0.6618,0.2825,0.8989,0.0759,0.0252,0.1107,0.112,0.1679,0.1717,0.4378,0.9732,0.0229,0.0039
2325,Cải lương,cailuong/audio_26_165.wav,2,0.0614,0.1863,0.2785,0.3769,0.0969,0.3324,0.3335,0.3341,0.2002,0.6924,0.0942,0.0107,0.0026,0.15,0.7885,0.0614,0.0021,0.0073,0.9906,0.1512,0.1525,0.1974,0.2,0.299,0.5367,0.4256,0.0377
2326,Cải lương,cailuong/audio_3_043.wav,1,0.0234,0.8843,0.0302,0.052,0.0101,0.3317,0.3335,0.3348,0.3508,0.5815,0.0581,0.0077,0.002,0.0417,0.7812,0.1771,0.0422,0.1103,0.8475,0.1529,0.1542,0.1986,0.2011,0.2932,0.9449,0.0477,0.0075
2327,Cải lương,cailuong/audio_3_043.wav,2,0.2305,0.604,0.0938,0.054,0.0177,0.3337,0.333,0.3333,0.1447,0.7265,0.1148,0.0113,0.0026,0.0218,0.9256,0.0526,0.0372,0.9449,0.0179,0.1523,0.1535,0.1957,0.1981,0.3004,0.8963,0.0908,0.013
2328,Cải lương,cailuong/audio_22_145.wav,1,0.0371,0.7937,0.0776,0.0766,0.015,0.3324,0.3334,0.3342,0.2771,0.652,0.0613,0.0077,0.002,0.9024,0.072,0.0256,0.996,0.0032,0.0008,0.1873,0.1879,0.205,0.2058,0.214,0.1344,0.8366,0.029
2329,Cải lương,cailuong/audio_22_145.wav,2,0.0222,0.9378,0.0187,0.0169,0.0044,0.3318,0.3335,0.3348,0.1582,0.7863,0.0484,0.0057,0.0015,0.8985,0.0778,0.0236,0.996,0.0032,0.0008,0.2072,0.2072,0.2047,0.2043,0.1766,0.025,0.9432,0.0317
2330,Cải lương,cailuong/audio_7_041.wav,1,0.8562,0.0662,0.0475,0.0206,0.0095,0.333,0.3331,0.3338,0.0374,0.1755,0.7704,0.0142,0.0025,0.0782,0.1866,0.7352,0.969,0.0242,0.0069,0.1593,0.1603,0.1959,0.1979,0.2866,0.9974,0.0022,0.0004
2331,Cải lương,cailuong/audio_7_041.wav,2,0.4219,0.127,0.3741,0.0519,0.025,0.3334,0.3332,0.3335,0.3759,0.4056,0.1783,0.0321,0.008,0.1406,0.2695,0.5899,0.7947,0.1471,0.0581,0.1747,0.1753,0.1979,0.1991,0.2531,0.9101,0.0703,0.0195
2332,Cải lương,cailuong/audio_7_028.wav,1,0.6128,0.2199,0.1173,0.0365,0.0135,0.3326,0.3333,0.3341,0.6771,0.1935,0.0906,0.0286,0.0102,0.0481,0.1407,0.8112,0.0542,0.7019,0.2439,0.1567,0.1577,0.1936,0.1957,0.2963,0.882,0.0912,0.0268
2333,Cải lương,cailuong/audio_7_028.wav,2,0.0407,0.8661,0.0563,0.0292,0.0076,0.332,0.3335,0.3345,0.0756,0.3873,0.5092,0.0232,0.0047,0.0093,0.0413,0.9493,0.0263,0.1483,0.8254,0.1729,0.1737,0.1999,0.2013,0.2523,0.9559,0.0353,0.0088
2334,Cải lương,cailuong/audio_18_178.wav,1,0.665,0.1899,0.1003,0.0326,0.0123,0.3301,0.3341,0.3359,0.0803,0.4732,0.4244,0.0185,0.0037,0.9823,0.0142,0.0035,0.8965,0.0877,0.0157,0.2189,0.2201,0.2245,0.2228,0.1137,0.2025,0.7626,0.0349
2335,Cải lương,cailuong/audio_18_178.wav,2,0.1067,0.7758,0.0667,0.039,0.0117,0.3315,0.3335,0.3351,0.037,0.8543,0.1021,0.0054,0.0012,0.7863,0.1814,0.0322,0.996,0.0032,0.0008,0.2739,0.2706,0.1844,0.1808,0.0903,0.03,0.959,0.011
2336,Cải lương,cailuong/audio_20_145.wav,1,0.0625,0.2484,0.2812,0.3416,0.0664,0.3319,0.3336,0.3345,0.007,0.9843,0.008,0.0006,0.0001,0.0524,0.4391,0.5085,0.0422,0.1103,0.8475,0.1863,0.1877,0.2209,0.2218,0.1833,0.0358,0.9094,0.0548
2337,Cải lương,cailuong/audio_20_145.wav,2,0.0217,0.042,0.9119,0.0182,0.0063,0.332,0.3336,0.3344,0.0035,0.9933,0.0029,0.0003,0.0001,0.0448,0.7945,0.1606,0.0422,0.1103,0.8475,0.182,0.1833,0.2167,0.2178,0.2001,0.0385,0.9483,0.0132
2338,Cải lương,cailuong/audio_14_180.wav,1,0.0603,0.2291,0.2629,0.3752,0.0725,0.3319,0.3333,0.3348,0.2357,0.7039,0.0522,0.0065,0.0016,0.002,0.9958,0.0022,0.2741,0.6756,0.0503,0.1213,0.1228,0.1819,0.1858,0.3883,0.3464,0.6135,0.0401
2339,Cải lương,cailuong/audio_14_180.wav,2,0.0176,0.0539,0.0401,0.738,0.1503,0.3314,0.3337,0.3349,0.1342,0.8188,0.0412,0.0047,0.0012,0.0024,0.9947,0.0028,0.0263,0.1483,0.8254,0.1905,0.1917,0.217,0.2176,0.1832,0.945,0.0476,0.0074
2340,Cải lương,cailuong/audio_18_218.wav,1,0.5392,0.2977,0.1031,0.0439,0.016,0.3334,0.3334,0.3332,0.9654,0.0273,0.0059,0.0011,0.0003,0.9331,0.0503,0.0166,0.9336,0.0507,0.0157,0.2088,0.2091,0.2097,0.2092,0.1633,0.9975,0.002,0.0004
2341,Cải lương,cailuong/audio_18_218.wav,2,0.2961,0.473,0.161,0.0524,0.0175,0.3335,0.3332,0.3333,0.0604,0.8151,0.1154,0.0075,0.0016,0.9148,0.0702,0.015,0.9336,0.0507,0.0157,0.2516,0.25,0.1961,0.1933,0.109,0.0335,0.9546,0.012
2342,Cải lương,cailuong/audio_2_079.wav,1,0.0511,0.1126,0.7176,0.0879,0.0309,0.3317,0.3333,0.3351,0.0638,0.1351,0.4908,0.2884,0.022,0.0341,0.1184,0.8475,0.64,0.3185,0.0415,0.1585,0.1596,0.1976,0.1997,0.2845,0.0567,0.3153,0.628
2343,Cải lương,cailuong/audio_2_079.wav,2,0.0895,0.1417,0.5008,0.1686,0.0993,0.3344,0.3327,0.3329,0.0081,0.0136,0.0288,0.9413,0.0081,0.056,0.2913,0.6528,0.0542,0.7019,0.2439,0.1661,0.1671,0.2005,0.2023,0.2639,0.0707,0.1478,0.7815
2344,Cải lương,cailuong/audio_1_036.wav,1,0.0135,0.027,0.0267,0.0808,0.8519,0.3316,0.3337,0.3347,0.0514,0.769,0.1696,0.0082,0.0017,0.1257,0.8149,0.0594,0.0542,0.7019,0.2439,0.226,0.2254,0.203,0.2016,0.1439,0.021,0.9706,0.0084
2345,Cải lương,cailuong/audio_1_036.wav,2,0.042,0.0958,0.0607,0.2872,0.5143,0.3315,0.3336,0.3349,0.3642,0.5024,0.1134,0.016,0.004,0.1173,0.8157,0.067,0.0542,0.7019,0.2439,0.1994,0.1999,0.2087,0.2088,0.1832,0.7341,0.2387,0.0272
2346,Cải lương,cailuong/audio_15_174.wav,1,0.0555,0.4997,0.0749,0.3225,0.0475,0.3319,0.3336,0.3345,0.0967,0.5402,0.3366,0.0217,0.0048,0.0639,0.4453,0.4908,0.0422,0.1103,0.8475,0.1889,0.1897,0.2072,0.2079,0.2063,0.0693,0.6979,0.2328
2347,Cải lương,cailuong/audio_15_174.wav,2,0.058,0.2278,0.2396,0.402,0.0725,0.3307,0.3338,0.3355,0.0177,0.97,0.011,0.001,0.0002,0.0282,0.9287,0.0431,0.0422,0.1103,0.8475,0.1686,0.1698,0.2064,0.2082,0.247,0.7544,0.2198,0.0257
2348,Cải lương,cailuong/audio_3_051.wav,1,0.1416,0.4603,0.1076,0.2169,0.0736,0.3329,0.3334,0.3338,0.6055,0.222,0.1162,0.0409,0.0153,0.0237,0.0774,0.8989,0.0372,0.9449,0.0179,0.1726,0.1735,0.2029,0.2044,0.2467,0.7144,0.2038,0.0819
2349,Cải lương,cailuong/audio_3_051.wav,2,0.0829,0.4715,0.0873,0.2924,0.0659,0.3327,0.3334,0.3339,0.5766,0.3673,0.0472,0.0069,0.0019,0.0374,0.1156,0.847,0.0263,0.1483,0.8254,0.1831,0.1837,0.2034,0.2043,0.2255,0.859,0.1078,0.0332
2350,Cải lương,cailuong/audio_11_178.wav,1,0.7463,0.1453,0.0658,0.0303,0.0122,0.3327,0.3333,0.334,0.0351,0.0495,0.0776,0.637,0.2009,0.0553,0.644,0.3006,0.0542,0.7019,0.2439,0.1311,0.1324,0.1815,0.1846,0.3704,0.0002,0.9996,0.0001
2351,Cải lương,cailuong/audio_11_178.wav,2,0.5578,0.2454,0.1025,0.066,0.0283,0.3335,0.3332,0.3332,0.4156,0.4671,0.0992,0.0144,0.0037,0.0115,0.9785,0.0099,0.0021,0.0073,0.9906,0.1472,0.1483,0.1888,0.1913,0.3244,0.7013,0.2692,0.0295
2352,Cải lương,cailuong/audio_17_066.wav,1,0.3672,0.2741,0.2893,0.0511,0.0184,0.3367,0.3327,0.3306,0.9459,0.0432,0.0089,0.0016,0.0005,0.029,0.0891,0.8819,0.8965,0.0877,0.0157,0.1815,0.1829,0.217,0.2182,0.2003,0.9236,0.0602,0.0162
2353,Cải lương,cailuong/audio_17_066.wav,2,0.0529,0.2834,0.1745,0.4318,0.0574,0.3348,0.3331,0.3322,0.9375,0.0461,0.0129,0.0027,0.0008,0.0432,0.1205,0.8363,0.0067,0.9844,0.0089,0.2155,0.2161,0.2132,0.2121,0.143,0.9919,0.0067,0.0015
2354,Cải lương,cailuong/audio_17_063.wav,1,0.2066,0.2716,0.4481,0.0548,0.0189,0.3316,0.3338,0.3347,0.4097,0.4574,0.112,0.0167,0.0042,0.9509,0.037,0.0121,0.8965,0.0877,0.0157,0.1555,0.1566,0.1969,0.1992,0.2917,0.708,0.263,0.029
2355,Cải lương,cailuong/audio_17_063.wav,2,0.1519,0.0936,0.69,0.0438,0.0207,0.3344,0.3331,0.3325,0.949,0.0363,0.0113,0.0026,0.0008,0.7904,0.1468,0.0629,0.8398,0.1172,0.043,0.1786,0.1794,0.2048,0.206,0.2312,0.9811,0.0154,0.0035
2356,Cải lương,cailuong/audio_16_222.wav,1,0.0593,0.1013,0.7974,0.0312,0.0108,0.3331,0.3332,0.3337,0.0789,0.886,0.0309,0.0033,0.0008,0.0493,0.7546,0.1962,0.0021,0.0073,0.9906,0.1857,0.1864,0.2052,0.2061,0.2166,0.605,0.3601,0.0349
2357,Cải lương,cailuong/audio_16_222.wav,2,0.4702,0.1911,0.2782,0.0437,0.0169,0.333,0.3333,0.3337,0.6715,0.2717,0.0474,0.0074,0.002,0.0444,0.9143,0.0414,0.0372,0.9449,0.0179,0.1628,0.1638,0.1995,0.2014,0.2725,0.4821,0.4787,0.0392
2358,Cải lương,cailuong/audio_4_103.wav,1,0.0301,0.0892,0.0821,0.6376,0.1611,0.3339,0.3333,0.3328,0.0433,0.9249,0.0285,0.0027,0.0006,0.6355,0.3169,0.0476,0.8965,0.0877,0.0157,0.252,0.252,0.2068,0.2031,0.0862,0.0095,0.9861,0.0044
2359,Cải lương,cailuong/audio_4_103.wav,2,0.0138,0.053,0.0353,0.8547,0.0432,0.3322,0.3336,0.3342,0.2703,0.6079,0.1055,0.0131,0.0032,0.9897,0.0083,0.0021,0.0067,0.9844,0.0089,0.1676,0.1692,0.2184,0.2206,0.2242,0.0213,0.9702,0.0085
2360,Cải lương,cailuong/audio_24_180.wav,1,0.0681,0.5668,0.2254,0.1141,0.0255,0.3317,0.3337,0.3346,0.0625,0.89,0.0426,0.004,0.0009,0.0614,0.5487,0.3899,0.969,0.0242,0.0069,0.1351,0.1377,0.2463,0.2529,0.2281,0.9198,0.0698,0.0104
2361,Cải lương,cailuong/audio_24_180.wav,2,0.0724,0.2886,0.4983,0.1115,0.0292,0.3316,0.3337,0.3347,0.0724,0.6544,0.2565,0.0137,0.003,0.0263,0.1564,0.8173,0.996,0.0032,0.0008,0.1583,0.1609,0.2456,0.2493,0.186,0.0436,0.8796,0.0768
2362,Cải lương,cailuong/audio_8_053.wav,1,0.0225,0.0403,0.9035,0.0246,0.0092,0.332,0.3336,0.3344,0.411,0.5194,0.0591,0.0083,0.0022,0.0208,0.9468,0.0325,0.0021,0.0073,0.9906,0.1886,0.1893,0.2075,0.2081,0.2066,0.0988,0.8767,0.0245
2363,Cải lương,cailuong/audio_8_053.wav,2,0.0457,0.6987,0.1044,0.1284,0.0227,0.3313,0.3336,0.3351,0.0434,0.2911,0.6504,0.0127,0.0024,0.0381,0.8273,0.1346,0.0021,0.0073,0.9906,0.1527,0.1543,0.2067,0.2096,0.2767,0.1035,0.8714,0.0252
2364,Cải lương,cailuong/audio_0_186.wav,1,0.0457,0.1107,0.7544,0.0674,0.0217,0.3313,0.3337,0.335,0.0622,0.3552,0.562,0.0173,0.0033,0.9953,0.0036,0.001,0.0542,0.7019,0.2439,0.1876,0.1883,0.2068,0.2075,0.2098,0.0644,0.7548,0.1808
2365,Cải lương,cailuong/audio_0_186.wav,2,0.0318,0.0303,0.9177,0.0141,0.0061,0.332,0.3335,0.3346,0.739,0.163,0.0704,0.0205,0.007,0.9593,0.031,0.0097,0.0542,0.7019,0.2439,0.1714,0.1722,0.1975,0.1989,0.26,0.8457,0.1173,0.037
2366,Cải lương,cailuong/audio_14_085.wav,1,0.045,0.4322,0.0776,0.4023,0.0429,0.3329,0.3335,0.3335,0.4531,0.4736,0.0623,0.0087,0.0023,0.0301,0.9447,0.0252,0.8965,0.0877,0.0157,0.1477,0.1498,0.2274,0.2315,0.2436,0.8784,0.1068,0.0148
2367,Cải lương,cailuong/audio_14_085.wav,2,0.0143,0.0704,0.0251,0.8577,0.0326,0.3326,0.3335,0.3338,0.9478,0.04,0.0098,0.0019,0.0005,0.1445,0.8017,0.0537,0.8965,0.0877,0.0157,0.155,0.1566,0.21,0.2128,0.2657,0.9652,0.028,0.0068
2368,Cải lương,cailuong/audio_6_227.wav,1,0.0314,0.9058,0.0364,0.0209,0.0055,0.3335,0.3337,0.3328,0.0548,0.5427,0.3879,0.0122,0.0025,0.0079,0.9791,0.0129,0.8965,0.0877,0.0157,0.1786,0.1807,0.2359,0.2375,0.1672,0.0421,0.8859,0.0721
2369,Cải lương,cailuong/audio_6_227.wav,2,0.0334,0.8213,0.067,0.0654,0.013,0.3332,0.3336,0.3333,0.2079,0.7346,0.0498,0.0061,0.0016,0.0935,0.8569,0.0496,0.8965,0.0877,0.0157,0.1655,0.168,0.2462,0.2492,0.1711,0.0159,0.9774,0.0067
2370,Cải lương,cailuong/audio_17_129.wav,1,0.053,0.1026,0.723,0.0871,0.0343,0.3347,0.3333,0.332,0.0625,0.1154,0.298,0.4955,0.0287,0.9088,0.0754,0.0158,0.64,0.3185,0.0415,0.2241,0.2237,0.2045,0.2032,0.1445,0.014,0.0551,0.9309
2371,Cải lương,cailuong/audio_17_129.wav,2,0.0479,0.0421,0.8837,0.0184,0.0078,0.3344,0.3335,0.3321,0.072,0.1495,0.5046,0.2522,0.0217,0.9715,0.0231,0.0055,0.0372,0.9449,0.0179,0.2135,0.2138,0.2109,0.2101,0.1516,0.0116,0.9832,0.0052
2372,Cải lương,cailuong/audio_21_165.wav,1,0.3214,0.3601,0.2457,0.0542,0.0186,0.3313,0.3336,0.3351,0.6201,0.3269,0.0446,0.0067,0.0018,0.0421,0.7845,0.1734,0.969,0.0242,0.0069,0.2095,0.2113,0.232,0.2308,0.1163,0.2105,0.7541,0.0354
2373,Cải lương,cailuong/audio_21_165.wav,2,0.1002,0.1231,0.5978,0.1124,0.0665,0.3319,0.3337,0.3345,0.0539,0.6472,0.2859,0.0107,0.0022,0.0435,0.361,0.5955,0.0067,0.9844,0.0089,0.2066,0.207,0.2111,0.2107,0.1646,0.055,0.8233,0.1217
2374,Cải lương,cailuong/audio_17_146.wav,1,0.0279,0.0302,0.9176,0.0168,0.0075,0.3348,0.3329,0.3322,0.6366,0.2871,0.0631,0.0104,0.0028,0.9948,0.0041,0.0011,0.8965,0.0877,0.0157,0.1696,0.1708,0.2066,0.2084,0.2447,0.9939,0.0052,0.0009
2375,Cải lương,cailuong/audio_17_146.wav,2,0.125,0.0902,0.7113,0.049,0.0245,0.3361,0.3329,0.331,0.1939,0.5372,0.2373,0.0258,0.0057,0.0844,0.8784,0.0372,0.0067,0.9844,0.0089,0.1295,0.1312,0.1975,0.2017,0.3402,0.0305,0.9583,0.0112
2376,Cải lương,cailuong/audio_15_019.wav,1,0.8393,0.0879,0.0468,0.0185,0.0074,0.3305,0.3337,0.3358,0.0184,0.0227,0.0292,0.0661,0.8636,0.0676,0.8882,0.0442,0.0542,0.7019,0.2439,0.1357,0.1369,0.1835,0.1864,0.3575,0.0366,0.1715,0.7919
2377,Cải lương,cailuong/audio_15_019.wav,2,0.1764,0.6227,0.1355,0.0499,0.0155,0.3331,0.3332,0.3337,0.9719,0.0206,0.0059,0.0013,0.0004,0.1518,0.7936,0.0546,0.0263,0.1483,0.8254,0.1307,0.1324,0.195,0.199,0.3429,0.6499,0.3175,0.0326
2378,Cải lương,cailuong/audio_25_108.wav,1,0.126,0.0893,0.7386,0.0325,0.0135,0.3316,0.334,0.3345,0.0393,0.9142,0.0423,0.0034,0.0008,0.0106,0.0369,0.9525,0.2741,0.6756,0.0503,0.1482,0.1498,0.205,0.2081,0.2889,0.0644,0.7556,0.18
2379,Cải lương,cailuong/audio_25_108.wav,2,0.0341,0.0601,0.847,0.0421,0.0166,0.3314,0.334,0.3346,0.1056,0.6904,0.1851,0.0153,0.0036,0.0609,0.1552,0.7839,0.8398,0.1172,0.043,0.1683,0.1694,0.2055,0.2073,0.2495,0.611,0.3544,0.0346
2380,Cải lương,cailuong/audio_0_029.wav,1,0.0676,0.1784,0.3519,0.3034,0.0987,0.3318,0.3337,0.3345,0.045,0.8935,0.0559,0.0045,0.0011,0.8347,0.1179,0.0473,0.8989,0.0759,0.0252,0.2031,0.2032,0.2042,0.2041,0.1854,0.0679,0.4413,0.4908
2381,Cải lương,cailuong/audio_0_029.wav,2,0.067,0.2234,0.3877,0.2584,0.0635,0.3318,0.3336,0.3345,0.0796,0.7549,0.1517,0.0112,0.0026,0.8889,0.0814,0.0297,0.9336,0.0507,0.0157,0.207,0.2071,0.204,0.2036,0.1782,0.0672,0.4308,0.502
2382,Cải lương,cailuong/audio_2_165.wav,1,0.0482,0.769,0.0523,0.1081,0.0224,0.3328,0.3333,0.3339,0.9355,0.0476,0.0133,0.0027,0.0008,0.0512,0.6492,0.2997,0.0422,0.1103,0.8475,0.1431,0.1444,0.1919,0.1948,0.3258,0.9184,0.0641,0.0175
2383,Cải lương,cailuong/audio_2_165.wav,2,0.0117,0.0553,0.0274,0.8796,0.026,0.3323,0.3335,0.3342,0.0741,0.278,0.6155,0.0274,0.0049,0.0347,0.2503,0.715,0.9905,0.0078,0.0017,0.1171,0.1184,0.1726,0.1762,0.4157,0.971,0.0234,0.0056
2384,Cải lương,cailuong/audio_2_092.wav,1,0.4426,0.1764,0.3197,0.044,0.0173,0.3324,0.3333,0.3343,0.9814,0.0139,0.0037,0.0007,0.0002,0.0486,0.45,0.5014,0.0422,0.1103,0.8475,0.1012,0.1025,0.1592,0.1632,0.4738,0.9904,0.0081,0.0015
2385,Cải lương,cailuong/audio_2_092.wav,2,0.1265,0.5191,0.2716,0.0639,0.0188,0.3328,0.3332,0.334,0.951,0.0367,0.0098,0.002,0.0006,0.014,0.0471,0.9388,0.0542,0.7019,0.2439,0.1435,0.1447,0.1892,0.1919,0.3306,0.9748,0.0204,0.0048
2386,Cải lương,cailuong/audio_3_070.wav,1,0.1177,0.4422,0.1024,0.2578,0.08,0.3314,0.3336,0.3351,0.0749,0.1956,0.6632,0.0575,0.0088,0.0025,0.9949,0.0025,0.0372,0.9449,0.0179,0.1287,0.1302,0.1884,0.1922,0.3606,0.043,0.882,0.075
2387,Cải lương,cailuong/audio_3_070.wav,2,0.0757,0.5767,0.0789,0.2209,0.0477,0.3319,0.3335,0.3347,0.0938,0.581,0.3043,0.0173,0.0035,0.0076,0.9858,0.0066,0.8989,0.0759,0.0252,0.1152,0.1167,0.1769,0.181,0.4102,0.4805,0.4802,0.0392
2388,Cải lương,cailuong/audio_3_217.wav,1,0.0472,0.797,0.0481,0.0882,0.0195,0.3321,0.3334,0.3345,0.0225,0.0394,0.0912,0.8298,0.0171,0.0318,0.8812,0.087,0.8965,0.0877,0.0157,0.1564,0.1574,0.1935,0.1956,0.297,0.426,0.5339,0.0401
2389,Cải lương,cailuong/audio_3_217.wav,2,0.1466,0.5878,0.0929,0.131,0.0416,0.3332,0.3331,0.3337,0.0156,0.0231,0.0399,0.8874,0.034,0.0536,0.5672,0.3793,0.0372,0.9449,0.0179,0.1386,0.1399,0.1893,0.1924,0.3398,0.3111,0.6495,0.0395
2390,Cải lương,cailuong/audio_6_129.wav,1,0.702,0.1459,0.085,0.0459,0.0212,0.3323,0.3333,0.3344,0.2136,0.5405,0.2153,0.0249,0.0056,0.0999,0.8423,0.0579,0.0263,0.1483,0.8254,0.1815,0.1829,0.2199,0.2212,0.1944,0.9279,0.0626,0.0095
2391,Cải lương,cailuong/audio_6_129.wav,2,0.4725,0.3017,0.1636,0.0458,0.0164,0.3339,0.3331,0.333,0.0829,0.7872,0.1189,0.009,0.002,0.0136,0.9732,0.0132,0.8989,0.0759,0.0252,0.1758,0.178,0.2353,0.2371,0.1738,0.0147,0.979,0.0063
2392,Cải lương,cailuong/audio_2_091.wav,1,0.1406,0.0947,0.7158,0.0344,0.0144,0.3324,0.3333,0.3343,0.0259,0.033,0.0449,0.1404,0.7558,0.0074,0.0303,0.9623,0.2741,0.6756,0.0503,0.1338,0.135,0.1824,0.1854,0.3634,0.0667,0.7321,0.2013
2393,Cải lương,cailuong/audio_2_091.wav,2,0.2528,0.2029,0.4772,0.0488,0.0181,0.3324,0.3333,0.3343,0.9789,0.016,0.004,0.0008,0.0002,0.0009,0.0039,0.9952,0.0422,0.1103,0.8475,0.1357,0.137,0.1879,0.1911,0.3484,0.8563,0.1267,0.017
2394,Cải lương,cailuong/audio_22_063.wav,1,0.0605,0.4586,0.0774,0.3483,0.0552,0.3316,0.3337,0.3347,0.0132,0.9696,0.0157,0.0012,0.0003,0.86,0.1018,0.0382,0.969,0.0242,0.0069,0.2016,0.2019,0.207,0.2069,0.1826,0.0214,0.9532,0.0254
2395,Cải lương,cailuong/audio_22_063.wav,2,0.0619,0.4767,0.1995,0.2231,0.0388,0.3321,0.3336,0.3344,0.2814,0.5842,0.1161,0.0147,0.0036,0.8568,0.1038,0.0394,0.0021,0.0073,0.9906,0.1805,0.1813,0.2049,0.206,0.2273,0.9944,0.0046,0.001
2396,Cải lương,cailuong/audio_7_221.wav,1,0.8763,0.0583,0.0403,0.0173,0.0079,0.3322,0.3334,0.3344,0.3732,0.556,0.0606,0.0081,0.0021,0.1299,0.8236,0.0465,0.0067,0.9844,0.0089,0.1501,0.1511,0.1896,0.1919,0.3173,0.9564,0.0375,0.006
2397,Cải lương,cailuong/audio_7_221.wav,2,0.627,0.2134,0.0884,0.0504,0.0209,0.3328,0.3334,0.3337,0.3797,0.5549,0.056,0.0075,0.0019,0.0505,0.6482,0.3013,0.9905,0.0078,0.0017,0.1393,0.1406,0.1891,0.1921,0.339,0.9702,0.0241,0.0057
2398,Cải lương,cailuong/audio_16_298.wav,1,0.4726,0.3468,0.1175,0.0465,0.0165,0.3324,0.3333,0.3343,0.505,0.4136,0.0687,0.0101,0.0026,0.8894,0.0817,0.029,0.0372,0.9449,0.0179,0.1991,0.1993,0.2032,0.2032,0.1952,0.9202,0.0694,0.0103
2399,Cải lương,cailuong/audio_16_298.wav,2,0.106,0.0743,0.7741,0.0317,0.014,0.3335,0.3333,0.3332,0.2962,0.5536,0.1292,0.0169,0.0041,0.393,0.5339,0.0731,0.969,0.0242,0.0069,0.1676,0.1686,0.2001,0.2018,0.2619,0.9955,0.0037,0.0008
2400,Hát xẩm,hat_xam/audio_2_052.wav,1,0.0416,0.0807,0.0607,0.1938,0.6233,0.3348,0.3329,0.3323,0.0085,0.0392,0.9477,0.004,0.0007,0.0596,0.8342,0.1062,0.8965,0.0877,0.0157,0.2562,0.2538,0.1908,0.188,0.1112,0.0568,0.8128,0.1304
2401,Hát xẩm,hat_xam/audio_2_052.wav,2,0.1103,0.1518,0.2868,0.2162,0.2349,0.3347,0.3329,0.3324,0.4373,0.4739,0.0745,0.0112,0.0031,0.0498,0.5623,0.388,0.0021,0.0073,0.9906,0.2223,0.2225,0.2116,0.2102,0.1334,0.9501,0.0398,0.0101
2402,Hát xẩm,hat_xam/audio_7_070.wav,1,0.0659,0.3551,0.0806,0.4218,0.0766,0.3344,0.3332,0.3324,0.4012,0.4819,0.0974,0.0152,0.0042,0.7831,0.177,0.0399,0.0021,0.0073,0.9906,0.2126,0.2123,0.2019,0.2012,0.1721,0.0161,0.9666,0.0173
2403,Hát xẩm,hat_xam/audio_7_070.wav,2,0.0724,0.3923,0.0842,0.3763,0.0749,0.3335,0.3332,0.3332,0.2416,0.6589,0.0854,0.0111,0.0029,0.6617,0.2807,0.0576,0.0372,0.9449,0.0179,0.2122,0.212,0.2029,0.2023,0.1706,0.0137,0.9723,0.014
2404,Hát xẩm,hat_xam/audio_4_000.wav,1,0.0367,0.7497,0.0641,0.129,0.0206,0.3324,0.3334,0.3342,0.0052,0.9905,0.0039,0.0003,0.0001,0.0965,0.7971,0.1064,0.0067,0.9844,0.0089,0.1938,0.1942,0.2027,0.203,0.2063,0.9624,0.0323,0.0053
2405,Hát xẩm,hat_xam/audio_4_000.wav,2,0.0847,0.7951,0.074,0.0359,0.0104,0.3327,0.3333,0.334,0.1713,0.7742,0.0475,0.0056,0.0014,0.0856,0.8362,0.0782,0.0542,0.7019,0.2439,0.1915,0.1919,0.2028,0.2032,0.2106,0.4704,0.4902,0.0394
2406,Hát xẩm,hat_xam/audio_5_003.wav,1,0.024,0.0681,0.0418,0.5119,0.3542,0.333,0.3332,0.3338,0.9101,0.065,0.0195,0.0041,0.0012,0.0574,0.1531,0.7895,0.9905,0.0078,0.0017,0.1402,0.1415,0.1904,0.1933,0.3346,0.8667,0.1023,0.031
2407,Hát xẩm,hat_xam/audio_5_003.wav,2,0.0222,0.0691,0.0382,0.678,0.1925,0.3332,0.3331,0.3336,0.5406,0.3243,0.1091,0.0205,0.0055,0.0254,0.094,0.8807,0.9905,0.0078,0.0017,0.146,0.1471,0.1869,0.1893,0.3307,0.7817,0.1611,0.0572
2408,Hát xẩm,hat_xam/audio_2_073.wav,1,0.0905,0.1465,0.2869,0.2423,0.2338,0.334,0.3332,0.3328,0.9598,0.0318,0.0068,0.0012,0.0004,0.9298,0.0546,0.0156,0.2741,0.6756,0.0503,0.2489,0.2469,0.1932,0.1908,0.1202,0.5374,0.4249,0.0376
2409,Hát xẩm,hat_xam/audio_2_073.wav,2,0.0077,0.0185,0.015,0.0923,0.8666,0.3346,0.3331,0.3323,0.7339,0.2217,0.037,0.0059,0.0016,0.1742,0.7578,0.068,0.0263,0.1483,0.8254,0.2493,0.2472,0.1923,0.1899,0.1214,0.8745,0.1102,0.0152
2410,Hát xẩm,hat_xam/audio_2_082.wav,1,0.0938,0.1428,0.1215,0.2294,0.4125,0.3342,0.3334,0.3325,0.161,0.6579,0.1591,0.0176,0.0044,0.8959,0.0773,0.0268,0.0021,0.0073,0.9906,0.2199,0.2193,0.1999,0.1989,0.162,0.0536,0.8313,0.1151
2411,Hát xẩm,hat_xam/audio_2_082.wav,2,0.0611,0.0995,0.0935,0.1915,0.5543,0.3342,0.3333,0.3325,0.0946,0.8168,0.0796,0.0073,0.0017,0.2436,0.6962,0.0602,0.9336,0.0507,0.0157,0.2537,0.2515,0.1915,0.1888,0.1146,0.9734,0.0228,0.0038
2412,Hát xẩm,hat_xam/audio_2_064.wav,1,0.0135,0.0465,0.0332,0.8456,0.0613,0.3343,0.3331,0.3326,0.1706,0.7095,0.106,0.0113,0.0027,0.3338,0.5973,0.0689,0.0542,0.7019,0.2439,0.2448,0.243,0.1941,0.1919,0.1262,0.2003,0.765,0.0347
2413,Hát xẩm,hat_xam/audio_2_064.wav,2,0.0531,0.1273,0.6932,0.0951,0.0314,0.3344,0.3333,0.3323,0.0166,0.0612,0.9096,0.0109,0.0018,0.0024,0.011,0.9866,0.8965,0.0877,0.0157,0.2588,0.2561,0.1886,0.1858,0.1108,0.0648,0.1383,0.7968
2414,Hát xẩm,hat_xam/audio_7_011.wav,1,0.5385,0.2422,0.1625,0.0415,0.0153,0.3334,0.3331,0.3334,0.0564,0.6696,0.2613,0.0105,0.0022,0.0115,0.9756,0.0129,0.0067,0.9844,0.0089,0.1965,0.1972,0.2111,0.2113,0.184,0.8038,0.1745,0.0218
2415,Hát xẩm,hat_xam/audio_7_011.wav,2,0.9532,0.0218,0.0176,0.0052,0.0022,0.3322,0.3335,0.3343,0.1485,0.7587,0.0821,0.0087,0.0021,0.0082,0.9843,0.0075,0.0067,0.9844,0.0089,0.132,0.1343,0.2277,0.2335,0.2725,0.9169,0.0653,0.0179
2416,Hát xẩm,hat_xam/audio_2_049.wav,1,0.0406,0.0735,0.062,0.1657,0.6582,0.3344,0.3329,0.3327,0.0117,0.0507,0.9306,0.006,0.001,0.0491,0.8853,0.0656,0.64,0.3185,0.0415,0.2507,0.2487,0.1929,0.1903,0.1173,0.0448,0.103,0.8521
2417,Hát xẩm,hat_xam/audio_2_049.wav,2,0.0244,0.0465,0.0396,0.1182,0.7714,0.3351,0.3333,0.3316,0.0849,0.4163,0.4684,0.0251,0.0052,0.031,0.1948,0.7742,0.64,0.3185,0.0415,0.246,0.2441,0.1937,0.1914,0.1248,0.0147,0.039,0.9463
2418,Hát xẩm,hat_xam/audio_7_027.wav,1,0.0429,0.2127,0.1318,0.5531,0.0595,0.3337,0.3332,0.3331,0.8691,0.0931,0.0291,0.0066,0.0021,0.0201,0.9342,0.0458,0.0263,0.1483,0.8254,0.2261,0.2264,0.2134,0.2116,0.1224,0.9803,0.0168,0.0029
2419,Hát xẩm,hat_xam/audio_7_027.wav,2,0.032,0.0643,0.8489,0.0403,0.0144,0.3336,0.3332,0.3332,0.9434,0.0444,0.0098,0.0018,0.0005,0.0467,0.7676,0.1857,0.0263,0.1483,0.8254,0.2089,0.2105,0.2289,0.2279,0.1237,0.9281,0.0625,0.0095
2420,Hát xẩm,hat_xam/audio_2_003.wav,1,0.0409,0.3114,0.0907,0.5119,0.0452,0.3316,0.3335,0.3348,0.0732,0.6856,0.2253,0.013,0.0029,0.0463,0.3103,0.6434,0.0021,0.0073,0.9906,0.2345,0.2331,0.1961,0.1944,0.1418,0.0133,0.0521,0.9346
2421,Hát xẩm,hat_xam/audio_2_003.wav,2,0.0141,0.0225,0.9448,0.0133,0.0052,0.3322,0.3336,0.3342,0.0096,0.0404,0.944,0.0051,0.0009,0.005,0.0191,0.9758,0.0021,0.0073,0.9906,0.236,0.2346,0.1956,0.1938,0.14,0.0112,0.0304,0.9584
2422,Hát xẩm,hat_xam/audio_2_106.wav,1,0.0318,0.0578,0.0616,0.1422,0.7067,0.3366,0.3326,0.3308,0.0131,0.0425,0.9321,0.0108,0.0016,0.6335,0.3176,0.0489,0.0021,0.0073,0.9906,0.2546,0.2525,0.1927,0.1899,0.1103,0.006,0.0219,0.9721
2423,Hát xẩm,hat_xam/audio_2_106.wav,2,0.0229,0.0619,0.0507,0.4742,0.3903,0.335,0.3329,0.3321,0.0076,0.0256,0.9599,0.006,0.0009,0.8077,0.1605,0.0318,0.8965,0.0877,0.0157,0.2184,0.2182,0.2048,0.2038,0.1548,0.0726,0.5622,0.3651
2424,Hát xẩm,hat_xam/audio_8_004.wav,1,0.4521,0.3602,0.1015,0.0627,0.0235,0.334,0.3332,0.3328,0.0103,0.9788,0.0098,0.0008,0.0002,0.0495,0.8673,0.0832,0.0422,0.1103,0.8475,0.2179,0.2178,0.2062,0.2052,0.153,0.057,0.8115,0.1315
2425,Hát xẩm,hat_xam/audio_8_004.wav,2,0.3426,0.408,0.1137,0.0976,0.0382,0.3336,0.3333,0.3331,0.0494,0.9241,0.0235,0.0024,0.0006,0.0575,0.7368,0.2058,0.8965,0.0877,0.0157,0.2188,0.2186,0.2048,0.2037,0.154,0.0297,0.9293,0.0409
2426,Hát xẩm,hat_xam/audio_6_004.wav,1,0.1128,0.6683,0.1525,0.0514,0.015,0.3327,0.3334,0.3339,0.0166,0.9673,0.0146,0.0012,0.0003,0.4521,0.4892,0.0587,0.0021,0.0073,0.9906,0.244,0.2421,0.1936,0.1915,0.1287,0.0562,0.8162,0.1276
2427,Hát xẩm,hat_xam/audio_6_004.wav,2,0.2243,0.6068,0.1023,0.0503,0.0163,0.333,0.3333,0.3337,0.034,0.9204,0.0416,0.0032,0.0007,0.5252,0.4188,0.056,0.0263,0.1483,0.8254,0.2466,0.2446,0.193,0.1907,0.1252,0.134,0.837,0.0289
2428,Hát xẩm,hat_xam/audio_2_021.wav,1,0.0071,0.0167,0.0143,0.077,0.8848,0.3351,0.3331,0.3318,0.018,0.9639,0.0164,0.0014,0.0003,0.0181,0.9593,0.0226,0.0263,0.1483,0.8254,0.2168,0.2169,0.21,0.209,0.1473,0.8687,0.1155,0.0158
2429,Hát xẩm,hat_xam/audio_2_021.wav,2,0.0125,0.0294,0.0213,0.1225,0.8143,0.3359,0.333,0.3311,0.0346,0.8994,0.0611,0.004,0.0009,0.0154,0.9628,0.0218,0.0542,0.7019,0.2439,0.2222,0.2221,0.2068,0.2056,0.1433,0.3031,0.6576,0.0393
2430,Hát xẩm,hat_xam/audio_3_013.wav,1,0.1664,0.3301,0.4245,0.0595,0.0194,0.3353,0.333,0.3317,0.1449,0.7866,0.0603,0.0066,0.0016,0.0283,0.1521,0.8196,0.0021,0.0073,0.9906,0.2522,0.25,0.1908,0.1883,0.1187,0.4438,0.5163,0.0399
2431,Hát xẩm,hat_xam/audio_3_013.wav,2,0.7214,0.1429,0.0768,0.0407,0.0181,0.3348,0.333,0.3322,0.935,0.0459,0.0147,0.0034,0.001,0.0341,0.8987,0.0672,0.0263,0.1483,0.8254,0.2527,0.2507,0.1927,0.1901,0.1138,0.9988,0.001,0.0002
2432,Hát xẩm,hat_xam/audio_1_006.wav,1,0.0126,0.0586,0.0305,0.8696,0.0286,0.3322,0.3333,0.3345,0.0986,0.8404,0.0542,0.0055,0.0013,0.0492,0.6378,0.313,0.0263,0.1483,0.8254,0.1866,0.1886,0.235,0.2359,0.1539,0.9999,0.0001,0.0
2433,Hát xẩm,hat_xam/audio_1_006.wav,2,0.0554,0.5535,0.0731,0.2751,0.0428,0.3336,0.3331,0.3333,0.6666,0.1981,0.0943,0.0302,0.0109,0.0539,0.571,0.3751,0.0542,0.7019,0.2439,0.1362,0.1375,0.1879,0.191,0.3474,0.7513,0.1808,0.0679
2434,Hát xẩm,hat_xam/audio_2_060.wav,1,0.0358,0.1062,0.0546,0.556,0.2473,0.3355,0.3327,0.3318,0.0988,0.8613,0.0351,0.0039,0.001,0.0213,0.9635,0.0152,0.64,0.3185,0.0415,0.2284,0.2279,0.2038,0.2022,0.1378,0.4418,0.5183,0.0399
2435,Hát xẩm,hat_xam/audio_2_060.wav,2,0.0075,0.0179,0.0144,0.0893,0.871,0.3353,0.3333,0.3315,0.1171,0.8101,0.064,0.007,0.0018,0.0621,0.9073,0.0306,0.0263,0.1483,0.8254,0.2376,0.2363,0.1978,0.1959,0.1324,0.0099,0.9855,0.0046
2436,Hát xẩm,hat_xam/audio_7_006.wav,1,0.0264,0.8854,0.0297,0.0484,0.0102,0.3346,0.333,0.3324,0.0306,0.9067,0.0581,0.0038,0.0008,0.0271,0.084,0.889,0.0542,0.7019,0.2439,0.1993,0.2003,0.2177,0.2177,0.165,0.4789,0.4818,0.0393
2437,Hát xẩm,hat_xam/audio_7_006.wav,2,0.0631,0.5923,0.1946,0.124,0.0261,0.3342,0.3331,0.3327,0.2373,0.6514,0.0956,0.0124,0.0033,0.0038,0.0151,0.9811,0.0067,0.9844,0.0089,0.2132,0.2135,0.21,0.2092,0.1542,0.5826,0.3815,0.0359
2438,Hát xẩm,hat_xam/audio_7_025.wav,1,0.0529,0.8469,0.0614,0.0305,0.0083,0.3338,0.3331,0.3331,0.9988,0.0009,0.0002,0.0,0.0,0.0207,0.0921,0.8871,0.0263,0.1483,0.8254,0.2287,0.229,0.213,0.211,0.1183,0.9975,0.0021,0.0004
2439,Hát xẩm,hat_xam/audio_7_025.wav,2,0.2075,0.6292,0.0873,0.0573,0.0187,0.3339,0.3331,0.3331,0.8398,0.1321,0.0232,0.0038,0.0011,0.0247,0.0812,0.8942,0.0263,0.1483,0.8254,0.23,0.23,0.2095,0.2076,0.123,0.995,0.0042,0.0008
2440,Hát xẩm,hat_xam/audio_4_003.wav,1,0.091,0.397,0.4081,0.0814,0.0225,0.3322,0.3335,0.3344,0.0807,0.8284,0.0823,0.007,0.0016,0.1204,0.8074,0.0722,0.0542,0.7019,0.2439,0.1936,0.194,0.2034,0.2038,0.2053,0.0164,0.9767,0.0069
2441,Hát xẩm,hat_xam/audio_4_003.wav,2,0.0321,0.8593,0.0598,0.0397,0.0091,0.3325,0.3333,0.3342,0.1275,0.7763,0.0857,0.0085,0.002,0.0997,0.8304,0.07,0.0542,0.7019,0.2439,0.1937,0.194,0.203,0.2033,0.206,0.8537,0.1291,0.0173
2442,Hát xẩm,hat_xam/audio_2_015.wav,1,0.0295,0.0569,0.0628,0.1577,0.6931,0.3346,0.3328,0.3326,0.2134,0.6538,0.1164,0.0133,0.0032,0.8926,0.0859,0.0216,0.2741,0.6756,0.0503,0.2147,0.2149,0.2085,0.2076,0.1543,0.8948,0.0921,0.0131
2443,Hát xẩm,hat_xam/audio_2_015.wav,2,0.0493,0.0837,0.0955,0.1809,0.5906,0.333,0.3336,0.3334,0.0618,0.1412,0.6322,0.1498,0.015,0.3272,0.6081,0.0647,0.0021,0.0073,0.9906,0.2158,0.2159,0.2086,0.2077,0.1519,0.1433,0.8268,0.0299
2444,Hát xẩm,hat_xam/audio_2_098.wav,1,0.0426,0.0808,0.0624,0.1883,0.626,0.3351,0.3329,0.332,0.1356,0.6191,0.2193,0.021,0.005,0.0433,0.2649,0.6918,0.0021,0.0073,0.9906,0.2379,0.2367,0.1984,0.1964,0.1306,0.0001,0.0004,0.9995
2445,Hát xẩm,hat_xam/audio_2_098.wav,2,0.0593,0.1103,0.0807,0.2317,0.518,0.3344,0.3331,0.3326,0.1943,0.7326,0.0633,0.0078,0.002,0.0308,0.8761,0.093,0.0021,0.0073,0.9906,0.2634,0.2604,0.1865,0.1835,0.1062,0.0603,0.3485,0.5912
2446,Hát xẩm,hat_xam/audio_7_034.wav,1,0.0309,0.0496,0.8955,0.0177,0.0063,0.3362,0.3328,0.331,0.9955,0.0034,0.0009,0.0002,0.0001,0.0354,0.8546,0.11,0.0067,0.9844,0.0089,0.1315,0.1341,0.2498,0.257,0.2276,0.6744,0.2945,0.0312
2447,Hát xẩm,hat_xam/audio_7_034.wav,2,0.0733,0.2024,0.6478,0.0586,0.0179,0.3353,0.3332,0.3315,0.0549,0.7922,0.1427,0.0084,0.0018,0.038,0.2454,0.7166,0.0542,0.7019,0.2439,0.2044,0.2054,0.2187,0.2184,0.153,0.0648,0.3981,0.5371
2448,Hát xẩm,hat_xam/audio_2_055.wav,1,0.0321,0.1179,0.098,0.6721,0.0799,0.3343,0.3332,0.3325,0.056,0.258,0.6634,0.0191,0.0035,0.0272,0.9025,0.0703,0.64,0.3185,0.0415,0.2261,0.2257,0.2043,0.2029,0.1411,0.0008,0.9987,0.0005
2449,Hát xẩm,hat_xam/audio_2_055.wav,2,0.0213,0.058,0.0384,0.4107,0.4716,0.3365,0.3327,0.3308,0.0622,0.5135,0.4077,0.0139,0.0028,0.0048,0.9883,0.0069,0.8965,0.0877,0.0157,0.2639,0.2616,0.1916,0.1882,0.0947,0.5189,0.4429,0.0382
2450,Hát xẩm,hat_xam/audio_2_096.wav,1,0.0586,0.1119,0.0793,0.2415,0.5087,0.3359,0.3328,0.3313,0.0581,0.3957,0.5268,0.0162,0.0032,0.0568,0.7377,0.2055,0.0263,0.1483,0.8254,0.2606,0.2579,0.1889,0.1859,0.1067,0.0352,0.1629,0.802
2451,Hát xẩm,hat_xam/audio_2_096.wav,2,0.0498,0.084,0.0795,0.1734,0.6133,0.3345,0.3331,0.3324,0.0407,0.1059,0.7755,0.0697,0.0082,0.0482,0.42,0.5317,0.2741,0.6756,0.0503,0.2609,0.2584,0.1899,0.1869,0.1039,0.0123,0.0479,0.9398
2452,Hát xẩm,hat_xam/audio_2_124.wav,1,0.3659,0.4546,0.1082,0.053,0.0183,0.3355,0.333,0.3314,0.0167,0.063,0.9094,0.0094,0.0015,0.1201,0.2402,0.6397,0.8965,0.0877,0.0157,0.2264,0.2254,0.1984,0.1971,0.1527,0.0405,0.9458,0.0137
2453,Hát xẩm,hat_xam/audio_2_124.wav,2,0.5982,0.2451,0.0893,0.0484,0.019,0.3354,0.333,0.3316,0.0326,0.9413,0.0233,0.0022,0.0005,0.1162,0.2361,0.6477,0.8965,0.0877,0.0157,0.2294,0.2283,0.1975,0.196,0.1489,0.0633,0.9181,0.0186
2454,Hát xẩm,hat_xam/audio_7_030.wav,1,0.0495,0.4072,0.1227,0.3763,0.0443,0.3334,0.3331,0.3335,0.0201,0.9559,0.0218,0.0017,0.0004,0.0063,0.0301,0.9636,0.0263,0.1483,0.8254,0.2201,0.2204,0.2117,0.2105,0.1373,0.1282,0.8435,0.0283
2455,Hát xẩm,hat_xam/audio_7_030.wav,2,0.0679,0.5954,0.2124,0.1011,0.0232,0.3334,0.3332,0.3334,0.948,0.0415,0.0086,0.0015,0.0004,0.0098,0.0401,0.9501,0.0021,0.0073,0.9906,0.2196,0.2203,0.2168,0.2153,0.128,0.4243,0.5356,0.0401
2456,Hát xẩm,hat_xam/audio_2_085.wav,1,0.0622,0.1026,0.1294,0.2083,0.4974,0.3332,0.3336,0.3332,0.7612,0.1855,0.0435,0.0077,0.0021,0.9223,0.0621,0.0156,0.0067,0.9844,0.0089,0.229,0.2282,0.2008,0.1993,0.1428,0.9689,0.0251,0.006
2457,Hát xẩm,hat_xam/audio_2_085.wav,2,0.0782,0.1173,0.1293,0.205,0.4702,0.3336,0.3334,0.333,0.6966,0.2576,0.0383,0.0059,0.0016,0.9164,0.0619,0.0216,0.0067,0.9844,0.0089,0.2394,0.238,0.1959,0.194,0.1327,0.5408,0.4217,0.0375
2458,Hát xẩm,hat_xam/audio_3_001.wav,1,0.9757,0.0111,0.0092,0.0028,0.0012,0.3347,0.333,0.3323,0.9026,0.0673,0.0229,0.0055,0.0017,0.0097,0.9783,0.012,0.0067,0.9844,0.0089,0.2406,0.2392,0.1971,0.195,0.1281,0.9981,0.0016,0.0003
2459,Hát xẩm,hat_xam/audio_3_001.wav,2,0.073,0.0586,0.8267,0.0286,0.0131,0.3353,0.333,0.3317,0.0528,0.8689,0.0717,0.0053,0.0012,0.0215,0.0781,0.9004,0.0263,0.1483,0.8254,0.2436,0.2419,0.1943,0.1922,0.128,0.9614,0.0332,0.0054
2460,Hát xẩm,hat_xam/audio_7_055.wav,1,0.9851,0.0065,0.0057,0.0019,0.0009,0.3344,0.3336,0.332,0.1038,0.803,0.0828,0.0083,0.0021,0.0524,0.8436,0.104,0.0067,0.9844,0.0089,0.2296,0.2286,0.1978,0.1963,0.1477,0.671,0.2977,0.0314
2461,Hát xẩm,hat_xam/audio_7_055.wav,2,0.9786,0.0094,0.0085,0.0024,0.001,0.3335,0.3335,0.333,0.0578,0.4233,0.5016,0.0144,0.0028,0.0277,0.9542,0.0182,0.0372,0.9449,0.0179,0.2507,0.2485,0.1918,0.1893,0.1197,0.0042,0.9923,0.0035
2462,Hát xẩm,hat_xam/audio_2_040.wav,1,0.0587,0.095,0.0967,0.1855,0.564,0.3352,0.3331,0.3317,0.2383,0.6811,0.0694,0.0089,0.0023,0.0583,0.5792,0.3625,0.0067,0.9844,0.0089,0.2516,0.2494,0.1917,0.1892,0.118,0.5626,0.4007,0.0367
2463,Hát xẩm,hat_xam/audio_2_040.wav,2,0.0579,0.0938,0.1015,0.1857,0.5611,0.3341,0.3333,0.3326,0.0706,0.4122,0.493,0.0201,0.0041,0.0525,0.5686,0.3789,0.2741,0.6756,0.0503,0.2306,0.2295,0.1982,0.1966,0.1451,0.0063,0.9906,0.0031
2464,Hát xẩm,hat_xam/audio_7_035.wav,1,0.4774,0.3413,0.0999,0.0591,0.0223,0.336,0.3332,0.3308,0.2284,0.6834,0.0768,0.0092,0.0023,0.048,0.7599,0.1921,0.64,0.3185,0.0415,0.1991,0.1999,0.2142,0.2143,0.1725,0.8069,0.1716,0.0215
2465,Hát xẩm,hat_xam/audio_7_035.wav,2,0.0456,0.671,0.1004,0.1574,0.0256,0.3325,0.3334,0.3341,0.568,0.3602,0.0603,0.0091,0.0024,0.0225,0.0782,0.8992,0.0067,0.9844,0.0089,0.2016,0.2024,0.2138,0.2137,0.1684,0.9705,0.0253,0.0042
2466,Hát xẩm,hat_xam/audio_3_015.wav,1,0.1809,0.1183,0.5942,0.0691,0.0374,0.3348,0.3329,0.3323,0.9324,0.0477,0.0153,0.0035,0.0011,0.0525,0.4104,0.5372,0.0263,0.1483,0.8254,0.2586,0.2564,0.1916,0.1886,0.1048,0.9772,0.0185,0.0043
2467,Hát xẩm,hat_xam/audio_3_015.wav,2,0.1127,0.1242,0.5922,0.1065,0.0644,0.3346,0.3331,0.3323,0.1095,0.7832,0.0964,0.0089,0.002,0.0285,0.1065,0.8649,0.0263,0.1483,0.8254,0.249,0.2469,0.1919,0.1895,0.1227,0.3597,0.6001,0.0402
2468,Hát xẩm,hat_xam/audio_2_113.wav,1,0.0753,0.1556,0.4594,0.214,0.0958,0.3355,0.3331,0.3314,0.0535,0.1029,0.2872,0.5289,0.0276,0.577,0.3512,0.0718,0.0542,0.7019,0.2439,0.24,0.2384,0.1946,0.1927,0.1344,0.0018,0.0054,0.9928
2469,Hát xẩm,hat_xam/audio_2_113.wav,2,0.0683,0.48,0.2542,0.1638,0.0337,0.3345,0.3333,0.3322,0.0415,0.1159,0.7843,0.0511,0.0072,0.0393,0.9307,0.03,0.0021,0.0073,0.9906,0.2342,0.2329,0.1964,0.1947,0.1419,0.0148,0.0394,0.9457
2470,Hát xẩm,hat_xam/audio_0_009.wav,1,0.0506,0.1131,0.7198,0.0865,0.03,0.3331,0.3333,0.3336,0.1205,0.4319,0.4037,0.0359,0.008,0.6283,0.2404,0.1313,0.64,0.3185,0.0415,0.1519,0.1529,0.1896,0.1918,0.3137,0.0474,0.8631,0.0895
2471,Hát xẩm,hat_xam/audio_0_009.wav,2,0.0506,0.1131,0.7198,0.0865,0.03,0.3331,0.3333,0.3336,0.1205,0.4319,0.4037,0.0359,0.008,0.6283,0.2404,0.1313,0.64,0.3185,0.0415,0.1519,0.1529,0.1896,0.1918,0.3137,0.0474,0.8631,0.0895
2472,Hát xẩm,hat_xam/audio_2_028.wav,1,0.0431,0.0823,0.1,0.2162,0.5584,0.328,0.334,0.338,0.0554,0.6947,0.2374,0.0104,0.0022,0.0102,0.9735,0.0164,0.2741,0.6756,0.0503,0.2424,0.2409,0.1963,0.1942,0.1263,0.0496,0.9346,0.0158
2473,Hát xẩm,hat_xam/audio_2_028.wav,2,0.0176,0.0685,0.0468,0.8168,0.0504,0.3351,0.3333,0.3316,0.0584,0.4628,0.4622,0.0139,0.0027,0.4247,0.5113,0.0641,0.2741,0.6756,0.0503,0.2175,0.2171,0.202,0.2011,0.1623,0.3671,0.5927,0.0402
2474,Hát xẩm,hat_xam/audio_2_017.wav,1,0.0207,0.0442,0.0455,0.1548,0.7348,0.3288,0.3343,0.337,0.1847,0.7521,0.0552,0.0065,0.0016,0.6309,0.315,0.0541,0.0021,0.0073,0.9906,0.2255,0.2249,0.2026,0.2013,0.1457,0.8277,0.1526,0.0197
2475,Hát xẩm,hat_xam/audio_2_017.wav,2,0.0446,0.0765,0.0833,0.1679,0.6277,0.334,0.3336,0.3324,0.0517,0.3012,0.629,0.0153,0.0029,0.6454,0.3038,0.0508,0.2741,0.6756,0.0503,0.1969,0.1975,0.2094,0.2096,0.1867,0.0374,0.9036,0.059
2476,Hát xẩm,hat_xam/audio_2_023.wav,1,0.0146,0.0364,0.0299,0.2075,0.7116,0.3337,0.3332,0.3331,0.0808,0.8331,0.0778,0.0067,0.0015,0.345,0.5819,0.073,0.0021,0.0073,0.9906,0.2061,0.2067,0.214,0.2137,0.1595,0.5745,0.3893,0.0362
2477,Hát xẩm,hat_xam/audio_2_023.wav,2,0.0506,0.0929,0.1183,0.2244,0.5138,0.3343,0.3333,0.3324,0.0621,0.1265,0.4106,0.3758,0.0251,0.2131,0.7264,0.0606,0.64,0.3185,0.0415,0.207,0.2071,0.2048,0.2044,0.1768,0.017,0.0685,0.9145
2478,Hát xẩm,hat_xam/audio_7_076.wav,1,0.0042,0.0091,0.0072,0.0321,0.9474,0.3347,0.3331,0.3322,0.5749,0.3668,0.049,0.0073,0.002,0.8323,0.1203,0.0474,0.0263,0.1483,0.8254,0.2084,0.2085,0.2054,0.205,0.1727,0.0031,0.9944,0.0024
2479,Hát xẩm,hat_xam/audio_7_076.wav,2,0.0149,0.0347,0.0248,0.1387,0.787,0.3355,0.3331,0.3315,0.0002,0.0008,0.9988,0.0001,0.0,0.8756,0.0985,0.026,0.0263,0.1483,0.8254,0.2153,0.2152,0.205,0.2042,0.1603,0.0545,0.8263,0.1191
2480,Hát xẩm,hat_xam/audio_1_007.wav,1,0.0238,0.0964,0.0377,0.7686,0.0735,0.3327,0.3331,0.3342,0.0675,0.1526,0.6237,0.1411,0.0151,0.0504,0.6477,0.302,0.0542,0.7019,0.2439,0.1354,0.1366,0.1844,0.1874,0.3562,0.8765,0.0952,0.0283
2481,Hát xẩm,hat_xam/audio_1_007.wav,2,0.0372,0.2503,0.0607,0.6012,0.0505,0.3332,0.333,0.3338,0.5834,0.324,0.0753,0.0134,0.0039,0.0005,0.0021,0.9975,0.8398,0.1172,0.043,0.1461,0.1474,0.1932,0.196,0.3174,0.9737,0.0213,0.005
2482,Hát xẩm,hat_xam/audio_7_057.wav,1,0.0944,0.07,0.7863,0.0337,0.0156,0.3329,0.3336,0.3334,0.0163,0.9661,0.016,0.0013,0.0003,0.0346,0.8548,0.1106,0.0542,0.7019,0.2439,0.2471,0.2451,0.1925,0.1902,0.1251,0.0104,0.9796,0.01
2483,Hát xẩm,hat_xam/audio_7_057.wav,2,0.8846,0.0598,0.0348,0.0146,0.0062,0.3333,0.3335,0.3332,0.0503,0.9128,0.033,0.0031,0.0007,0.0483,0.4839,0.4678,0.9905,0.0078,0.0017,0.2472,0.2452,0.1928,0.1905,0.1243,0.8575,0.1256,0.0169
2484,Hát xẩm,hat_xam/audio_2_016.wav,1,0.0346,0.0654,0.0742,0.1718,0.654,0.3323,0.3333,0.3343,0.8555,0.1181,0.0218,0.0036,0.001,0.8909,0.0863,0.0229,0.0021,0.0073,0.9906,0.2198,0.2196,0.2058,0.2047,0.15,0.6945,0.2756,0.0299
2485,Hát xẩm,hat_xam/audio_2_016.wav,2,0.0255,0.0487,0.0408,0.1241,0.7608,0.3328,0.3337,0.3335,0.0537,0.1304,0.7049,0.0998,0.0111,0.9888,0.009,0.0023,0.2741,0.6756,0.0503,0.2087,0.2088,0.2062,0.2057,0.1705,0.0002,0.9997,0.0001
2486,Hát xẩm,hat_xam/audio_10_007.wav,1,0.0141,0.0278,0.0239,0.0774,0.8567,0.3332,0.3332,0.3336,0.6919,0.1863,0.0858,0.0266,0.0094,0.1091,0.3029,0.588,0.9905,0.0078,0.0017,0.1626,0.1634,0.1936,0.1954,0.285,0.9658,0.0294,0.0048
2487,Hát xẩm,hat_xam/audio_10_007.wav,2,0.0491,0.0548,0.8443,0.0351,0.0167,0.3329,0.3334,0.3337,0.0647,0.1368,0.4979,0.279,0.0216,0.1688,0.7685,0.0627,0.0067,0.9844,0.0089,0.1685,0.1693,0.1958,0.1974,0.2691,0.9457,0.0469,0.0074
2488,Hát xẩm,hat_xam/audio_2_136.wav,1,0.0475,0.0985,0.1244,0.2897,0.4398,0.3332,0.3334,0.3334,0.679,0.2275,0.0726,0.0159,0.005,0.8127,0.1328,0.0546,0.2741,0.6756,0.0503,0.1929,0.1934,0.2049,0.2053,0.2035,0.9997,0.0002,0.0
2489,Hát xẩm,hat_xam/audio_2_136.wav,2,0.0183,0.0347,0.0337,0.0926,0.8207,0.3331,0.3335,0.3334,0.678,0.238,0.0665,0.0134,0.004,0.7325,0.1826,0.0849,0.0021,0.0073,0.9906,0.1994,0.1996,0.2041,0.2041,0.1927,0.9983,0.0014,0.0003
2490,Hát xẩm,hat_xam/audio_2_002.wav,1,0.0538,0.2239,0.204,0.4473,0.0709,0.3328,0.3335,0.3337,0.0574,0.3443,0.5772,0.0176,0.0035,0.0325,0.171,0.7965,0.0263,0.1483,0.8254,0.2378,0.2363,0.1954,0.1935,0.1369,0.0694,0.6959,0.2347
2491,Hát xẩm,hat_xam/audio_2_002.wav,2,0.1163,0.7559,0.0755,0.0401,0.0121,0.3325,0.3335,0.334,0.0249,0.1115,0.8499,0.0117,0.0021,0.0326,0.2296,0.7379,0.0021,0.0073,0.9906,0.2355,0.2341,0.1958,0.1941,0.1406,0.0085,0.0236,0.9679
2492,Hát xẩm,hat_xam/audio_5_006.wav,1,0.011,0.027,0.02,0.1368,0.8051,0.3335,0.3331,0.3333,0.6796,0.1921,0.0899,0.0283,0.0101,0.067,0.1747,0.7583,0.9905,0.0078,0.0017,0.1563,0.1573,0.192,0.1941,0.3003,0.8082,0.1433,0.0485
2493,Hát xẩm,hat_xam/audio_5_006.wav,2,0.0282,0.0546,0.0598,0.1526,0.7049,0.3333,0.3332,0.3335,0.6797,0.192,0.0899,0.0283,0.0101,0.0493,0.167,0.7837,0.0067,0.9844,0.0089,0.1638,0.1647,0.1944,0.1961,0.281,0.7714,0.1678,0.0608
2494,Hát xẩm,hat_xam/audio_2_110.wav,1,0.0282,0.0666,0.044,0.2454,0.6159,0.334,0.3341,0.3319,0.0565,0.2935,0.6293,0.0175,0.0033,0.1819,0.7624,0.0557,0.0021,0.0073,0.9906,0.2414,0.2403,0.1996,0.1974,0.1214,0.0092,0.9823,0.0085
2495,Hát xẩm,hat_xam/audio_2_110.wav,2,0.0087,0.0209,0.0157,0.0976,0.8571,0.3352,0.3335,0.3314,0.0081,0.0289,0.9568,0.0054,0.0008,0.0823,0.8787,0.039,0.2741,0.6756,0.0503,0.2329,0.2323,0.2029,0.201,0.1309,0.0002,0.9997,0.0001
2496,Hát xẩm,hat_xam/audio_7_077.wav,1,0.0117,0.0275,0.02,0.1154,0.8255,0.3347,0.3331,0.3322,0.0171,0.9648,0.0164,0.0013,0.0003,0.931,0.0528,0.0162,0.0263,0.1483,0.8254,0.2131,0.213,0.2042,0.2035,0.1661,0.0451,0.8731,0.0818
2497,Hát xẩm,hat_xam/audio_7_077.wav,2,0.0179,0.0393,0.0288,0.1304,0.7836,0.3344,0.3332,0.3324,0.0369,0.1131,0.818,0.0278,0.0042,0.8897,0.081,0.0292,0.0263,0.1483,0.8254,0.2084,0.2085,0.2049,0.2045,0.1737,0.0132,0.0519,0.9348
2498,Hát xẩm,hat_xam/audio_4_001.wav,1,0.0146,0.9582,0.0132,0.0111,0.0029,0.3312,0.3336,0.3352,0.5473,0.3911,0.052,0.0075,0.002,0.0705,0.841,0.0885,0.0542,0.7019,0.2439,0.1928,0.1931,0.2027,0.203,0.2084,0.9978,0.0019,0.0004
2499,Hát xẩm,hat_xam/audio_4_001.wav,2,0.064,0.8445,0.0533,0.0297,0.0085,0.3316,0.3334,0.3349,0.0519,0.7355,0.2018,0.0089,0.0019,0.1457,0.7624,0.0919,0.0542,0.7019,0.2439,0.1932,0.1936,0.2032,0.2036,0.2065,0.9114,0.0773,0.0113
2500,Hát xẩm,hat_xam/audio_9_008.wav,1,0.0325,0.0698,0.0772,0.24,0.5805,0.3327,0.3333,0.334,0.833,0.112,0.0415,0.0103,0.0032,0.0529,0.9086,0.0384,0.8965,0.0877,0.0157,0.1285,0.1297,0.1765,0.1795,0.3857,0.8449,0.1178,0.0372
2501,Hát xẩm,hat_xam/audio_9_008.wav,2,0.01,0.0337,0.0227,0.8737,0.0598,0.3334,0.3333,0.3334,0.6561,0.2028,0.0978,0.0318,0.0115,0.2741,0.6532,0.0727,0.8965,0.0877,0.0157,0.147,0.1481,0.1875,0.19,0.3275,0.7569,0.1772,0.0659
2502,Hát xẩm,hat_xam/audio_7_013.wav,1,0.0674,0.1218,0.7626,0.036,0.0122,0.3328,0.3333,0.3339,0.0128,0.9737,0.0122,0.001,0.0002,0.0185,0.9639,0.0176,0.0067,0.9844,0.0089,0.1908,0.1917,0.2109,0.2115,0.1951,0.5207,0.4411,0.0382
2503,Hát xẩm,hat_xam/audio_7_013.wav,2,0.1186,0.2916,0.5105,0.0603,0.019,0.3329,0.3333,0.3338,0.0558,0.4356,0.4922,0.0138,0.0027,0.0302,0.9146,0.0552,0.0067,0.9844,0.0089,0.1916,0.1927,0.2154,0.2159,0.1844,0.4844,0.4764,0.0391
2504,Hát xẩm,hat_xam/audio_2_101.wav,1,0.0328,0.0639,0.0498,0.161,0.6926,0.3362,0.333,0.3308,0.2714,0.5924,0.1159,0.0161,0.0043,0.041,0.8957,0.0632,0.2741,0.6756,0.0503,0.2528,0.2506,0.1914,0.1888,0.1164,0.0031,0.9945,0.0024
2505,Hát xẩm,hat_xam/audio_2_101.wav,2,0.0483,0.0883,0.07,0.1938,0.5996,0.3351,0.333,0.3319,0.0057,0.9861,0.0075,0.0005,0.0001,0.0051,0.9902,0.0047,0.0422,0.1103,0.8475,0.2482,0.2462,0.1925,0.1902,0.123,0.0141,0.9713,0.0146
2506,Hát xẩm,hat_xam/audio_3_022.wav,1,0.2449,0.3169,0.3624,0.0564,0.0194,0.3341,0.333,0.3329,0.9777,0.0163,0.0047,0.001,0.0003,0.0257,0.9133,0.061,0.0263,0.1483,0.8254,0.2519,0.2497,0.1916,0.189,0.1178,0.9762,0.0203,0.0034
2507,Hát xẩm,hat_xam/audio_3_022.wav,2,0.4457,0.2727,0.2171,0.0473,0.0172,0.3353,0.3331,0.3317,0.0641,0.8508,0.0776,0.0061,0.0014,0.0234,0.0823,0.8943,0.0021,0.0073,0.9906,0.2454,0.2436,0.1934,0.1912,0.1264,0.7248,0.2473,0.0279
2508,Hát xẩm,hat_xam/audio_7_060.wav,1,0.0213,0.9088,0.0244,0.0376,0.008,0.3318,0.3338,0.3344,0.6056,0.3388,0.0468,0.0069,0.0019,0.0113,0.9725,0.0162,0.0263,0.1483,0.8254,0.2566,0.2552,0.1968,0.1936,0.0979,0.9427,0.0456,0.0117
2509,Hát xẩm,hat_xam/audio_7_060.wav,2,0.0589,0.1014,0.7098,0.0903,0.0396,0.3335,0.3335,0.333,0.0744,0.789,0.1248,0.0095,0.0022,0.0569,0.6756,0.2675,0.0263,0.1483,0.8254,0.2386,0.2371,0.1953,0.1934,0.1356,0.0796,0.8989,0.0216
2510,Hát xẩm,hat_xam/audio_1_003.wav,1,0.0063,0.0218,0.0134,0.9207,0.0377,0.3331,0.3332,0.3337,0.0381,0.054,0.0866,0.7184,0.1029,0.0059,0.0227,0.9715,0.9905,0.0078,0.0017,0.1582,0.1592,0.193,0.195,0.2945,0.0499,0.8512,0.0989
2511,Hát xẩm,hat_xam/audio_1_003.wav,2,0.0443,0.1586,0.1538,0.5545,0.0888,0.3312,0.3335,0.3353,0.0569,0.6501,0.2799,0.0109,0.0022,0.0177,0.0576,0.9247,0.9905,0.0078,0.0017,0.2585,0.2561,0.1908,0.1879,0.1068,0.0564,0.9263,0.0173
2512,Hát xẩm,hat_xam/audio_2_086.wav,1,0.0663,0.1273,0.1965,0.2915,0.3184,0.3336,0.3333,0.333,0.8329,0.1107,0.0419,0.0109,0.0036,0.8622,0.1116,0.0262,0.9905,0.0078,0.0017,0.2263,0.2259,0.2042,0.2028,0.1408,0.9689,0.0251,0.006
2513,Hát xẩm,hat_xam/audio_2_086.wav,2,0.0904,0.1308,0.1739,0.2169,0.388,0.335,0.333,0.332,0.911,0.0701,0.0154,0.0028,0.0008,0.9514,0.0372,0.0114,0.2741,0.6756,0.0503,0.2352,0.2342,0.2002,0.1984,0.132,0.7128,0.2585,0.0287
2514,Hát xẩm,hat_xam/audio_7_074.wav,1,0.0151,0.0371,0.0262,0.1759,0.7457,0.3345,0.3331,0.3323,0.7454,0.2141,0.0337,0.0053,0.0015,0.9181,0.0616,0.0204,0.0263,0.1483,0.8254,0.2116,0.2116,0.205,0.2044,0.1674,0.325,0.6353,0.0397
2515,Hát xẩm,hat_xam/audio_7_074.wav,2,0.0034,0.0071,0.0065,0.0247,0.9584,0.3345,0.3332,0.3324,0.7109,0.2406,0.0401,0.0065,0.0018,0.876,0.0908,0.0333,0.0021,0.0073,0.9906,0.2073,0.2073,0.204,0.2036,0.1778,0.0707,0.493,0.4363
2516,Hát xẩm,hat_xam/audio_2_011.wav,1,0.0238,0.0473,0.0505,0.14,0.7383,0.3341,0.3333,0.3325,0.6862,0.2615,0.0433,0.007,0.0019,0.8451,0.1121,0.0428,0.9336,0.0507,0.0157,0.2302,0.2292,0.1986,0.1971,0.145,0.9862,0.0118,0.0021
2517,Hát xẩm,hat_xam/audio_2_011.wav,2,0.0761,0.1197,0.1642,0.2221,0.4178,0.3361,0.3328,0.331,0.074,0.3067,0.5903,0.0245,0.0045,0.9441,0.0439,0.012,0.0021,0.0073,0.9906,0.2116,0.2117,0.2067,0.206,0.1639,0.001,0.9985,0.0006
2518,Hát xẩm,hat_xam/audio_2_037.wav,1,0.0333,0.0628,0.0514,0.152,0.7004,0.3359,0.3328,0.3313,0.0378,0.2489,0.6993,0.0118,0.0022,0.0031,0.014,0.9829,0.0263,0.1483,0.8254,0.2459,0.244,0.1934,0.1912,0.1254,0.0643,0.756,0.1797
2519,Hát xẩm,hat_xam/audio_2_037.wav,2,0.0592,0.0994,0.0869,0.1955,0.5589,0.3342,0.3333,0.3326,0.5777,0.3293,0.0757,0.0134,0.0039,0.0542,0.778,0.1678,0.0263,0.1483,0.8254,0.2287,0.2277,0.1981,0.1967,0.1487,0.0076,0.9888,0.0036
2520,Hát xẩm,hat_xam/audio_6_006.wav,1,0.1395,0.4424,0.3341,0.0644,0.0196,0.3331,0.3333,0.3336,0.0487,0.9055,0.0413,0.0036,0.0008,0.3428,0.5948,0.0624,0.0021,0.0073,0.9906,0.2527,0.2504,0.1909,0.1884,0.1176,0.0087,0.9833,0.008
2521,Hát xẩm,hat_xam/audio_6_006.wav,2,0.0277,0.9213,0.0287,0.0176,0.0047,0.3331,0.3333,0.3336,0.0512,0.9144,0.0308,0.003,0.0007,0.2717,0.6689,0.0594,0.0021,0.0073,0.9906,0.2521,0.2498,0.1912,0.1887,0.1183,0.0099,0.9807,0.0094
2522,Hát xẩm,hat_xam/audio_10_006.wav,1,0.0419,0.7271,0.0899,0.1201,0.0209,0.3328,0.3333,0.3339,0.6926,0.186,0.0855,0.0265,0.0093,0.8157,0.1374,0.0469,0.0542,0.7019,0.2439,0.1561,0.1571,0.1923,0.1944,0.3001,0.9176,0.0648,0.0177
2523,Hát xẩm,hat_xam/audio_10_006.wav,2,0.0368,0.0798,0.0908,0.2733,0.5192,0.3334,0.3331,0.3335,0.6973,0.1839,0.084,0.0258,0.0091,0.1215,0.6163,0.2622,0.8398,0.1172,0.043,0.16,0.161,0.1933,0.1952,0.2906,0.999,0.0008,0.0002
2524,Hát xẩm,hat_xam/audio_2_031.wav,1,0.0147,0.0295,0.0296,0.0895,0.8367,0.3339,0.3333,0.3328,0.0044,0.0157,0.9762,0.0031,0.0005,0.7245,0.2332,0.0423,0.2741,0.6756,0.0503,0.219,0.2186,0.2031,0.2021,0.1571,0.0435,0.8798,0.0766
2525,Hát xẩm,hat_xam/audio_2_031.wav,2,0.0676,0.1108,0.1479,0.2202,0.4534,0.3355,0.3329,0.3316,0.0453,0.8276,0.1193,0.0065,0.0014,0.8976,0.0839,0.0185,0.0021,0.0073,0.9906,0.2355,0.2344,0.1991,0.1973,0.1338,0.438,0.522,0.04
2526,Hát xẩm,hat_xam/audio_10_004.wav,1,0.0059,0.0207,0.0128,0.9278,0.0328,0.3325,0.3333,0.3342,0.8191,0.1202,0.0455,0.0115,0.0036,0.6914,0.2461,0.0625,0.0542,0.7019,0.2439,0.1499,0.1509,0.1888,0.1911,0.3194,0.998,0.0017,0.0003
2527,Hát xẩm,hat_xam/audio_10_004.wav,2,0.0136,0.0734,0.0269,0.8597,0.0265,0.3323,0.3333,0.3344,0.678,0.1929,0.0904,0.0285,0.0102,0.7491,0.1972,0.0537,0.0542,0.7019,0.2439,0.1519,0.1529,0.1895,0.1917,0.314,0.9762,0.0193,0.0045
2528,Hát xẩm,hat_xam/audio_3_014.wav,1,0.9215,0.0367,0.0264,0.0106,0.0048,0.335,0.3329,0.3321,0.9754,0.0188,0.0047,0.0009,0.0003,0.0512,0.4161,0.5328,0.0263,0.1483,0.8254,0.2626,0.2601,0.1896,0.1864,0.1012,0.8683,0.1158,0.0158
2529,Hát xẩm,hat_xam/audio_3_014.wav,2,0.5676,0.1697,0.2097,0.0382,0.0149,0.3363,0.3328,0.3309,0.7784,0.1809,0.0336,0.0055,0.0015,0.0606,0.5375,0.4019,0.0263,0.1483,0.8254,0.2556,0.2532,0.1899,0.1872,0.114,0.4908,0.4702,0.039
2530,Hát xẩm,hat_xam/audio_2_068.wav,1,0.0282,0.0665,0.0667,0.2965,0.5421,0.3344,0.3331,0.3325,0.7952,0.166,0.0321,0.0054,0.0015,0.254,0.6764,0.0697,0.8965,0.0877,0.0157,0.2535,0.2512,0.1912,0.1886,0.1155,0.7549,0.2194,0.0257
2531,Hát xẩm,hat_xam/audio_2_068.wav,2,0.0667,0.1944,0.3662,0.2914,0.0813,0.3345,0.3332,0.3322,0.0459,0.1191,0.749,0.0765,0.0095,0.0092,0.0486,0.9422,0.8965,0.0877,0.0157,0.2511,0.2489,0.1919,0.1894,0.1187,0.0097,0.0367,0.9536
2532,Hát xẩm,hat_xam/audio_2_014.wav,1,0.0269,0.0601,0.0624,0.233,0.6176,0.3355,0.3328,0.3316,0.1341,0.5632,0.2761,0.022,0.0046,0.8971,0.0803,0.0226,0.0021,0.0073,0.9906,0.2151,0.215,0.2053,0.2045,0.16,0.8456,0.1364,0.018
2533,Hát xẩm,hat_xam/audio_2_014.wav,2,0.043,0.0739,0.0782,0.1623,0.6426,0.3357,0.3331,0.3312,0.011,0.0416,0.9399,0.0064,0.001,0.9736,0.0209,0.0055,0.2741,0.6756,0.0503,0.2057,0.206,0.2073,0.207,0.174,0.0122,0.9825,0.0054
2534,Hát xẩm,hat_xam/audio_5_004.wav,1,0.0437,0.1224,0.0632,0.4868,0.284,0.3339,0.3332,0.3329,0.15,0.3143,0.4521,0.0705,0.013,0.0514,0.1432,0.8054,0.9905,0.0078,0.0017,0.1529,0.1539,0.1905,0.1927,0.31,0.9824,0.0144,0.0033
2535,Hát xẩm,hat_xam/audio_5_004.wav,2,0.0645,0.163,0.0824,0.4051,0.2849,0.3335,0.3332,0.3333,0.6626,0.1998,0.0957,0.0308,0.0111,0.0626,0.1632,0.7743,0.9905,0.0078,0.0017,0.1483,0.1494,0.1889,0.1913,0.322,0.7693,0.1692,0.0615
2536,Hát xẩm,hat_xam/audio_6_010.wav,1,0.3378,0.3,0.2905,0.0529,0.0187,0.3332,0.3333,0.3334,0.6563,0.2924,0.0428,0.0066,0.0018,0.9162,0.0691,0.0147,0.0021,0.0073,0.9906,0.2518,0.2496,0.1909,0.1885,0.1192,0.0394,0.9472,0.0135
2537,Hát xẩm,hat_xam/audio_6_010.wav,2,0.2631,0.5651,0.0975,0.0558,0.0186,0.3325,0.3333,0.3342,0.3788,0.5423,0.0675,0.0091,0.0023,0.4935,0.449,0.0575,0.0021,0.0073,0.9906,0.2457,0.2437,0.1931,0.1909,0.1266,0.2494,0.7131,0.0374
2538,Hát xẩm,hat_xam/audio_6_015.wav,1,0.261,0.5586,0.1125,0.0511,0.0168,0.3333,0.3333,0.3334,0.1537,0.7488,0.0862,0.0091,0.0022,0.7205,0.2389,0.0406,0.0422,0.1103,0.8475,0.2411,0.2394,0.1947,0.1927,0.1322,0.2607,0.7014,0.0379
2539,Hát xẩm,hat_xam/audio_6_015.wav,2,0.5829,0.2649,0.0939,0.0425,0.0159,0.3327,0.3333,0.334,0.1638,0.7612,0.0658,0.0073,0.0018,0.0904,0.871,0.0386,0.2741,0.6756,0.0503,0.2467,0.2447,0.1931,0.1908,0.1247,0.4459,0.5143,0.0399
2540,Hát xẩm,hat_xam/audio_2_062.wav,1,0.0704,0.171,0.3936,0.2672,0.0978,0.334,0.3332,0.3328,0.0335,0.9065,0.0555,0.0037,0.0008,0.007,0.987,0.006,0.996,0.0032,0.0008,0.2477,0.2463,0.1977,0.1951,0.1131,0.0325,0.9204,0.047
2541,Hát xẩm,hat_xam/audio_2_062.wav,2,0.0596,0.1147,0.1626,0.2806,0.3825,0.3336,0.3333,0.3331,0.0732,0.258,0.634,0.0296,0.0052,0.8415,0.1304,0.028,0.8965,0.0877,0.0157,0.2454,0.2437,0.1946,0.1923,0.124,0.0316,0.9233,0.0451
2542,Hát xẩm,hat_xam/audio_8_002.wav,1,0.3717,0.3694,0.19,0.0512,0.0177,0.3339,0.3333,0.3328,0.0261,0.9365,0.0343,0.0026,0.0006,0.0458,0.9088,0.0454,0.0422,0.1103,0.8475,0.2063,0.2068,0.2105,0.2102,0.1663,0.0576,0.8078,0.1347
2543,Hát xẩm,hat_xam/audio_8_002.wav,2,0.3598,0.4128,0.1091,0.0856,0.0327,0.3336,0.3333,0.3331,0.0385,0.9388,0.0202,0.002,0.0005,0.0557,0.8178,0.1265,0.0422,0.1103,0.8475,0.2128,0.2129,0.2069,0.2062,0.1612,0.0372,0.9045,0.0583
2544,Hát xẩm,hat_xam/audio_7_042.wav,1,0.0216,0.0261,0.9303,0.0153,0.0067,0.3321,0.3338,0.3342,0.0556,0.1801,0.7197,0.0379,0.0067,0.0532,0.4343,0.5124,0.0067,0.9844,0.0089,0.2519,0.2507,0.1985,0.1955,0.1034,0.0895,0.176,0.7345
2545,Hát xẩm,hat_xam/audio_7_042.wav,2,0.0829,0.1071,0.6671,0.0928,0.0501,0.3339,0.3331,0.333,0.8038,0.1583,0.0312,0.0053,0.0014,0.5437,0.3964,0.0599,0.64,0.3185,0.0415,0.1373,0.1388,0.1926,0.1959,0.3353,0.9975,0.0021,0.0004
2546,Hát xẩm,hat_xam/audio_7_002.wav,1,0.1189,0.7569,0.0703,0.0414,0.0126,0.3361,0.3327,0.3312,0.0618,0.3653,0.5528,0.0169,0.0032,0.0723,0.1747,0.753,0.0542,0.7019,0.2439,0.1953,0.1959,0.2091,0.2094,0.1903,0.0651,0.4025,0.5324
2547,Hát xẩm,hat_xam/audio_7_002.wav,2,0.0177,0.947,0.0193,0.0127,0.0033,0.3345,0.3331,0.3324,0.0639,0.3577,0.5572,0.0178,0.0034,0.0932,0.2068,0.7,0.0263,0.1483,0.8254,0.1882,0.189,0.2082,0.2089,0.2057,0.1827,0.7838,0.0334
2548,Hát xẩm,hat_xam/audio_2_071.wav,1,0.0676,0.2379,0.4941,0.1594,0.0409,0.3353,0.3331,0.3316,0.0589,0.2354,0.6737,0.0269,0.0051,0.0162,0.0536,0.9301,0.8965,0.0877,0.0157,0.24,0.2386,0.1968,0.1947,0.1299,0.0218,0.0556,0.9227
2549,Hát xẩm,hat_xam/audio_2_071.wav,2,0.0606,0.1247,0.1828,0.3205,0.3113,0.3335,0.3332,0.3332,0.794,0.1679,0.0315,0.0052,0.0014,0.3298,0.6031,0.0671,0.8965,0.0877,0.0157,0.2416,0.24,0.1955,0.1934,0.1295,0.9114,0.0773,0.0113
2550,Hát xẩm,hat_xam/audio_7_010.wav,1,0.1448,0.2275,0.5588,0.0514,0.0175,0.3329,0.3333,0.3338,0.0419,0.8152,0.135,0.0066,0.0014,0.0461,0.8626,0.0913,0.0067,0.9844,0.0089,0.1984,0.1992,0.2125,0.2127,0.1772,0.0244,0.9449,0.0307
2551,Hát xẩm,hat_xam/audio_7_010.wav,2,0.5201,0.205,0.2172,0.0419,0.0159,0.3327,0.3333,0.334,0.0314,0.8968,0.067,0.004,0.0009,0.0259,0.9531,0.021,0.0067,0.9844,0.0089,0.1937,0.1945,0.2126,0.213,0.1863,0.2205,0.7435,0.036
2552,Hát xẩm,hat_xam/audio_2_022.wav,1,0.0314,0.0751,0.0767,0.3395,0.4772,0.3348,0.3332,0.332,0.067,0.1336,0.4143,0.3602,0.0249,0.9384,0.0472,0.0144,0.2741,0.6756,0.0503,0.215,0.2155,0.2145,0.2135,0.1415,0.0456,0.9395,0.0149
2553,Hát xẩm,hat_xam/audio_2_022.wav,2,0.0036,0.0081,0.0064,0.0316,0.9502,0.3361,0.3327,0.3312,0.0285,0.9001,0.0667,0.0038,0.0008,0.0639,0.8993,0.0368,0.64,0.3185,0.0415,0.2554,0.2535,0.194,0.1911,0.1061,0.0057,0.9895,0.0048
2554,Hát xẩm,hat_xam/audio_2_084.wav,1,0.0868,0.126,0.1459,0.2103,0.431,0.334,0.3334,0.3326,0.649,0.3008,0.0421,0.0064,0.0017,0.7986,0.1415,0.0599,0.969,0.0242,0.0069,0.2374,0.2361,0.1972,0.1953,0.1341,0.8189,0.1606,0.0205
2555,Hát xẩm,hat_xam/audio_2_084.wav,2,0.0879,0.1299,0.1799,0.2201,0.3821,0.3321,0.3337,0.3342,0.7689,0.185,0.0379,0.0064,0.0017,0.5438,0.4,0.0562,0.0021,0.0073,0.9906,0.2483,0.2467,0.1958,0.1933,0.116,0.9846,0.0126,0.0028
2556,Hát xẩm,hat_xam/audio_2_045.wav,1,0.0363,0.0705,0.0542,0.1741,0.6649,0.3349,0.3333,0.3318,0.0374,0.8945,0.0628,0.0044,0.001,0.2214,0.7039,0.0746,0.8965,0.0877,0.0157,0.2465,0.2446,0.1935,0.1912,0.1243,0.0181,0.074,0.9079
2557,Hát xẩm,hat_xam/audio_2_045.wav,2,0.0464,0.0889,0.0664,0.2056,0.5926,0.3355,0.3329,0.3316,0.0324,0.8825,0.0797,0.0045,0.001,0.0601,0.8523,0.0877,0.0263,0.1483,0.8254,0.2558,0.2534,0.1902,0.1875,0.1131,0.0001,0.0004,0.9994
2558,Hát xẩm,hat_xam/audio_2_032.wav,1,0.0906,0.1501,0.3326,0.2368,0.1899,0.3343,0.3333,0.3324,0.3297,0.5331,0.1151,0.0173,0.0047,0.8919,0.0796,0.0285,0.0372,0.9449,0.0179,0.2155,0.2151,0.2023,0.2015,0.1656,0.4735,0.4871,0.0394
2559,Hát xẩm,hat_xam/audio_2_032.wav,2,0.0906,0.1409,0.2436,0.2378,0.2872,0.3343,0.3333,0.3324,0.3071,0.5852,0.0915,0.0128,0.0034,0.9222,0.0597,0.018,0.0067,0.9844,0.0089,0.2311,0.2299,0.1975,0.1959,0.1456,0.2876,0.6735,0.0388
2560,Hát xẩm,hat_xam/audio_2_083.wav,1,0.0874,0.1268,0.1424,0.2102,0.4332,0.3345,0.3332,0.3323,0.0417,0.8957,0.0575,0.0042,0.0009,0.3463,0.5933,0.0603,0.9905,0.0078,0.0017,0.248,0.2461,0.1933,0.1909,0.1217,0.0025,0.9962,0.0013
2561,Hát xẩm,hat_xam/audio_2_083.wav,2,0.0552,0.0902,0.0937,0.1807,0.5803,0.335,0.3328,0.3321,0.1278,0.5952,0.2531,0.0196,0.0042,0.5913,0.3539,0.0549,0.8965,0.0877,0.0157,0.2386,0.2372,0.1967,0.1948,0.1327,0.1548,0.8141,0.0311
2562,Hát xẩm,hat_xam/audio_7_048.wav,1,0.0317,0.1105,0.0959,0.6722,0.0897,0.3287,0.3336,0.3376,0.0194,0.1028,0.8689,0.0075,0.0013,0.0785,0.8345,0.087,0.64,0.3185,0.0415,0.1605,0.1618,0.2038,0.206,0.2679,0.0029,0.0087,0.9884
2563,Hát xẩm,hat_xam/audio_7_048.wav,2,0.0487,0.1669,0.1787,0.5111,0.0945,0.3328,0.3332,0.334,0.9122,0.0691,0.0151,0.0028,0.0008,0.0177,0.965,0.0174,0.0021,0.0073,0.9906,0.1832,0.1841,0.2079,0.2088,0.2159,0.3928,0.5669,0.0403
2564,Hát xẩm,hat_xam/audio_8_005.wav,1,0.2664,0.5568,0.0956,0.0608,0.0205,0.3336,0.3333,0.3331,0.0221,0.9584,0.0175,0.0016,0.0004,0.0647,0.5416,0.3937,0.095,0.1999,0.7051,0.217,0.2168,0.2046,0.2037,0.1579,0.0696,0.4691,0.4613
2565,Hát xẩm,hat_xam/audio_8_005.wav,2,0.3602,0.4286,0.1054,0.0772,0.0286,0.3335,0.3333,0.3332,0.0261,0.9542,0.0176,0.0017,0.0004,0.0704,0.7335,0.1961,0.0372,0.9449,0.0179,0.2252,0.225,0.2055,0.204,0.1403,0.0304,0.9273,0.0423
2566,Hát xẩm,hat_xam/audio_2_126.wav,1,0.8658,0.0571,0.0573,0.014,0.0058,0.3353,0.333,0.3317,0.0434,0.8692,0.0807,0.0054,0.0012,0.1322,0.253,0.6148,0.0542,0.7019,0.2439,0.2284,0.2274,0.1981,0.1966,0.1495,0.0523,0.2783,0.6694
2567,Hát xẩm,hat_xam/audio_2_126.wav,2,0.01,0.0132,0.9663,0.0074,0.0031,0.3338,0.3335,0.3326,0.0956,0.4631,0.4101,0.0257,0.0055,0.0253,0.9493,0.0254,0.64,0.3185,0.0415,0.2294,0.2285,0.2,0.1985,0.1436,0.1198,0.8529,0.0273
2568,Hát xẩm,hat_xam/audio_0_006.wav,1,0.0632,0.1006,0.1146,0.1945,0.5271,0.3325,0.3337,0.3338,0.0293,0.1366,0.8188,0.0129,0.0024,0.9021,0.0734,0.0244,0.0021,0.0073,0.9906,0.1662,0.1671,0.1989,0.2006,0.2672,0.0198,0.9573,0.0229
2569,Hát xẩm,hat_xam/audio_0_006.wav,2,0.0804,0.1273,0.1897,0.233,0.3696,0.3346,0.3331,0.3323,0.0478,0.9267,0.0226,0.0023,0.0006,0.6685,0.2758,0.0557,0.8965,0.0877,0.0157,0.1665,0.1675,0.1988,0.2005,0.2667,0.6124,0.3531,0.0345
2570,Hát xẩm,hat_xam/audio_6_018.wav,1,0.1198,0.6012,0.2036,0.0584,0.017,0.3333,0.3333,0.3334,0.455,0.4343,0.0916,0.0149,0.0042,0.9817,0.0141,0.0042,0.0542,0.7019,0.2439,0.2391,0.2375,0.1945,0.1926,0.1363,0.3928,0.5669,0.0403
2571,Hát xẩm,hat_xam/audio_6_018.wav,2,0.0454,0.1149,0.77,0.0531,0.0166,0.333,0.3334,0.3336,0.0047,0.9899,0.005,0.0004,0.0001,0.9793,0.0163,0.0044,0.0263,0.1483,0.8254,0.2363,0.2349,0.1954,0.1936,0.1399,0.0499,0.8511,0.099
2572,Hát xẩm,hat_xam/audio_2_020.wav,1,0.0525,0.1017,0.1342,0.2624,0.4492,0.3357,0.333,0.3313,0.052,0.8847,0.0572,0.0049,0.0012,0.0116,0.969,0.0195,0.2741,0.6756,0.0503,0.2402,0.2387,0.1958,0.1938,0.1315,0.0076,0.9887,0.0036
2573,Hát xẩm,hat_xam/audio_2_020.wav,2,0.0741,0.1591,0.4445,0.2256,0.0967,0.3351,0.3331,0.3318,0.0212,0.0624,0.8886,0.0244,0.0033,0.3032,0.6326,0.0642,0.9905,0.0078,0.0017,0.2358,0.2348,0.1995,0.1976,0.1323,0.0173,0.9636,0.0191
2574,Hát xẩm,hat_xam/audio_3_006.wav,1,0.0734,0.059,0.8334,0.024,0.0102,0.3362,0.333,0.3309,0.9544,0.0353,0.0083,0.0016,0.0004,0.0532,0.5178,0.4289,0.0263,0.1483,0.8254,0.2449,0.2432,0.1947,0.1924,0.1247,0.895,0.0918,0.0131
2575,Hát xẩm,hat_xam/audio_3_006.wav,2,0.46,0.2686,0.208,0.0465,0.0169,0.3361,0.3329,0.331,0.1933,0.6438,0.1437,0.0156,0.0036,0.0416,0.8286,0.1299,0.0263,0.1483,0.8254,0.2462,0.2444,0.1936,0.1913,0.1246,0.2262,0.7376,0.0363
2576,Hát xẩm,hat_xam/audio_6_017.wav,1,0.1763,0.5202,0.2273,0.0581,0.0181,0.3321,0.3335,0.3343,0.0379,0.9402,0.0194,0.002,0.0005,0.9308,0.0568,0.0124,0.0067,0.9844,0.0089,0.2418,0.24,0.1939,0.1918,0.1325,0.0142,0.0562,0.9296
2577,Hát xẩm,hat_xam/audio_6_017.wav,2,0.1164,0.3965,0.3988,0.0681,0.0203,0.3325,0.3335,0.334,0.0215,0.9622,0.0145,0.0014,0.0003,0.7184,0.2415,0.0401,0.8674,0.0982,0.0344,0.2375,0.2359,0.1951,0.1933,0.1382,0.0523,0.8384,0.1092
2578,Hát xẩm,hat_xam/audio_7_036.wav,1,0.0478,0.6474,0.0663,0.2062,0.0322,0.3342,0.333,0.3327,0.7449,0.1709,0.0631,0.0159,0.0052,0.0427,0.3462,0.6111,0.0542,0.7019,0.2439,0.2126,0.2135,0.2188,0.2178,0.1373,0.9934,0.0054,0.0012
2579,Hát xẩm,hat_xam/audio_7_036.wav,2,0.0616,0.3771,0.2158,0.2972,0.0483,0.3348,0.3329,0.3323,0.1838,0.7475,0.06,0.007,0.0017,0.0433,0.3372,0.6195,0.0542,0.7019,0.2439,0.2254,0.226,0.2161,0.2142,0.1183,0.9,0.0779,0.0221
2580,Hát xẩm,hat_xam/audio_9_005.wav,1,0.0335,0.0799,0.0509,0.286,0.5497,0.333,0.3332,0.3337,0.6959,0.1843,0.0846,0.0261,0.0092,0.2065,0.6991,0.0944,0.0263,0.1483,0.8254,0.1436,0.1446,0.1855,0.188,0.3383,0.8392,0.1219,0.0389
2581,Hát xẩm,hat_xam/audio_9_005.wav,2,0.0608,0.133,0.0799,0.3176,0.4088,0.3332,0.3332,0.3336,0.6956,0.1845,0.0847,0.0261,0.0092,0.1534,0.7627,0.0839,0.0263,0.1483,0.8254,0.141,0.1421,0.1841,0.1867,0.3462,0.8653,0.1033,0.0314
2582,Hát xẩm,hat_xam/audio_2_095.wav,1,0.0612,0.1116,0.0831,0.229,0.5152,0.3355,0.3329,0.3316,0.0481,0.333,0.6021,0.014,0.0027,0.0165,0.9593,0.0242,0.64,0.3185,0.0415,0.2582,0.2556,0.1892,0.1864,0.1106,0.0673,0.7247,0.208
2583,Hát xẩm,hat_xam/audio_2_095.wav,2,0.0435,0.0775,0.0663,0.1702,0.6424,0.3343,0.3331,0.3326,0.0397,0.1766,0.7628,0.0176,0.0033,0.0456,0.7296,0.2248,0.2741,0.6756,0.0503,0.2497,0.2477,0.1925,0.1901,0.1201,0.0724,0.5481,0.3795
2584,Hát xẩm,hat_xam/audio_7_014.wav,1,0.0403,0.0965,0.8004,0.0475,0.0153,0.3318,0.3336,0.3346,0.0545,0.6834,0.25,0.0101,0.0021,0.0354,0.9351,0.0295,0.0067,0.9844,0.0089,0.1935,0.1942,0.2093,0.2097,0.1933,0.0002,0.9997,0.0001
2585,Hát xẩm,hat_xam/audio_7_014.wav,2,0.1047,0.1384,0.7049,0.0383,0.0137,0.3322,0.3334,0.3344,0.2739,0.6647,0.053,0.0067,0.0017,0.0094,0.9778,0.0128,0.0067,0.9844,0.0089,0.189,0.1899,0.2113,0.212,0.1978,0.7647,0.2104,0.025
2586,Hát xẩm,hat_xam/audio_2_066.wav,1,0.0265,0.0745,0.0648,0.5862,0.248,0.335,0.3329,0.3321,0.8522,0.1208,0.0223,0.0037,0.001,0.2246,0.7079,0.0675,0.0542,0.7019,0.2439,0.2528,0.2506,0.1914,0.1888,0.1164,0.454,0.5063,0.0397
2587,Hát xẩm,hat_xam/audio_2_066.wav,2,0.0593,0.201,0.2591,0.3956,0.085,0.3341,0.3332,0.3327,0.0131,0.0624,0.9179,0.0057,0.001,0.0526,0.6809,0.2666,0.0542,0.7019,0.2439,0.2541,0.2517,0.1903,0.1877,0.1162,0.0286,0.1261,0.8454
2588,Hát xẩm,hat_xam/audio_10_009.wav,1,0.5007,0.2265,0.1328,0.0927,0.0473,0.3332,0.3333,0.3336,0.666,0.1986,0.0944,0.0302,0.0109,0.0266,0.0825,0.8908,0.996,0.0032,0.0008,0.1572,0.1583,0.1959,0.198,0.2905,0.8019,0.1475,0.0505
2589,Hát xẩm,hat_xam/audio_10_009.wav,2,0.5007,0.2265,0.1328,0.0927,0.0473,0.3332,0.3333,0.3336,0.666,0.1986,0.0944,0.0302,0.0109,0.0266,0.0825,0.8908,0.996,0.0032,0.0008,0.1572,0.1583,0.1959,0.198,0.2905,0.8019,0.1475,0.0505
2590,Hát xẩm,hat_xam/audio_9_001.wav,1,0.0254,0.1007,0.0397,0.7541,0.0801,0.3334,0.3333,0.3333,0.142,0.2598,0.4514,0.126,0.0209,0.4655,0.4718,0.0626,0.8965,0.0877,0.0157,0.152,0.153,0.1898,0.1921,0.3131,0.9927,0.0061,0.0011
2591,Hát xẩm,hat_xam/audio_9_001.wav,2,0.0589,0.1624,0.0771,0.4561,0.2455,0.3331,0.3332,0.3337,0.6555,0.203,0.0981,0.0319,0.0116,0.4579,0.4737,0.0685,0.0263,0.1483,0.8254,0.1486,0.1496,0.188,0.1903,0.3235,0.7445,0.1851,0.0704
2592,Hát xẩm,hat_xam/audio_8_003.wav,1,0.4675,0.3367,0.1029,0.0669,0.026,0.3337,0.3333,0.333,0.0801,0.4838,0.4144,0.0182,0.0036,0.052,0.7788,0.1692,0.095,0.1999,0.7051,0.2101,0.2102,0.2067,0.2061,0.167,0.0692,0.4623,0.4685
2593,Hát xẩm,hat_xam/audio_8_003.wav,2,0.269,0.53,0.0983,0.0762,0.0265,0.334,0.3332,0.3328,0.0031,0.9928,0.0038,0.0003,0.0001,0.052,0.8484,0.0997,0.0422,0.1103,0.8475,0.2119,0.2121,0.2083,0.2076,0.1601,0.0116,0.9771,0.0113
2594,Hát xẩm,hat_xam/audio_2_047.wav,1,0.0529,0.1001,0.0737,0.2211,0.5523,0.334,0.3332,0.3327,0.0554,0.619,0.3118,0.0114,0.0024,0.0432,0.9121,0.0446,0.9905,0.0078,0.0017,0.2528,0.2506,0.192,0.1894,0.1152,0.0055,0.9899,0.0046
2595,Hát xẩm,hat_xam/audio_2_047.wav,2,0.0301,0.0567,0.0473,0.1391,0.7268,0.3337,0.3336,0.3327,0.0629,0.1292,0.4268,0.3562,0.0249,0.0194,0.9559,0.0247,0.64,0.3185,0.0415,0.2375,0.2361,0.1965,0.1946,0.1352,0.0087,0.0329,0.9584
2596,Hát xẩm,hat_xam/audio_2_042.wav,1,0.0527,0.0908,0.0784,0.1868,0.5912,0.3343,0.3333,0.3324,0.4754,0.4453,0.0666,0.01,0.0027,0.0634,0.5259,0.4107,0.0263,0.1483,0.8254,0.2405,0.2389,0.195,0.193,0.1326,0.1286,0.8431,0.0283
2597,Hát xẩm,hat_xam/audio_2_042.wav,2,0.0246,0.0467,0.0398,0.1185,0.7704,0.3355,0.3331,0.3314,0.0063,0.9848,0.0082,0.0006,0.0001,0.0099,0.0439,0.9462,0.64,0.3185,0.0415,0.2538,0.2515,0.1906,0.188,0.116,0.0263,0.9396,0.0341
2598,Hát xẩm,hat_xam/audio_2_050.wav,1,0.0654,0.1247,0.0858,0.2577,0.4664,0.3361,0.3327,0.3311,0.0324,0.1848,0.7691,0.0116,0.0022,0.068,0.8024,0.1297,0.64,0.3185,0.0415,0.2537,0.2514,0.1911,0.1884,0.1155,0.0298,0.9291,0.0411
2599,Hát xẩm,hat_xam/audio_2_050.wav,2,0.0381,0.0728,0.0568,0.1749,0.6575,0.334,0.3334,0.3326,0.0287,0.0804,0.8476,0.0383,0.0049,0.023,0.9301,0.0469,0.64,0.3185,0.0415,0.2339,0.2328,0.1978,0.1961,0.1393,0.0459,0.2309,0.7232
2600,Hát xẩm,hat_xam/audio_7_023.wav,1,0.0487,0.7399,0.1159,0.0786,0.017,0.3342,0.333,0.3328,0.4641,0.4581,0.066,0.0093,0.0024,0.0341,0.2445,0.7214,0.0542,0.7019,0.2439,0.226,0.227,0.2206,0.2184,0.108,0.9627,0.03,0.0073
2601,Hát xẩm,hat_xam/audio_7_023.wav,2,0.0756,0.6624,0.0716,0.1541,0.0362,0.333,0.3333,0.3337,0.0004,0.999,0.0005,0.0,0.0,0.051,0.516,0.433,0.0542,0.7019,0.2439,0.2219,0.2221,0.2107,0.2093,0.136,0.0024,0.9963,0.0013
2602,Hát xẩm,hat_xam/audio_2_137.wav,1,0.0543,0.1088,0.147,0.2904,0.3994,0.3341,0.3333,0.3326,0.3396,0.5298,0.1097,0.0165,0.0045,0.9486,0.039,0.0124,0.0067,0.9844,0.0089,0.2264,0.2259,0.2044,0.203,0.1403,0.0039,0.9941,0.002
2603,Hát xẩm,hat_xam/audio_2_137.wav,2,0.0846,0.1267,0.1728,0.2194,0.3965,0.3323,0.3334,0.3343,0.163,0.7745,0.0544,0.0065,0.0017,0.9874,0.0099,0.0027,0.9336,0.0507,0.0157,0.24,0.2387,0.1979,0.1958,0.1277,0.0311,0.9575,0.0113
2604,Hát xẩm,hat_xam/audio_3_004.wav,1,0.8288,0.0935,0.0484,0.0207,0.0085,0.3352,0.333,0.3319,0.1345,0.7563,0.0973,0.0096,0.0022,0.0363,0.1807,0.7831,0.0263,0.1483,0.8254,0.2518,0.2495,0.1912,0.1887,0.1189,0.3455,0.6145,0.04
2605,Hát xẩm,hat_xam/audio_3_004.wav,2,0.3419,0.2105,0.3806,0.0486,0.0183,0.3346,0.3329,0.3325,0.8793,0.0823,0.029,0.0071,0.0023,0.0414,0.9282,0.0304,0.0263,0.1483,0.8254,0.2492,0.2475,0.1954,0.1928,0.1151,0.9524,0.041,0.0065
2606,Hát xẩm,hat_xam/audio_2_129.wav,1,0.031,0.111,0.0934,0.6811,0.0834,0.3362,0.333,0.3308,0.4218,0.4702,0.0901,0.0141,0.0039,0.2646,0.6615,0.0739,0.8398,0.1172,0.043,0.2345,0.2331,0.1961,0.1944,0.142,0.0505,0.2647,0.6848
2607,Hát xẩm,hat_xam/audio_2_129.wav,2,0.0702,0.1407,0.24,0.3088,0.2403,0.3335,0.3335,0.3329,0.1141,0.5005,0.3517,0.0276,0.0062,0.3487,0.5727,0.0787,0.969,0.0242,0.0069,0.2386,0.237,0.1952,0.1933,0.1359,0.0178,0.0724,0.9099
2608,Hát xẩm,hat_xam/audio_7_061.wav,1,0.1012,0.5664,0.2468,0.0669,0.0187,0.3327,0.3337,0.3335,0.651,0.2779,0.058,0.0101,0.0029,0.0661,0.9019,0.032,0.0263,0.1483,0.8254,0.2543,0.2527,0.1962,0.1933,0.1035,0.0982,0.8774,0.0244
2609,Hát xẩm,hat_xam/audio_7_061.wav,2,0.1592,0.1907,0.5866,0.0468,0.0167,0.3318,0.3338,0.3344,0.0267,0.9406,0.0297,0.0024,0.0006,0.0444,0.7993,0.1563,0.0263,0.1483,0.8254,0.2543,0.252,0.191,0.1883,0.1143,0.0452,0.94,0.0148
2610,Hát xẩm,hat_xam/audio_2_088.wav,1,0.0259,0.048,0.0493,0.1222,0.7546,0.3334,0.3334,0.3331,0.3885,0.5286,0.0708,0.0096,0.0025,0.5353,0.4087,0.0561,0.969,0.0242,0.0069,0.2441,0.2424,0.1954,0.1932,0.125,0.9148,0.0742,0.011
2611,Hát xẩm,hat_xam/audio_2_088.wav,2,0.0613,0.1011,0.1259,0.2056,0.5062,0.3346,0.3333,0.3322,0.9842,0.0116,0.0033,0.0007,0.0002,0.2502,0.6906,0.0592,0.0263,0.1483,0.8254,0.2442,0.2426,0.1952,0.193,0.125,0.8584,0.1248,0.0168
2612,Hát xẩm,hat_xam/audio_2_059.wav,1,0.0126,0.0303,0.0261,0.1527,0.7783,0.3363,0.3331,0.3306,0.0671,0.672,0.2467,0.0117,0.0024,0.0136,0.9692,0.0172,0.64,0.3185,0.0415,0.242,0.2412,0.2025,0.2001,0.1141,0.3473,0.6126,0.0401
2613,Hát xẩm,hat_xam/audio_2_059.wav,2,0.0116,0.0276,0.024,0.1343,0.8025,0.3371,0.3327,0.3301,0.0401,0.2594,0.6855,0.0126,0.0024,0.0516,0.5713,0.3771,0.64,0.3185,0.0415,0.2253,0.2248,0.2042,0.2028,0.1429,0.0001,0.9998,0.0001
2614,Hát xẩm,hat_xam/audio_2_030.wav,1,0.0089,0.0181,0.0174,0.0573,0.8983,0.3357,0.333,0.3313,0.0585,0.2795,0.6361,0.0217,0.0042,0.0117,0.9785,0.0098,0.2741,0.6756,0.0503,0.248,0.2462,0.1947,0.1922,0.1189,0.0702,0.6828,0.247
2615,Hát xẩm,hat_xam/audio_2_030.wav,2,0.0231,0.0457,0.0486,0.1345,0.7481,0.3347,0.3331,0.3322,0.0374,0.1243,0.8118,0.0229,0.0036,0.7058,0.2511,0.0432,0.0021,0.0073,0.9906,0.2324,0.2314,0.1995,0.1978,0.1389,0.0003,0.9996,0.0002
2616,Hát xẩm,hat_xam/audio_7_050.wav,1,0.0461,0.5339,0.0895,0.2943,0.0362,0.3326,0.3333,0.3341,0.1201,0.3913,0.448,0.034,0.0066,0.0159,0.9705,0.0136,0.2741,0.6756,0.0503,0.182,0.1829,0.209,0.2101,0.216,0.5049,0.4564,0.0386
2617,Hát xẩm,hat_xam/audio_7_050.wav,2,0.037,0.0877,0.0951,0.3668,0.4134,0.3352,0.3328,0.332,0.0007,0.0028,0.9961,0.0004,0.0001,0.0534,0.8198,0.1268,0.64,0.3185,0.0415,0.1646,0.166,0.209,0.2112,0.2492,0.0007,0.9988,0.0005
2618,Hát xẩm,hat_xam/audio_3_002.wav,1,0.0573,0.0745,0.7851,0.0559,0.0272,0.3351,0.3331,0.3318,0.9502,0.0357,0.0109,0.0025,0.0008,0.0354,0.9341,0.0305,0.0542,0.7019,0.2439,0.2385,0.2371,0.1964,0.1944,0.1336,0.9975,0.0021,0.0004
2619,Hát xẩm,hat_xam/audio_3_002.wav,2,0.7043,0.1547,0.0793,0.0429,0.0189,0.336,0.3329,0.3311,0.2927,0.6389,0.059,0.0075,0.0019,0.0157,0.0568,0.9275,0.0263,0.1483,0.8254,0.2557,0.2533,0.1902,0.1875,0.1133,0.4047,0.5551,0.0402
2620,Hát xẩm,hat_xam/audio_2_065.wav,1,0.0238,0.0656,0.0542,0.5342,0.3222,0.3344,0.3331,0.3325,0.7912,0.1721,0.0304,0.005,0.0014,0.5413,0.3978,0.0609,0.0542,0.7019,0.2439,0.2557,0.2532,0.19,0.1873,0.1138,0.5954,0.3693,0.0353
2621,Hát xẩm,hat_xam/audio_2_065.wav,2,0.0687,0.1809,0.4182,0.2519,0.0805,0.3342,0.3332,0.3326,0.001,0.0036,0.9946,0.0007,0.0001,0.0428,0.3375,0.6197,0.0263,0.1483,0.8254,0.2596,0.2568,0.1883,0.1855,0.1099,0.0038,0.9932,0.003
2622,Hát xẩm,hat_xam/audio_7_019.wav,1,0.0209,0.897,0.0277,0.0456,0.0088,0.333,0.3332,0.3337,0.4416,0.4025,0.1288,0.0216,0.0055,0.6959,0.2621,0.0421,0.0422,0.1103,0.8475,0.1484,0.1498,0.2005,0.2035,0.2979,0.8867,0.0877,0.0256
2623,Hát xẩm,hat_xam/audio_7_019.wav,2,0.0473,0.4885,0.1002,0.3252,0.0388,0.3332,0.3332,0.3336,0.7646,0.1494,0.0624,0.0177,0.006,0.6625,0.2922,0.0453,0.0422,0.1103,0.8475,0.1544,0.1559,0.2081,0.211,0.2705,0.7894,0.1559,0.0546
2624,Hát xẩm,hat_xam/audio_2_093.wav,1,0.0504,0.0917,0.0725,0.198,0.5873,0.3342,0.3332,0.3325,0.0596,0.5536,0.3707,0.0134,0.0027,0.1304,0.8155,0.0541,0.0542,0.7019,0.2439,0.255,0.2526,0.1904,0.1877,0.1143,0.056,0.3091,0.6349
2625,Hát xẩm,hat_xam/audio_2_093.wav,2,0.0503,0.0961,0.0708,0.217,0.5657,0.3341,0.3332,0.3327,0.1967,0.7427,0.0524,0.0064,0.0017,0.7636,0.199,0.0374,0.64,0.3185,0.0415,0.244,0.2422,0.1944,0.1922,0.1272,0.5683,0.3953,0.0365
2626,Hát xẩm,hat_xam/audio_8_006.wav,1,0.0619,0.8407,0.0433,0.0422,0.0118,0.3334,0.3333,0.3333,0.0438,0.2422,0.6956,0.0154,0.0029,0.0608,0.7559,0.1833,0.0067,0.9844,0.0089,0.2255,0.2249,0.2022,0.2008,0.1466,0.1461,0.8237,0.0302
2627,Hát xẩm,hat_xam/audio_8_006.wav,2,0.2214,0.5997,0.0899,0.0668,0.0222,0.3332,0.3334,0.3335,0.0395,0.2654,0.6809,0.0119,0.0023,0.0599,0.4631,0.4769,0.0067,0.9844,0.0089,0.2266,0.226,0.2027,0.2013,0.1434,0.0112,0.9779,0.0109
2628,Hát xẩm,hat_xam/audio_2_019.wav,1,0.0575,0.1384,0.1985,0.401,0.2046,0.3337,0.3335,0.3328,0.8972,0.0822,0.0167,0.003,0.0009,0.5078,0.4158,0.0764,0.64,0.3185,0.0415,0.2376,0.2362,0.1965,0.1947,0.135,0.9887,0.0093,0.0021
2629,Hát xẩm,hat_xam/audio_2_019.wav,2,0.0317,0.0601,0.067,0.1603,0.6809,0.3352,0.3331,0.3317,0.0468,0.8135,0.1309,0.0072,0.0016,0.0528,0.9187,0.0285,0.996,0.0032,0.0008,0.236,0.2347,0.1966,0.1948,0.1379,0.0546,0.8258,0.1196
2630,Hát xẩm,hat_xam/audio_7_004.wav,1,0.053,0.3566,0.1545,0.3865,0.0494,0.335,0.3331,0.3319,0.0568,0.5461,0.3817,0.0128,0.0026,0.7166,0.2343,0.0491,0.996,0.0032,0.0008,0.2074,0.2076,0.2074,0.207,0.1706,0.0041,0.9939,0.0021
2631,Hát xẩm,hat_xam/audio_7_004.wav,2,0.0078,0.0375,0.0146,0.9211,0.019,0.3352,0.3331,0.3317,0.2609,0.6195,0.1023,0.0137,0.0036,0.8689,0.1043,0.0268,0.9905,0.0078,0.0017,0.2034,0.2034,0.2027,0.2026,0.1879,0.0799,0.8984,0.0216
2632,Hát xẩm,hat_xam/audio_7_046.wav,1,0.0632,0.1495,0.2409,0.3691,0.1772,0.3322,0.3332,0.3346,0.026,0.1249,0.8359,0.0112,0.002,0.0543,0.8886,0.0571,0.0542,0.7019,0.2439,0.1491,0.1504,0.1959,0.1985,0.3062,0.0643,0.3926,0.5431
2633,Hát xẩm,hat_xam/audio_7_046.wav,2,0.023,0.8839,0.0406,0.0438,0.0087,0.3336,0.3331,0.3333,0.8819,0.0962,0.018,0.0031,0.0009,0.0257,0.9234,0.0509,0.0021,0.0073,0.9906,0.1754,0.1764,0.2044,0.2058,0.238,0.0994,0.876,0.0246
2634,Hát xẩm,hat_xam/audio_7_058.wav,1,0.7365,0.1471,0.0792,0.0268,0.0103,0.3321,0.3336,0.3343,0.1118,0.7578,0.1164,0.0113,0.0027,0.0532,0.3406,0.6062,0.0542,0.7019,0.2439,0.2408,0.2391,0.1944,0.1924,0.1332,0.1599,0.8085,0.0315
2635,Hát xẩm,hat_xam/audio_7_058.wav,2,0.3158,0.423,0.1901,0.0532,0.018,0.3322,0.3335,0.3343,0.3128,0.5634,0.1047,0.015,0.0041,0.0558,0.6933,0.2509,0.0263,0.1483,0.8254,0.2458,0.244,0.194,0.1918,0.1244,0.0014,0.9978,0.0008
2636,Hát xẩm,hat_xam/audio_7_051.wav,1,0.0637,0.1867,0.3049,0.349,0.0957,0.3329,0.3332,0.3339,0.0369,0.1041,0.8072,0.0455,0.0063,0.1407,0.7663,0.093,0.0021,0.0073,0.9906,0.1731,0.1739,0.2001,0.2014,0.2514,0.0727,0.5705,0.3568
2637,Hát xẩm,hat_xam/audio_7_051.wav,2,0.0675,0.2258,0.4175,0.2315,0.0578,0.3325,0.3333,0.3342,0.1477,0.6808,0.1537,0.0145,0.0033,0.2483,0.6931,0.0586,0.0372,0.9449,0.0179,0.1894,0.19,0.2055,0.2061,0.209,0.7662,0.209,0.0248
2638,Hát xẩm,hat_xam/audio_2_132.wav,1,0.0677,0.1363,0.222,0.3128,0.2612,0.3331,0.3334,0.3335,0.0209,0.9623,0.0151,0.0014,0.0003,0.7777,0.186,0.0362,0.969,0.0242,0.0069,0.254,0.2518,0.1919,0.1892,0.1131,0.9382,0.0535,0.0083
2639,Hát xẩm,hat_xam/audio_2_132.wav,2,0.0684,0.1102,0.1433,0.2146,0.4634,0.3319,0.3336,0.3345,0.7367,0.2104,0.0432,0.0076,0.0022,0.7193,0.2404,0.0403,0.969,0.0242,0.0069,0.2288,0.2281,0.2019,0.2004,0.1408,0.087,0.8902,0.0228
2640,Hát xẩm,hat_xam/audio_7_012.wav,1,0.142,0.1087,0.6999,0.0353,0.0141,0.3329,0.3333,0.3338,0.0517,0.1309,0.7361,0.0723,0.0089,0.006,0.9861,0.0079,0.0067,0.9844,0.0089,0.1748,0.1763,0.2186,0.2203,0.2101,0.0392,0.897,0.0638
2641,Hát xẩm,hat_xam/audio_7_012.wav,2,0.1003,0.2052,0.6276,0.0504,0.0165,0.3321,0.3335,0.3344,0.1331,0.8178,0.0429,0.005,0.0013,0.0966,0.8589,0.0445,0.0067,0.9844,0.0089,0.1857,0.1868,0.2138,0.2147,0.199,0.6916,0.2784,0.0301
2642,Hát xẩm,hat_xam/audio_7_073.wav,1,0.0045,0.0095,0.0088,0.033,0.9443,0.3355,0.3331,0.3314,0.0779,0.8859,0.0319,0.0034,0.0008,0.9387,0.0468,0.0145,0.0263,0.1483,0.8254,0.2102,0.2102,0.2048,0.2042,0.1705,0.0258,0.9409,0.0333
2643,Hát xẩm,hat_xam/audio_7_073.wav,2,0.0023,0.0049,0.0044,0.0172,0.9713,0.3352,0.3332,0.3316,0.052,0.7141,0.2226,0.0093,0.0019,0.9156,0.0634,0.021,0.0263,0.1483,0.8254,0.2164,0.2162,0.2039,0.203,0.1604,0.0373,0.1757,0.7869
2644,Hát xẩm,hat_xam/audio_1_000.wav,1,0.0679,0.145,0.5646,0.1599,0.0625,0.3328,0.3335,0.3337,0.0101,0.0171,0.0369,0.9264,0.0094,0.0231,0.1434,0.8335,0.0542,0.7019,0.2439,0.1994,0.2,0.2094,0.2094,0.1818,0.0613,0.9204,0.0183
2645,Hát xẩm,hat_xam/audio_1_000.wav,2,0.0628,0.1519,0.2438,0.3749,0.1667,0.3344,0.3335,0.3321,0.0109,0.0347,0.9429,0.0101,0.0014,0.0391,0.3069,0.654,0.0542,0.7019,0.2439,0.2209,0.2208,0.2068,0.2056,0.1459,0.0116,0.9771,0.0113
2646,Hát xẩm,hat_xam/audio_5_005.wav,1,0.0563,0.1325,0.0756,0.3546,0.3809,0.3341,0.3329,0.333,0.6609,0.2007,0.0962,0.031,0.0112,0.0592,0.1567,0.7841,0.9905,0.0078,0.0017,0.1513,0.1523,0.1906,0.1929,0.313,0.7903,0.1554,0.0543
2647,Hát xẩm,hat_xam/audio_5_005.wav,2,0.0397,0.1116,0.059,0.4947,0.2949,0.3336,0.3331,0.3333,0.6615,0.2004,0.096,0.0309,0.0112,0.0602,0.1592,0.7807,0.9905,0.0078,0.0017,0.1466,0.1476,0.1878,0.1902,0.3278,0.795,0.1523,0.0528
2648,Hát xẩm,hat_xam/audio_6_007.wav,1,0.1567,0.6974,0.0863,0.0455,0.0142,0.3332,0.3333,0.3335,0.0839,0.8591,0.0508,0.005,0.0012,0.3224,0.6162,0.0614,0.0021,0.0073,0.9906,0.2512,0.249,0.1919,0.1894,0.1185,0.0003,0.9995,0.0002
2649,Hát xẩm,hat_xam/audio_6_007.wav,2,0.0452,0.8868,0.0332,0.0273,0.0076,0.3331,0.3333,0.3336,0.1986,0.7451,0.0488,0.006,0.0015,0.0683,0.8981,0.0336,0.0021,0.0073,0.9906,0.2487,0.2466,0.1921,0.1897,0.123,0.0337,0.9164,0.0499
2650,Hát xẩm,hat_xam/audio_2_135.wav,1,0.0772,0.1163,0.1295,0.2045,0.4724,0.3336,0.3333,0.3331,0.2822,0.6108,0.0913,0.0124,0.0033,0.8812,0.0865,0.0323,0.8965,0.0877,0.0157,0.2478,0.2458,0.1935,0.1911,0.1218,0.0031,0.9946,0.0024
2651,Hát xẩm,hat_xam/audio_2_135.wav,2,0.0786,0.129,0.2005,0.2434,0.3485,0.3319,0.3337,0.3344,0.7647,0.1706,0.0505,0.0108,0.0033,0.9087,0.0675,0.0239,0.0263,0.1483,0.8254,0.203,0.2033,0.2066,0.2064,0.1807,0.9996,0.0004,0.0001
2652,Hát xẩm,hat_xam/audio_7_007.wav,1,0.0197,0.946,0.0175,0.0133,0.0035,0.3344,0.3331,0.3325,0.2141,0.7234,0.054,0.0067,0.0017,0.0034,0.0135,0.9831,0.0067,0.9844,0.0089,0.1983,0.199,0.2119,0.212,0.1788,0.9632,0.0316,0.0052
2653,Hát xẩm,hat_xam/audio_7_007.wav,2,0.0191,0.9359,0.0251,0.0159,0.004,0.3344,0.3332,0.3324,0.4268,0.5,0.0619,0.0088,0.0024,0.0103,0.0528,0.9369,0.2741,0.6756,0.0503,0.1939,0.1948,0.2126,0.2129,0.1858,0.8827,0.0907,0.0266
2654,Hát xẩm,hat_xam/audio_7_059.wav,1,0.1784,0.5596,0.1896,0.0552,0.0172,0.3322,0.3338,0.3341,0.0726,0.3886,0.5156,0.0194,0.0037,0.0221,0.9259,0.052,0.0263,0.1483,0.8254,0.259,0.2567,0.1907,0.1877,0.1058,0.7837,0.1928,0.0234
2655,Hát xẩm,hat_xam/audio_7_059.wav,2,0.1821,0.5116,0.23,0.0581,0.0182,0.3323,0.3336,0.3341,0.4011,0.4344,0.1334,0.0241,0.007,0.0627,0.4384,0.4989,0.0263,0.1483,0.8254,0.2368,0.2354,0.1963,0.1944,0.1372,0.5285,0.4336,0.0379
2656,Hát xẩm,hat_xam/audio_7_021.wav,1,0.0611,0.4831,0.1924,0.2248,0.0385,0.3338,0.3331,0.333,0.1781,0.6837,0.1222,0.013,0.003,0.9629,0.0302,0.0069,0.9905,0.0078,0.0017,0.1531,0.1545,0.2037,0.2065,0.2821,0.7058,0.265,0.0292
2657,Hát xẩm,hat_xam/audio_7_021.wav,2,0.0512,0.3239,0.0713,0.4906,0.063,0.3359,0.3329,0.3313,0.1348,0.81,0.0483,0.0056,0.0014,0.414,0.5248,0.0611,0.0263,0.1483,0.8254,0.2355,0.2347,0.2028,0.2008,0.1261,0.3307,0.6295,0.0398
2658,Hát xẩm,hat_xam/audio_7_047.wav,1,0.0236,0.8708,0.037,0.058,0.0106,0.3329,0.3332,0.3339,0.0729,0.1836,0.6668,0.067,0.0097,0.0409,0.8458,0.1133,0.64,0.3185,0.0415,0.1857,0.1863,0.2044,0.2052,0.2185,0.5471,0.4156,0.0373
2659,Hát xẩm,hat_xam/audio_7_047.wav,2,0.0643,0.1776,0.5484,0.1614,0.0483,0.3339,0.3332,0.3329,0.0462,0.1421,0.7756,0.0312,0.0049,0.0294,0.9378,0.0328,0.0021,0.0073,0.9906,0.1701,0.1711,0.2019,0.2035,0.2535,0.0727,0.594,0.3333
2660,Hát xẩm,hat_xam/audio_2_012.wav,1,0.0647,0.1022,0.1133,0.1943,0.5255,0.3349,0.3332,0.3319,0.0105,0.0402,0.9422,0.006,0.001,0.8453,0.111,0.0436,0.2741,0.6756,0.0503,0.1952,0.1956,0.2049,0.2052,0.1991,0.0695,0.6947,0.2358
2661,Hát xẩm,hat_xam/audio_2_012.wav,2,0.0539,0.0918,0.1117,0.1982,0.5444,0.3374,0.3326,0.3301,0.0817,0.2482,0.6243,0.039,0.0067,0.9288,0.0544,0.0168,0.2741,0.6756,0.0503,0.2146,0.2145,0.2057,0.2049,0.1603,0.0691,0.9111,0.0197
2662,Hát xẩm,hat_xam/audio_3_017.wav,1,0.6808,0.1875,0.0874,0.0321,0.0122,0.3345,0.333,0.3325,0.9301,0.0494,0.0157,0.0036,0.0011,0.0453,0.7716,0.1831,0.0263,0.1483,0.8254,0.2486,0.2467,0.1933,0.1909,0.1204,0.9987,0.0011,0.0002
2663,Hát xẩm,hat_xam/audio_3_017.wav,2,0.1551,0.0967,0.6775,0.0476,0.0231,0.3342,0.333,0.3328,0.9442,0.0397,0.0125,0.0028,0.0009,0.0329,0.8821,0.0849,0.0021,0.0073,0.9906,0.2626,0.2601,0.1892,0.1861,0.1021,0.7786,0.1975,0.0239
2664,Hát xẩm,hat_xam/audio_7_018.wav,1,0.0473,0.4579,0.0752,0.3759,0.0437,0.3343,0.3331,0.3326,0.0897,0.8578,0.0466,0.0048,0.0011,0.4975,0.4438,0.0587,0.0372,0.9449,0.0179,0.229,0.2288,0.2076,0.2059,0.1287,0.292,0.669,0.039
2665,Hát xẩm,hat_xam/audio_7_018.wav,2,0.0261,0.8516,0.0409,0.0691,0.0123,0.334,0.3332,0.3328,0.2413,0.6256,0.1159,0.0139,0.0033,0.9869,0.0103,0.0028,0.9905,0.0078,0.0017,0.1678,0.169,0.2045,0.2063,0.2524,0.0008,0.9988,0.0004
2666,Hát xẩm,hat_xam/audio_7_037.wav,1,0.0586,0.0665,0.8439,0.0225,0.0085,0.3348,0.3332,0.332,0.0234,0.0698,0.8808,0.0228,0.0032,0.023,0.9238,0.0531,0.996,0.0032,0.0008,0.2161,0.2173,0.2232,0.2217,0.1216,0.0054,0.9919,0.0027
2667,Hát xẩm,hat_xam/audio_7_037.wav,2,0.236,0.1183,0.5844,0.0428,0.0185,0.3325,0.3334,0.3342,0.0377,0.1022,0.7977,0.0553,0.0071,0.0735,0.5141,0.4125,0.0021,0.0073,0.9906,0.2482,0.2464,0.1943,0.1918,0.1193,0.0259,0.1118,0.8623
2668,Hát xẩm,hat_xam/audio_2_041.wav,1,0.055,0.0949,0.0804,0.1933,0.5765,0.3346,0.3332,0.3322,0.2239,0.7027,0.0634,0.008,0.0021,0.0494,0.8722,0.0783,0.0263,0.1483,0.8254,0.2416,0.24,0.1944,0.1924,0.1316,0.4236,0.5363,0.0401
2669,Hát xẩm,hat_xam/audio_2_041.wav,2,0.0333,0.06,0.0542,0.1397,0.7128,0.336,0.3328,0.3312,0.0045,0.0193,0.9736,0.0023,0.0004,0.0151,0.0805,0.9044,0.64,0.3185,0.0415,0.25,0.248,0.1926,0.1901,0.1194,0.0663,0.7363,0.1974
2670,Hát xẩm,hat_xam/audio_3_009.wav,1,0.7574,0.137,0.0637,0.0297,0.0121,0.3354,0.333,0.3316,0.0851,0.516,0.3771,0.0181,0.0036,0.0277,0.0877,0.8846,0.0263,0.1483,0.8254,0.2493,0.2473,0.1921,0.1897,0.1216,0.0662,0.9146,0.0192
2671,Hát xẩm,hat_xam/audio_3_009.wav,2,0.3002,0.1231,0.4991,0.0525,0.0251,0.3352,0.3328,0.332,0.9164,0.0584,0.0193,0.0046,0.0014,0.0257,0.9266,0.0477,0.0263,0.1483,0.8254,0.2531,0.2513,0.1942,0.1915,0.11,0.9638,0.0311,0.0051
2672,Hát xẩm,hat_xam/audio_7_068.wav,1,0.0921,0.4194,0.0934,0.3144,0.0807,0.3315,0.3334,0.3351,0.2915,0.6319,0.0657,0.0087,0.0023,0.6009,0.3363,0.0628,0.2741,0.6756,0.0503,0.2109,0.2107,0.2027,0.2021,0.1737,0.0522,0.9314,0.0164
2673,Hát xẩm,hat_xam/audio_7_068.wav,2,0.0785,0.3517,0.0882,0.3907,0.0909,0.3333,0.3334,0.3333,0.2234,0.6474,0.1111,0.0143,0.0037,0.2991,0.6103,0.0906,0.64,0.3185,0.0415,0.2176,0.2171,0.2016,0.2007,0.163,0.0423,0.8851,0.0726
2674,Hát xẩm,hat_xam/audio_2_044.wav,1,0.0259,0.0513,0.0404,0.1364,0.7461,0.3347,0.3333,0.3319,0.4787,0.3966,0.1015,0.018,0.0052,0.523,0.3949,0.0822,0.8965,0.0877,0.0157,0.2211,0.2205,0.2001,0.1991,0.1592,0.8065,0.172,0.0215
2675,Hát xẩm,hat_xam/audio_2_044.wav,2,0.0482,0.0887,0.0696,0.1959,0.5976,0.3347,0.3332,0.3321,0.0277,0.1622,0.7986,0.0097,0.0018,0.3035,0.6223,0.0742,0.2741,0.6756,0.0503,0.2481,0.2461,0.193,0.1907,0.1222,0.0044,0.0157,0.9799
2676,Hát xẩm,hat_xam/audio_6_019.wav,1,0.3764,0.4343,0.1216,0.0503,0.0173,0.333,0.3334,0.3336,0.1071,0.8512,0.0366,0.0041,0.001,0.7315,0.183,0.0855,0.64,0.3185,0.0415,0.2325,0.2313,0.1971,0.1955,0.1437,0.0901,0.8867,0.0232
2677,Hát xẩm,hat_xam/audio_6_019.wav,2,0.545,0.2865,0.111,0.0422,0.0153,0.3327,0.3335,0.3339,0.6548,0.2955,0.0417,0.0063,0.0017,0.6863,0.2092,0.1045,0.64,0.3185,0.0415,0.2261,0.2252,0.1989,0.1976,0.1521,0.0015,0.9977,0.0008
2678,Hát xẩm,hat_xam/audio_7_039.wav,1,0.0488,0.0703,0.803,0.0534,0.0245,0.3356,0.3329,0.3315,0.0661,0.1394,0.4748,0.2953,0.0244,0.0777,0.7688,0.1535,0.0542,0.7019,0.2439,0.2497,0.2479,0.1944,0.1918,0.1162,0.0044,0.0157,0.9799
2679,Hát xẩm,hat_xam/audio_7_039.wav,2,0.4304,0.1429,0.3654,0.0432,0.0181,0.3389,0.3321,0.329,0.0468,0.1217,0.7449,0.0769,0.0096,0.0654,0.5914,0.3432,0.2741,0.6756,0.0503,0.2152,0.2155,0.2106,0.2097,0.149,0.0243,0.1039,0.8718
2680,Hát xẩm,hat_xam/audio_2_061.wav,1,0.0025,0.0054,0.0048,0.02,0.9673,0.3352,0.3331,0.3317,0.1936,0.7328,0.0637,0.0078,0.002,0.0136,0.9754,0.011,0.0422,0.1103,0.8475,0.2384,0.2369,0.1957,0.1939,0.1351,0.1561,0.8128,0.0312
2681,Hát xẩm,hat_xam/audio_2_061.wav,2,0.0036,0.0084,0.0068,0.0378,0.9433,0.3356,0.333,0.3314,0.0552,0.4837,0.4457,0.0129,0.0026,0.0138,0.9627,0.0234,0.64,0.3185,0.0415,0.2388,0.2375,0.1974,0.1954,0.1309,0.0404,0.1944,0.7653
2682,Hát xẩm,hat_xam/audio_2_080.wav,1,0.0313,0.056,0.0562,0.1333,0.7232,0.3353,0.3332,0.3315,0.3692,0.5547,0.0651,0.0087,0.0022,0.0309,0.8781,0.091,0.8965,0.0877,0.0157,0.2518,0.2497,0.1923,0.1897,0.1166,0.6575,0.3104,0.0321
2683,Hát xẩm,hat_xam/audio_2_080.wav,2,0.0641,0.104,0.0958,0.1969,0.5392,0.3344,0.3335,0.3321,0.003,0.9935,0.0033,0.0003,0.0001,0.826,0.1461,0.0278,0.0263,0.1483,0.8254,0.2386,0.2372,0.1967,0.1947,0.1328,0.0077,0.9887,0.0036
2684,Hát xẩm,hat_xam/audio_3_011.wav,1,0.812,0.0642,0.0945,0.0202,0.0091,0.3347,0.3329,0.3324,0.9706,0.0224,0.0056,0.0011,0.0003,0.0443,0.3333,0.6224,0.8674,0.0982,0.0344,0.2564,0.2542,0.1919,0.1891,0.1084,0.8893,0.097,0.0137
2685,Hát xẩm,hat_xam/audio_3_011.wav,2,0.0516,0.8589,0.0537,0.028,0.0077,0.3358,0.333,0.3312,0.1142,0.7887,0.0869,0.0083,0.0019,0.0266,0.1233,0.8501,0.0263,0.1483,0.8254,0.2498,0.2478,0.1921,0.1897,0.1206,0.5958,0.3689,0.0353
2686,Hát xẩm,hat_xam/audio_6_011.wav,1,0.4104,0.3954,0.1284,0.0488,0.017,0.3329,0.3333,0.3338,0.0639,0.905,0.0274,0.0029,0.0007,0.0427,0.9336,0.0237,0.2741,0.6756,0.0503,0.2451,0.2432,0.1933,0.1911,0.1272,0.0077,0.9887,0.0037
2687,Hát xẩm,hat_xam/audio_6_011.wav,2,0.0909,0.7207,0.1275,0.0475,0.0134,0.3332,0.3333,0.3335,0.0808,0.8458,0.066,0.006,0.0014,0.1248,0.8306,0.0446,0.2741,0.6756,0.0503,0.2435,0.2417,0.1937,0.1916,0.1295,0.0076,0.9888,0.0036
2688,Hát xẩm,hat_xam/audio_6_000.wav,1,0.2853,0.1267,0.5243,0.0445,0.0192,0.3319,0.3333,0.3349,0.973,0.0197,0.0057,0.0012,0.0004,0.0626,0.9043,0.0331,0.0067,0.9844,0.0089,0.2248,0.2242,0.2016,0.2003,0.1491,0.8324,0.1483,0.0193
2689,Hát xẩm,hat_xam/audio_6_000.wav,2,0.1679,0.1179,0.6611,0.0379,0.0152,0.3323,0.3336,0.3342,0.2482,0.6922,0.0515,0.0065,0.0017,0.9159,0.0694,0.0147,0.9905,0.0078,0.0017,0.2591,0.2565,0.1894,0.1865,0.1084,0.2234,0.7404,0.0361
2690,Hát xẩm,hat_xam/audio_2_099.wav,1,0.0481,0.0824,0.0752,0.1727,0.6215,0.3344,0.333,0.3325,0.0436,0.1134,0.7611,0.073,0.0089,0.0388,0.824,0.1372,0.2741,0.6756,0.0503,0.2508,0.2488,0.1925,0.19,0.1179,0.002,0.0068,0.9912
2691,Hát xẩm,hat_xam/audio_2_099.wav,2,0.0626,0.1151,0.0842,0.2355,0.5026,0.3351,0.333,0.3319,0.0213,0.9341,0.0415,0.0026,0.0006,0.0175,0.9589,0.0235,0.0021,0.0073,0.9906,0.2543,0.2519,0.19,0.1874,0.1165,0.0498,0.8514,0.0988
2692,Hát xẩm,hat_xam/audio_6_009.wav,1,0.0774,0.8148,0.0647,0.0334,0.0097,0.3332,0.3333,0.3335,0.0584,0.9051,0.0325,0.0032,0.0008,0.26,0.6798,0.0602,0.0021,0.0073,0.9906,0.2493,0.2472,0.192,0.1896,0.122,0.0633,0.7648,0.1719
2693,Hát xẩm,hat_xam/audio_6_009.wav,2,0.1008,0.6643,0.1651,0.0543,0.0154,0.3332,0.3333,0.3335,0.0963,0.8427,0.0542,0.0055,0.0013,0.528,0.4154,0.0566,0.0021,0.0073,0.9906,0.2496,0.2475,0.192,0.1896,0.1213,0.0402,0.8933,0.0665
2694,Hát xẩm,hat_xam/audio_2_114.wav,1,0.0169,0.9268,0.0278,0.0233,0.0051,0.3339,0.3331,0.333,0.0122,0.0498,0.9307,0.0063,0.001,0.6797,0.2657,0.0545,0.0542,0.7019,0.2439,0.2412,0.2395,0.1939,0.1919,0.1334,0.0244,0.1044,0.8712
2695,Hát xẩm,hat_xam/audio_2_114.wav,2,0.0853,0.1682,0.6867,0.045,0.0149,0.3342,0.3333,0.3325,0.033,0.059,0.14,0.7438,0.0241,0.3225,0.6066,0.0709,0.64,0.3185,0.0415,0.2325,0.2313,0.1968,0.1952,0.1443,0.0486,0.2499,0.7016
2696,Hát xẩm,hat_xam/audio_2_133.wav,1,0.0559,0.0931,0.1107,0.194,0.5464,0.3336,0.3332,0.3331,0.4443,0.4175,0.1125,0.0199,0.0057,0.2316,0.7095,0.0589,0.8989,0.0759,0.0252,0.2604,0.2578,0.1893,0.1863,0.1063,0.0412,0.8893,0.0695
2697,Hát xẩm,hat_xam/audio_2_133.wav,2,0.0668,0.1054,0.1239,0.2002,0.5037,0.3323,0.3335,0.3342,0.2941,0.6337,0.0619,0.0082,0.0021,0.9487,0.0387,0.0126,0.0542,0.7019,0.2439,0.2403,0.2389,0.1971,0.1951,0.1286,0.0001,0.9999,0.0001
2698,Hát xẩm,hat_xam/audio_2_039.wav,1,0.0562,0.0955,0.0831,0.1917,0.5735,0.334,0.3333,0.3327,0.5934,0.3306,0.0627,0.0104,0.0029,0.0457,0.8926,0.0617,0.0263,0.1483,0.8254,0.2269,0.2259,0.1985,0.1971,0.1516,0.0559,0.9269,0.0172
2699,Hát xẩm,hat_xam/audio_2_039.wav,2,0.0415,0.0716,0.0698,0.1564,0.6607,0.3357,0.3328,0.3315,0.0162,0.0494,0.9152,0.0169,0.0023,0.0125,0.0621,0.9255,0.0263,0.1483,0.8254,0.2497,0.2476,0.1922,0.1898,0.1206,0.0683,0.7121,0.2196
2700,Hát xẩm,hat_xam/audio_7_065.wav,1,0.3426,0.1595,0.4347,0.0451,0.0181,0.3323,0.3337,0.334,0.0522,0.8874,0.0545,0.0047,0.0011,0.0363,0.2229,0.7408,0.0263,0.1483,0.8254,0.2446,0.2428,0.1933,0.1911,0.1282,0.0211,0.954,0.0249
2701,Hát xẩm,hat_xam/audio_7_065.wav,2,0.3653,0.1436,0.4282,0.0444,0.0185,0.3324,0.3338,0.3338,0.0111,0.9715,0.0161,0.0011,0.0003,0.2284,0.7131,0.0585,0.8398,0.1172,0.043,0.2214,0.2208,0.2007,0.1997,0.1574,0.9819,0.0154,0.0027
2702,Hát xẩm,hat_xam/audio_3_019.wav,1,0.0817,0.0703,0.7884,0.0401,0.0196,0.334,0.3331,0.3329,0.8936,0.0733,0.0251,0.0061,0.0019,0.0161,0.9499,0.034,0.8989,0.0759,0.0252,0.2562,0.2539,0.1913,0.1885,0.1101,0.9985,0.0013,0.0003
2703,Hát xẩm,hat_xam/audio_3_019.wav,2,0.0079,0.0127,0.9719,0.0055,0.002,0.3357,0.333,0.3314,0.3389,0.5691,0.0791,0.0104,0.0026,0.0358,0.2224,0.7418,0.0021,0.0073,0.9906,0.253,0.2506,0.1905,0.188,0.1179,0.9525,0.041,0.0065
2704,Hát xẩm,hat_xam/audio_9_004.wav,1,0.0134,0.0323,0.0232,0.1484,0.7827,0.3329,0.3332,0.3339,0.672,0.1956,0.0925,0.0294,0.0105,0.6241,0.321,0.0548,0.0263,0.1483,0.8254,0.1484,0.1494,0.1879,0.1903,0.324,0.783,0.1602,0.0568
2705,Hát xẩm,hat_xam/audio_9_004.wav,2,0.0294,0.0752,0.0469,0.3406,0.5079,0.3332,0.3332,0.3336,0.6707,0.1962,0.0929,0.0296,0.0106,0.4836,0.4403,0.0761,0.0263,0.1483,0.8254,0.1452,0.1463,0.1862,0.1887,0.3336,0.8055,0.1452,0.0494
2706,Hát xẩm,hat_xam/audio_2_089.wav,1,0.0494,0.0828,0.0822,0.1714,0.6142,0.3354,0.3331,0.3315,0.0635,0.6927,0.2306,0.0109,0.0023,0.9589,0.0333,0.0078,0.0422,0.1103,0.8475,0.2427,0.241,0.1949,0.1928,0.1286,0.024,0.9461,0.0299
2707,Hát xẩm,hat_xam/audio_2_089.wav,2,0.0693,0.1144,0.1579,0.2274,0.4309,0.3323,0.3338,0.3339,0.986,0.0103,0.0029,0.0006,0.0002,0.0201,0.1213,0.8587,0.0021,0.0073,0.9906,0.2333,0.2322,0.1987,0.197,0.1387,0.7238,0.2483,0.028
2708,Hát xẩm,hat_xam/audio_2_027.wav,1,0.0686,0.0885,0.737,0.0703,0.0356,0.3341,0.3334,0.3325,0.0373,0.1684,0.7749,0.0164,0.003,0.0467,0.3481,0.6052,0.0542,0.7019,0.2439,0.2334,0.2322,0.1973,0.1956,0.1415,0.0383,0.1814,0.7803
2709,Hát xẩm,hat_xam/audio_2_027.wav,2,0.0535,0.6075,0.1387,0.1709,0.0294,0.337,0.333,0.33,0.0497,0.7339,0.2057,0.0088,0.0019,0.7573,0.2026,0.0401,0.2741,0.6756,0.0503,0.2311,0.23,0.1979,0.1964,0.1446,0.07,0.9101,0.0199
2710,Hát xẩm,hat_xam/audio_2_054.wav,1,0.0032,0.007,0.0062,0.0276,0.9559,0.3356,0.333,0.3315,0.14,0.7661,0.0824,0.0092,0.0023,0.0332,0.8855,0.0814,0.0067,0.9844,0.0089,0.2213,0.2207,0.2012,0.2001,0.1567,0.0111,0.9782,0.0108
2711,Hát xẩm,hat_xam/audio_2_054.wav,2,0.0099,0.0244,0.0189,0.1294,0.8173,0.3348,0.333,0.3322,0.0386,0.9371,0.0216,0.0022,0.0005,0.011,0.9725,0.0164,0.8965,0.0877,0.0157,0.2431,0.2417,0.1972,0.195,0.123,0.3955,0.5642,0.0403
2712,Hát xẩm,hat_xam/audio_7_016.wav,1,0.0544,0.6271,0.0686,0.2135,0.0364,0.3352,0.3331,0.3318,0.4757,0.4611,0.0535,0.0076,0.002,0.3624,0.577,0.0606,0.0263,0.1483,0.8254,0.2308,0.2304,0.2057,0.2039,0.1292,0.8764,0.1085,0.015
2713,Hát xẩm,hat_xam/audio_7_016.wav,2,0.0503,0.2898,0.1545,0.4505,0.0548,0.3339,0.3332,0.3329,0.8681,0.1061,0.021,0.0037,0.0011,0.8691,0.1091,0.0218,0.8674,0.0982,0.0344,0.2382,0.2373,0.2024,0.2002,0.1219,0.0184,0.9741,0.0075
2714,Hát xẩm,hat_xam/audio_4_002.wav,1,0.091,0.7095,0.1361,0.0494,0.0139,0.3317,0.3335,0.3348,0.073,0.8832,0.039,0.0039,0.0009,0.1625,0.7548,0.0827,0.0542,0.7019,0.2439,0.1917,0.1921,0.2032,0.2037,0.2093,0.0513,0.9325,0.0162
2715,Hát xẩm,hat_xam/audio_4_002.wav,2,0.0641,0.8204,0.0721,0.034,0.0094,0.332,0.3334,0.3346,0.2869,0.6372,0.0655,0.0083,0.0021,0.0838,0.8367,0.0795,0.0542,0.7019,0.2439,0.1919,0.1923,0.2029,0.2033,0.2096,0.5316,0.4305,0.0378
2716,Hát xẩm,hat_xam/audio_2_038.wav,1,0.0414,0.0783,0.061,0.1832,0.6361,0.3346,0.3332,0.3321,0.0484,0.1244,0.7347,0.0823,0.0102,0.0043,0.0161,0.9796,0.64,0.3185,0.0415,0.2348,0.2336,0.1982,0.1964,0.1371,0.0398,0.0934,0.8667
2717,Hát xẩm,hat_xam/audio_2_038.wav,2,0.0287,0.053,0.0469,0.1284,0.743,0.3349,0.333,0.332,0.036,0.2191,0.7311,0.0116,0.0022,0.0065,0.0289,0.9645,0.8965,0.0877,0.0157,0.2525,0.2503,0.1912,0.1886,0.1174,0.0187,0.0766,0.9047
2718,Hát xẩm,hat_xam/audio_2_123.wav,1,0.434,0.3801,0.1207,0.0482,0.0169,0.3325,0.3331,0.3344,0.057,0.8516,0.0835,0.0064,0.0015,0.0659,0.1638,0.7703,0.9905,0.0078,0.0017,0.2459,0.244,0.1932,0.1909,0.126,0.0725,0.5562,0.3713
2719,Hát xẩm,hat_xam/audio_2_123.wav,2,0.4389,0.3765,0.1196,0.0481,0.0169,0.3306,0.3334,0.336,0.1784,0.6962,0.1091,0.0129,0.0033,0.0773,0.1828,0.7399,0.9905,0.0078,0.0017,0.232,0.2308,0.197,0.1954,0.1448,0.7299,0.2426,0.0275
2720,Hát xẩm,hat_xam/audio_2_092.wav,1,0.0565,0.0937,0.1112,0.194,0.5445,0.3338,0.3333,0.3329,0.1008,0.5716,0.302,0.0209,0.0047,0.0205,0.959,0.0205,0.64,0.3185,0.0415,0.2644,0.2613,0.186,0.183,0.1052,0.015,0.9693,0.0157
2721,Hát xẩm,hat_xam/audio_2_092.wav,2,0.0506,0.0934,0.0721,0.2042,0.5797,0.3346,0.3332,0.3322,0.0215,0.9339,0.0414,0.0026,0.0006,0.2466,0.6889,0.0645,0.0372,0.9449,0.0179,0.2554,0.253,0.1901,0.1874,0.114,0.0724,0.6247,0.303
2722,Hát xẩm,hat_xam/audio_2_111.wav,1,0.0116,0.0254,0.0192,0.0871,0.8568,0.3342,0.3336,0.3322,0.0455,0.7828,0.1626,0.0075,0.0016,0.1996,0.7425,0.0579,0.0021,0.0073,0.9906,0.2423,0.2409,0.1975,0.1953,0.1241,0.0063,0.9882,0.0055
2723,Hát xẩm,hat_xam/audio_2_111.wav,2,0.0394,0.1111,0.1178,0.5527,0.179,0.3341,0.3335,0.3325,0.0013,0.005,0.9928,0.0008,0.0001,0.954,0.0369,0.0092,0.0372,0.9449,0.0179,0.2411,0.2397,0.1967,0.1946,0.1278,0.0249,0.9435,0.0316
2724,Hát xẩm,hat_xam/audio_0_008.wav,1,0.064,0.1129,0.1592,0.2453,0.4185,0.3326,0.3334,0.334,0.0275,0.0985,0.8558,0.0157,0.0025,0.7021,0.2486,0.0492,0.64,0.3185,0.0415,0.1687,0.1696,0.1991,0.2007,0.262,0.5499,0.4129,0.0372
2725,Hát xẩm,hat_xam/audio_0_008.wav,2,0.059,0.0971,0.1168,0.1979,0.5291,0.3337,0.3333,0.3329,0.0867,0.3586,0.518,0.0305,0.0063,0.9179,0.0626,0.0195,0.0021,0.0073,0.9906,0.168,0.1689,0.1983,0.1999,0.2649,0.0122,0.0474,0.9404
2726,Hát xẩm,hat_xam/audio_2_033.wav,1,0.0027,0.0061,0.0049,0.0245,0.9618,0.3342,0.3333,0.3325,0.0294,0.0816,0.8445,0.0394,0.005,0.8401,0.1331,0.0268,0.2741,0.6756,0.0503,0.2287,0.2278,0.2002,0.1987,0.1447,0.0123,0.9754,0.0123
2727,Hát xẩm,hat_xam/audio_2_033.wav,2,0.0554,0.0971,0.1246,0.2171,0.5058,0.3346,0.3331,0.3323,0.6303,0.2995,0.0577,0.0097,0.0028,0.7037,0.2526,0.0437,0.0021,0.0073,0.9906,0.2341,0.2332,0.2007,0.1989,0.133,0.0067,0.9873,0.0059
2728,Hát xẩm,hat_xam/audio_2_024.wav,1,0.0261,0.048,0.0443,0.1177,0.7639,0.3348,0.3332,0.332,0.0934,0.6011,0.2829,0.0185,0.0041,0.0648,0.8992,0.0359,0.0067,0.9844,0.0089,0.2353,0.234,0.1966,0.1948,0.1393,0.0205,0.9556,0.0239
2729,Hát xẩm,hat_xam/audio_2_024.wav,2,0.0238,0.052,0.0372,0.1645,0.7225,0.332,0.3339,0.3341,0.0172,0.9595,0.0212,0.0016,0.0004,0.0093,0.9817,0.0091,0.0021,0.0073,0.9906,0.2183,0.2183,0.2083,0.2073,0.1478,0.1998,0.7656,0.0347
2730,Hát xẩm,hat_xam/audio_2_138.wav,1,0.0553,0.0921,0.1084,0.1918,0.5524,0.3331,0.3333,0.3336,0.2845,0.6102,0.0899,0.0122,0.0033,0.973,0.0208,0.0062,0.0372,0.9449,0.0179,0.2478,0.246,0.1937,0.1914,0.1211,0.0562,0.8161,0.1276
2731,Hát xẩm,hat_xam/audio_2_138.wav,2,0.0706,0.1091,0.1216,0.1998,0.4989,0.3322,0.3336,0.3342,0.7454,0.2025,0.0424,0.0075,0.0022,0.9774,0.0178,0.0048,0.9336,0.0507,0.0157,0.2452,0.2436,0.1953,0.193,0.1229,0.6735,0.2953,0.0312
2732,Hát xẩm,hat_xam/audio_4_005.wav,1,0.2424,0.5895,0.0949,0.0551,0.0182,0.3319,0.3334,0.3347,0.0753,0.8797,0.04,0.004,0.001,0.2114,0.7158,0.0728,0.0542,0.7019,0.2439,0.1927,0.1931,0.2027,0.2031,0.2084,0.855,0.1279,0.0171
2733,Hát xẩm,hat_xam/audio_4_005.wav,2,0.1734,0.678,0.0829,0.0499,0.0158,0.3331,0.3332,0.3337,0.1313,0.8028,0.0581,0.0063,0.0015,0.1088,0.8162,0.075,0.0542,0.7019,0.2439,0.1959,0.1962,0.203,0.2033,0.2016,0.9634,0.0315,0.0051
2734,Hát xẩm,hat_xam/audio_7_067.wav,1,0.0438,0.3911,0.0754,0.445,0.0447,0.3329,0.3335,0.3337,0.5788,0.3623,0.0495,0.0074,0.002,0.9028,0.0722,0.0249,0.0263,0.1483,0.8254,0.2046,0.2047,0.2038,0.2036,0.1833,0.4526,0.5076,0.0398
2735,Hát xẩm,hat_xam/audio_7_067.wav,2,0.0635,0.4137,0.224,0.2548,0.044,0.3324,0.3336,0.334,0.4738,0.454,0.0608,0.0089,0.0024,0.9093,0.0671,0.0236,0.64,0.3185,0.0415,0.1986,0.199,0.2058,0.2059,0.1907,0.3884,0.5713,0.0403
2736,Hát xẩm,hat_xam/audio_0_000.wav,1,0.0959,0.1364,0.191,0.2191,0.3576,0.3334,0.3335,0.3331,0.0516,0.4104,0.5223,0.0131,0.0026,0.9207,0.0603,0.0191,0.0263,0.1483,0.8254,0.1614,0.1625,0.197,0.199,0.2801,0.0706,0.4908,0.4386
2737,Hát xẩm,hat_xam/audio_0_000.wav,2,0.0643,0.1048,0.132,0.2085,0.4904,0.3337,0.3337,0.3326,0.0611,0.1372,0.5972,0.1874,0.017,0.8189,0.1446,0.0365,0.0263,0.1483,0.8254,0.163,0.164,0.1979,0.1998,0.2753,0.0246,0.1054,0.8699
2738,Hát xẩm,hat_xam/audio_6_012.wav,1,0.4153,0.4075,0.1066,0.0521,0.0184,0.3329,0.3334,0.3338,0.4913,0.4362,0.0614,0.0088,0.0023,0.6023,0.3466,0.0511,0.2741,0.6756,0.0503,0.2423,0.2407,0.1947,0.1926,0.1297,0.8405,0.141,0.0185
2739,Hát xẩm,hat_xam/audio_6_012.wav,2,0.4324,0.3879,0.1016,0.0573,0.0208,0.333,0.3333,0.3337,0.968,0.0247,0.0059,0.0011,0.0003,0.7768,0.1896,0.0336,0.2741,0.6756,0.0503,0.2447,0.2429,0.1938,0.1916,0.1271,0.0001,0.9998,0.0001
2740,Hát xẩm,hat_xam/audio_10_001.wav,1,0.0559,0.1302,0.0752,0.347,0.3917,0.3331,0.3333,0.3336,0.6644,0.1991,0.095,0.0305,0.011,0.7223,0.2056,0.0721,0.9905,0.0078,0.0017,0.1512,0.1522,0.1899,0.1921,0.3146,0.9015,0.0768,0.0217
2741,Hát xẩm,hat_xam/audio_10_001.wav,2,0.0405,0.0938,0.059,0.2931,0.5137,0.3334,0.3333,0.3333,0.6653,0.1987,0.0947,0.0304,0.0109,0.6946,0.2332,0.0721,0.9905,0.0078,0.0017,0.1503,0.1513,0.1886,0.1909,0.3189,0.9202,0.0627,0.017
2742,Hát xẩm,hat_xam/audio_6_003.wav,1,0.0849,0.7591,0.1021,0.0419,0.0119,0.3335,0.3333,0.3332,0.1038,0.8551,0.0361,0.004,0.001,0.3459,0.5931,0.061,0.0263,0.1483,0.8254,0.2442,0.2423,0.1936,0.1914,0.1285,0.0001,0.9998,0.0001
2743,Hát xẩm,hat_xam/audio_6_003.wav,2,0.002,0.9927,0.0026,0.0022,0.0005,0.3327,0.3334,0.334,0.1963,0.7409,0.0547,0.0065,0.0016,0.6116,0.3382,0.0502,0.0021,0.0073,0.9906,0.2428,0.241,0.1942,0.1921,0.1299,0.3132,0.6473,0.0395
2744,Hát xẩm,hat_xam/audio_2_104.wav,1,0.0321,0.1284,0.0968,0.6748,0.0679,0.3342,0.3334,0.3324,0.064,0.1422,0.5606,0.2132,0.02,0.4721,0.4656,0.0624,0.0021,0.0073,0.9906,0.2434,0.2418,0.1951,0.1929,0.1268,0.0067,0.019,0.9743
2745,Hát xẩm,hat_xam/audio_2_104.wav,2,0.0302,0.0956,0.0476,0.6402,0.1864,0.3339,0.3331,0.3329,0.3739,0.504,0.1039,0.0146,0.0037,0.3279,0.5998,0.0723,0.2741,0.6756,0.0503,0.2176,0.218,0.2129,0.2118,0.1398,0.9411,0.051,0.0079
2746,Hát xẩm,hat_xam/audio_2_081.wav,1,0.0597,0.0978,0.0914,0.1899,0.5612,0.3349,0.3334,0.3317,0.0048,0.9905,0.0042,0.0004,0.0001,0.1289,0.8248,0.0464,0.64,0.3185,0.0415,0.2417,0.2402,0.1958,0.1937,0.1286,0.1225,0.8498,0.0276
2747,Hát xẩm,hat_xam/audio_2_081.wav,2,0.0341,0.0606,0.0577,0.1396,0.7079,0.3335,0.3335,0.333,0.5565,0.366,0.0651,0.0099,0.0026,0.0589,0.901,0.0401,0.64,0.3185,0.0415,0.2553,0.2529,0.1905,0.1878,0.1134,0.998,0.0017,0.0003
2748,Hát xẩm,hat_xam/audio_3_016.wav,1,0.6431,0.1047,0.2029,0.0341,0.0152,0.3347,0.3331,0.3322,0.9408,0.0419,0.0133,0.003,0.0009,0.0569,0.6678,0.2752,0.0542,0.7019,0.2439,0.2529,0.2508,0.1925,0.1899,0.1139,0.952,0.0415,0.0066
2749,Hát xẩm,hat_xam/audio_3_016.wav,2,0.5291,0.3062,0.1037,0.0447,0.0163,0.3339,0.3333,0.3328,0.3575,0.574,0.0587,0.0078,0.002,0.0313,0.0987,0.87,0.0263,0.1483,0.8254,0.2537,0.2513,0.1906,0.188,0.1164,0.2898,0.6713,0.0389
2750,Hát xẩm,hat_xam/audio_2_034.wav,1,0.0039,0.0087,0.0077,0.034,0.9457,0.3356,0.3329,0.3315,0.0406,0.8364,0.1156,0.0061,0.0013,0.7794,0.1859,0.0347,0.969,0.0242,0.0069,0.224,0.2235,0.2026,0.2013,0.1486,0.0006,0.9991,0.0004
2751,Hát xẩm,hat_xam/audio_2_034.wav,2,0.0276,0.0538,0.0588,0.1525,0.7073,0.3354,0.333,0.3315,0.0539,0.4837,0.4471,0.0127,0.0025,0.6973,0.2591,0.0436,0.0021,0.0073,0.9906,0.2309,0.2301,0.2007,0.199,0.1393,0.105,0.8696,0.0254
2752,Hát xẩm,hat_xam/audio_7_043.wav,1,0.0672,0.1281,0.6162,0.132,0.0566,0.3351,0.3326,0.3323,0.0213,0.1013,0.8663,0.0094,0.0017,0.0739,0.6468,0.2793,0.0422,0.1103,0.8475,0.1769,0.1777,0.2028,0.2041,0.2385,0.054,0.2917,0.6543
2753,Hát xẩm,hat_xam/audio_7_043.wav,2,0.2717,0.2038,0.4574,0.0489,0.0183,0.334,0.3332,0.3328,0.064,0.8795,0.0509,0.0046,0.0011,0.0023,0.9945,0.0032,0.9336,0.0507,0.0157,0.1871,0.1878,0.2046,0.2053,0.2153,0.0201,0.9718,0.0081
2754,Hát xẩm,hat_xam/audio_2_010.wav,1,0.0291,0.0604,0.0663,0.194,0.6503,0.3347,0.3333,0.332,0.4004,0.5284,0.0608,0.0082,0.0021,0.9203,0.0633,0.0164,0.64,0.3185,0.0415,0.2282,0.2275,0.2021,0.2006,0.1417,0.1105,0.8634,0.0261
2755,Hát xẩm,hat_xam/audio_2_010.wav,2,0.0542,0.1083,0.1461,0.2884,0.403,0.334,0.3335,0.3326,0.3573,0.5447,0.0829,0.0119,0.0032,0.0205,0.091,0.8884,0.9905,0.0078,0.0017,0.2325,0.2313,0.198,0.1963,0.1419,0.6516,0.3159,0.0325
2756,Hát xẩm,hat_xam/audio_2_026.wav,1,0.0031,0.0066,0.0055,0.0222,0.9625,0.3342,0.3333,0.3325,0.0718,0.8938,0.0303,0.0033,0.0008,0.0664,0.8938,0.0398,0.0422,0.1103,0.8475,0.2513,0.25,0.1989,0.196,0.1038,0.0193,0.9587,0.022
2757,Hát xẩm,hat_xam/audio_2_026.wav,2,0.0414,0.7325,0.057,0.145,0.0242,0.3349,0.3332,0.3319,0.1045,0.4714,0.3905,0.0275,0.006,0.0318,0.9309,0.0373,0.0542,0.7019,0.2439,0.222,0.2213,0.1997,0.1986,0.1584,0.0395,0.1891,0.7714
2758,Hát xẩm,hat_xam/audio_2_074.wav,1,0.0734,0.1611,0.3587,0.2787,0.1281,0.3339,0.3333,0.3327,0.0027,0.0104,0.9849,0.0017,0.0003,0.0505,0.5285,0.421,0.9905,0.0078,0.0017,0.2528,0.2505,0.1909,0.1883,0.1175,0.0605,0.3513,0.5882
2759,Hát xẩm,hat_xam/audio_2_074.wav,2,0.0726,0.1433,0.2548,0.3002,0.229,0.3353,0.3331,0.3316,0.1161,0.6787,0.1873,0.0147,0.0032,0.9291,0.0557,0.0152,0.0542,0.7019,0.2439,0.2409,0.2394,0.1958,0.1938,0.1301,0.9116,0.0771,0.0113
2760,Hát xẩm,hat_xam/audio_9_007.wav,1,0.1399,0.1002,0.6731,0.0572,0.0296,0.3338,0.3332,0.333,0.0707,0.1533,0.5706,0.1871,0.0182,0.0508,0.6329,0.3163,0.8965,0.0877,0.0157,0.2793,0.2757,0.1818,0.178,0.0853,0.0676,0.7206,0.2118
2761,Hát xẩm,hat_xam/audio_9_007.wav,2,0.0203,0.0509,0.0443,0.2928,0.5916,0.3329,0.3332,0.3338,0.7309,0.1873,0.064,0.0138,0.004,0.0967,0.8528,0.0505,0.0263,0.1483,0.8254,0.1434,0.1445,0.186,0.1886,0.3375,0.8697,0.1002,0.0302
2762,Hát xẩm,hat_xam/audio_2_103.wav,1,0.0363,0.0659,0.057,0.1518,0.689,0.3347,0.333,0.3323,0.0291,0.0815,0.8454,0.039,0.005,0.0488,0.5002,0.451,0.0021,0.0073,0.9906,0.2561,0.2537,0.1899,0.1872,0.1132,0.0727,0.5709,0.3564
2763,Hát xẩm,hat_xam/audio_2_103.wav,2,0.0506,0.096,0.0713,0.2151,0.5671,0.3358,0.3329,0.3313,0.0336,0.9343,0.0288,0.0026,0.0006,0.0172,0.9456,0.0372,0.0542,0.7019,0.2439,0.2476,0.2456,0.1931,0.1908,0.123,0.0003,0.9995,0.0002
2764,Hát xẩm,hat_xam/audio_2_079.wav,1,0.0724,0.1122,0.1111,0.2017,0.5027,0.3343,0.3333,0.3324,0.069,0.8845,0.0415,0.004,0.001,0.5648,0.3817,0.0535,0.64,0.3185,0.0415,0.2515,0.2494,0.1924,0.1899,0.1168,0.5288,0.4333,0.0379
2765,Hát xẩm,hat_xam/audio_2_079.wav,2,0.0914,0.1344,0.1281,0.2175,0.4287,0.334,0.3334,0.3325,0.0453,0.8254,0.121,0.0068,0.0015,0.9019,0.0727,0.0255,0.64,0.3185,0.0415,0.2234,0.2227,0.1995,0.1983,0.1561,0.0488,0.9356,0.0156
2766,Hát xẩm,hat_xam/audio_10_000.wav,1,0.0323,0.8037,0.0589,0.0895,0.0156,0.3339,0.3334,0.3327,0.117,0.3947,0.4493,0.0326,0.0063,0.7015,0.2006,0.0979,0.996,0.0032,0.0008,0.2086,0.2085,0.2028,0.2024,0.1777,0.2989,0.662,0.0392
2767,Hát xẩm,hat_xam/audio_10_000.wav,2,0.0497,0.2171,0.1751,0.4896,0.0684,0.3332,0.3333,0.3335,0.8259,0.118,0.0427,0.0103,0.0032,0.8628,0.104,0.0332,0.9905,0.0078,0.0017,0.1454,0.1465,0.1886,0.1912,0.3283,0.9041,0.0749,0.0211
2768,Hát xẩm,hat_xam/audio_0_005.wav,1,0.0584,0.0946,0.1052,0.188,0.5539,0.3336,0.3337,0.3327,0.0412,0.209,0.7311,0.0158,0.003,0.8706,0.0983,0.0312,0.0263,0.1483,0.8254,0.1589,0.1599,0.1957,0.1977,0.2878,0.0718,0.646,0.2822
2769,Hát xẩm,hat_xam/audio_0_005.wav,2,0.0506,0.0907,0.1135,0.212,0.5332,0.3301,0.3339,0.336,0.0616,0.3296,0.5874,0.018,0.0034,0.8338,0.1356,0.0306,0.8965,0.0877,0.0157,0.1702,0.1711,0.1997,0.2013,0.2577,0.0713,0.9085,0.0201
2770,Hát xẩm,hat_xam/audio_7_071.wav,1,0.0671,0.5527,0.0771,0.2548,0.0483,0.3357,0.333,0.3313,0.3989,0.507,0.0792,0.0117,0.0032,0.8165,0.1513,0.0322,0.0372,0.9449,0.0179,0.2143,0.214,0.2021,0.2014,0.1682,0.0084,0.9839,0.0077
2771,Hát xẩm,hat_xam/audio_7_071.wav,2,0.0557,0.092,0.1062,0.1891,0.5569,0.335,0.3331,0.3318,0.0364,0.9123,0.0468,0.0037,0.0009,0.917,0.0626,0.0205,0.0372,0.9449,0.0179,0.2012,0.2016,0.2078,0.2077,0.1818,0.7033,0.2674,0.0293
2772,Hát xẩm,hat_xam/audio_7_049.wav,1,0.0545,0.1494,0.2017,0.4484,0.146,0.3353,0.3329,0.3318,0.0045,0.0176,0.9746,0.0028,0.0005,0.1227,0.7984,0.0789,0.969,0.0242,0.0069,0.1673,0.1683,0.1994,0.201,0.264,0.0244,0.9449,0.0307
2773,Hát xẩm,hat_xam/audio_7_049.wav,2,0.0618,0.1224,0.6511,0.1175,0.0472,0.3345,0.3332,0.3323,0.0487,0.1798,0.7452,0.0225,0.0038,0.0797,0.8816,0.0387,0.0422,0.1103,0.8475,0.1727,0.1735,0.2009,0.2023,0.2507,0.0115,0.9773,0.0112
2774,Hát xẩm,hat_xam/audio_7_054.wav,1,0.8678,0.0537,0.051,0.0186,0.009,0.3335,0.3335,0.3329,0.112,0.8339,0.0474,0.0053,0.0013,0.9683,0.025,0.0067,0.9905,0.0078,0.0017,0.2366,0.2353,0.1967,0.1949,0.1365,0.3393,0.6207,0.04
2775,Hát xẩm,hat_xam/audio_7_054.wav,2,0.3395,0.1626,0.4345,0.0453,0.0181,0.3337,0.3335,0.3328,0.1195,0.7544,0.1121,0.0113,0.0028,0.0602,0.4084,0.5314,0.2741,0.6756,0.0503,0.2243,0.2234,0.1985,0.1973,0.1566,0.0091,0.9866,0.0042
2776,Hát xẩm,hat_xam/audio_5_000.wav,1,0.0601,0.443,0.1892,0.2652,0.0426,0.3337,0.3331,0.3332,0.8625,0.1123,0.0206,0.0035,0.001,0.0189,0.9436,0.0375,0.0422,0.1103,0.8475,0.2376,0.2366,0.2008,0.1987,0.1264,0.9079,0.0804,0.0117
2777,Hát xẩm,hat_xam/audio_5_000.wav,2,0.019,0.0566,0.0424,0.6885,0.1934,0.3341,0.333,0.3329,0.4875,0.404,0.0909,0.014,0.0036,0.0286,0.9068,0.0646,0.0067,0.9844,0.0089,0.1158,0.1171,0.1711,0.1747,0.4213,0.9388,0.0486,0.0126
2778,Hát xẩm,hat_xam/audio_2_025.wav,1,0.0557,0.126,0.075,0.3263,0.417,0.3345,0.3333,0.3322,0.0627,0.7972,0.1302,0.0082,0.0018,0.053,0.9145,0.0324,0.0021,0.0073,0.9906,0.2065,0.2071,0.2135,0.2131,0.1599,0.0004,0.9993,0.0003
2779,Hát xẩm,hat_xam/audio_2_025.wav,2,0.0397,0.0842,0.0576,0.2301,0.5884,0.3327,0.3336,0.3336,0.0352,0.9288,0.0325,0.0029,0.0007,0.0361,0.9406,0.0232,0.9336,0.0507,0.0157,0.2328,0.2322,0.2043,0.2024,0.1283,0.9996,0.0003,0.0001
2780,Hát xẩm,hat_xam/audio_7_062.wav,1,0.3732,0.2293,0.3302,0.049,0.0182,0.3316,0.3337,0.3347,0.3358,0.5952,0.0589,0.0079,0.0021,0.9589,0.0334,0.0077,0.0021,0.0073,0.9906,0.2566,0.2541,0.1893,0.1866,0.1134,0.9513,0.042,0.0067
2781,Hát xẩm,hat_xam/audio_7_062.wav,2,0.6946,0.1681,0.0959,0.03,0.0114,0.3332,0.3334,0.3334,0.6201,0.2649,0.089,0.0198,0.0062,0.9782,0.0175,0.0043,0.0372,0.9449,0.0179,0.2404,0.2388,0.1948,0.1928,0.1332,0.9992,0.0006,0.0001
2782,Hát xẩm,hat_xam/audio_4_006.wav,1,0.3662,0.4548,0.1065,0.0538,0.0187,0.3329,0.3333,0.3339,0.4738,0.4518,0.0631,0.0089,0.0023,0.2361,0.6836,0.0802,0.0542,0.7019,0.2439,0.1961,0.1964,0.2032,0.2034,0.2009,0.6969,0.2734,0.0298
2783,Hát xẩm,hat_xam/audio_4_006.wav,2,0.0151,0.9275,0.0235,0.0283,0.0057,0.3328,0.3333,0.3339,0.2112,0.7122,0.0668,0.0079,0.002,0.3806,0.5465,0.0729,0.0067,0.9844,0.0089,0.1912,0.1916,0.203,0.2035,0.2106,0.9996,0.0003,0.0001
2784,Hát xẩm,hat_xam/audio_2_118.wav,1,0.0417,0.8212,0.0806,0.0456,0.0109,0.3352,0.333,0.3318,0.0222,0.0813,0.8796,0.0145,0.0024,0.0802,0.5636,0.3562,0.0021,0.0073,0.9906,0.2387,0.2372,0.1952,0.1933,0.1357,0.0122,0.0473,0.9405
2785,Hát xẩm,hat_xam/audio_2_118.wav,2,0.0849,0.7689,0.0945,0.0402,0.0115,0.3347,0.3331,0.3322,0.0534,0.4767,0.4545,0.0128,0.0026,0.0979,0.8438,0.0582,0.2741,0.6756,0.0503,0.2358,0.2344,0.1956,0.1938,0.1403,0.0557,0.8194,0.1249
2786,Hát xẩm,hat_xam/audio_7_015.wav,1,0.1,0.0888,0.7699,0.0297,0.0116,0.3334,0.3332,0.3334,0.908,0.0741,0.0146,0.0026,0.0007,0.0143,0.9716,0.0141,0.0067,0.9844,0.0089,0.1971,0.1981,0.2178,0.218,0.169,0.4383,0.5217,0.04
2787,Hát xẩm,hat_xam/audio_7_015.wav,2,0.0466,0.6007,0.0976,0.2236,0.0315,0.3324,0.3336,0.334,0.0212,0.9571,0.0197,0.0016,0.0004,0.9016,0.0807,0.0177,0.0263,0.1483,0.8254,0.2092,0.2095,0.2093,0.2088,0.1632,0.2372,0.7259,0.0369
2788,Hát xẩm,hat_xam/audio_2_035.wav,1,0.0413,0.0928,0.1079,0.3314,0.4266,0.3339,0.3331,0.3329,0.43,0.5066,0.054,0.0074,0.0019,0.7874,0.1785,0.0341,0.2741,0.6756,0.0503,0.2003,0.2008,0.2091,0.2091,0.1807,0.0607,0.9212,0.0181
2789,Hát xẩm,hat_xam/audio_2_035.wav,2,0.0435,0.0743,0.075,0.1607,0.6465,0.3356,0.333,0.3314,0.0538,0.494,0.437,0.0127,0.0025,0.0131,0.0524,0.9345,0.0021,0.0073,0.9906,0.2462,0.2443,0.1936,0.1913,0.1247,0.0529,0.2831,0.664
2790,Hát xẩm,hat_xam/audio_9_002.wav,1,0.0238,0.0754,0.0398,0.6842,0.1767,0.3334,0.3333,0.3333,0.6657,0.1984,0.0946,0.0303,0.0109,0.8711,0.1023,0.0266,0.0263,0.1483,0.8254,0.1549,0.1559,0.1908,0.1929,0.3054,0.796,0.1516,0.0525
2791,Hát xẩm,hat_xam/audio_9_002.wav,2,0.0027,0.0059,0.0047,0.0208,0.9659,0.3332,0.3332,0.3336,0.3698,0.4015,0.1859,0.0342,0.0086,0.2121,0.7262,0.0617,0.8965,0.0877,0.0157,0.1488,0.1499,0.1885,0.1909,0.3219,0.8599,0.1072,0.0329
2792,Hát xẩm,hat_xam/audio_2_121.wav,1,0.0638,0.1191,0.1746,0.2731,0.3695,0.3349,0.3331,0.332,0.5713,0.3291,0.0807,0.0147,0.0043,0.9742,0.0207,0.0051,0.1424,0.2547,0.6029,0.2244,0.2238,0.2017,0.2004,0.1497,0.9807,0.0157,0.0036
2793,Hát xẩm,hat_xam/audio_2_121.wav,2,0.0842,0.1334,0.2118,0.2382,0.3324,0.335,0.3332,0.3319,0.2316,0.6656,0.0896,0.0106,0.0026,0.7409,0.1777,0.0814,0.0067,0.9844,0.0089,0.2186,0.2182,0.2033,0.2023,0.1575,0.2696,0.6922,0.0382
2794,Hát xẩm,hat_xam/audio_2_125.wav,1,0.57,0.2543,0.1214,0.0397,0.0145,0.3325,0.3331,0.3344,0.0631,0.1372,0.5386,0.2411,0.02,0.0871,0.1978,0.7152,0.9905,0.0078,0.0017,0.2284,0.2273,0.1978,0.1964,0.1502,0.0724,0.6213,0.3063
2795,Hát xẩm,hat_xam/audio_2_125.wav,2,0.6168,0.2337,0.0982,0.0374,0.0139,0.3353,0.333,0.3317,0.1223,0.7494,0.114,0.0115,0.0028,0.0961,0.2105,0.6934,0.0542,0.7019,0.2439,0.2308,0.2296,0.1973,0.1958,0.1465,0.0113,0.9777,0.011
2796,Hát xẩm,hat_xam/audio_7_069.wav,1,0.0634,0.3089,0.0788,0.4633,0.0856,0.3319,0.3335,0.3346,0.1949,0.7063,0.0856,0.0105,0.0027,0.4269,0.4882,0.0849,0.0021,0.0073,0.9906,0.2104,0.2103,0.2032,0.2027,0.1733,0.077,0.9019,0.0211
2797,Hát xẩm,hat_xam/audio_7_069.wav,2,0.1001,0.3532,0.0998,0.3404,0.1065,0.3345,0.3332,0.3323,0.29,0.597,0.0961,0.0133,0.0035,0.2763,0.6362,0.0874,0.0021,0.0073,0.9906,0.2121,0.2118,0.2021,0.2015,0.1725,0.0008,0.9987,0.0005
2798,Hát xẩm,hat_xam/audio_7_081.wav,1,0.0211,0.04,0.0406,0.1073,0.7909,0.3344,0.3332,0.3324,0.0207,0.9367,0.0395,0.0025,0.0005,0.9124,0.0669,0.0207,0.0263,0.1483,0.8254,0.2144,0.2144,0.2067,0.2059,0.1587,0.0626,0.7713,0.1662
2799,Hát xẩm,hat_xam/audio_7_081.wav,2,0.0203,0.0382,0.0377,0.1008,0.8031,0.3342,0.3332,0.3326,0.0521,0.8425,0.0977,0.0063,0.0014,0.8291,0.122,0.0489,0.0372,0.9449,0.0179,0.2066,0.2068,0.2058,0.2054,0.1753,0.6148,0.3508,0.0344
2800,Hát xẩm,hat_xam/audio_4_004.wav,1,0.1022,0.7795,0.0692,0.0378,0.0113,0.3328,0.3333,0.3339,0.2325,0.6733,0.082,0.0098,0.0024,0.1488,0.7707,0.0805,0.0542,0.7019,0.2439,0.1962,0.1965,0.2031,0.2033,0.201,0.5231,0.4388,0.0381
2801,Hát xẩm,hat_xam/audio_4_004.wav,2,0.0112,0.951,0.0173,0.0169,0.0036,0.332,0.3335,0.3346,0.1223,0.8108,0.0592,0.0062,0.0015,0.1548,0.7772,0.068,0.0542,0.7019,0.2439,0.1933,0.1936,0.2029,0.2032,0.207,0.0492,0.9351,0.0157
2802,Hát xẩm,hat_xam/audio_7_020.wav,1,0.0446,0.6153,0.0736,0.2346,0.032,0.333,0.3332,0.3337,0.7809,0.1407,0.0572,0.0159,0.0053,0.6425,0.3106,0.0469,0.0422,0.1103,0.8475,0.1484,0.1499,0.204,0.2071,0.2907,0.8123,0.1405,0.0472
2803,Hát xẩm,hat_xam/audio_7_020.wav,2,0.0933,0.5251,0.0886,0.2343,0.0587,0.3328,0.3333,0.3339,0.9426,0.0417,0.0123,0.0026,0.0008,0.8428,0.132,0.0251,0.0422,0.1103,0.8475,0.1428,0.1444,0.2008,0.2041,0.3079,0.8488,0.1151,0.0361
2804,Hát xẩm,hat_xam/audio_2_043.wav,1,0.0265,0.0502,0.0425,0.1258,0.755,0.3371,0.3327,0.3303,0.0128,0.0639,0.917,0.0054,0.001,0.0054,0.0258,0.9688,0.64,0.3185,0.0415,0.2492,0.2471,0.1926,0.1902,0.121,0.0509,0.2674,0.6817
2805,Hát xẩm,hat_xam/audio_2_043.wav,2,0.0596,0.0961,0.1077,0.1898,0.5468,0.3346,0.3333,0.332,0.0249,0.0747,0.8739,0.0233,0.0033,0.0276,0.9433,0.0291,0.996,0.0032,0.0008,0.2372,0.2359,0.1979,0.196,0.133,0.2612,0.7009,0.0379
2806,Hát xẩm,hat_xam/audio_2_075.wav,1,0.0568,0.097,0.1222,0.2086,0.5154,0.3338,0.3331,0.3331,0.2178,0.7148,0.0586,0.007,0.0018,0.0514,0.6231,0.3255,0.8965,0.0877,0.0157,0.2424,0.2409,0.1959,0.1937,0.1272,0.9694,0.0262,0.0044
2807,Hát xẩm,hat_xam/audio_2_075.wav,2,0.0214,0.0402,0.0401,0.1055,0.7928,0.3347,0.3331,0.3322,0.9832,0.0125,0.0034,0.0007,0.0002,0.044,0.3635,0.5926,0.9905,0.0078,0.0017,0.2551,0.2528,0.1912,0.1885,0.1124,0.9628,0.0319,0.0052
2808,Hát xẩm,hat_xam/audio_2_115.wav,1,0.0425,0.6601,0.0777,0.1921,0.0276,0.3347,0.333,0.3323,0.0573,0.4359,0.4898,0.0141,0.0028,0.7985,0.1658,0.0357,0.0263,0.1483,0.8254,0.2381,0.2365,0.1948,0.193,0.1376,0.0002,0.0006,0.9993
2809,Hát xẩm,hat_xam/audio_2_115.wav,2,0.0534,0.082,0.768,0.0664,0.0302,0.3341,0.3332,0.3327,0.0534,0.1277,0.6854,0.121,0.0125,0.1983,0.7291,0.0725,0.0263,0.1483,0.8254,0.24,0.2383,0.1944,0.1925,0.1348,0.0074,0.0207,0.9719
2810,Hát xẩm,hat_xam/audio_3_008.wav,1,0.6286,0.217,0.1055,0.0356,0.0133,0.3359,0.3329,0.3312,0.117,0.7368,0.1321,0.0115,0.0026,0.0287,0.1523,0.8189,0.0263,0.1483,0.8254,0.2459,0.244,0.1931,0.1909,0.126,0.5581,0.405,0.0369
2811,Hát xẩm,hat_xam/audio_3_008.wav,2,0.9977,0.001,0.0009,0.0003,0.0001,0.3354,0.3328,0.3318,0.9277,0.0509,0.0164,0.0038,0.0012,0.0257,0.9489,0.0254,0.0542,0.7019,0.2439,0.2553,0.2532,0.1923,0.1895,0.1097,0.8646,0.1192,0.0162
2812,Hát xẩm,hat_xam/audio_7_079.wav,1,0.0049,0.0101,0.0093,0.0326,0.9431,0.3349,0.333,0.3321,0.006,0.9851,0.0082,0.0006,0.0001,0.7775,0.1815,0.041,0.0263,0.1483,0.8254,0.2147,0.2145,0.2045,0.2038,0.1625,0.0678,0.7181,0.214
2813,Hát xẩm,hat_xam/audio_7_079.wav,2,0.0174,0.0454,0.0351,0.3037,0.5983,0.3343,0.3331,0.3326,0.0694,0.6911,0.2256,0.0115,0.0024,0.9188,0.063,0.0182,0.8965,0.0877,0.0157,0.2127,0.2127,0.2054,0.2047,0.1644,0.0722,0.5388,0.389
2814,Hát xẩm,hat_xam/audio_7_028.wav,1,0.0607,0.1248,0.6505,0.1181,0.0458,0.3341,0.3331,0.3328,0.0333,0.9049,0.0572,0.0038,0.0008,0.0476,0.7409,0.2115,0.0263,0.1483,0.8254,0.2068,0.2074,0.2128,0.2124,0.1608,0.0706,0.6747,0.2547
2815,Hát xẩm,hat_xam/audio_7_028.wav,2,0.0476,0.1038,0.7444,0.0771,0.0271,0.333,0.3334,0.3336,0.1205,0.8168,0.0554,0.0059,0.0014,0.0521,0.4696,0.4784,0.0263,0.1483,0.8254,0.2193,0.2198,0.2155,0.2142,0.1312,0.4659,0.4946,0.0395
2816,Hát xẩm,hat_xam/audio_7_041.wav,1,0.2725,0.5394,0.1202,0.0511,0.0168,0.3352,0.3333,0.3315,0.0354,0.1381,0.8037,0.0193,0.0034,0.044,0.8601,0.096,0.0422,0.1103,0.8475,0.1947,0.1964,0.2298,0.2301,0.149,0.0136,0.0364,0.9501
2817,Hát xẩm,hat_xam/audio_7_041.wav,2,0.0719,0.2846,0.5003,0.1136,0.0296,0.3304,0.3338,0.3359,0.0411,0.1423,0.785,0.0269,0.0046,0.064,0.7781,0.1579,0.0372,0.9449,0.0179,0.2017,0.2026,0.2161,0.2159,0.1638,0.0537,0.8307,0.1155
2818,Hát xẩm,hat_xam/audio_7_022.wav,1,0.0849,0.4121,0.0903,0.3337,0.079,0.3354,0.3328,0.3319,0.0051,0.9886,0.0058,0.0004,0.0001,0.0261,0.9555,0.0183,0.0263,0.1483,0.8254,0.2375,0.2365,0.2008,0.1988,0.1264,0.9984,0.0013,0.0003
2819,Hát xẩm,hat_xam/audio_7_022.wav,2,0.0087,0.9651,0.0128,0.0109,0.0025,0.3347,0.3329,0.3324,0.5866,0.3567,0.0478,0.007,0.0019,0.0416,0.3264,0.632,0.0542,0.7019,0.2439,0.2103,0.2116,0.2252,0.2242,0.1287,0.9306,0.0549,0.0145
2820,Hát xẩm,hat_xam/audio_7_008.wav,1,0.8705,0.047,0.0589,0.016,0.0075,0.3325,0.3335,0.334,0.0672,0.124,0.3174,0.4619,0.0294,0.0846,0.8707,0.0447,0.0542,0.7019,0.2439,0.1675,0.1692,0.2202,0.2225,0.2205,0.0891,0.8879,0.0231
2821,Hát xẩm,hat_xam/audio_7_008.wav,2,0.0799,0.5125,0.2906,0.0934,0.0235,0.3328,0.3333,0.3338,0.0302,0.0848,0.8442,0.036,0.0047,0.0471,0.8338,0.1191,0.0067,0.9844,0.0089,0.2066,0.207,0.21,0.2096,0.1668,0.0005,0.0017,0.9978
2822,Hát xẩm,hat_xam/audio_7_044.wav,1,0.9295,0.0359,0.0229,0.0082,0.0034,0.3344,0.3332,0.3324,0.8201,0.1453,0.0285,0.0048,0.0013,0.2452,0.6949,0.06,0.2741,0.6756,0.0503,0.1916,0.192,0.2031,0.2036,0.2096,0.1759,0.7912,0.0329
2823,Hát xẩm,hat_xam/audio_7_044.wav,2,0.4979,0.3198,0.1217,0.0447,0.016,0.3341,0.3332,0.3327,0.9571,0.032,0.0086,0.0018,0.0005,0.0651,0.9036,0.0313,0.0542,0.7019,0.2439,0.1828,0.1836,0.2051,0.206,0.2225,0.9432,0.0491,0.0077
2824,Hát xẩm,hat_xam/audio_7_026.wav,1,0.0468,0.1168,0.7743,0.0473,0.0149,0.3334,0.3333,0.3333,0.062,0.4587,0.4617,0.0148,0.0029,0.012,0.0463,0.9417,0.0021,0.0073,0.9906,0.2214,0.2219,0.2138,0.2123,0.1307,0.7088,0.2622,0.029
2825,Hát xẩm,hat_xam/audio_7_026.wav,2,0.0656,0.2189,0.5443,0.135,0.0362,0.3338,0.3332,0.3331,0.2403,0.6994,0.0521,0.0065,0.0017,0.0371,0.2525,0.7104,0.0263,0.1483,0.8254,0.2149,0.2156,0.2152,0.2142,0.1401,0.0055,0.9918,0.0027
2826,Hát xẩm,hat_xam/audio_2_056.wav,1,0.0114,0.0454,0.0287,0.8797,0.0348,0.3347,0.3331,0.3322,0.1328,0.3458,0.4653,0.0472,0.0089,0.0259,0.9467,0.0273,0.64,0.3185,0.0415,0.205,0.2059,0.2174,0.217,0.1547,0.7937,0.1837,0.0226
2827,Hát xẩm,hat_xam/audio_2_056.wav,2,0.0186,0.0445,0.0308,0.1878,0.7184,0.3367,0.3327,0.3306,0.0528,0.4614,0.4704,0.0128,0.0025,0.021,0.9645,0.0145,0.64,0.3185,0.0415,0.2358,0.2347,0.1989,0.197,0.1337,0.2639,0.698,0.038
2828,Hát xẩm,hat_xam/audio_3_012.wav,1,0.1367,0.0937,0.7216,0.0339,0.0141,0.3338,0.3331,0.3331,0.9125,0.0608,0.0203,0.0048,0.0015,0.0452,0.9255,0.0293,0.0263,0.1483,0.8254,0.2549,0.2531,0.194,0.1911,0.1069,0.9972,0.0023,0.0005
2829,Hát xẩm,hat_xam/audio_3_012.wav,2,0.3462,0.2,0.3877,0.0478,0.0182,0.3346,0.333,0.3324,0.9853,0.011,0.0029,0.0006,0.0002,0.0535,0.729,0.2175,0.0542,0.7019,0.2439,0.2601,0.2575,0.1891,0.1862,0.1071,0.8927,0.0939,0.0133
2830,Hát xẩm,hat_xam/audio_5_002.wav,1,0.003,0.0117,0.0058,0.9664,0.0131,0.3353,0.3328,0.3319,0.0913,0.1814,0.4332,0.2586,0.0355,0.0412,0.1227,0.8361,0.9905,0.0078,0.0017,0.1557,0.1566,0.1914,0.1935,0.3028,0.0458,0.2305,0.7237
2831,Hát xẩm,hat_xam/audio_5_002.wav,2,0.0197,0.0543,0.0391,0.4528,0.4342,0.333,0.3332,0.3338,0.9142,0.0598,0.0199,0.0047,0.0014,0.043,0.1246,0.8324,0.9905,0.0078,0.0017,0.1476,0.1488,0.1931,0.1958,0.3148,0.7753,0.1653,0.0594
2832,Hát xẩm,hat_xam/audio_2_005.wav,1,0.0674,0.2041,0.4285,0.236,0.0641,0.3322,0.3336,0.3342,0.0461,0.1307,0.7642,0.0513,0.0076,0.0979,0.7457,0.1565,0.0542,0.7019,0.2439,0.2304,0.2293,0.1977,0.1962,0.1464,0.0636,0.3838,0.5527
2833,Hát xẩm,hat_xam/audio_2_005.wav,2,0.06,0.3604,0.2066,0.3227,0.0503,0.3327,0.3335,0.3338,0.1411,0.6343,0.1999,0.02,0.0048,0.0949,0.6391,0.2661,0.8965,0.0877,0.0157,0.2302,0.2291,0.1973,0.1958,0.1475,0.358,0.6018,0.0402
2834,Hát xẩm,hat_xam/audio_2_007.wav,1,0.0183,0.0351,0.0352,0.0966,0.8148,0.3316,0.3339,0.3345,0.0373,0.1263,0.811,0.0219,0.0035,0.9117,0.0652,0.023,0.0021,0.0073,0.9906,0.2008,0.201,0.2047,0.2047,0.1889,0.0005,0.9992,0.0003
2835,Hát xẩm,hat_xam/audio_2_007.wav,2,0.0381,0.0798,0.093,0.2524,0.5365,0.3346,0.3331,0.3323,0.7391,0.217,0.0365,0.0058,0.0016,0.894,0.0843,0.0217,0.2741,0.6756,0.0503,0.2242,0.2238,0.2037,0.2024,0.146,0.7162,0.2553,0.0285
2836,Hát xẩm,hat_xam/audio_2_009.wav,1,0.0657,0.1055,0.1308,0.206,0.4919,0.3321,0.3337,0.3341,0.0379,0.1721,0.7726,0.0148,0.0026,0.848,0.1093,0.0427,0.0021,0.0073,0.9906,0.2104,0.2103,0.2037,0.2032,0.1724,0.0049,0.9909,0.0041
2837,Hát xẩm,hat_xam/audio_2_009.wav,2,0.0228,0.0438,0.0459,0.1213,0.7662,0.334,0.3332,0.3328,0.1514,0.793,0.0487,0.0056,0.0014,0.8673,0.1074,0.0253,0.2741,0.6756,0.0503,0.225,0.2245,0.2027,0.2014,0.1464,0.0056,0.9917,0.0028
2838,Hát xẩm,hat_xam/audio_8_001.wav,1,0.3055,0.5171,0.1057,0.0536,0.0181,0.3337,0.3333,0.333,0.026,0.954,0.0179,0.0017,0.0004,0.0534,0.836,0.1106,0.095,0.1999,0.7051,0.2179,0.2178,0.2056,0.2046,0.1541,0.0083,0.9841,0.0076
2839,Hát xẩm,hat_xam/audio_8_001.wav,2,0.2354,0.5205,0.173,0.0537,0.0174,0.334,0.3333,0.3328,0.012,0.9783,0.0087,0.0008,0.0002,0.0429,0.9114,0.0457,0.0422,0.1103,0.8475,0.2131,0.2133,0.208,0.2072,0.1583,0.0592,0.9229,0.0178
2840,Hát xẩm,hat_xam/audio_2_058.wav,1,0.0542,0.1537,0.2039,0.4547,0.1335,0.3359,0.3328,0.3313,0.396,0.4743,0.1097,0.016,0.004,0.0468,0.8584,0.0948,0.64,0.3185,0.0415,0.1883,0.1893,0.2124,0.2131,0.1969,0.9802,0.0161,0.0037
2841,Hát xẩm,hat_xam/audio_2_058.wav,2,0.0274,0.0667,0.0434,0.2671,0.5953,0.3351,0.333,0.3319,0.1054,0.803,0.0814,0.0083,0.002,0.0469,0.7466,0.2065,0.0263,0.1483,0.8254,0.2296,0.2287,0.1997,0.1982,0.1439,0.4505,0.5097,0.0398
2842,Hát xẩm,hat_xam/audio_6_008.wav,1,0.0213,0.9391,0.0216,0.0142,0.0038,0.3331,0.3333,0.3336,0.1071,0.8488,0.0388,0.0043,0.0011,0.4458,0.4946,0.0596,0.0021,0.0073,0.9906,0.2452,0.2433,0.1933,0.1911,0.1271,0.023,0.9487,0.0282
2843,Hát xẩm,hat_xam/audio_6_008.wav,2,0.2541,0.5606,0.1179,0.0507,0.0166,0.333,0.3333,0.3337,0.2468,0.6879,0.0566,0.007,0.0018,0.0177,0.9648,0.0175,0.0021,0.0073,0.9906,0.2504,0.2482,0.1916,0.1892,0.1207,0.0481,0.9364,0.0155
2844,Hát xẩm,hat_xam/audio_2_057.wav,1,0.0081,0.0193,0.0162,0.0937,0.8626,0.3345,0.333,0.3325,0.2821,0.6532,0.0556,0.0072,0.0019,0.2397,0.701,0.0593,0.64,0.3185,0.0415,0.2451,0.2436,0.1972,0.1949,0.1192,0.6487,0.3187,0.0326
2845,Hát xẩm,hat_xam/audio_2_057.wav,2,0.0009,0.002,0.0017,0.0074,0.988,0.3347,0.333,0.3323,0.0592,0.5573,0.3683,0.0127,0.0025,0.0413,0.9344,0.0243,0.64,0.3185,0.0415,0.2336,0.2329,0.2033,0.2014,0.1288,0.0031,0.9952,0.0017
2846,Hát xẩm,hat_xam/audio_7_038.wav,1,0.797,0.1007,0.0736,0.0207,0.0081,0.334,0.3331,0.3328,0.0342,0.0923,0.8162,0.051,0.0063,0.0789,0.504,0.4171,0.0263,0.1483,0.8254,0.2246,0.2242,0.2031,0.2018,0.1463,0.0373,0.1752,0.7875
2847,Hát xẩm,hat_xam/audio_7_038.wav,2,0.4659,0.1295,0.3424,0.0432,0.019,0.3334,0.3333,0.3333,0.1124,0.7456,0.127,0.0121,0.0029,0.0538,0.2421,0.7041,0.64,0.3185,0.0415,0.2379,0.2367,0.1982,0.1963,0.131,0.0286,0.1262,0.8452
2848,Hát xẩm,hat_xam/audio_2_067.wav,1,0.0172,0.044,0.0355,0.2756,0.6277,0.3346,0.3331,0.3323,0.7751,0.1865,0.0319,0.0051,0.0014,0.2712,0.6607,0.0681,0.0542,0.7019,0.2439,0.2461,0.2442,0.1934,0.1912,0.1251,0.548,0.4148,0.0373
2849,Hát xẩm,hat_xam/audio_2_067.wav,2,0.0662,0.2037,0.3605,0.2932,0.0765,0.3338,0.3333,0.3329,0.0496,0.9058,0.0401,0.0037,0.0009,0.05,0.6915,0.2585,0.8965,0.0877,0.0157,0.2563,0.2538,0.1897,0.187,0.1133,0.0675,0.7223,0.2102
2850,Hát xẩm,hat_xam/audio_2_116.wav,1,0.0479,0.111,0.7886,0.0398,0.0128,0.3346,0.3331,0.3322,0.0472,0.12,0.736,0.0866,0.0102,0.267,0.622,0.1109,0.2741,0.6756,0.0503,0.2411,0.2394,0.1941,0.1921,0.1335,0.0713,0.5083,0.4204
2851,Hát xẩm,hat_xam/audio_2_116.wav,2,0.5371,0.2649,0.1411,0.0417,0.0152,0.3346,0.333,0.3324,0.0714,0.2934,0.6008,0.0287,0.0057,0.4517,0.436,0.1123,0.64,0.3185,0.0415,0.2284,0.2274,0.1983,0.1968,0.1491,0.0208,0.0534,0.9258
2852,Hát xẩm,hat_xam/audio_2_087.wav,1,0.0863,0.1282,0.1754,0.2194,0.3907,0.3334,0.3332,0.3334,0.5781,0.3583,0.0535,0.0079,0.0021,0.0281,0.8907,0.0812,0.64,0.3185,0.0415,0.239,0.2378,0.1979,0.1959,0.1294,0.6553,0.3125,0.0323
2853,Hát xẩm,hat_xam/audio_2_087.wav,2,0.0677,0.1079,0.135,0.2079,0.4815,0.3352,0.333,0.3319,0.1382,0.6969,0.1483,0.0136,0.0031,0.062,0.9075,0.0305,0.0021,0.0073,0.9906,0.2378,0.2366,0.1981,0.1962,0.1313,0.2575,0.7047,0.0378
2854,Hát xẩm,hat_xam/audio_1_008.wav,1,0.0197,0.0527,0.0404,0.3993,0.4878,0.3331,0.3332,0.3337,0.6984,0.1831,0.0837,0.0257,0.009,0.1389,0.2608,0.6003,0.0542,0.7019,0.2439,0.1677,0.1685,0.196,0.1975,0.2702,0.8826,0.0907,0.0266
2855,Hát xẩm,hat_xam/audio_1_008.wav,2,0.0027,0.0122,0.0055,0.9724,0.0072,0.3327,0.3333,0.334,0.0487,0.0686,0.1048,0.4783,0.2996,0.0699,0.1715,0.7585,0.0263,0.1483,0.8254,0.1638,0.1647,0.1951,0.1969,0.2796,0.0082,0.023,0.9688
2856,Hát xẩm,hat_xam/audio_7_064.wav,1,0.7897,0.07,0.1074,0.0226,0.0102,0.332,0.3337,0.3343,0.0583,0.5061,0.4198,0.0132,0.0026,0.623,0.3243,0.0527,0.969,0.0242,0.0069,0.2454,0.2435,0.1931,0.1909,0.1271,0.046,0.8694,0.0846
2857,Hát xẩm,hat_xam/audio_7_064.wav,2,0.0468,0.0854,0.8301,0.0281,0.0096,0.3334,0.3335,0.3331,0.0509,0.3937,0.5392,0.0136,0.0027,0.0335,0.2436,0.7229,0.64,0.3185,0.0415,0.2477,0.2457,0.1924,0.1901,0.124,0.0062,0.9907,0.003
2858,Hát xẩm,hat_xam/audio_0_001.wav,1,0.0652,0.1027,0.1122,0.1942,0.5257,0.3336,0.3336,0.3328,0.039,0.1052,0.7904,0.058,0.0074,0.8916,0.0823,0.0262,0.0263,0.1483,0.8254,0.165,0.1659,0.198,0.1998,0.2713,0.0062,0.0226,0.9712
2859,Hát xẩm,hat_xam/audio_0_001.wav,2,0.0573,0.0971,0.1216,0.2067,0.5173,0.3308,0.3344,0.3348,0.0157,0.9649,0.0177,0.0014,0.0003,0.8015,0.1622,0.0363,0.8965,0.0877,0.0157,0.1639,0.1649,0.1982,0.2,0.2729,0.3302,0.63,0.0398
2860,Hát xẩm,hat_xam/audio_2_091.wav,1,0.0806,0.1225,0.1633,0.2175,0.4161,0.3348,0.3331,0.3321,0.989,0.0082,0.0022,0.0005,0.0001,0.1594,0.7897,0.0509,0.0067,0.9844,0.0089,0.2568,0.2545,0.1914,0.1886,0.1087,0.7317,0.2409,0.0274
2861,Hát xẩm,hat_xam/audio_2_091.wav,2,0.1065,0.1509,0.2938,0.2191,0.2297,0.3344,0.3331,0.3325,0.2311,0.6161,0.1335,0.0157,0.0037,0.0471,0.871,0.082,0.2741,0.6756,0.0503,0.2403,0.2394,0.2016,0.1993,0.1195,0.9995,0.0004,0.0001
2862,Hát xẩm,hat_xam/audio_3_018.wav,1,0.6105,0.2081,0.0968,0.0588,0.0258,0.3343,0.3332,0.3325,0.6253,0.3217,0.0446,0.0067,0.0018,0.0202,0.0866,0.8932,0.0263,0.1483,0.8254,0.251,0.2489,0.1918,0.1893,0.1191,0.8012,0.1768,0.022
2863,Hát xẩm,hat_xam/audio_3_018.wav,2,0.6568,0.1375,0.1612,0.0318,0.0126,0.3352,0.3328,0.332,0.9409,0.0419,0.0133,0.003,0.0009,0.0295,0.9001,0.0704,0.0263,0.1483,0.8254,0.2566,0.2543,0.1912,0.1884,0.1096,0.9288,0.0618,0.0094
2864,Hát xẩm,hat_xam/audio_2_036.wav,1,0.0462,0.0868,0.0668,0.1969,0.6032,0.3351,0.333,0.3319,0.0268,0.1547,0.8074,0.0094,0.0017,0.01,0.0505,0.9395,0.64,0.3185,0.0415,0.2419,0.2403,0.1952,0.1931,0.1294,0.0405,0.8921,0.0674
2865,Hát xẩm,hat_xam/audio_2_036.wav,2,0.0533,0.0909,0.0804,0.1851,0.5903,0.3345,0.3332,0.3322,0.0213,0.0625,0.8886,0.0244,0.0033,0.0338,0.2316,0.7346,0.0021,0.0073,0.9906,0.2311,0.23,0.1985,0.197,0.1434,0.002,0.007,0.991
2866,Hát xẩm,hat_xam/audio_7_001.wav,1,0.0222,0.9299,0.027,0.0166,0.0043,0.3347,0.3331,0.3323,0.1605,0.7817,0.0503,0.006,0.0015,0.0542,0.1424,0.8034,0.0067,0.9844,0.0089,0.1992,0.1998,0.2107,0.2107,0.1796,0.9086,0.0715,0.0199
2867,Hát xẩm,hat_xam/audio_7_001.wav,2,0.0148,0.9433,0.016,0.0212,0.0048,0.3346,0.3331,0.3324,0.1198,0.835,0.0397,0.0045,0.0011,0.0237,0.074,0.9023,0.0067,0.9844,0.0089,0.2119,0.2127,0.2165,0.2156,0.1433,0.3807,0.579,0.0403
2868,Hát xẩm,hat_xam/audio_7_045.wav,1,0.1041,0.0798,0.7748,0.0293,0.0121,0.3338,0.3332,0.333,0.6644,0.283,0.044,0.0068,0.0018,0.0255,0.9565,0.018,0.0542,0.7019,0.2439,0.1937,0.1942,0.2052,0.2056,0.2013,0.6846,0.2849,0.0305
2869,Hát xẩm,hat_xam/audio_7_045.wav,2,0.021,0.0217,0.9419,0.0107,0.0046,0.3355,0.333,0.3315,0.0048,0.0168,0.9741,0.0037,0.0006,0.0495,0.6764,0.2742,0.64,0.3185,0.0415,0.1493,0.1506,0.1953,0.1979,0.307,0.0011,0.9981,0.0008
2870,Hát xẩm,hat_xam/audio_2_139.wav,1,0.0637,0.1021,0.1215,0.1993,0.5134,0.3331,0.3333,0.3337,0.6009,0.2623,0.1027,0.0256,0.0084,0.0174,0.944,0.0387,0.9905,0.0078,0.0017,0.2588,0.2565,0.1913,0.1883,0.1051,0.9491,0.0406,0.0103
2871,Hát xẩm,hat_xam/audio_2_139.wav,2,0.0637,0.1021,0.1215,0.1993,0.5134,0.3331,0.3333,0.3337,0.6009,0.2623,0.1027,0.0256,0.0084,0.0174,0.944,0.0387,0.9905,0.0078,0.0017,0.2588,0.2565,0.1913,0.1883,0.1051,0.9491,0.0406,0.0103
2872,Hát xẩm,hat_xam/audio_2_109.wav,1,0.0022,0.0051,0.0042,0.0218,0.9668,0.3333,0.3334,0.3333,0.0694,0.6291,0.286,0.0129,0.0026,0.2019,0.7409,0.0572,0.0021,0.0073,0.9906,0.2377,0.2366,0.1997,0.1977,0.1284,0.022,0.9517,0.0264
2873,Hát xẩm,hat_xam/audio_2_109.wav,2,0.0096,0.0192,0.0185,0.0591,0.8936,0.3352,0.3332,0.3316,0.0031,0.0122,0.9825,0.0019,0.0003,0.1653,0.7817,0.053,0.2741,0.6756,0.0503,0.2262,0.2258,0.2045,0.2031,0.1404,0.0065,0.0237,0.9698
2874,Hát xẩm,hat_xam/audio_2_001.wav,1,0.0732,0.2842,0.5156,0.1001,0.0268,0.3316,0.3335,0.3349,0.0813,0.618,0.2812,0.0161,0.0035,0.016,0.0755,0.9086,0.0021,0.0073,0.9906,0.234,0.2327,0.1965,0.1949,0.1419,0.0153,0.0609,0.9238
2875,Hát xẩm,hat_xam/audio_2_001.wav,2,0.1158,0.3984,0.3972,0.0683,0.0203,0.3322,0.3335,0.3342,0.0647,0.6924,0.2287,0.0118,0.0025,0.0259,0.1672,0.8069,0.0021,0.0073,0.9906,0.2336,0.2323,0.1961,0.1945,0.1435,0.0565,0.3137,0.6297
2876,Hát xẩm,hat_xam/audio_0_007.wav,1,0.0754,0.1186,0.1612,0.2208,0.424,0.3343,0.3333,0.3324,0.0483,0.1202,0.7228,0.0979,0.0109,0.878,0.0966,0.0254,0.0263,0.1483,0.8254,0.1669,0.1678,0.1982,0.1999,0.2672,0.0004,0.0013,0.9983
2877,Hát xẩm,hat_xam/audio_0_007.wav,2,0.0534,0.0911,0.1103,0.197,0.5482,0.3339,0.3335,0.3325,0.0232,0.0675,0.8781,0.0275,0.0037,0.8074,0.1533,0.0393,0.0263,0.1483,0.8254,0.1602,0.1612,0.1963,0.1983,0.284,0.0134,0.9728,0.0137
2878,Hát xẩm,hat_xam/audio_8_000.wav,1,0.1892,0.6523,0.0949,0.0483,0.0153,0.334,0.3332,0.3328,0.0568,0.643,0.2869,0.011,0.0023,0.0624,0.7678,0.1697,0.996,0.0032,0.0008,0.2122,0.2123,0.2065,0.2058,0.163,0.0052,0.0151,0.9797
2879,Hát xẩm,hat_xam/audio_8_000.wav,2,0.3349,0.4812,0.1007,0.0617,0.0216,0.3338,0.3333,0.333,0.0131,0.9757,0.0101,0.0009,0.0002,0.053,0.8368,0.1102,0.095,0.1999,0.7051,0.2155,0.2154,0.2057,0.2048,0.1586,0.0127,0.9817,0.0056
2880,Hát xẩm,hat_xam/audio_7_066.wav,1,0.0367,0.2787,0.0697,0.5705,0.0444,0.3327,0.3336,0.3338,0.5056,0.3978,0.0798,0.0131,0.0037,0.8445,0.1237,0.0319,0.7947,0.1471,0.0581,0.2037,0.2038,0.2033,0.2032,0.186,0.6791,0.29,0.0309
2881,Hát xẩm,hat_xam/audio_7_066.wav,2,0.048,0.7814,0.0505,0.0988,0.0211,0.3324,0.3335,0.3341,0.0901,0.8622,0.042,0.0045,0.0011,0.7699,0.1861,0.044,0.8989,0.0759,0.0252,0.2043,0.2044,0.204,0.2038,0.1836,0.6522,0.3153,0.0324
2882,Hát xẩm,hat_xam/audio_5_001.wav,1,0.0095,0.0322,0.0181,0.8775,0.0627,0.3352,0.3329,0.3319,0.1504,0.3215,0.4494,0.0664,0.0124,0.0524,0.3942,0.5534,0.0067,0.9844,0.0089,0.1344,0.1356,0.1815,0.1844,0.3642,0.9216,0.0617,0.0167
2883,Hát xẩm,hat_xam/audio_5_001.wav,2,0.0231,0.0642,0.0521,0.5467,0.314,0.3333,0.3331,0.3336,0.8225,0.1248,0.041,0.009,0.0027,0.0605,0.4607,0.4788,0.9905,0.0078,0.0017,0.1333,0.1344,0.1802,0.1831,0.369,0.8198,0.1354,0.0448
2884,Hát xẩm,hat_xam/audio_1_005.wav,1,0.0031,0.0119,0.006,0.9654,0.0136,0.3328,0.3336,0.3336,0.1055,0.6975,0.1806,0.0135,0.0029,0.0065,0.0331,0.9605,0.0542,0.7019,0.2439,0.1716,0.173,0.2148,0.2167,0.2239,0.9974,0.0021,0.0004
2885,Hát xẩm,hat_xam/audio_1_005.wav,2,0.0895,0.3804,0.0935,0.3462,0.0904,0.3328,0.3332,0.3339,0.8333,0.1137,0.0404,0.0096,0.0029,0.041,0.2757,0.6834,0.0542,0.7019,0.2439,0.1361,0.1373,0.183,0.1858,0.3579,0.8598,0.1072,0.0329
2886,Hát xẩm,hat_xam/audio_7_009.wav,1,0.4138,0.3771,0.1436,0.0486,0.0169,0.3327,0.3333,0.3341,0.0631,0.6683,0.2548,0.0114,0.0023,0.0857,0.8756,0.0387,0.0067,0.9844,0.0089,0.1883,0.1894,0.2151,0.2159,0.1913,0.3466,0.6134,0.0401
2887,Hát xẩm,hat_xam/audio_7_009.wav,2,0.3179,0.3298,0.2793,0.0542,0.0189,0.3332,0.3332,0.3336,0.0357,0.8639,0.0942,0.005,0.0011,0.0088,0.9815,0.0097,0.0067,0.9844,0.0089,0.1937,0.1945,0.2115,0.212,0.1883,0.9669,0.0284,0.0047
2888,Hát xẩm,hat_xam/audio_2_004.wav,1,0.0412,0.2397,0.1129,0.5541,0.0521,0.332,0.3337,0.3343,0.0068,0.0225,0.9642,0.0057,0.0008,0.059,0.6131,0.3279,0.0263,0.1483,0.8254,0.2359,0.2345,0.1956,0.1938,0.1402,0.071,0.6673,0.2617
2889,Hát xẩm,hat_xam/audio_2_004.wav,2,0.0997,0.1913,0.6451,0.048,0.0159,0.3328,0.3337,0.3335,0.0374,0.2091,0.7376,0.0134,0.0025,0.0684,0.6742,0.2574,0.64,0.3185,0.0415,0.2384,0.2369,0.1955,0.1936,0.1357,0.0584,0.3304,0.6112
2890,Hát xẩm,hat_xam/audio_7_075.wav,1,0.0325,0.0815,0.0504,0.3336,0.502,0.3347,0.3331,0.3322,0.0566,0.6981,0.2332,0.0101,0.0021,0.91,0.0675,0.0225,0.0263,0.1483,0.8254,0.2121,0.212,0.2049,0.2042,0.1668,0.0027,0.9952,0.0021
2891,Hát xẩm,hat_xam/audio_7_075.wav,2,0.0295,0.0675,0.0453,0.2284,0.6293,0.3351,0.3331,0.3318,0.0254,0.9162,0.0545,0.0032,0.0007,0.8566,0.1042,0.0392,0.0263,0.1483,0.8254,0.2155,0.2153,0.2043,0.2035,0.1614,0.0141,0.9798,0.0061
2892,Hát xẩm,hat_xam/audio_7_031.wav,1,0.0458,0.1087,0.7537,0.0692,0.0227,0.3338,0.3332,0.333,0.5586,0.3791,0.0526,0.0077,0.002,0.0446,0.1326,0.8228,0.0021,0.0073,0.9906,0.2166,0.217,0.2124,0.2113,0.1427,0.7878,0.1891,0.0231
2893,Hát xẩm,hat_xam/audio_7_031.wav,2,0.0753,0.3937,0.3721,0.1282,0.0308,0.3342,0.333,0.3327,0.4889,0.4354,0.0635,0.0095,0.0026,0.0278,0.1793,0.7929,0.0021,0.0073,0.9906,0.2177,0.218,0.2129,0.2118,0.1397,0.0019,0.9967,0.0014
2894,Hát xẩm,hat_xam/audio_7_052.wav,1,0.0569,0.4862,0.1611,0.2564,0.0394,0.3319,0.3333,0.3348,0.0504,0.1346,0.755,0.0527,0.0072,0.0997,0.8509,0.0494,0.2741,0.6756,0.0503,0.1605,0.1618,0.2041,0.2063,0.2672,0.0539,0.1196,0.8265
2895,Hát xẩm,hat_xam/audio_7_052.wav,2,0.0327,0.0793,0.081,0.3683,0.4388,0.3339,0.3333,0.3329,0.0174,0.0821,0.8912,0.0079,0.0014,0.0603,0.8945,0.0452,0.969,0.0242,0.0069,0.1613,0.1628,0.212,0.2144,0.2495,0.0721,0.5336,0.3943
2896,Hát xẩm,hat_xam/audio_9_003.wav,1,0.0404,0.0918,0.0587,0.2782,0.5308,0.3332,0.3332,0.3336,0.666,0.1983,0.0945,0.0303,0.0109,0.6751,0.2725,0.0524,0.0263,0.1483,0.8254,0.15,0.151,0.1886,0.1909,0.3194,0.7667,0.1709,0.0624
2897,Hát xẩm,hat_xam/audio_9_003.wav,2,0.0052,0.0107,0.0099,0.0346,0.9397,0.3334,0.3333,0.3334,0.1303,0.2247,0.4184,0.1976,0.0289,0.9404,0.0469,0.0127,0.0263,0.1483,0.8254,0.1496,0.1507,0.1888,0.1911,0.3198,0.9444,0.0443,0.0113
2898,Hát xẩm,hat_xam/audio_7_080.wav,1,0.0153,0.0374,0.0264,0.1736,0.7473,0.3346,0.3331,0.3322,0.062,0.1442,0.6572,0.1232,0.0134,0.9071,0.072,0.0209,0.8965,0.0877,0.0157,0.2222,0.2218,0.2033,0.2021,0.1507,0.036,0.1675,0.7965
2899,Hát xẩm,hat_xam/audio_7_080.wav,2,0.0221,0.0425,0.036,0.1108,0.7885,0.3351,0.3331,0.3319,0.0348,0.8673,0.0919,0.0049,0.0011,0.8653,0.1054,0.0293,0.9905,0.0078,0.0017,0.2082,0.2083,0.205,0.2045,0.174,0.0382,0.9008,0.061
2900,Hát xẩm,hat_xam/audio_2_000.wav,1,0.0675,0.2266,0.4638,0.1927,0.0494,0.3321,0.3336,0.3343,0.0472,0.302,0.6333,0.0146,0.0028,0.0113,0.0541,0.9346,0.9336,0.0507,0.0157,0.2378,0.2363,0.1953,0.1935,0.1372,0.0083,0.0313,0.9604
2901,Hát xẩm,hat_xam/audio_2_000.wav,2,0.0452,0.7644,0.103,0.0719,0.0155,0.3323,0.3335,0.3342,0.0562,0.4398,0.4866,0.0145,0.0029,0.0548,0.5875,0.3578,0.2741,0.6756,0.0503,0.2383,0.2368,0.1951,0.1932,0.1365,0.0727,0.5999,0.3274
2902,Hát xẩm,hat_xam/audio_2_108.wav,1,0.0036,0.0085,0.0069,0.0382,0.9427,0.3346,0.3332,0.3322,0.037,0.1163,0.81,0.0316,0.005,0.4715,0.4521,0.0765,0.9905,0.0078,0.0017,0.2261,0.2253,0.1997,0.1984,0.1506,0.0013,0.0039,0.9948
2903,Hát xẩm,hat_xam/audio_2_108.wav,2,0.0333,0.0698,0.0786,0.2256,0.5927,0.3352,0.3332,0.3317,0.1208,0.6591,0.1982,0.0178,0.0042,0.9034,0.0797,0.0169,0.0372,0.9449,0.0179,0.2421,0.2404,0.1944,0.1923,0.1307,0.0306,0.0748,0.8945
2904,Hát xẩm,hat_xam/audio_2_117.wav,1,0.1865,0.6449,0.1057,0.0478,0.0151,0.3344,0.3331,0.3324,0.0467,0.3514,0.5867,0.0128,0.0025,0.3384,0.5852,0.0764,0.0021,0.0073,0.9906,0.2382,0.2366,0.1949,0.193,0.1373,0.0346,0.9136,0.0518
2905,Hát xẩm,hat_xam/audio_2_117.wav,2,0.0656,0.6002,0.203,0.1072,0.0239,0.3336,0.3333,0.3331,0.0647,0.1384,0.5188,0.2574,0.0207,0.0842,0.8393,0.0765,0.0021,0.0073,0.9906,0.2387,0.2371,0.1947,0.1928,0.1366,0.0674,0.4327,0.4999
2906,Hát xẩm,hat_xam/audio_1_002.wav,1,0.0395,0.1388,0.057,0.6291,0.1356,0.3332,0.3331,0.3337,0.6844,0.2317,0.0676,0.0128,0.0035,0.0535,0.4976,0.4489,0.9905,0.0078,0.0017,0.1394,0.1407,0.1905,0.1935,0.3359,0.824,0.1325,0.0435
2907,Hát xẩm,hat_xam/audio_1_002.wav,2,0.0008,0.0034,0.0017,0.9914,0.0026,0.3332,0.3332,0.3337,0.7098,0.2001,0.0703,0.0154,0.0044,0.0178,0.0791,0.9032,0.9905,0.0078,0.0017,0.1282,0.1295,0.1805,0.1838,0.3781,0.8548,0.1108,0.0344
2908,Hát xẩm,hat_xam/audio_6_001.wav,1,0.691,0.1744,0.0924,0.0306,0.0116,0.3348,0.3332,0.3319,0.0222,0.9583,0.0175,0.0016,0.0004,0.7469,0.2164,0.0368,0.0542,0.7019,0.2439,0.2536,0.2514,0.1915,0.1888,0.1147,0.0615,0.7796,0.1589
2909,Hát xẩm,hat_xam/audio_6_001.wav,2,0.1005,0.5788,0.2366,0.0658,0.0184,0.3333,0.3333,0.3333,0.0054,0.9872,0.0068,0.0005,0.0001,0.8324,0.1411,0.0266,0.0542,0.7019,0.2439,0.2401,0.2385,0.1947,0.1927,0.1341,0.0341,0.9538,0.0121
2910,Hát xẩm,hat_xam/audio_2_122.wav,1,0.0632,0.1138,0.1617,0.2536,0.4078,0.3351,0.3332,0.3317,0.1737,0.7344,0.08,0.0095,0.0024,0.0569,0.9123,0.0308,0.0542,0.7019,0.2439,0.2461,0.2442,0.1938,0.1916,0.1243,0.0041,0.9926,0.0033
2911,Hát xẩm,hat_xam/audio_2_122.wav,2,0.0999,0.1475,0.4462,0.1819,0.1245,0.3349,0.3327,0.3324,0.3884,0.5483,0.0541,0.0073,0.0019,0.0392,0.3027,0.6582,0.8965,0.0877,0.0157,0.2394,0.2382,0.1982,0.1961,0.1281,0.4396,0.5205,0.0399
2912,Hát xẩm,hat_xam/audio_0_003.wav,1,0.0734,0.119,0.1679,0.229,0.4106,0.3325,0.3336,0.3339,0.0732,0.6996,0.213,0.0117,0.0024,0.2873,0.635,0.0777,0.8965,0.0877,0.0157,0.1749,0.1757,0.2011,0.2024,0.2458,0.0533,0.93,0.0166
2913,Hát xẩm,hat_xam/audio_0_003.wav,2,0.0845,0.1239,0.1393,0.2088,0.4434,0.3331,0.3335,0.3334,0.0346,0.154,0.7929,0.0157,0.0029,0.8853,0.088,0.0266,0.0263,0.1483,0.8254,0.1653,0.1662,0.1987,0.2005,0.2693,0.018,0.047,0.935
2914,Hát xẩm,hat_xam/audio_9_009.wav,1,0.2115,0.1183,0.5762,0.0619,0.0321,0.3319,0.3332,0.3349,0.6586,0.2018,0.0969,0.0313,0.0113,0.4785,0.3967,0.1247,0.8674,0.0982,0.0344,0.1778,0.1785,0.2009,0.202,0.2408,0.7144,0.2038,0.0819
2915,Hát xẩm,hat_xam/audio_9_009.wav,2,0.2115,0.1183,0.5762,0.0619,0.0321,0.3319,0.3332,0.3349,0.6586,0.2018,0.0969,0.0313,0.0113,0.4785,0.3967,0.1247,0.8674,0.0982,0.0344,0.1778,0.1785,0.2009,0.202,0.2408,0.7144,0.2038,0.0819
2916,Hát xẩm,hat_xam/audio_3_023.wav,1,0.4564,0.3067,0.1734,0.0468,0.0167,0.3354,0.333,0.3316,0.7173,0.2331,0.0412,0.0066,0.0018,0.0349,0.8783,0.0868,0.8989,0.0759,0.0252,0.2551,0.2527,0.1901,0.1874,0.1147,0.4177,0.5421,0.0402
2917,Hát xẩm,hat_xam/audio_3_023.wav,2,0.0693,0.1287,0.6072,0.135,0.0599,0.3358,0.3329,0.3314,0.0349,0.0419,0.0526,0.113,0.7577,0.0386,0.2779,0.6834,0.0263,0.1483,0.8254,0.1361,0.1374,0.1885,0.1916,0.3464,0.8176,0.1618,0.0206
2918,Hát xẩm,hat_xam/audio_2_069.wav,1,0.0284,0.0749,0.0461,0.3814,0.4693,0.3341,0.3331,0.3327,0.4608,0.4714,0.0576,0.008,0.0021,0.0953,0.8586,0.0461,0.0542,0.7019,0.2439,0.2499,0.2477,0.192,0.1896,0.1208,0.7011,0.2694,0.0295
2919,Hát xẩm,hat_xam/audio_2_069.wav,2,0.0653,0.5113,0.2225,0.1677,0.0331,0.3346,0.3333,0.3322,0.0677,0.1467,0.5623,0.2047,0.0186,0.0219,0.128,0.85,0.8965,0.0877,0.0157,0.2433,0.2416,0.1951,0.1929,0.1271,0.0426,0.9432,0.0142
2920,Hát xẩm,hat_xam/audio_7_003.wav,1,0.0112,0.9663,0.0104,0.0096,0.0024,0.3346,0.3331,0.3324,0.0829,0.8235,0.0847,0.0072,0.0016,0.0338,0.0989,0.8672,0.0542,0.7019,0.2439,0.1932,0.1944,0.2181,0.2185,0.1757,0.0489,0.9355,0.0157
2921,Hát xẩm,hat_xam/audio_7_003.wav,2,0.0894,0.8059,0.0577,0.0363,0.0107,0.3345,0.3331,0.3324,0.0335,0.1418,0.8077,0.0145,0.0025,0.072,0.1742,0.7538,0.0542,0.7019,0.2439,0.1918,0.1927,0.212,0.2125,0.191,0.6863,0.2833,0.0304
2922,Hát xẩm,hat_xam/audio_2_130.wav,1,0.0649,0.3859,0.2461,0.2571,0.046,0.3353,0.3331,0.3315,0.0218,0.9482,0.0274,0.0021,0.0005,0.1685,0.7431,0.0884,0.64,0.3185,0.0415,0.2383,0.2367,0.1949,0.1931,0.1371,0.0115,0.9773,0.0112
2923,Hát xẩm,hat_xam/audio_2_130.wav,2,0.0743,0.1461,0.5213,0.1781,0.0801,0.3344,0.3333,0.3323,0.1991,0.6885,0.0973,0.012,0.0031,0.0545,0.8681,0.0774,0.8965,0.0877,0.0157,0.2375,0.236,0.1952,0.1934,0.1378,0.0344,0.9143,0.0514
2924,Hát xẩm,hat_xam/audio_7_005.wav,1,0.0634,0.7815,0.1004,0.0431,0.0115,0.3344,0.3331,0.3325,0.0311,0.9486,0.0182,0.0018,0.0004,0.0376,0.1075,0.8549,0.0067,0.9844,0.0089,0.1922,0.1931,0.2135,0.2139,0.1873,0.9985,0.0013,0.0002
2925,Hát xẩm,hat_xam/audio_7_005.wav,2,0.0545,0.7433,0.0571,0.1196,0.0255,0.3342,0.3331,0.3327,0.0418,0.864,0.0877,0.0053,0.0012,0.022,0.0695,0.9086,0.0542,0.7019,0.2439,0.2086,0.2094,0.2161,0.2155,0.1503,0.1872,0.7791,0.0338
2926,Hát xẩm,hat_xam/audio_3_003.wav,1,0.1594,0.1268,0.6604,0.0384,0.015,0.335,0.333,0.332,0.9093,0.0635,0.0208,0.0049,0.0015,0.0236,0.9221,0.0544,0.0067,0.9844,0.0089,0.2577,0.2552,0.1898,0.187,0.1103,0.9966,0.0028,0.0005
2927,Hát xẩm,hat_xam/audio_3_003.wav,2,0.1969,0.1827,0.557,0.0464,0.0171,0.3366,0.3328,0.3305,0.9905,0.0072,0.0019,0.0004,0.0001,0.0169,0.9684,0.0147,0.0542,0.7019,0.2439,0.259,0.2565,0.1899,0.187,0.1076,0.7929,0.1844,0.0227
2928,Hát xẩm,hat_xam/audio_2_090.wav,1,0.063,0.1013,0.0976,0.1925,0.5456,0.3341,0.3334,0.3325,0.0071,0.985,0.0073,0.0006,0.0001,0.9692,0.0248,0.0061,0.0372,0.9449,0.0179,0.2405,0.2389,0.1956,0.1936,0.1314,0.03,0.9283,0.0416
2929,Hát xẩm,hat_xam/audio_2_090.wav,2,0.0737,0.1128,0.1316,0.2041,0.4778,0.3341,0.3334,0.3324,0.9886,0.0089,0.0021,0.0004,0.0001,0.9796,0.0158,0.0046,0.0372,0.9449,0.0179,0.2503,0.2484,0.1941,0.1915,0.1158,0.9979,0.0017,0.0003
2930,Hát xẩm,hat_xam/audio_2_053.wav,1,0.0571,0.1284,0.1817,0.3694,0.2634,0.3346,0.3332,0.3322,0.0649,0.8734,0.0552,0.0052,0.0013,0.1274,0.8267,0.0459,0.0372,0.9449,0.0179,0.2391,0.2376,0.196,0.1941,0.1332,0.0048,0.9928,0.0024
2931,Hát xẩm,hat_xam/audio_2_053.wav,2,0.0251,0.0522,0.0558,0.1701,0.6968,0.3362,0.333,0.3308,0.0436,0.9098,0.042,0.0037,0.0009,0.0299,0.9092,0.0609,0.64,0.3185,0.0415,0.2252,0.2243,0.1987,0.1974,0.1544,0.1667,0.8011,0.0321
2932,Hát xẩm,hat_xam/audio_2_072.wav,1,0.0841,0.1524,0.4022,0.2263,0.135,0.3335,0.3332,0.3332,0.7789,0.1778,0.0356,0.006,0.0016,0.9219,0.0624,0.0157,0.9336,0.0507,0.0157,0.2319,0.2309,0.1999,0.1982,0.1391,0.8602,0.1231,0.0166
2933,Hát xẩm,hat_xam/audio_2_072.wav,2,0.0586,0.141,0.2066,0.3964,0.1974,0.3341,0.3331,0.3327,0.9668,0.0261,0.0057,0.0011,0.0003,0.9186,0.0646,0.0168,0.996,0.0032,0.0008,0.2401,0.2387,0.1968,0.1948,0.1296,0.3164,0.644,0.0396
2934,Hát xẩm,hat_xam/audio_2_078.wav,1,0.0402,0.0695,0.0687,0.1535,0.6681,0.3346,0.3331,0.3324,0.3396,0.5232,0.1171,0.0161,0.004,0.2759,0.6627,0.0615,0.0067,0.9844,0.0089,0.2536,0.2515,0.1924,0.1898,0.1127,0.9912,0.0075,0.0013
2935,Hát xẩm,hat_xam/audio_2_078.wav,2,0.0906,0.1318,0.1326,0.2139,0.4311,0.3343,0.3334,0.3323,0.0212,0.9385,0.0374,0.0024,0.0005,0.8948,0.0777,0.0275,0.0263,0.1483,0.8254,0.2323,0.2312,0.198,0.1963,0.1421,0.5317,0.4305,0.0378
2936,Hát xẩm,hat_xam/audio_2_094.wav,1,0.0361,0.066,0.0562,0.1531,0.6887,0.3359,0.3328,0.3312,0.1513,0.5531,0.2614,0.0275,0.0066,0.093,0.5492,0.3578,0.9905,0.0078,0.0017,0.2315,0.2306,0.2004,0.1987,0.1387,0.0016,0.0048,0.9936
2937,Hát xẩm,hat_xam/audio_2_094.wav,2,0.0298,0.0548,0.0483,0.1319,0.7353,0.3346,0.3331,0.3323,0.017,0.0831,0.8918,0.007,0.0012,0.0527,0.5073,0.4401,0.2741,0.6756,0.0503,0.2476,0.2456,0.193,0.1907,0.1232,0.0436,0.8797,0.0767
2938,Hát xẩm,hat_xam/audio_7_024.wav,1,0.0376,0.7364,0.0645,0.1397,0.0218,0.3353,0.3329,0.3318,0.0362,0.92,0.0398,0.0033,0.0008,0.0424,0.3104,0.6471,0.0542,0.7019,0.2439,0.213,0.213,0.207,0.2063,0.1608,0.0516,0.8422,0.1062
2939,Hát xẩm,hat_xam/audio_7_024.wav,2,0.1107,0.7353,0.0992,0.0423,0.0125,0.3339,0.3331,0.333,0.9673,0.0257,0.0056,0.001,0.0003,0.0186,0.0671,0.9142,0.0263,0.1483,0.8254,0.1977,0.1986,0.2161,0.2162,0.1714,0.313,0.6475,0.0395
2940,Hát xẩm,hat_xam/audio_9_000.wav,1,0.0657,0.1731,0.6906,0.0539,0.0167,0.3336,0.3333,0.3331,0.0549,0.1309,0.6854,0.1166,0.0123,0.0492,0.6493,0.3016,0.8965,0.0877,0.0157,0.155,0.1562,0.1979,0.2003,0.2905,0.0713,0.5085,0.4202
2941,Hát xẩm,hat_xam/audio_9_000.wav,2,0.0577,0.175,0.0754,0.498,0.1939,0.3336,0.3332,0.3332,0.684,0.19,0.0885,0.0277,0.0098,0.4933,0.4344,0.0724,0.8965,0.0877,0.0157,0.1589,0.1598,0.1922,0.1941,0.295,0.7743,0.1659,0.0597
2942,Hát xẩm,hat_xam/audio_2_100.wav,1,0.057,0.093,0.092,0.1834,0.5746,0.3344,0.3332,0.3325,0.0505,0.128,0.7196,0.0908,0.011,0.0462,0.3551,0.5986,0.0372,0.9449,0.0179,0.2473,0.2453,0.1926,0.1903,0.1245,0.0001,0.0003,0.9996
2943,Hát xẩm,hat_xam/audio_2_100.wav,2,0.0516,0.0959,0.0729,0.2098,0.5697,0.3347,0.3331,0.3322,0.0243,0.941,0.0317,0.0024,0.0006,0.0069,0.9862,0.0069,0.0021,0.0073,0.9906,0.2592,0.2565,0.1887,0.1858,0.1098,0.0075,0.028,0.9645
2944,Hát xẩm,hat_xam/audio_2_112.wav,1,0.0182,0.0431,0.0396,0.2068,0.6923,0.3346,0.3331,0.3323,0.0521,0.4004,0.5309,0.0139,0.0028,0.9859,0.0112,0.003,0.969,0.0242,0.0069,0.2419,0.2401,0.194,0.192,0.132,0.0728,0.5872,0.34
2945,Hát xẩm,hat_xam/audio_2_112.wav,2,0.0912,0.1506,0.4024,0.2125,0.1433,0.3344,0.3331,0.3326,0.0865,0.6947,0.2016,0.014,0.0032,0.0382,0.9298,0.0321,0.0372,0.9449,0.0179,0.2349,0.2338,0.1983,0.1965,0.1366,0.0111,0.9781,0.0108
2946,Hát xẩm,hat_xam/audio_2_119.wav,1,0.0561,0.8,0.0915,0.0415,0.0109,0.3347,0.3331,0.3323,0.0304,0.1112,0.8362,0.019,0.0032,0.0874,0.761,0.1516,0.0021,0.0073,0.9906,0.2357,0.2344,0.196,0.1943,0.1396,0.0285,0.1257,0.8458
2947,Hát xẩm,hat_xam/audio_2_119.wav,2,0.0351,0.0786,0.8304,0.042,0.0139,0.3341,0.3332,0.3327,0.1428,0.6799,0.157,0.0163,0.004,0.2692,0.6315,0.0993,0.2741,0.6756,0.0503,0.24,0.2383,0.1943,0.1924,0.135,0.0725,0.5506,0.3769
2948,Hát xẩm,hat_xam/audio_2_127.wav,1,0.0222,0.035,0.9115,0.0223,0.0091,0.334,0.3334,0.3326,0.1741,0.4384,0.3291,0.0468,0.0116,0.0232,0.1234,0.8533,0.8989,0.0759,0.0252,0.2052,0.2052,0.2024,0.2021,0.185,0.4544,0.5059,0.0397
2949,Hát xẩm,hat_xam/audio_2_127.wav,2,0.814,0.0854,0.0603,0.0275,0.0129,0.3317,0.3333,0.3349,0.0284,0.0817,0.8555,0.0303,0.0041,0.0147,0.0511,0.9342,0.996,0.0032,0.0008,0.2497,0.2477,0.1922,0.1898,0.1205,0.9154,0.0737,0.0109
2950,Hát xẩm,hat_xam/audio_7_053.wav,1,0.0585,0.1595,0.2329,0.4152,0.1339,0.3315,0.3333,0.3352,0.9849,0.0112,0.0031,0.0006,0.0002,0.0686,0.8878,0.0436,0.0372,0.9449,0.0179,0.1814,0.1824,0.2098,0.2109,0.2155,0.9975,0.002,0.0004
2951,Hát xẩm,hat_xam/audio_7_053.wav,2,0.7622,0.0917,0.0926,0.0355,0.0181,0.3342,0.3331,0.3327,0.9599,0.0318,0.0068,0.0012,0.0003,0.2418,0.6906,0.0676,0.8965,0.0877,0.0157,0.1865,0.1873,0.2079,0.2087,0.2096,0.9956,0.0037,0.0008
2952,Hát xẩm,hat_xam/audio_9_006.wav,1,0.0418,0.065,0.8237,0.0484,0.0211,0.3337,0.3332,0.3331,0.5453,0.3851,0.0587,0.0086,0.0023,0.0222,0.9396,0.0382,0.0263,0.1483,0.8254,0.1794,0.1811,0.2262,0.2277,0.1857,0.5732,0.3905,0.0363
2953,Hát xẩm,hat_xam/audio_9_006.wav,2,0.0834,0.3771,0.4237,0.0914,0.0244,0.3339,0.3334,0.3327,0.0945,0.6574,0.2303,0.0146,0.0031,0.0444,0.9196,0.036,0.996,0.0032,0.0008,0.231,0.23,0.1991,0.1975,0.1425,0.5012,0.4601,0.0387
2954,Hát xẩm,hat_xam/audio_1_004.wav,1,0.0505,0.8567,0.0387,0.0427,0.0114,0.3326,0.3332,0.3342,0.8447,0.1056,0.0378,0.0091,0.0028,0.0338,0.0998,0.8664,0.0422,0.1103,0.8475,0.1529,0.1543,0.2016,0.2043,0.287,0.8268,0.1305,0.0427
2955,Hát xẩm,hat_xam/audio_1_004.wav,2,0.0558,0.7372,0.0581,0.1226,0.0263,0.3338,0.3334,0.3329,0.0101,0.0172,0.0369,0.9261,0.0097,0.0423,0.3104,0.6473,0.0372,0.9449,0.0179,0.2384,0.2378,0.2047,0.2024,0.1167,0.6164,0.3493,0.0343
2956,Hát xẩm,hat_xam/audio_2_048.wav,1,0.0415,0.0797,0.0607,0.1895,0.6287,0.3346,0.333,0.3325,0.0064,0.9871,0.0059,0.0005,0.0001,0.0354,0.9324,0.0322,0.9905,0.0078,0.0017,0.26,0.2573,0.1882,0.1853,0.1091,0.0098,0.9857,0.0045
2957,Hát xẩm,hat_xam/audio_2_048.wav,2,0.0523,0.0871,0.0847,0.1767,0.5992,0.3347,0.3333,0.332,0.0272,0.0815,0.8582,0.0289,0.0042,0.0379,0.8828,0.0794,0.0263,0.1483,0.8254,0.2426,0.2411,0.1953,0.1932,0.1278,0.0625,0.372,0.5655
2958,Hát xẩm,hat_xam/audio_7_040.wav,1,0.1875,0.1482,0.606,0.0421,0.0161,0.3342,0.333,0.3327,0.0148,0.0749,0.9031,0.0061,0.0011,0.0678,0.8768,0.0555,0.0372,0.9449,0.0179,0.2317,0.2319,0.212,0.2098,0.1146,0.5433,0.4192,0.0374
2959,Hát xẩm,hat_xam/audio_7_040.wav,2,0.044,0.0528,0.8778,0.0185,0.007,0.3353,0.3326,0.3321,0.0557,0.5244,0.4046,0.0128,0.0026,0.06,0.6457,0.2943,0.996,0.0032,0.0008,0.2207,0.221,0.212,0.2107,0.1356,0.0397,0.8951,0.0652
2960,Hát xẩm,hat_xam/audio_3_000.wav,1,0.5885,0.1796,0.1226,0.0721,0.0371,0.3338,0.3329,0.3333,0.8336,0.1363,0.0249,0.0041,0.0011,0.0021,0.0086,0.9894,0.2741,0.6756,0.0503,0.1819,0.1831,0.2143,0.2154,0.2054,0.9835,0.0134,0.003
2961,Hát xẩm,hat_xam/audio_3_000.wav,2,0.4028,0.1769,0.3573,0.0452,0.0178,0.3356,0.333,0.3314,0.1319,0.7344,0.1198,0.0113,0.0026,0.021,0.1006,0.8785,0.0067,0.9844,0.0089,0.2497,0.2477,0.1927,0.1903,0.1196,0.6646,0.3037,0.0317
2962,Hát xẩm,hat_xam/audio_2_063.wav,1,0.0711,0.1282,0.202,0.2697,0.329,0.3337,0.3333,0.3331,0.0935,0.5944,0.2919,0.0168,0.0035,0.1657,0.7716,0.0627,0.0372,0.9449,0.0179,0.2519,0.2498,0.1916,0.1891,0.1176,0.5763,0.3875,0.0362
2963,Hát xẩm,hat_xam/audio_2_063.wav,2,0.0872,0.1435,0.2669,0.2485,0.254,0.3341,0.3331,0.3328,0.9802,0.0155,0.0035,0.0006,0.0002,0.5561,0.3792,0.0647,0.2741,0.6756,0.0503,0.2453,0.2436,0.1948,0.1925,0.1238,0.9372,0.0544,0.0084
2964,Hát xẩm,hat_xam/audio_2_128.wav,1,0.7651,0.0832,0.1186,0.0233,0.0099,0.335,0.3333,0.3317,0.4398,0.4578,0.0854,0.0133,0.0037,0.0194,0.9643,0.0163,0.64,0.3185,0.0415,0.2497,0.2476,0.1918,0.1894,0.1215,0.3307,0.6295,0.0398
2965,Hát xẩm,hat_xam/audio_2_128.wav,2,0.0899,0.1498,0.3272,0.2393,0.1937,0.3345,0.3333,0.3322,0.2403,0.6038,0.1333,0.0179,0.0047,0.0742,0.7907,0.135,0.969,0.0242,0.0069,0.2347,0.2334,0.1962,0.1945,0.1412,0.0635,0.7635,0.173
2966,Hát xẩm,hat_xam/audio_10_008.wav,1,0.0098,0.0152,0.9664,0.0063,0.0023,0.3341,0.3334,0.3325,0.0937,0.1856,0.4328,0.2518,0.036,0.9744,0.0203,0.0053,0.8965,0.0877,0.0157,0.1857,0.1862,0.2014,0.2022,0.2245,0.0679,0.7176,0.2145
2967,Hát xẩm,hat_xam/audio_10_008.wav,2,0.7693,0.1019,0.0761,0.0354,0.0172,0.3326,0.333,0.3344,0.0559,0.1526,0.7171,0.0645,0.0098,0.0672,0.8971,0.0357,0.0263,0.1483,0.8254,0.1661,0.1671,0.1979,0.1996,0.2693,0.9488,0.0409,0.0104
2968,Hát xẩm,hat_xam/audio_2_131.wav,1,0.0563,0.2067,0.2304,0.4265,0.08,0.3341,0.3334,0.3324,0.3022,0.5369,0.135,0.0203,0.0056,0.2876,0.6441,0.0682,0.969,0.0242,0.0069,0.2351,0.2337,0.1958,0.1941,0.1414,0.0389,0.8981,0.063
2969,Hát xẩm,hat_xam/audio_2_131.wav,2,0.1123,0.4237,0.3737,0.0698,0.0204,0.3341,0.3331,0.3328,0.5667,0.3535,0.0659,0.0108,0.003,0.1354,0.8132,0.0514,0.64,0.3185,0.0415,0.2433,0.2415,0.1935,0.1914,0.1303,0.953,0.0406,0.0065
2970,Hát xẩm,hat_xam/audio_6_002.wav,1,0.1229,0.6378,0.1697,0.0538,0.0158,0.3335,0.3332,0.3333,0.7105,0.2443,0.0377,0.006,0.0016,0.9237,0.0623,0.014,0.0021,0.0073,0.9906,0.238,0.2365,0.1955,0.1936,0.1364,0.0023,0.9965,0.0012
2971,Hát xẩm,hat_xam/audio_6_002.wav,2,0.6686,0.1676,0.12,0.0317,0.0121,0.3326,0.3334,0.334,0.4365,0.4729,0.0769,0.0109,0.0028,0.9082,0.0677,0.0241,0.0542,0.7019,0.2439,0.2387,0.2372,0.196,0.1941,0.134,0.884,0.1017,0.0143
2972,Hát xẩm,hat_xam/audio_1_009.wav,1,0.082,0.1334,0.5586,0.1476,0.0785,0.3335,0.3331,0.3334,0.0041,0.0065,0.0122,0.9701,0.007,0.0057,0.9892,0.0051,0.996,0.0032,0.0008,0.1447,0.1459,0.1921,0.1948,0.3225,0.2683,0.6935,0.0382
2973,Hát xẩm,hat_xam/audio_1_009.wav,2,0.0822,0.13,0.5743,0.1392,0.0744,0.3335,0.3331,0.3334,0.0005,0.0007,0.0015,0.9967,0.0006,0.0392,0.9383,0.0225,0.0542,0.7019,0.2439,0.1412,0.1425,0.1892,0.1921,0.335,0.9165,0.0727,0.0108
2974,Hát xẩm,hat_xam/audio_2_105.wav,1,0.012,0.0267,0.02,0.095,0.8462,0.3364,0.3328,0.3308,0.0083,0.0272,0.9563,0.0072,0.0011,0.603,0.3457,0.0513,0.0021,0.0073,0.9906,0.2635,0.2608,0.1886,0.1855,0.1016,0.0706,0.6752,0.2542
2975,Hát xẩm,hat_xam/audio_2_105.wav,2,0.0112,0.0257,0.0234,0.1108,0.8289,0.3342,0.3332,0.3326,0.1519,0.7568,0.0807,0.0086,0.0021,0.6808,0.2739,0.0453,0.64,0.3185,0.0415,0.2382,0.2371,0.1996,0.1976,0.1275,0.7003,0.2702,0.0295
2976,Hát xẩm,hat_xam/audio_7_063.wav,1,0.23,0.3236,0.3699,0.0571,0.0194,0.3322,0.3337,0.334,0.075,0.891,0.0299,0.0032,0.0008,0.9754,0.0189,0.0057,0.8398,0.1172,0.043,0.2326,0.2314,0.1969,0.1953,0.1437,0.9998,0.0002,0.0
2977,Hát xẩm,hat_xam/audio_7_063.wav,2,0.0696,0.2268,0.6059,0.0759,0.0218,0.3323,0.3337,0.334,0.4126,0.5232,0.0546,0.0075,0.002,0.9588,0.0313,0.0099,0.0372,0.9449,0.0179,0.2354,0.2341,0.1962,0.1945,0.1398,0.5052,0.4562,0.0386
2978,Hát xẩm,hat_xam/audio_2_006.wav,1,0.0613,0.1032,0.1338,0.2155,0.4862,0.3331,0.3336,0.3333,0.0047,0.0162,0.9748,0.0037,0.0006,0.8609,0.1004,0.0387,0.2741,0.6756,0.0503,0.2165,0.2161,0.2015,0.2007,0.1652,0.0001,0.9999,0.0001
2979,Hát xẩm,hat_xam/audio_2_006.wav,2,0.0256,0.0514,0.0555,0.1556,0.7118,0.3353,0.3331,0.3317,0.1326,0.7945,0.0644,0.0068,0.0016,0.823,0.1436,0.0334,0.64,0.3185,0.0415,0.2191,0.2187,0.2034,0.2024,0.1564,0.017,0.9759,0.0071
2980,Hát xẩm,hat_xam/audio_3_024.wav,1,0.1226,0.1162,0.6242,0.0868,0.0503,0.3344,0.3329,0.3327,0.9711,0.0211,0.0061,0.0013,0.0004,0.0486,0.4502,0.5012,0.0263,0.1483,0.8254,0.1407,0.1421,0.1938,0.197,0.3264,0.9985,0.0012,0.0003
2981,Hát xẩm,hat_xam/audio_3_024.wav,2,0.0678,0.5016,0.2444,0.1542,0.032,0.3342,0.3331,0.3327,0.1381,0.5892,0.2478,0.0205,0.0044,0.0587,0.4373,0.504,0.0263,0.1483,0.8254,0.1332,0.1344,0.1817,0.1847,0.3659,0.7162,0.2553,0.0285
2982,Hát xẩm,hat_xam/audio_6_014.wav,1,0.2724,0.5399,0.1197,0.0511,0.0168,0.3329,0.3333,0.3338,0.232,0.6997,0.0593,0.0072,0.0018,0.2041,0.7403,0.0556,0.0372,0.9449,0.0179,0.2471,0.2451,0.1929,0.1906,0.1243,0.053,0.9305,0.0166
2983,Hát xẩm,hat_xam/audio_6_014.wav,2,0.1424,0.7099,0.0904,0.0437,0.0134,0.3332,0.3333,0.3335,0.1905,0.7461,0.0553,0.0065,0.0016,0.5762,0.3715,0.0523,0.0422,0.1103,0.8475,0.2464,0.2445,0.1935,0.1912,0.1244,0.0309,0.1389,0.8302
2984,Hát xẩm,hat_xam/audio_7_000.wav,1,0.0367,0.9034,0.0335,0.0207,0.0057,0.3343,0.3331,0.3326,0.0633,0.8991,0.0333,0.0034,0.0009,0.0214,0.0679,0.9106,0.0067,0.9844,0.0089,0.1998,0.2005,0.2131,0.2131,0.1734,0.9931,0.0058,0.0011
2985,Hát xẩm,hat_xam/audio_7_000.wav,2,0.0787,0.8249,0.0512,0.035,0.0102,0.3345,0.3331,0.3324,0.3347,0.595,0.0601,0.0081,0.0021,0.0026,0.0104,0.987,0.0067,0.9844,0.0089,0.1952,0.1959,0.2105,0.2108,0.1876,0.9733,0.0229,0.0038
2986,Hát xẩm,hat_xam/audio_7_033.wav,1,0.1898,0.6486,0.0983,0.0481,0.0152,0.3339,0.3331,0.333,0.1745,0.7563,0.0606,0.0069,0.0017,0.0209,0.0673,0.9117,0.0021,0.0073,0.9906,0.2059,0.2069,0.2184,0.2179,0.1509,0.1748,0.7924,0.0328
2987,Hát xẩm,hat_xam/audio_7_033.wav,2,0.0664,0.1548,0.5524,0.1671,0.0593,0.3336,0.3332,0.3331,0.7207,0.2322,0.039,0.0064,0.0018,0.0023,0.9954,0.0024,0.0021,0.0073,0.9906,0.1941,0.1951,0.2153,0.2157,0.1798,0.011,0.9841,0.0049
2988,Hát xẩm,hat_xam/audio_6_005.wav,1,0.2778,0.5378,0.0967,0.0654,0.0224,0.3336,0.3332,0.3331,0.2672,0.6635,0.0599,0.0075,0.0019,0.2031,0.7379,0.059,0.0021,0.0073,0.9906,0.2468,0.2448,0.193,0.1907,0.1247,0.0023,0.9959,0.0018
2989,Hát xẩm,hat_xam/audio_6_005.wav,2,0.1224,0.7262,0.096,0.0426,0.0128,0.3334,0.3333,0.3333,0.0501,0.9128,0.0332,0.0031,0.0007,0.0826,0.8803,0.0371,0.0021,0.0073,0.9906,0.2524,0.2501,0.191,0.1884,0.1181,0.0066,0.9902,0.0032
2990,Hát xẩm,hat_xam/audio_2_120.wav,1,0.3024,0.4242,0.2012,0.054,0.0182,0.3351,0.333,0.3319,0.0098,0.0318,0.9484,0.0087,0.0013,0.5241,0.3908,0.0851,0.7764,0.1589,0.0646,0.2383,0.2368,0.1949,0.1931,0.137,0.0252,0.0631,0.9117
2991,Hát xẩm,hat_xam/audio_2_120.wav,2,0.192,0.1569,0.5914,0.0432,0.0164,0.3353,0.333,0.3317,0.3822,0.5051,0.0944,0.0143,0.0039,0.0983,0.8504,0.0513,0.0067,0.9844,0.0089,0.2385,0.2369,0.1947,0.1928,0.137,0.0482,0.2472,0.7046
2992,Hát xẩm,hat_xam/audio_7_017.wav,1,0.0704,0.4692,0.0817,0.3184,0.0603,0.3342,0.3331,0.3327,0.0746,0.1667,0.6103,0.1331,0.0154,0.2548,0.687,0.0582,0.0372,0.9449,0.0179,0.2405,0.2395,0.2008,0.1986,0.1205,0.9874,0.0103,0.0023
2993,Hát xẩm,hat_xam/audio_7_017.wav,2,0.0631,0.2798,0.0784,0.4828,0.0959,0.3343,0.3331,0.3326,0.1011,0.612,0.2665,0.0169,0.0035,0.3053,0.6339,0.0608,0.0422,0.1103,0.8475,0.2421,0.2411,0.2016,0.1992,0.116,0.3533,0.6065,0.0401
2994,Hát xẩm,hat_xam/audio_7_072.wav,1,0.0513,0.0857,0.0956,0.18,0.5874,0.3347,0.3331,0.3322,0.0423,0.235,0.7064,0.0138,0.0025,0.7861,0.1496,0.0643,0.9336,0.0507,0.0157,0.2,0.2004,0.2073,0.2073,0.1849,0.0249,0.9655,0.0096
2995,Hát xẩm,hat_xam/audio_7_072.wav,2,0.0584,0.0977,0.121,0.2038,0.5191,0.335,0.3331,0.3319,0.0226,0.9386,0.0359,0.0024,0.0005,0.9185,0.061,0.0205,0.0542,0.7019,0.2439,0.2002,0.2008,0.2111,0.2111,0.1767,0.0044,0.9919,0.0036
2996,Hát xẩm,hat_xam/audio_2_077.wav,1,0.0449,0.0763,0.0771,0.1634,0.6383,0.3345,0.3331,0.3324,0.2978,0.5611,0.1214,0.0158,0.0039,0.1042,0.8541,0.0416,0.0372,0.9449,0.0179,0.2526,0.2506,0.1933,0.1906,0.1129,0.7978,0.1799,0.0223
2997,Hát xẩm,hat_xam/audio_2_077.wav,2,0.0791,0.1223,0.1128,0.2121,0.4737,0.3349,0.3332,0.3318,0.148,0.7954,0.0494,0.0058,0.0015,0.9879,0.0095,0.0026,0.0542,0.7019,0.2439,0.2312,0.2301,0.1981,0.1965,0.1442,0.0307,0.9581,0.0112
2998,Hát xẩm,hat_xam/audio_1_001.wav,1,0.0538,0.2343,0.0708,0.5446,0.0966,0.3341,0.3334,0.3325,0.0078,0.0268,0.9586,0.0059,0.0009,0.0172,0.9596,0.0232,0.0263,0.1483,0.8254,0.228,0.227,0.1982,0.1968,0.15,0.0614,0.3601,0.5785
2999,Hát xẩm,hat_xam/audio_1_001.wav,2,0.0203,0.0755,0.0552,0.7878,0.0612,0.3322,0.3338,0.334,0.0211,0.9352,0.0406,0.0025,0.0006,0.0377,0.8318,0.1304,0.9905,0.0078,0.0017,0.232,0.2316,0.2061,0.2042,0.1261,0.2897,0.6714,0.0389
3000,Quan họ,quanho/audio_17_111.wav,1,0.0097,0.0213,0.0201,0.0817,0.8671,0.3339,0.3332,0.3329,0.0255,0.0739,0.8657,0.0308,0.0041,0.0201,0.9548,0.025,0.2741,0.6756,0.0503,0.2117,0.212,0.2112,0.2105,0.1546,0.0728,0.5885,0.3387
3001,Quan họ,quanho/audio_17_111.wav,2,0.0081,0.0406,0.0165,0.9168,0.018,0.334,0.3333,0.3327,0.0114,0.0188,0.0388,0.9199,0.0111,0.1159,0.8315,0.0526,0.0372,0.9449,0.0179,0.1376,0.1389,0.1865,0.1895,0.3476,0.0686,0.452,0.4794
3002,Quan họ,quanho/audio_18_146.wav,1,0.0223,0.0634,0.0505,0.5943,0.2695,0.3342,0.3333,0.3326,0.1546,0.381,0.4092,0.0461,0.0091,0.1377,0.8074,0.0549,0.0067,0.9844,0.0089,0.1261,0.1275,0.1815,0.185,0.38,0.9462,0.0429,0.0109
3003,Quan họ,quanho/audio_18_146.wav,2,0.0212,0.0408,0.0346,0.1072,0.7962,0.3339,0.3334,0.3327,0.1072,0.4731,0.3855,0.0281,0.0062,0.0213,0.9395,0.0393,0.0067,0.9844,0.0089,0.173,0.174,0.2039,0.2054,0.2437,0.0627,0.9187,0.0185
3004,Quan họ,quanho/audio_15_034.wav,1,0.0279,0.076,0.0681,0.5316,0.2964,0.3336,0.3335,0.333,0.0416,0.1157,0.7828,0.0525,0.0073,0.0528,0.611,0.3363,0.0542,0.7019,0.2439,0.1794,0.1803,0.2064,0.2075,0.2263,0.1606,0.8078,0.0316
3005,Quan họ,quanho/audio_15_034.wav,2,0.046,0.1025,0.1255,0.344,0.382,0.3331,0.3336,0.3333,0.0484,0.7662,0.1754,0.0082,0.0018,0.0165,0.06,0.9235,0.969,0.0242,0.0069,0.1814,0.1831,0.2241,0.2254,0.1859,0.5593,0.4039,0.0368
3006,Quan họ,quanho/audio_10_062.wav,1,0.0091,0.0433,0.0204,0.9066,0.0206,0.3313,0.3337,0.335,0.1179,0.7687,0.1006,0.0103,0.0025,0.3,0.6352,0.0647,0.0067,0.9844,0.0089,0.205,0.205,0.2031,0.2028,0.184,0.027,0.9374,0.0355
3007,Quan họ,quanho/audio_10_062.wav,2,0.0994,0.6472,0.1801,0.0572,0.0161,0.3322,0.3336,0.3342,0.7565,0.1535,0.0651,0.0186,0.0063,0.8315,0.1203,0.0483,0.9905,0.0078,0.0017,0.151,0.1522,0.1933,0.1958,0.3077,0.8038,0.1463,0.0499
3008,Quan họ,quanho/audio_17_061.wav,1,0.1328,0.5732,0.2176,0.059,0.0175,0.3354,0.3332,0.3315,0.0508,0.4156,0.5181,0.0129,0.0025,0.9704,0.0238,0.0058,0.2741,0.6756,0.0503,0.1793,0.1803,0.2099,0.2111,0.2194,0.9689,0.0266,0.0044
3009,Quan họ,quanho/audio_17_061.wav,2,0.0043,0.0199,0.0091,0.9559,0.0108,0.3364,0.333,0.3307,0.0417,0.0582,0.0909,0.6589,0.1503,0.1574,0.7828,0.0598,0.2741,0.6756,0.0503,0.1705,0.1716,0.2074,0.2092,0.2413,0.9979,0.0017,0.0003
3010,Quan họ,quanho/audio_21_036.wav,1,0.023,0.1375,0.0491,0.7538,0.0367,0.3336,0.3333,0.3332,0.1248,0.4789,0.3574,0.0317,0.0072,0.0499,0.5304,0.4196,0.0372,0.9449,0.0179,0.1985,0.199,0.2085,0.2087,0.1853,0.601,0.3639,0.0351
3011,Quan họ,quanho/audio_21_036.wav,2,0.0538,0.5443,0.0732,0.2862,0.0426,0.3348,0.3331,0.3321,0.3975,0.5381,0.0551,0.0074,0.0019,0.0148,0.9541,0.0311,0.0372,0.9449,0.0179,0.1996,0.2001,0.2097,0.2098,0.1809,0.3277,0.6325,0.0398
3012,Quan họ,quanho/audio_4_007.wav,1,0.0172,0.0449,0.0344,0.3008,0.6027,0.3343,0.3333,0.3324,0.0419,0.0632,0.1067,0.6816,0.1066,0.8496,0.1251,0.0253,0.0372,0.9449,0.0179,0.1494,0.1507,0.1954,0.198,0.3066,0.0001,0.0003,0.9996
3013,Quan họ,quanho/audio_4_007.wav,2,0.0094,0.0207,0.0159,0.0718,0.8822,0.334,0.3333,0.3327,0.0817,0.3899,0.4975,0.0256,0.0053,0.0501,0.3424,0.6075,0.0372,0.9449,0.0179,0.1818,0.1827,0.2067,0.2078,0.221,0.1766,0.7904,0.033
3014,Quan họ,quanho/audio_23_054.wav,1,0.0006,0.0022,0.0012,0.9937,0.0022,0.335,0.3332,0.3318,0.4554,0.4538,0.0769,0.0111,0.0028,0.321,0.6119,0.0671,0.2741,0.6756,0.0503,0.1569,0.1581,0.2006,0.2029,0.2815,0.9732,0.0217,0.0051
3015,Quan họ,quanho/audio_23_054.wav,2,0.0203,0.0759,0.0552,0.7882,0.0604,0.336,0.3331,0.3309,0.0495,0.795,0.1464,0.0075,0.0016,0.2064,0.7289,0.0647,0.2741,0.6756,0.0503,0.1579,0.1589,0.1966,0.1987,0.2879,0.4,0.5597,0.0403
3016,Quan họ,quanho/audio_26_120.wav,1,0.0171,0.0542,0.0313,0.744,0.1534,0.3342,0.3335,0.3323,0.2261,0.715,0.0509,0.0063,0.0016,0.5007,0.432,0.0673,0.2741,0.6756,0.0503,0.1353,0.1365,0.1833,0.1863,0.3586,0.9684,0.0271,0.0045
3017,Quan họ,quanho/audio_26_120.wav,2,0.0197,0.0592,0.0361,0.658,0.227,0.3347,0.3335,0.3317,0.0439,0.1126,0.7549,0.0794,0.0092,0.1808,0.7552,0.064,0.0067,0.9844,0.0089,0.1371,0.1383,0.1824,0.1852,0.357,0.0677,0.4379,0.4944
3018,Quan họ,quanho/audio_25_154.wav,1,0.0205,0.0444,0.0452,0.1612,0.7287,0.3343,0.3333,0.3325,0.0134,0.0431,0.9293,0.0123,0.0018,0.7013,0.2561,0.0426,0.64,0.3185,0.0415,0.1644,0.1657,0.2073,0.2095,0.2532,0.0035,0.9947,0.0018
3019,Quan họ,quanho/audio_25_154.wav,2,0.0188,0.0495,0.0383,0.3503,0.5431,0.3345,0.3332,0.3323,0.0477,0.2133,0.715,0.0202,0.0038,0.5049,0.4365,0.0586,0.2741,0.6756,0.0503,0.1611,0.1624,0.2056,0.2078,0.2631,0.0671,0.9136,0.0194
3020,Quan họ,quanho/audio_15_037.wav,1,0.0209,0.0555,0.037,0.3476,0.5389,0.3345,0.3332,0.3323,0.065,0.6767,0.2435,0.0122,0.0026,0.9229,0.063,0.0141,0.0067,0.9844,0.0089,0.2354,0.2347,0.2034,0.2014,0.1251,0.2123,0.7523,0.0355
3021,Quan họ,quanho/audio_15_037.wav,2,0.018,0.0623,0.0469,0.8012,0.0716,0.3339,0.3332,0.3329,0.065,0.5463,0.3708,0.0148,0.0031,0.2313,0.7017,0.0669,0.0067,0.9844,0.0089,0.2279,0.2274,0.2035,0.202,0.1392,0.5509,0.412,0.0372
3022,Quan họ,quanho/audio_7_037.wav,1,0.0481,0.5654,0.0728,0.2762,0.0375,0.3348,0.3331,0.3321,0.1486,0.7026,0.1329,0.0129,0.003,0.5991,0.3425,0.0584,0.2741,0.6756,0.0503,0.1597,0.1609,0.1998,0.2019,0.2777,0.9288,0.0562,0.015
3023,Quan họ,quanho/audio_7_037.wav,2,0.0059,0.0274,0.0132,0.9387,0.0148,0.3353,0.333,0.3317,0.4217,0.4678,0.0935,0.0135,0.0034,0.3856,0.5448,0.0696,0.2741,0.6756,0.0503,0.1628,0.164,0.2027,0.2048,0.2657,0.9998,0.0002,0.0
3024,Quan họ,quanho/audio_12_025.wav,1,0.0646,0.117,0.6556,0.1133,0.0496,0.3343,0.3333,0.3324,0.0552,0.0674,0.0841,0.1603,0.633,0.9612,0.0312,0.0075,0.2741,0.6756,0.0503,0.1638,0.1648,0.1987,0.2006,0.272,0.0668,0.7305,0.2027
3025,Quan họ,quanho/audio_12_025.wav,2,0.0368,0.8351,0.0402,0.0726,0.0153,0.3347,0.3331,0.3322,0.5481,0.3358,0.0952,0.0165,0.0044,0.2767,0.6526,0.0707,0.2741,0.6756,0.0503,0.1642,0.1653,0.2023,0.2043,0.264,0.854,0.1114,0.0346
3026,Quan họ,quanho/audio_19_136.wav,1,0.0744,0.7155,0.0651,0.1162,0.0289,0.3308,0.3337,0.3356,0.7915,0.1344,0.0543,0.0148,0.0049,0.9502,0.0386,0.0112,0.0372,0.9449,0.0179,0.1416,0.143,0.1936,0.1967,0.3251,0.9269,0.0577,0.0154
3027,Quan họ,quanho/audio_19_136.wav,2,0.0037,0.0134,0.008,0.9577,0.0173,0.3313,0.3337,0.3349,0.0533,0.4739,0.4575,0.0128,0.0025,0.4003,0.5333,0.0664,0.0067,0.9844,0.0089,0.19,0.1904,0.2022,0.2028,0.2145,0.1819,0.7847,0.0334
3028,Quan họ,quanho/audio_5_006.wav,1,0.0059,0.0277,0.0112,0.9396,0.0155,0.3321,0.3336,0.3343,0.0001,0.0003,0.9996,0.0,0.0,0.3579,0.5753,0.0669,0.0067,0.9844,0.0089,0.1419,0.1432,0.1921,0.195,0.3279,0.0232,0.0985,0.8783
3029,Quan họ,quanho/audio_5_006.wav,2,0.0074,0.0359,0.0141,0.9248,0.0179,0.3318,0.3336,0.3346,0.0565,0.5898,0.3395,0.0118,0.0024,0.2612,0.6757,0.0631,0.0372,0.9449,0.0179,0.1637,0.1649,0.205,0.2071,0.2593,0.2518,0.7107,0.0375
3030,Quan họ,quanho/audio_2_043.wav,1,0.023,0.044,0.0374,0.1135,0.7822,0.334,0.3334,0.3327,0.111,0.463,0.3895,0.0299,0.0066,0.0247,0.9254,0.0499,0.0067,0.9844,0.0089,0.1735,0.1744,0.2037,0.2052,0.2432,0.137,0.8337,0.0293
3031,Quan họ,quanho/audio_2_043.wav,2,0.0288,0.0522,0.0496,0.1253,0.7441,0.3341,0.3333,0.3327,0.0184,0.0939,0.8788,0.0075,0.0014,0.0131,0.9759,0.011,0.0067,0.9844,0.0089,0.1672,0.1683,0.2055,0.2074,0.2515,0.9996,0.0003,0.0001
3032,Quan họ,quanho/audio_10_049.wav,1,0.0203,0.0576,0.0428,0.564,0.3153,0.3344,0.3334,0.3322,0.2262,0.4364,0.2745,0.0495,0.0134,0.0805,0.7841,0.1354,0.0067,0.9844,0.0089,0.1755,0.1763,0.1996,0.2008,0.2477,0.0276,0.9358,0.0366
3033,Quan họ,quanho/audio_10_049.wav,2,0.0177,0.0625,0.0299,0.8002,0.0896,0.3349,0.3328,0.3323,0.0725,0.781,0.1344,0.0098,0.0022,0.0414,0.9187,0.0398,0.0067,0.9844,0.0089,0.1781,0.1797,0.2224,0.224,0.1958,0.6425,0.3245,0.033
3034,Quan họ,quanho/audio_14_014.wav,1,0.0572,0.1705,0.0751,0.4934,0.2037,0.3327,0.3332,0.3341,0.8721,0.0872,0.0309,0.0075,0.0024,0.0312,0.2147,0.7541,0.0067,0.9844,0.0089,0.1296,0.1309,0.182,0.1852,0.3723,0.9116,0.0693,0.0192
3035,Quan họ,quanho/audio_14_014.wav,2,0.0808,0.1823,0.0956,0.3544,0.287,0.3337,0.3331,0.3332,0.0276,0.0333,0.042,0.0915,0.8056,0.0431,0.3476,0.6093,0.0067,0.9844,0.0089,0.1552,0.1564,0.1959,0.1982,0.2944,0.954,0.0368,0.0092
3036,Quan họ,quanho/audio_26_067.wav,1,0.0031,0.0067,0.0061,0.0241,0.96,0.3341,0.3334,0.3325,0.1232,0.3877,0.4355,0.0439,0.0097,0.0285,0.8926,0.0789,0.8989,0.0759,0.0252,0.1535,0.1547,0.1951,0.1974,0.2993,0.0682,0.7133,0.2185
3037,Quan họ,quanho/audio_26_067.wav,2,0.0015,0.0033,0.003,0.0123,0.9799,0.334,0.3334,0.3326,0.1053,0.3079,0.5219,0.0538,0.0111,0.0215,0.9268,0.0516,0.8989,0.0759,0.0252,0.1537,0.1547,0.1933,0.1955,0.3028,0.0667,0.4228,0.5105
3038,Quan họ,quanho/audio_12_027.wav,1,0.0342,0.2407,0.0607,0.619,0.0454,0.3353,0.3331,0.3315,0.0977,0.7868,0.1045,0.009,0.002,0.1155,0.8237,0.0608,0.2741,0.6756,0.0503,0.1573,0.1583,0.1955,0.1976,0.2912,0.4035,0.5562,0.0402
3039,Quan họ,quanho/audio_12_027.wav,2,0.028,0.0273,0.9262,0.0129,0.0056,0.3347,0.3332,0.3321,0.8333,0.1136,0.0405,0.0097,0.003,0.6445,0.232,0.1236,0.2741,0.6756,0.0503,0.177,0.1778,0.2018,0.203,0.2405,0.8763,0.0953,0.0284
3040,Quan họ,quanho/audio_14_202.wav,1,0.006,0.0127,0.0119,0.0443,0.9252,0.3344,0.3334,0.3323,0.9493,0.0404,0.0084,0.0015,0.0004,0.0229,0.947,0.0301,0.0372,0.9449,0.0179,0.2128,0.2129,0.2076,0.2069,0.1598,0.9845,0.0132,0.0023
3041,Quan họ,quanho/audio_14_202.wav,2,0.0423,0.0928,0.1101,0.313,0.4417,0.3337,0.3336,0.3327,0.9411,0.0419,0.0131,0.003,0.0009,0.0198,0.9485,0.0317,0.0067,0.9844,0.0089,0.207,0.2073,0.2089,0.2084,0.1684,0.8947,0.0819,0.0235
3042,Quan họ,quanho/audio_25_020.wav,1,0.0106,0.0262,0.0196,0.1364,0.807,0.3337,0.3333,0.333,0.1907,0.4741,0.2845,0.0405,0.0103,0.0037,0.9919,0.0045,0.0372,0.9449,0.0179,0.1994,0.1998,0.2068,0.2068,0.1873,0.0702,0.6835,0.2463
3043,Quan họ,quanho/audio_25_020.wav,2,0.0006,0.0012,0.0011,0.0046,0.9925,0.3344,0.3333,0.3323,0.0657,0.648,0.2707,0.0129,0.0027,0.4667,0.4734,0.0599,0.0372,0.9449,0.0179,0.2405,0.2394,0.2007,0.1985,0.1209,0.2072,0.7577,0.0352
3044,Quan họ,quanho/audio_22_038.wav,1,0.0167,0.068,0.0439,0.8273,0.0441,0.3346,0.3333,0.332,0.0749,0.1693,0.6207,0.1206,0.0145,0.9858,0.0114,0.0028,0.0372,0.9449,0.0179,0.18,0.1811,0.2129,0.2141,0.2119,0.0132,0.981,0.0058
3045,Quan họ,quanho/audio_22_038.wav,2,0.0152,0.0651,0.0256,0.8486,0.0453,0.3342,0.3332,0.3326,0.6627,0.2883,0.0411,0.0063,0.0017,0.4601,0.4814,0.0585,0.0372,0.9449,0.0179,0.2053,0.2057,0.21,0.2097,0.1693,0.9861,0.0118,0.0021
3046,Quan họ,quanho/audio_20_097.wav,1,0.0448,0.1127,0.7705,0.0548,0.0172,0.3346,0.3331,0.3323,0.0007,0.0011,0.0022,0.9951,0.0009,0.7282,0.2323,0.0395,0.8965,0.0877,0.0157,0.15,0.1512,0.1963,0.1989,0.3036,0.16,0.8085,0.0315
3047,Quan họ,quanho/audio_20_097.wav,2,0.1163,0.4453,0.3496,0.0687,0.0201,0.3344,0.3332,0.3324,0.8708,0.0886,0.0309,0.0074,0.0023,0.7198,0.2384,0.0418,0.2741,0.6756,0.0503,0.1507,0.1518,0.1913,0.1936,0.3126,0.999,0.0008,0.0002
3048,Quan họ,quanho/audio_18_126.wav,1,0.0806,0.3574,0.0893,0.3817,0.091,0.3335,0.3333,0.3333,0.064,0.6841,0.2374,0.0119,0.0025,0.0303,0.8845,0.0853,0.0372,0.9449,0.0179,0.1993,0.1997,0.208,0.2081,0.1849,0.9999,0.0001,0.0
3049,Quan họ,quanho/audio_18_126.wav,2,0.0485,0.4547,0.0745,0.377,0.0453,0.3347,0.3331,0.3321,0.7012,0.2431,0.0462,0.0075,0.002,0.0216,0.9277,0.0507,0.0372,0.9449,0.0179,0.1961,0.1967,0.2087,0.209,0.1895,0.9084,0.0717,0.02
3050,Quan họ,quanho/audio_7_064.wav,1,0.0614,0.7904,0.0954,0.0417,0.0111,0.3327,0.3336,0.3337,0.0669,0.1897,0.6921,0.0443,0.007,0.1655,0.7809,0.0536,0.0542,0.7019,0.2439,0.1517,0.1538,0.2273,0.2311,0.2361,0.0007,0.9989,0.0004
3051,Quan họ,quanho/audio_7_064.wav,2,0.0304,0.1199,0.0908,0.6906,0.0682,0.3325,0.3336,0.3338,0.0376,0.0531,0.0829,0.5775,0.2489,0.0112,0.98,0.0088,0.0067,0.9844,0.0089,0.1839,0.1852,0.2164,0.2174,0.1971,0.0321,0.0779,0.89
3052,Quan họ,quanho/audio_27_078.wav,1,0.0216,0.0631,0.0389,0.5898,0.2866,0.334,0.3335,0.3325,0.9455,0.041,0.0108,0.0021,0.0006,0.8132,0.1578,0.029,0.0067,0.9844,0.0089,0.1948,0.1953,0.2074,0.2077,0.1948,0.981,0.0155,0.0035
3053,Quan họ,quanho/audio_27_078.wav,2,0.0172,0.0529,0.0325,0.7156,0.1817,0.336,0.3332,0.3308,0.9866,0.0104,0.0024,0.0005,0.0001,0.9572,0.0349,0.0079,0.0067,0.9844,0.0089,0.1936,0.1942,0.208,0.2084,0.1959,0.985,0.0127,0.0022
3054,Quan họ,quanho/audio_23_066.wav,1,0.0413,0.1194,0.0606,0.5174,0.2613,0.3351,0.3331,0.3318,0.5376,0.4038,0.0495,0.0072,0.0019,0.0365,0.8726,0.0909,0.0067,0.9844,0.0089,0.1947,0.1954,0.2104,0.2108,0.1888,0.967,0.0284,0.0047
3055,Quan họ,quanho/audio_23_066.wav,2,0.05,0.1585,0.0683,0.5419,0.1812,0.3349,0.3331,0.332,0.0196,0.1059,0.8656,0.0075,0.0014,0.0582,0.6467,0.2951,0.0067,0.9844,0.0089,0.1783,0.1794,0.2091,0.2103,0.2229,0.0511,0.8448,0.1041
3056,Quan họ,quanho/audio_28_081.wav,1,0.0074,0.0158,0.0149,0.0569,0.9052,0.3345,0.3332,0.3323,0.053,0.4109,0.5193,0.014,0.0028,0.4778,0.464,0.0582,0.0372,0.9449,0.0179,0.251,0.2497,0.1984,0.1956,0.1053,0.3137,0.6468,0.0395
3057,Quan họ,quanho/audio_28_081.wav,2,0.0265,0.0734,0.0639,0.5561,0.2801,0.334,0.3332,0.3328,0.364,0.5678,0.0585,0.0078,0.002,0.3676,0.5653,0.0671,0.0372,0.9449,0.0179,0.2064,0.2073,0.2191,0.2186,0.1486,0.7005,0.27,0.0295
3058,Quan họ,quanho/audio_15_062.wav,1,0.0197,0.0519,0.0353,0.3248,0.5684,0.3353,0.3331,0.3316,0.0215,0.0753,0.8852,0.0154,0.0025,0.3467,0.5881,0.0652,0.2741,0.6756,0.0503,0.1611,0.1624,0.2062,0.2085,0.2617,0.0382,0.9006,0.0612
3059,Quan họ,quanho/audio_15_062.wav,2,0.0246,0.0677,0.0569,0.534,0.3167,0.3343,0.3332,0.3325,0.0151,0.0749,0.9024,0.0065,0.0012,0.6396,0.3114,0.049,0.2741,0.6756,0.0503,0.1618,0.1629,0.2009,0.203,0.2714,0.01,0.9854,0.0046
3060,Quan họ,quanho/audio_2_125.wav,1,0.0518,0.5533,0.0726,0.2815,0.0408,0.3341,0.3334,0.3325,0.0291,0.172,0.7868,0.0101,0.0019,0.3815,0.558,0.0605,0.0067,0.9844,0.0089,0.1306,0.1319,0.1842,0.1875,0.3659,0.7352,0.2376,0.0271
3061,Quan họ,quanho/audio_2_125.wav,2,0.0287,0.1903,0.0551,0.6847,0.0412,0.3339,0.3334,0.3327,0.033,0.1582,0.7923,0.0139,0.0026,0.0507,0.9108,0.0385,0.0067,0.9844,0.0089,0.1405,0.1418,0.1882,0.1911,0.3384,0.0117,0.9767,0.0115
3062,Quan họ,quanho/audio_10_069.wav,1,0.2991,0.13,0.5073,0.0445,0.0191,0.3338,0.3332,0.333,0.2503,0.523,0.1958,0.0251,0.0058,0.9524,0.0384,0.0092,0.64,0.3185,0.0415,0.1567,0.1579,0.1984,0.2007,0.2863,0.9899,0.0086,0.0015
3063,Quan họ,quanho/audio_10_069.wav,2,0.0285,0.0659,0.0673,0.2783,0.5599,0.3336,0.3334,0.333,0.1444,0.6291,0.2045,0.018,0.004,0.5472,0.3926,0.0603,0.2741,0.6756,0.0503,0.208,0.209,0.2184,0.2178,0.1468,0.9567,0.0373,0.006
3064,Quan họ,quanho/audio_3_004.wav,1,0.0434,0.3132,0.0675,0.5233,0.0525,0.3341,0.3335,0.3324,0.4892,0.4243,0.073,0.0107,0.0028,0.0145,0.067,0.9185,0.0067,0.9844,0.0089,0.1628,0.1639,0.2,0.2019,0.2714,0.9835,0.014,0.0024
3065,Quan họ,quanho/audio_3_004.wav,2,0.0734,0.315,0.0855,0.4281,0.0981,0.3338,0.3336,0.3326,0.0317,0.9118,0.0523,0.0035,0.0008,0.0207,0.1278,0.8515,0.0067,0.9844,0.0089,0.136,0.1375,0.1939,0.1974,0.335,0.7865,0.1903,0.0232
3066,Quan họ,quanho/audio_7_060.wav,1,0.1162,0.4999,0.2972,0.0672,0.0195,0.3344,0.3332,0.3324,0.0561,0.1851,0.7246,0.0293,0.0049,0.0284,0.9261,0.0455,0.0067,0.9844,0.0089,0.1428,0.1447,0.215,0.219,0.2783,0.1441,0.8259,0.03
3067,Quan họ,quanho/audio_7_060.wav,2,0.0467,0.4383,0.101,0.3726,0.0415,0.3334,0.3335,0.3331,0.0611,0.4498,0.47,0.0158,0.0032,0.01,0.9729,0.0171,0.0067,0.9844,0.0089,0.1763,0.1794,0.2611,0.2625,0.1207,0.0067,0.9875,0.0058
3068,Quan họ,quanho/audio_5_119.wav,1,0.0497,0.188,0.1832,0.4983,0.0808,0.3338,0.3333,0.3329,0.6762,0.2722,0.0431,0.0067,0.0018,0.0186,0.9618,0.0196,0.0542,0.7019,0.2439,0.1692,0.1701,0.2009,0.2025,0.2572,0.9877,0.0104,0.0019
3069,Quan họ,quanho/audio_5_119.wav,2,0.0345,0.2483,0.0706,0.6031,0.0435,0.3347,0.333,0.3323,0.9088,0.0679,0.0185,0.0037,0.0011,0.2237,0.7083,0.068,0.0542,0.7019,0.2439,0.1652,0.1662,0.1976,0.1994,0.2715,0.9917,0.0068,0.0015
3070,Quan họ,quanho/audio_20_156.wav,1,0.8168,0.069,0.076,0.0255,0.0127,0.333,0.3332,0.3337,0.0671,0.1647,0.6791,0.0787,0.0105,0.0045,0.0217,0.9737,0.0372,0.9449,0.0179,0.1664,0.1675,0.2013,0.2031,0.2617,0.0013,0.998,0.0007
3071,Quan họ,quanho/audio_20_156.wav,2,0.0279,0.8797,0.0309,0.0507,0.0108,0.332,0.3336,0.3344,0.8326,0.1108,0.0421,0.0109,0.0035,0.8799,0.0876,0.0325,0.0372,0.9449,0.0179,0.1437,0.1448,0.1874,0.1901,0.334,0.9658,0.0275,0.0066
3072,Quan họ,quanho/audio_3_127.wav,1,0.0149,0.0347,0.0318,0.1573,0.7614,0.3338,0.3333,0.3329,0.0933,0.6258,0.2595,0.0174,0.0039,0.0027,0.9937,0.0036,0.0067,0.9844,0.0089,0.2224,0.2223,0.207,0.2057,0.1427,0.3185,0.6419,0.0396
3073,Quan họ,quanho/audio_3_127.wav,2,0.0393,0.0879,0.1005,0.3176,0.4547,0.3344,0.3332,0.3324,0.0536,0.7413,0.1938,0.0093,0.002,0.1709,0.7292,0.0999,0.996,0.0032,0.0008,0.2446,0.243,0.1965,0.1942,0.1218,0.9988,0.001,0.0002
3074,Quan họ,quanho/audio_14_154.wav,1,0.0067,0.016,0.0126,0.0779,0.8869,0.3347,0.333,0.3323,0.8875,0.0788,0.0258,0.0061,0.0019,0.0412,0.3267,0.632,0.0372,0.9449,0.0179,0.1841,0.1858,0.2263,0.2274,0.1765,0.9378,0.0494,0.0129
3075,Quan họ,quanho/audio_14_154.wav,2,0.011,0.0271,0.0205,0.1454,0.796,0.3346,0.3331,0.3323,0.8992,0.0758,0.0198,0.004,0.0012,0.0503,0.6765,0.2732,0.0067,0.9844,0.0089,0.1634,0.1657,0.2365,0.2394,0.195,0.9994,0.0005,0.0001
3076,Quan họ,quanho/audio_0_112.wav,1,0.0163,0.09,0.0307,0.8323,0.0307,0.3312,0.3338,0.3349,0.7423,0.1955,0.0497,0.0097,0.0029,0.0743,0.8437,0.082,0.969,0.0242,0.0069,0.1139,0.1153,0.1699,0.1736,0.4273,0.7049,0.2659,0.0292
3077,Quan họ,quanho/audio_0_112.wav,2,0.0177,0.0537,0.0395,0.7243,0.1647,0.3336,0.3335,0.3329,0.0628,0.3973,0.5185,0.0178,0.0036,0.0413,0.8605,0.0981,0.0067,0.9844,0.0089,0.1308,0.1322,0.1854,0.1888,0.3628,0.059,0.7984,0.1426
3078,Quan họ,quanho/audio_2_143.wav,1,0.0038,0.0144,0.0087,0.9572,0.0158,0.3343,0.3334,0.3323,0.067,0.5222,0.3932,0.0146,0.0029,0.0886,0.8647,0.0467,0.2741,0.6756,0.0503,0.1509,0.1523,0.2002,0.2029,0.2936,0.9924,0.0062,0.0014
3079,Quan họ,quanho/audio_2_143.wav,2,0.042,0.3616,0.0818,0.4709,0.0437,0.3353,0.3334,0.3313,0.0651,0.7606,0.1629,0.0094,0.002,0.0701,0.8895,0.0404,0.2741,0.6756,0.0503,0.1604,0.1615,0.1984,0.2004,0.2793,0.8761,0.1088,0.0151
3080,Quan họ,quanho/audio_5_037.wav,1,0.0063,0.0222,0.0122,0.9235,0.036,0.3341,0.3331,0.3328,0.1727,0.7261,0.0891,0.0097,0.0023,0.0289,0.9318,0.0394,0.0067,0.9844,0.0089,0.2085,0.2085,0.2049,0.2045,0.1736,0.9701,0.0242,0.0058
3081,Quan họ,quanho/audio_5_037.wav,2,0.0069,0.0333,0.0132,0.9295,0.0171,0.3343,0.3331,0.3325,0.45,0.4739,0.0647,0.0091,0.0023,0.1648,0.7726,0.0625,0.0067,0.9844,0.0089,0.222,0.2215,0.2033,0.2022,0.151,0.9998,0.0002,0.0
3082,Quan họ,quanho/audio_18_121.wav,1,0.2455,0.1754,0.5153,0.0462,0.0176,0.334,0.3332,0.3328,0.0708,0.1442,0.4684,0.2934,0.0232,0.6078,0.3419,0.0504,0.2741,0.6756,0.0503,0.1645,0.1662,0.2197,0.2223,0.2274,0.2559,0.7064,0.0377
3083,Quan họ,quanho/audio_18_121.wav,2,0.0172,0.0687,0.0285,0.8267,0.0589,0.3341,0.3332,0.3326,0.0686,0.318,0.584,0.0245,0.0049,0.0543,0.7852,0.1605,0.2741,0.6756,0.0503,0.2015,0.2018,0.2057,0.2057,0.1852,0.3196,0.6408,0.0396
3084,Quan họ,quanho/audio_2_137.wav,1,0.0597,0.131,0.1925,0.3548,0.2619,0.334,0.3333,0.3327,0.0785,0.0964,0.1199,0.2112,0.4941,0.0557,0.7487,0.1955,0.0263,0.1483,0.8254,0.2083,0.2082,0.2016,0.2012,0.1808,0.0767,0.1572,0.7661
3085,Quan họ,quanho/audio_2_137.wav,2,0.0692,0.2644,0.4535,0.1711,0.0419,0.3341,0.3333,0.3325,0.049,0.0664,0.0951,0.3027,0.4867,0.9085,0.0675,0.024,0.2741,0.6756,0.0503,0.1512,0.1523,0.1917,0.194,0.3109,0.0004,0.0013,0.9982
3086,Quan họ,quanho/audio_18_175.wav,1,0.0416,0.2944,0.0998,0.5173,0.0469,0.3344,0.3331,0.3325,0.7961,0.1318,0.0529,0.0144,0.0047,0.604,0.3446,0.0514,0.0542,0.7019,0.2439,0.1695,0.1704,0.1996,0.2012,0.2592,0.8924,0.0835,0.0241
3087,Quan họ,quanho/audio_18_175.wav,2,0.0465,0.5085,0.0771,0.3284,0.0395,0.334,0.3332,0.3328,0.6623,0.2864,0.043,0.0066,0.0018,0.0346,0.9434,0.022,0.0263,0.1483,0.8254,0.1679,0.1689,0.2008,0.2025,0.2599,0.8758,0.1091,0.0151
3088,Quan họ,quanho/audio_25_121.wav,1,0.0249,0.1144,0.0672,0.7451,0.0484,0.3342,0.3333,0.3325,0.0349,0.8654,0.0936,0.005,0.0011,0.0408,0.7921,0.1671,0.0372,0.9449,0.0179,0.1442,0.1456,0.1941,0.197,0.319,0.5131,0.4485,0.0384
3089,Quan họ,quanho/audio_25_121.wav,2,0.0219,0.0611,0.0395,0.4795,0.398,0.3344,0.3333,0.3323,0.0492,0.078,0.1401,0.657,0.0757,0.4198,0.5172,0.0629,0.0372,0.9449,0.0179,0.1569,0.158,0.1976,0.1999,0.2876,0.0066,0.0188,0.9746
3090,Quan họ,quanho/audio_26_022.wav,1,0.0548,0.12,0.1637,0.3525,0.309,0.3318,0.3338,0.3345,0.0611,0.6623,0.2623,0.0118,0.0025,0.0762,0.8569,0.0669,0.8965,0.0877,0.0157,0.13,0.1315,0.1893,0.193,0.3561,0.0223,0.9689,0.0088
3091,Quan họ,quanho/audio_26_022.wav,2,0.0234,0.0653,0.0533,0.5636,0.2943,0.3303,0.334,0.3357,0.0577,0.1069,0.279,0.5286,0.0278,0.0517,0.8985,0.0497,0.8965,0.0877,0.0157,0.1304,0.1319,0.1889,0.1925,0.3564,0.6154,0.3502,0.0344
3092,Quan họ,quanho/audio_8_127.wav,1,0.0387,0.203,0.0573,0.6347,0.0663,0.3332,0.3334,0.3334,0.0606,0.1604,0.6933,0.0746,0.0112,0.0344,0.2109,0.7547,0.0067,0.9844,0.0089,0.1764,0.1771,0.1994,0.2006,0.2464,0.0328,0.9194,0.0478
3093,Quan họ,quanho/audio_8_127.wav,2,0.0286,0.188,0.0538,0.6882,0.0414,0.3334,0.3335,0.3331,0.0196,0.0901,0.8796,0.0091,0.0016,0.0118,0.0607,0.9275,0.0067,0.9844,0.0089,0.1682,0.1694,0.205,0.2068,0.2506,0.0613,0.7812,0.1575
3094,Quan họ,quanho/audio_25_061.wav,1,0.0556,0.5107,0.0746,0.3126,0.0466,0.3343,0.3332,0.3325,0.2253,0.4509,0.2773,0.038,0.0084,0.0321,0.9482,0.0197,0.0067,0.9844,0.0089,0.1289,0.1303,0.1832,0.1866,0.3709,0.9779,0.0179,0.0042
3095,Quan họ,quanho/audio_25_061.wav,2,0.0757,0.3537,0.0865,0.3966,0.0875,0.3341,0.3331,0.3328,0.1781,0.5572,0.2355,0.0239,0.0053,0.0151,0.9723,0.0126,0.0067,0.9844,0.0089,0.1339,0.1354,0.1907,0.1942,0.3457,0.9902,0.0083,0.0015
3096,Quan họ,quanho/audio_22_107.wav,1,0.0083,0.9646,0.0122,0.0123,0.0026,0.3354,0.333,0.3317,0.0267,0.0357,0.0514,0.217,0.6692,0.0334,0.209,0.7577,0.0067,0.9844,0.0089,0.1658,0.1673,0.2127,0.2148,0.2394,0.0473,0.8634,0.0893
3097,Quan họ,quanho/audio_22_107.wav,2,0.0478,0.8687,0.0361,0.0373,0.0101,0.3343,0.3331,0.3326,0.0372,0.2223,0.7262,0.012,0.0022,0.044,0.7925,0.1635,0.0067,0.9844,0.0089,0.1679,0.1691,0.2077,0.2096,0.2457,0.0016,0.9971,0.0012
3098,Quan họ,quanho/audio_12_086.wav,1,0.029,0.1874,0.052,0.6886,0.043,0.3344,0.3334,0.3321,0.039,0.0539,0.0822,0.538,0.2869,0.0659,0.8994,0.0347,0.0067,0.9844,0.0089,0.1745,0.1756,0.2093,0.2108,0.2298,0.0706,0.4894,0.44
3099,Quan họ,quanho/audio_12_086.wav,2,0.0024,0.0108,0.0049,0.9753,0.0066,0.3341,0.3335,0.3324,0.0157,0.0785,0.8982,0.0064,0.0011,0.6449,0.3068,0.0483,0.0067,0.9844,0.0089,0.1748,0.1759,0.2098,0.2113,0.2282,0.0302,0.928,0.0419
3100,Quan họ,quanho/audio_20_081.wav,1,0.0289,0.8336,0.0512,0.0732,0.0132,0.3338,0.3334,0.3329,0.7572,0.1877,0.0449,0.008,0.0022,0.1544,0.7782,0.0674,0.0067,0.9844,0.0089,0.1832,0.1847,0.2217,0.2228,0.1876,0.9861,0.0114,0.0025
3101,Quan họ,quanho/audio_20_081.wav,2,0.0494,0.4462,0.1173,0.3453,0.0418,0.3335,0.3335,0.333,0.0543,0.5141,0.4167,0.0125,0.0025,0.0905,0.8718,0.0377,0.0067,0.9844,0.0089,0.1394,0.1417,0.2293,0.2344,0.2551,0.003,0.9946,0.0024
3102,Quan họ,quanho/audio_4_105.wav,1,0.0255,0.1114,0.04,0.7575,0.0656,0.3334,0.3334,0.3332,0.0426,0.2841,0.6583,0.0126,0.0024,0.0318,0.8982,0.07,0.0372,0.9449,0.0179,0.1668,0.1677,0.1983,0.2,0.2671,0.9836,0.014,0.0024
3103,Quan họ,quanho/audio_4_105.wav,2,0.0416,0.1671,0.0588,0.6307,0.1019,0.3323,0.3338,0.334,0.0123,0.057,0.9243,0.0055,0.0009,0.0211,0.9376,0.0413,0.0372,0.9449,0.0179,0.1606,0.1617,0.1979,0.1999,0.2798,0.1375,0.8332,0.0293
3104,Quan họ,quanho/audio_19_024.wav,1,0.0255,0.0486,0.0517,0.1321,0.7422,0.3339,0.3333,0.3328,0.1825,0.2561,0.3005,0.1898,0.0712,0.0172,0.9507,0.0321,0.64,0.3185,0.0415,0.1911,0.1915,0.2012,0.2016,0.2146,0.0391,0.0919,0.869
3105,Quan họ,quanho/audio_19_024.wav,2,0.0721,0.1646,0.3737,0.2748,0.1147,0.3343,0.3332,0.3324,0.0391,0.0514,0.0708,0.195,0.6438,0.9294,0.0548,0.0158,0.2741,0.6756,0.0503,0.2027,0.2028,0.2032,0.2031,0.1883,0.4862,0.4747,0.0391
3106,Quan họ,quanho/audio_18_056.wav,1,0.0155,0.0489,0.0291,0.7657,0.1409,0.3347,0.3331,0.3322,0.991,0.0067,0.0018,0.0004,0.0001,0.0655,0.8964,0.038,0.0067,0.9844,0.0089,0.1601,0.1613,0.2024,0.2046,0.2716,0.9934,0.0054,0.0012
3107,Quan họ,quanho/audio_18_056.wav,2,0.0118,0.0293,0.0222,0.1621,0.7746,0.3344,0.3334,0.3322,0.0273,0.1447,0.8162,0.01,0.0018,0.0147,0.9557,0.0296,0.0067,0.9844,0.0089,0.1415,0.1433,0.2086,0.2124,0.2942,0.4827,0.4781,0.0392
3108,Quan họ,quanho/audio_26_171.wav,1,0.034,0.061,0.0651,0.1465,0.6935,0.3347,0.3332,0.3321,0.0454,0.1185,0.7687,0.0598,0.0075,0.0754,0.8822,0.0424,0.969,0.0242,0.0069,0.1358,0.137,0.1827,0.1856,0.3589,0.9938,0.0053,0.001
3109,Quan họ,quanho/audio_26_171.wav,2,0.0165,0.0501,0.034,0.7188,0.1807,0.3344,0.3332,0.3325,0.0621,0.5297,0.3919,0.0136,0.0027,0.0703,0.8831,0.0465,0.969,0.0242,0.0069,0.1248,0.1261,0.1785,0.1819,0.3888,0.2953,0.6656,0.0391
3110,Quan họ,quanho/audio_23_109.wav,1,0.0083,0.0414,0.0161,0.9153,0.0189,0.3342,0.3332,0.3326,0.0145,0.0716,0.9068,0.006,0.0011,0.9151,0.0631,0.0219,0.0372,0.9449,0.0179,0.2186,0.2184,0.2044,0.2034,0.1553,0.0104,0.9796,0.01
3111,Quan họ,quanho/audio_23_109.wav,2,0.0435,0.7418,0.0986,0.0974,0.0187,0.3344,0.3332,0.3323,0.0315,0.0895,0.8343,0.0393,0.0053,0.5159,0.4247,0.0594,0.0542,0.7019,0.2439,0.2383,0.2377,0.2039,0.2016,0.1185,0.0659,0.7406,0.1935
3112,Quan họ,quanho/audio_14_009.wav,1,0.0173,0.0444,0.0355,0.2827,0.6201,0.3335,0.3334,0.3332,0.0724,0.5095,0.397,0.0175,0.0036,0.0541,0.4102,0.5357,0.0372,0.9449,0.0179,0.1848,0.1856,0.2073,0.2082,0.2141,0.0018,0.9969,0.0013
3113,Quan họ,quanho/audio_14_009.wav,2,0.0411,0.3401,0.0828,0.4919,0.044,0.3343,0.3332,0.3324,0.0318,0.0546,0.1162,0.7672,0.0302,0.5429,0.4028,0.0543,0.0372,0.9449,0.0179,0.1507,0.1519,0.1944,0.1969,0.306,0.0007,0.0025,0.9968
3114,Quan họ,quanho/audio_25_092.wav,1,0.0174,0.0985,0.0358,0.8174,0.0309,0.3316,0.3337,0.3346,0.0949,0.732,0.1589,0.0117,0.0025,0.6794,0.276,0.0446,0.0372,0.9449,0.0179,0.1824,0.183,0.2024,0.2033,0.2289,0.7578,0.2167,0.0255
3115,Quan họ,quanho/audio_25_092.wav,2,0.0459,0.5919,0.0918,0.2382,0.0323,0.3319,0.3337,0.3344,0.445,0.4243,0.1094,0.017,0.0044,0.9542,0.0368,0.009,0.0372,0.9449,0.0179,0.1454,0.1466,0.191,0.1936,0.3233,0.9773,0.0184,0.0043
3116,Quan họ,quanho/audio_26_112.wav,1,0.0125,0.0247,0.0214,0.0696,0.8717,0.3325,0.3336,0.3339,0.0809,0.1106,0.1559,0.3537,0.2988,0.4385,0.5005,0.061,0.0372,0.9449,0.0179,0.1488,0.1499,0.189,0.1914,0.321,0.0672,0.431,0.5018
3117,Quan họ,quanho/audio_26_112.wav,2,0.0452,0.0868,0.0651,0.202,0.6008,0.3332,0.3335,0.3333,0.1155,0.2713,0.5026,0.092,0.0186,0.0009,0.9981,0.001,0.0372,0.9449,0.0179,0.1703,0.1711,0.1981,0.1995,0.261,0.0218,0.0913,0.8869
3118,Quan họ,quanho/audio_0_033.wav,1,0.0487,0.6506,0.1148,0.1593,0.0267,0.3339,0.3335,0.3326,0.0632,0.1298,0.4241,0.3576,0.0253,0.0404,0.8163,0.1433,0.0372,0.9449,0.0179,0.1448,0.1469,0.2251,0.2295,0.2536,0.0421,0.9438,0.0141
3119,Quan họ,quanho/audio_0_033.wav,2,0.0425,0.7112,0.0599,0.1605,0.0259,0.3341,0.3336,0.3323,0.0203,0.0658,0.8963,0.0154,0.0023,0.0534,0.6318,0.3148,0.0372,0.9449,0.0179,0.1528,0.1542,0.2033,0.206,0.2838,0.0406,0.8918,0.0676
3120,Quan họ,quanho/audio_7_095.wav,1,0.0624,0.5006,0.2009,0.2,0.0362,0.3339,0.3332,0.3329,0.0206,0.9543,0.0229,0.0018,0.0004,0.8718,0.106,0.0222,0.0542,0.7019,0.2439,0.2326,0.2318,0.2003,0.1986,0.1367,0.7741,0.2016,0.0242
3121,Quan họ,quanho/audio_7_095.wav,2,0.0576,0.5321,0.0746,0.2898,0.0459,0.3345,0.3331,0.3324,0.0321,0.92,0.0438,0.0033,0.0008,0.4939,0.4475,0.0587,0.2741,0.6756,0.0503,0.1913,0.192,0.2087,0.2093,0.1987,0.7345,0.2383,0.0272
3122,Quan họ,quanho/audio_25_124.wav,1,0.0533,0.1295,0.1728,0.418,0.2265,0.334,0.3333,0.3328,0.9782,0.0164,0.0043,0.0009,0.0003,0.9186,0.0626,0.0187,0.64,0.3185,0.0415,0.1825,0.1834,0.2071,0.2082,0.2188,0.9503,0.0397,0.01
3123,Quan họ,quanho/audio_25_124.wav,2,0.0203,0.0535,0.036,0.3258,0.5643,0.3339,0.3332,0.3328,0.0727,0.8157,0.1022,0.0077,0.0017,0.9826,0.0134,0.004,0.64,0.3185,0.0415,0.2069,0.2073,0.2103,0.2099,0.1656,0.0035,0.9947,0.0018
3124,Quan họ,quanho/audio_10_090.wav,1,0.0244,0.0806,0.0399,0.7107,0.1445,0.3344,0.3331,0.3325,0.0498,0.3412,0.5916,0.0145,0.0028,0.0364,0.8666,0.0969,0.969,0.0242,0.0069,0.1437,0.1456,0.2132,0.2171,0.2803,0.542,0.4205,0.0375
3125,Quan họ,quanho/audio_10_090.wav,2,0.0731,0.6543,0.0718,0.1637,0.0372,0.3342,0.3332,0.3326,0.0618,0.3415,0.5732,0.0196,0.0039,0.0496,0.6805,0.2699,0.0067,0.9844,0.0089,0.1273,0.1291,0.2043,0.2091,0.3302,0.0697,0.4722,0.4581
3126,Quan họ,quanho/audio_8_045.wav,1,0.0509,0.4777,0.0743,0.3514,0.0457,0.3349,0.3334,0.3316,0.0042,0.0149,0.9775,0.0029,0.0005,0.0547,0.5013,0.4441,0.0372,0.9449,0.0179,0.1549,0.1563,0.2046,0.2073,0.2769,0.0193,0.0796,0.901
3127,Quan họ,quanho/audio_8_045.wav,2,0.0455,0.6166,0.0709,0.2342,0.0327,0.3344,0.3335,0.3321,0.0279,0.0925,0.854,0.0221,0.0035,0.0268,0.1653,0.8079,0.0372,0.9449,0.0179,0.2314,0.2313,0.2085,0.2066,0.1223,0.0713,0.5072,0.4215
3128,Quan họ,quanho/audio_21_069.wav,1,0.0232,0.0742,0.0614,0.73,0.1111,0.3328,0.3333,0.3338,0.8238,0.1163,0.0446,0.0116,0.0037,0.0238,0.1085,0.8678,0.0263,0.1483,0.8254,0.1728,0.1737,0.2003,0.2017,0.2515,0.8475,0.116,0.0365
3129,Quan họ,quanho/audio_21_069.wav,2,0.0649,0.148,0.2443,0.3547,0.1881,0.3326,0.3333,0.3341,0.9543,0.0329,0.01,0.0022,0.0007,0.6983,0.2029,0.0987,0.0263,0.1483,0.8254,0.1741,0.1748,0.1995,0.2008,0.2508,0.9572,0.0343,0.0085
3130,Quan họ,quanho/audio_12_053.wav,1,0.0301,0.076,0.0732,0.4094,0.4113,0.3337,0.3334,0.3329,0.5876,0.3568,0.0469,0.0069,0.0018,0.0697,0.5828,0.3475,0.0067,0.9844,0.0089,0.1777,0.1791,0.2187,0.2202,0.2044,0.9115,0.0772,0.0113
3131,Quan họ,quanho/audio_12_053.wav,2,0.0301,0.0875,0.0486,0.5455,0.2884,0.3339,0.3333,0.3328,0.0193,0.0237,0.0305,0.0726,0.8539,0.0526,0.8767,0.0707,0.0067,0.9844,0.0089,0.1527,0.1541,0.2045,0.2073,0.2814,0.3377,0.6224,0.0399
3132,Quan họ,quanho/audio_9_039.wav,1,0.0201,0.0593,0.0372,0.6199,0.2636,0.3351,0.3331,0.3318,0.0183,0.071,0.898,0.0109,0.0019,0.4035,0.5335,0.0631,0.2741,0.6756,0.0503,0.1597,0.1609,0.2026,0.2049,0.2719,0.0046,0.9931,0.0023
3133,Quan họ,quanho/audio_9_039.wav,2,0.0218,0.0555,0.0479,0.3384,0.5363,0.3348,0.3332,0.3321,0.0156,0.0723,0.9034,0.0073,0.0013,0.5815,0.3636,0.0549,0.2741,0.6756,0.0503,0.161,0.1621,0.2009,0.2031,0.2729,0.0119,0.9764,0.0117
3134,Quan họ,quanho/audio_18_010.wav,1,0.0554,0.1556,0.074,0.4712,0.2438,0.3323,0.3333,0.3344,0.1855,0.5888,0.2002,0.0209,0.0047,0.0339,0.2217,0.7444,0.0067,0.9844,0.0089,0.1546,0.1557,0.1941,0.1963,0.2993,0.9745,0.0207,0.0048
3135,Quan họ,quanho/audio_18_010.wav,2,0.0014,0.006,0.0028,0.9859,0.004,0.3339,0.3332,0.3329,0.0271,0.0327,0.0413,0.09,0.8089,0.2899,0.651,0.0591,0.0067,0.9844,0.0089,0.1499,0.151,0.1907,0.1931,0.3152,0.0095,0.0262,0.9643
3136,Quan họ,quanho/audio_27_005.wav,1,0.0287,0.1483,0.0455,0.7223,0.0552,0.3316,0.3336,0.3347,0.0641,0.5369,0.3813,0.0147,0.0031,0.0455,0.9232,0.0313,0.0067,0.9844,0.0089,0.183,0.184,0.2112,0.2123,0.2095,0.5846,0.3796,0.0358
3137,Quan họ,quanho/audio_27_005.wav,2,0.012,0.0524,0.0207,0.88,0.0348,0.3319,0.3337,0.3345,0.0086,0.0353,0.9505,0.0048,0.0008,0.2661,0.6726,0.0613,0.0372,0.9449,0.0179,0.1699,0.1711,0.2089,0.2108,0.2394,0.0369,0.1733,0.7898
3138,Quan họ,quanho/audio_17_071.wav,1,0.021,0.059,0.045,0.5508,0.3243,0.334,0.3332,0.3328,0.0636,0.339,0.5727,0.0206,0.0041,0.0501,0.8031,0.1467,0.0372,0.9449,0.0179,0.1625,0.1637,0.2025,0.2045,0.2667,0.0545,0.8264,0.1191
3139,Quan họ,quanho/audio_17_071.wav,2,0.0051,0.0198,0.0094,0.9452,0.0206,0.3341,0.3332,0.3327,0.1018,0.7699,0.1151,0.0107,0.0026,0.0193,0.9524,0.0282,0.0372,0.9449,0.0179,0.1809,0.1819,0.2102,0.2113,0.2157,0.0587,0.8001,0.1412
3140,Quan họ,quanho/audio_14_114.wav,1,0.0291,0.0584,0.0445,0.1566,0.7115,0.3331,0.3335,0.3334,0.1426,0.6366,0.1962,0.0198,0.0048,0.0148,0.9733,0.0119,0.0067,0.9844,0.0089,0.1954,0.196,0.2087,0.209,0.1908,0.5895,0.3749,0.0356
3141,Quan họ,quanho/audio_14_114.wav,2,0.0106,0.0216,0.018,0.064,0.8858,0.3341,0.3333,0.3326,0.0671,0.3021,0.6009,0.025,0.0049,0.0142,0.9676,0.0182,0.0372,0.9449,0.0179,0.1727,0.1736,0.2024,0.2039,0.2475,0.0829,0.895,0.0221
3142,Quan họ,quanho/audio_8_039.wav,1,0.007,0.0339,0.0148,0.9283,0.0161,0.3317,0.3337,0.3347,0.041,0.8662,0.0864,0.0052,0.0011,0.3452,0.5911,0.0636,0.0067,0.9844,0.0089,0.1867,0.1872,0.2031,0.2038,0.2192,0.5607,0.4026,0.0368
3143,Quan họ,quanho/audio_8_039.wav,2,0.0052,0.0218,0.0121,0.9454,0.0155,0.3313,0.3338,0.3349,0.0879,0.669,0.2265,0.0137,0.0029,0.7751,0.1904,0.0345,0.0372,0.9449,0.0179,0.1842,0.1848,0.2025,0.2034,0.2251,0.804,0.1742,0.0218
3144,Quan họ,quanho/audio_27_123.wav,1,0.0199,0.0382,0.033,0.1004,0.8086,0.3349,0.3333,0.3318,0.031,0.1235,0.8258,0.0167,0.003,0.0104,0.9814,0.0082,0.0372,0.9449,0.0179,0.1504,0.1518,0.2024,0.2052,0.2902,0.0533,0.2862,0.6605
3145,Quan họ,quanho/audio_27_123.wav,2,0.0156,0.0302,0.0268,0.0819,0.8454,0.3342,0.3333,0.3325,0.0109,0.0351,0.9424,0.01,0.0015,0.828,0.1446,0.0274,0.0372,0.9449,0.0179,0.1148,0.1163,0.1772,0.1813,0.4104,0.0632,0.3794,0.5574
3146,Quan họ,quanho/audio_27_080.wav,1,0.0291,0.0931,0.0461,0.656,0.1758,0.3343,0.3331,0.3326,0.8868,0.0908,0.0183,0.0032,0.0009,0.6803,0.2761,0.0437,0.0067,0.9844,0.0089,0.1958,0.1963,0.2064,0.2067,0.1948,0.9712,0.0247,0.0041
3147,Quan họ,quanho/audio_27_080.wav,2,0.095,0.4896,0.0913,0.2584,0.0657,0.3348,0.3332,0.332,0.6837,0.1904,0.0884,0.0276,0.0098,0.9807,0.0148,0.0045,0.0067,0.9844,0.0089,0.1499,0.1512,0.1958,0.1984,0.3046,0.8179,0.1367,0.0454
3148,Quan họ,quanho/audio_19_096.wav,1,0.0444,0.3486,0.0703,0.487,0.0497,0.3348,0.3333,0.3319,0.0399,0.0478,0.0599,0.1288,0.7237,0.9606,0.0298,0.0096,0.0067,0.9844,0.0089,0.1552,0.1564,0.1969,0.1992,0.2923,0.0411,0.945,0.0139
3149,Quan họ,quanho/audio_19_096.wav,2,0.0228,0.0633,0.0404,0.4618,0.4117,0.3341,0.3333,0.3326,0.0526,0.1547,0.7496,0.0374,0.0058,0.9882,0.0094,0.0024,0.0067,0.9844,0.0089,0.1846,0.1856,0.2107,0.2116,0.2074,0.0335,0.9171,0.0494
3150,Quan họ,quanho/audio_2_148.wav,1,0.0149,0.0609,0.0384,0.8458,0.04,0.3337,0.3334,0.3329,0.7191,0.2352,0.0381,0.006,0.0016,0.0355,0.26,0.7045,0.2741,0.6756,0.0503,0.2363,0.235,0.1969,0.1951,0.1367,0.995,0.0043,0.0008
3151,Quan họ,quanho/audio_2_148.wav,2,0.0115,0.0483,0.0199,0.8836,0.0367,0.3324,0.3336,0.334,0.7688,0.1794,0.0417,0.0078,0.0023,0.0389,0.2881,0.6731,0.64,0.3185,0.0415,0.2445,0.2428,0.1949,0.1927,0.1251,0.995,0.0043,0.0008
3152,Quan họ,quanho/audio_5_005.wav,1,0.0284,0.1462,0.0451,0.7253,0.055,0.3316,0.3336,0.3347,0.0641,0.5369,0.3813,0.0147,0.0031,0.0456,0.9231,0.0313,0.0067,0.9844,0.0089,0.183,0.184,0.2112,0.2123,0.2096,0.5821,0.382,0.0359
3153,Quan họ,quanho/audio_5_005.wav,2,0.012,0.0524,0.0207,0.8801,0.0348,0.3319,0.3337,0.3345,0.0086,0.0353,0.9505,0.0048,0.0008,0.2667,0.672,0.0613,0.0372,0.9449,0.0179,0.1699,0.1711,0.2089,0.2108,0.2393,0.0369,0.1733,0.7898
3154,Quan họ,quanho/audio_20_115.wav,1,0.0105,0.0249,0.0215,0.1201,0.8231,0.3341,0.3333,0.3326,0.1543,0.4256,0.3629,0.0462,0.011,0.0445,0.769,0.1865,0.0021,0.0073,0.9906,0.2145,0.2142,0.2014,0.2007,0.1692,0.0002,0.9996,0.0001
3155,Quan họ,quanho/audio_20_115.wav,2,0.0238,0.0527,0.0539,0.2009,0.6687,0.3341,0.3333,0.3326,0.1664,0.4854,0.3021,0.037,0.009,0.0196,0.9662,0.0142,0.0372,0.9449,0.0179,0.215,0.2147,0.2015,0.2007,0.1681,0.0001,0.9999,0.0001
3156,Quan họ,quanho/audio_8_048.wav,1,0.0338,0.0749,0.8387,0.0395,0.0132,0.3338,0.3334,0.3327,0.0852,0.1026,0.1248,0.2073,0.4801,0.0504,0.7905,0.1591,0.0372,0.9449,0.0179,0.2471,0.2455,0.1958,0.1934,0.1183,0.0934,0.1815,0.7251
3157,Quan họ,quanho/audio_8_048.wav,2,0.0391,0.2602,0.0949,0.5586,0.0472,0.3344,0.3336,0.332,0.029,0.0852,0.8487,0.0326,0.0046,0.0507,0.3627,0.5866,0.0372,0.9449,0.0179,0.1519,0.1532,0.198,0.2006,0.2963,0.2603,0.7018,0.0379
3158,Quan họ,quanho/audio_12_112.wav,1,0.0217,0.0903,0.0349,0.7887,0.0644,0.3344,0.3333,0.3324,0.0683,0.3182,0.5844,0.0243,0.0048,0.0511,0.8065,0.1424,0.2741,0.6756,0.0503,0.2012,0.2014,0.2045,0.2045,0.1883,0.6014,0.3636,0.0351
3159,Quan họ,quanho/audio_12_112.wav,2,0.0453,0.3239,0.0687,0.5081,0.0541,0.3349,0.333,0.3321,0.0588,0.9116,0.0261,0.0027,0.0007,0.0067,0.9852,0.0081,0.0372,0.9449,0.0179,0.2027,0.203,0.206,0.2059,0.1825,0.998,0.0017,0.0003
3160,Quan họ,quanho/audio_27_116.wav,1,0.0285,0.0761,0.0691,0.5024,0.3239,0.3346,0.3331,0.3323,0.8529,0.1021,0.0343,0.0082,0.0026,0.0798,0.8846,0.0356,0.8965,0.0877,0.0157,0.2367,0.2356,0.1992,0.1973,0.1312,0.8743,0.0968,0.0289
3161,Quan họ,quanho/audio_27_116.wav,2,0.0579,0.3337,0.1972,0.3581,0.0531,0.3339,0.3332,0.3329,0.994,0.0046,0.0011,0.0002,0.0001,0.8476,0.1269,0.0254,0.0372,0.9449,0.0179,0.188,0.1888,0.2096,0.2103,0.2034,0.8273,0.1302,0.0425
3162,Quan họ,quanho/audio_5_033.wav,1,0.0611,0.1827,0.0783,0.4828,0.1951,0.335,0.3331,0.332,0.0591,0.4611,0.463,0.0141,0.0028,0.0592,0.6881,0.2527,0.0067,0.9844,0.0089,0.1885,0.1893,0.211,0.2118,0.1994,0.01,0.9854,0.0046
3163,Quan họ,quanho/audio_5_033.wav,2,0.0701,0.2013,0.0855,0.4464,0.1967,0.3353,0.3329,0.3317,0.0383,0.2491,0.6982,0.0121,0.0023,0.039,0.8513,0.1098,0.0067,0.9844,0.0089,0.1889,0.1899,0.2124,0.2131,0.1957,0.2014,0.7638,0.0348
3164,Quan họ,quanho/audio_15_043.wav,1,0.0433,0.1008,0.118,0.3754,0.3625,0.3342,0.3332,0.3326,0.0599,0.8213,0.1093,0.0077,0.0018,0.9226,0.0632,0.0142,0.9905,0.0078,0.0017,0.2302,0.2294,0.2008,0.1993,0.1402,0.1697,0.7979,0.0324
3165,Quan họ,quanho/audio_15_043.wav,2,0.0962,0.2743,0.1011,0.3749,0.1535,0.3343,0.3332,0.3325,0.7227,0.1715,0.0755,0.0225,0.0078,0.0858,0.6702,0.244,0.0542,0.7019,0.2439,0.1546,0.1556,0.1912,0.1933,0.3054,0.9213,0.0619,0.0168
3166,Quan họ,quanho/audio_1_005.wav,1,0.012,0.0293,0.0241,0.157,0.7777,0.3337,0.3333,0.3329,0.0815,0.5081,0.3864,0.0198,0.0042,0.0572,0.698,0.2448,0.0372,0.9449,0.0179,0.1849,0.1858,0.2096,0.2106,0.2091,0.0576,0.8075,0.1349
3167,Quan họ,quanho/audio_1_005.wav,2,0.0668,0.4856,0.2401,0.1729,0.0345,0.3343,0.3332,0.3325,0.0124,0.9781,0.0085,0.0008,0.0002,0.0303,0.8793,0.0904,0.0372,0.9449,0.0179,0.197,0.1978,0.2131,0.2133,0.1788,0.8918,0.0947,0.0134
3168,Quan họ,quanho/audio_12_077.wav,1,0.0871,0.1208,0.6113,0.1161,0.0647,0.3337,0.3335,0.3328,0.0097,0.0119,0.0154,0.0365,0.9265,0.0488,0.4978,0.4533,0.0372,0.9449,0.0179,0.2739,0.271,0.1864,0.1826,0.0861,0.0529,0.2827,0.6644
3169,Quan họ,quanho/audio_12_077.wav,2,0.049,0.4716,0.1121,0.3272,0.0401,0.3341,0.3335,0.3324,0.0623,0.1262,0.3946,0.3904,0.0265,0.0472,0.73,0.2228,0.0372,0.9449,0.0179,0.1456,0.1472,0.2017,0.2048,0.3007,0.0299,0.9591,0.011
3170,Quan họ,quanho/audio_14_197.wav,1,0.1136,0.1106,0.6471,0.0821,0.0466,0.3318,0.3336,0.3346,0.0244,0.0368,0.0653,0.8385,0.035,0.9158,0.0695,0.0147,0.2741,0.6756,0.0503,0.1718,0.1738,0.2316,0.2337,0.1892,0.711,0.2602,0.0288
3171,Quan họ,quanho/audio_14_197.wav,2,0.0711,0.1574,0.3084,0.3105,0.1526,0.3339,0.3335,0.3326,0.408,0.4826,0.0928,0.0132,0.0034,0.035,0.9427,0.0223,0.0067,0.9844,0.0089,0.1495,0.151,0.2042,0.2071,0.2883,0.9064,0.0817,0.0119
3172,Quan họ,quanho/audio_7_086.wav,1,0.0228,0.8771,0.0371,0.0532,0.0099,0.334,0.3332,0.3328,0.7823,0.1686,0.04,0.0071,0.002,0.2422,0.696,0.0618,0.0067,0.9844,0.0089,0.2207,0.2207,0.2087,0.2074,0.1425,0.9958,0.0035,0.0007
3173,Quan họ,quanho/audio_7_086.wav,2,0.0809,0.5045,0.2984,0.0927,0.0235,0.334,0.3332,0.3328,0.0037,0.0139,0.9797,0.0024,0.0004,0.0504,0.919,0.0307,0.0067,0.9844,0.0089,0.1058,0.1072,0.1652,0.1692,0.4526,0.0232,0.9677,0.0091
3174,Quan họ,quanho/audio_18_156.wav,1,0.0152,0.0373,0.032,0.1984,0.7171,0.332,0.3336,0.3344,0.2865,0.615,0.0851,0.0107,0.0027,0.1343,0.8159,0.0497,0.0372,0.9449,0.0179,0.184,0.1853,0.2173,0.2183,0.1951,0.5095,0.452,0.0385
3175,Quan họ,quanho/audio_18_156.wav,2,0.0269,0.1046,0.0418,0.739,0.0877,0.3316,0.3338,0.3346,0.0329,0.0396,0.0499,0.1089,0.7687,0.2106,0.7326,0.0568,0.0372,0.9449,0.0179,0.1921,0.1939,0.2309,0.2314,0.1516,0.0463,0.8681,0.0857
3176,Quan họ,quanho/audio_3_026.wav,1,0.0191,0.0509,0.0353,0.3472,0.5476,0.3337,0.3335,0.3328,0.0898,0.3949,0.4808,0.0285,0.006,0.051,0.7566,0.1924,0.0067,0.9844,0.0089,0.138,0.1393,0.1859,0.1888,0.3481,0.0011,0.9982,0.0008
3177,Quan họ,quanho/audio_3_026.wav,2,0.0201,0.0562,0.0386,0.4949,0.3902,0.3339,0.3334,0.3327,0.0369,0.1666,0.7773,0.0163,0.003,0.0557,0.3977,0.5466,0.0067,0.9844,0.0089,0.1337,0.1349,0.1815,0.1844,0.3655,0.2703,0.6915,0.0383
3178,Quan họ,quanho/audio_5_118.wav,1,0.0745,0.4211,0.3408,0.1326,0.031,0.3339,0.333,0.3331,0.2215,0.6017,0.1547,0.0179,0.0042,0.3809,0.5563,0.0629,0.9905,0.0078,0.0017,0.1643,0.1653,0.1981,0.1999,0.2724,0.9222,0.0612,0.0165
3179,Quan họ,quanho/audio_5_118.wav,2,0.0212,0.1086,0.0523,0.7792,0.0387,0.3342,0.3332,0.3327,0.7019,0.1818,0.0824,0.0252,0.0088,0.4859,0.4523,0.0618,0.0542,0.7019,0.2439,0.1729,0.1737,0.1997,0.201,0.2527,0.8681,0.1013,0.0306
3180,Quan họ,quanho/audio_2_077.wav,1,0.0805,0.4007,0.0883,0.3514,0.0791,0.3334,0.3333,0.3333,0.9669,0.0239,0.0071,0.0016,0.0005,0.0523,0.6477,0.3,0.0067,0.9844,0.0089,0.1901,0.1907,0.2051,0.2056,0.2085,0.9988,0.001,0.0002
3181,Quan họ,quanho/audio_2_077.wav,2,0.025,0.0925,0.0395,0.7466,0.0964,0.333,0.3334,0.3336,0.0063,0.0251,0.9646,0.0035,0.0006,0.0076,0.0343,0.9581,0.0067,0.9844,0.0089,0.1688,0.1699,0.2034,0.2051,0.2529,0.992,0.0068,0.0012
3182,Quan họ,quanho/audio_25_071.wav,1,0.0197,0.0499,0.0422,0.3037,0.5846,0.3341,0.3333,0.3326,0.1362,0.1698,0.205,0.2608,0.2282,0.0836,0.8551,0.0612,0.2741,0.6756,0.0503,0.1625,0.1634,0.1947,0.1965,0.2829,0.1414,0.2383,0.6203
3183,Quan họ,quanho/audio_25_071.wav,2,0.0491,0.6804,0.063,0.1771,0.0304,0.3357,0.3331,0.3312,0.0761,0.5393,0.3654,0.0159,0.0032,0.3847,0.5439,0.0714,0.2741,0.6756,0.0503,0.1545,0.1557,0.1972,0.1996,0.293,0.9924,0.0064,0.0012
3184,Quan họ,quanho/audio_12_104.wav,1,0.02,0.0562,0.0387,0.5026,0.3825,0.3343,0.3333,0.3324,0.043,0.0651,0.11,0.6759,0.1059,0.8699,0.1076,0.0225,0.0372,0.9449,0.0179,0.1527,0.1539,0.1971,0.1996,0.2967,0.0195,0.0802,0.9003
3185,Quan họ,quanho/audio_12_104.wav,2,0.0072,0.0155,0.0122,0.0528,0.9122,0.334,0.3333,0.3327,0.1115,0.5318,0.3262,0.0249,0.0056,0.0498,0.3394,0.6108,0.0372,0.9449,0.0179,0.1839,0.1847,0.2068,0.2077,0.2168,0.0022,0.9966,0.0012
3186,Quan họ,quanho/audio_5_095.wav,1,0.0196,0.046,0.032,0.18,0.7224,0.3305,0.3338,0.3358,0.9373,0.048,0.0118,0.0023,0.0007,0.6077,0.342,0.0503,0.0372,0.9449,0.0179,0.1973,0.1977,0.2054,0.2056,0.1939,0.9374,0.0543,0.0084
3187,Quan họ,quanho/audio_5_095.wav,2,0.015,0.034,0.0247,0.1244,0.802,0.3317,0.3337,0.3346,0.984,0.0125,0.0028,0.0005,0.0002,0.8549,0.1213,0.0239,0.0372,0.9449,0.0179,0.1894,0.19,0.204,0.2046,0.212,0.9907,0.0079,0.0014
3188,Quan họ,quanho/audio_25_094.wav,1,0.0318,0.185,0.0789,0.6584,0.0459,0.3313,0.3338,0.3349,0.0792,0.5175,0.3829,0.017,0.0034,0.351,0.5868,0.0621,0.0372,0.9449,0.0179,0.1746,0.1755,0.2035,0.2049,0.2415,0.313,0.6475,0.0395
3189,Quan họ,quanho/audio_25_094.wav,2,0.0094,0.0381,0.023,0.9017,0.0278,0.3314,0.3338,0.3348,0.054,0.4548,0.4755,0.0131,0.0026,0.3437,0.5927,0.0637,0.0372,0.9449,0.0179,0.1829,0.1835,0.2031,0.2041,0.2264,0.0118,0.9766,0.0116
3190,Quan họ,quanho/audio_12_062.wav,1,0.0155,0.0338,0.0252,0.113,0.8125,0.3342,0.3332,0.3326,0.1994,0.6251,0.1518,0.0189,0.0049,0.0071,0.9865,0.0064,0.0372,0.9449,0.0179,0.145,0.1467,0.2119,0.2156,0.2809,0.0377,0.9025,0.0598
3191,Quan họ,quanho/audio_12_062.wav,2,0.0177,0.0462,0.0324,0.2853,0.6184,0.3339,0.3333,0.3328,0.049,0.1205,0.7178,0.1017,0.011,0.2561,0.6848,0.0591,0.0372,0.9449,0.0179,0.127,0.1286,0.193,0.1971,0.3544,0.0013,0.9978,0.0009
3192,Quan họ,quanho/audio_14_018.wav,1,0.0278,0.0724,0.0452,0.3571,0.4975,0.3334,0.3331,0.3335,0.9087,0.0645,0.0207,0.0047,0.0014,0.0409,0.3072,0.652,0.0542,0.7019,0.2439,0.1549,0.1561,0.1953,0.1976,0.2961,0.9627,0.03,0.0073
3193,Quan họ,quanho/audio_14_018.wav,2,0.0251,0.0683,0.0427,0.4278,0.4362,0.3331,0.3332,0.3337,0.0139,0.0448,0.9282,0.0114,0.0017,0.0424,0.3012,0.6564,0.0067,0.9844,0.0089,0.1654,0.1663,0.1969,0.1986,0.2728,0.2964,0.6645,0.0391
3194,Quan họ,quanho/audio_5_088.wav,1,0.0071,0.0296,0.017,0.9254,0.0209,0.3351,0.3334,0.3316,0.8946,0.0805,0.02,0.0038,0.0011,0.037,0.8484,0.1145,0.0067,0.9844,0.0089,0.1814,0.1822,0.2036,0.2046,0.2282,0.7516,0.2225,0.0259
3195,Quan họ,quanho/audio_5_088.wav,2,0.1963,0.5792,0.1557,0.0522,0.0165,0.334,0.3334,0.3326,0.0161,0.0255,0.0479,0.8843,0.0262,0.0508,0.5085,0.4407,0.0067,0.9844,0.0089,0.208,0.2084,0.21,0.2095,0.1642,0.0303,0.0741,0.8956
3196,Quan họ,quanho/audio_19_122.wav,1,0.0783,0.5352,0.0824,0.25,0.0541,0.334,0.3332,0.3328,0.0756,0.3282,0.5683,0.0235,0.0044,0.002,0.996,0.0021,0.0067,0.9844,0.0089,0.1092,0.1116,0.2326,0.242,0.3046,0.1372,0.8335,0.0293
3197,Quan họ,quanho/audio_19_122.wav,2,0.0046,0.0166,0.0091,0.9451,0.0247,0.3335,0.3332,0.3332,0.0048,0.989,0.0057,0.0004,0.0001,0.0457,0.7616,0.1927,0.0067,0.9844,0.0089,0.1862,0.1875,0.2174,0.2184,0.1905,0.1855,0.7808,0.0337
3198,Quan họ,quanho/audio_18_145.wav,1,0.0394,0.0989,0.1075,0.4473,0.3069,0.3336,0.3336,0.3328,0.8718,0.0895,0.0295,0.007,0.0022,0.0286,0.9107,0.0607,0.0067,0.9844,0.0089,0.2336,0.2329,0.2029,0.201,0.1296,0.9991,0.0007,0.0001
3199,Quan họ,quanho/audio_18_145.wav,2,0.0303,0.0557,0.8632,0.0368,0.0139,0.3342,0.3334,0.3324,0.2335,0.4692,0.2552,0.0344,0.0077,0.9412,0.0483,0.0106,0.0542,0.7019,0.2439,0.1404,0.1418,0.1903,0.1933,0.3342,0.9611,0.0313,0.0077
3200,Quan họ,quanho/audio_12_049.wav,1,0.0605,0.4796,0.188,0.2328,0.0391,0.3343,0.3331,0.3325,0.0643,0.132,0.4426,0.3375,0.0236,0.414,0.5263,0.0597,0.8965,0.0877,0.0157,0.1654,0.1667,0.2072,0.2093,0.2515,0.1764,0.7907,0.0329
3201,Quan họ,quanho/audio_12_049.wav,2,0.068,0.2442,0.4902,0.1575,0.0402,0.3345,0.3332,0.3323,0.9437,0.0403,0.0124,0.0027,0.0008,0.7513,0.2116,0.037,0.64,0.3185,0.0415,0.1446,0.1458,0.1901,0.1928,0.3267,0.9941,0.005,0.0009
3202,Quan họ,quanho/audio_15_067.wav,1,0.0594,0.5967,0.1737,0.1424,0.0278,0.3343,0.3332,0.3325,0.0232,0.0406,0.0932,0.8256,0.0174,0.4519,0.4895,0.0585,0.8965,0.0877,0.0157,0.1671,0.1683,0.2068,0.2087,0.2491,0.217,0.7472,0.0358
3203,Quan họ,quanho/audio_15_067.wav,2,0.0541,0.6438,0.1435,0.1333,0.0253,0.3345,0.3332,0.3324,0.942,0.0415,0.0128,0.0028,0.0009,0.7135,0.2454,0.0411,0.64,0.3185,0.0415,0.1453,0.1465,0.1904,0.193,0.3248,0.9853,0.0125,0.0022
3204,Quan họ,quanho/audio_19_017.wav,1,0.0646,0.4115,0.0798,0.3794,0.0647,0.3322,0.3336,0.3342,0.0095,0.0123,0.017,0.057,0.9041,0.0465,0.8076,0.1459,0.0372,0.9449,0.0179,0.1687,0.1698,0.2042,0.206,0.2513,0.0091,0.0252,0.9658
3205,Quan họ,quanho/audio_19_017.wav,2,0.0106,0.0425,0.0264,0.8884,0.0321,0.3316,0.3337,0.3348,0.0516,0.7138,0.2232,0.0094,0.002,0.1071,0.8492,0.0437,0.0372,0.9449,0.0179,0.1505,0.152,0.2056,0.2086,0.2833,0.0572,0.3193,0.6235
3206,Quan họ,quanho/audio_5_061.wav,1,0.0804,0.4627,0.3322,0.0996,0.0251,0.3342,0.3333,0.3325,0.1197,0.5566,0.298,0.0212,0.0044,0.0405,0.8958,0.0637,0.0067,0.9844,0.0089,0.1592,0.1612,0.2267,0.2298,0.2232,0.9093,0.0792,0.0116
3207,Quan họ,quanho/audio_5_061.wav,2,0.0479,0.6285,0.1081,0.1865,0.029,0.3324,0.3337,0.3339,0.0546,0.4217,0.5066,0.0143,0.0029,0.0037,0.9915,0.0047,0.0067,0.9844,0.0089,0.1814,0.184,0.2492,0.2504,0.135,0.0703,0.6808,0.2489
3208,Quan họ,quanho/audio_5_044.wav,1,0.0438,0.3276,0.0687,0.5088,0.0512,0.3339,0.3332,0.3329,0.0969,0.2126,0.5711,0.1045,0.0149,0.0696,0.1727,0.7577,0.2741,0.6756,0.0503,0.1663,0.1671,0.1968,0.1985,0.2713,0.9842,0.0128,0.0029
3209,Quan họ,quanho/audio_5_044.wav,2,0.0496,0.142,0.174,0.4925,0.1418,0.3326,0.3334,0.334,0.9854,0.0108,0.003,0.0006,0.0002,0.8426,0.1281,0.0293,0.0263,0.1483,0.8254,0.1734,0.1743,0.2013,0.2027,0.2483,0.9944,0.0047,0.001
3210,Quan họ,quanho/audio_7_098.wav,1,0.0236,0.1186,0.0386,0.7698,0.0494,0.3344,0.333,0.3325,0.0014,0.9968,0.0016,0.0001,0.0,0.3128,0.6258,0.0614,0.0372,0.9449,0.0179,0.1987,0.1994,0.2106,0.2108,0.1805,0.9125,0.0763,0.0112
3211,Quan họ,quanho/audio_7_098.wav,2,0.0054,0.0217,0.0127,0.9424,0.0178,0.3345,0.3331,0.3324,0.0031,0.9934,0.0031,0.0003,0.0001,0.7291,0.2321,0.0388,0.0372,0.9449,0.0179,0.1931,0.1938,0.2097,0.2101,0.1933,0.6366,0.3301,0.0333
3212,Quan họ,quanho/audio_4_002.wav,1,0.0761,0.4946,0.0834,0.2865,0.0594,0.333,0.3338,0.3332,0.9147,0.0609,0.019,0.0042,0.0013,0.0248,0.1568,0.8184,0.0067,0.9844,0.0089,0.1721,0.173,0.2016,0.2031,0.2503,0.9424,0.0458,0.0118
3213,Quan họ,quanho/audio_4_002.wav,2,0.0268,0.0712,0.0631,0.4781,0.3608,0.334,0.3335,0.3325,0.1416,0.3201,0.4654,0.0616,0.0114,0.0148,0.0585,0.9268,0.0067,0.9844,0.0089,0.1551,0.1561,0.193,0.1951,0.3007,0.9564,0.0376,0.006
3214,Quan họ,quanho/audio_19_112.wav,1,0.0651,0.2563,0.3147,0.3017,0.0622,0.3346,0.3331,0.3322,0.0475,0.3595,0.5776,0.0129,0.0025,0.4432,0.4962,0.0606,0.64,0.3185,0.0415,0.2711,0.2683,0.1871,0.1835,0.09,0.9594,0.0349,0.0057
3215,Quan họ,quanho/audio_19_112.wav,2,0.0212,0.1083,0.0521,0.7798,0.0386,0.3343,0.3332,0.3324,0.0414,0.1352,0.7875,0.0308,0.0051,0.0642,0.885,0.0508,0.64,0.3185,0.0415,0.2064,0.2064,0.2025,0.2022,0.1825,0.0511,0.9327,0.0162
3216,Quan họ,quanho/audio_8_047.wav,1,0.0635,0.4781,0.0783,0.325,0.055,0.3342,0.3336,0.3322,0.009,0.0311,0.9517,0.0071,0.0011,0.0519,0.4124,0.5358,0.0372,0.9449,0.0179,0.1573,0.1586,0.2043,0.2068,0.2731,0.0185,0.9605,0.0209
3217,Quan họ,quanho/audio_8_047.wav,2,0.0728,0.7219,0.064,0.1133,0.0281,0.335,0.3334,0.3316,0.0595,0.5024,0.421,0.0142,0.0029,0.0501,0.6501,0.2998,0.0372,0.9449,0.0179,0.2567,0.2554,0.1981,0.1947,0.095,0.1445,0.8255,0.03
3218,Quan họ,quanho/audio_3_067.wav,1,0.0264,0.8581,0.0474,0.0572,0.0109,0.3345,0.3333,0.3322,0.0227,0.0665,0.8807,0.0265,0.0036,0.6978,0.2583,0.0439,0.0542,0.7019,0.2439,0.2346,0.2344,0.2071,0.205,0.1189,0.0704,0.6799,0.2497
3219,Quan họ,quanho/audio_3_067.wav,2,0.0157,0.9447,0.0216,0.0145,0.0035,0.3329,0.3334,0.3337,0.0994,0.8605,0.0352,0.0039,0.001,0.113,0.8435,0.0434,0.0067,0.9844,0.0089,0.175,0.1764,0.2161,0.2177,0.2148,0.6693,0.2992,0.0315
3220,Quan họ,quanho/audio_27_091.wav,1,0.0548,0.4275,0.1534,0.3201,0.0441,0.3333,0.3335,0.3333,0.9577,0.0332,0.0073,0.0014,0.0004,0.0465,0.4257,0.5277,0.996,0.0032,0.0008,0.1866,0.1881,0.2222,0.223,0.1801,0.894,0.0823,0.0236
3221,Quan họ,quanho/audio_27_091.wav,2,0.5761,0.1271,0.2079,0.0578,0.0312,0.3352,0.3328,0.332,0.0384,0.0507,0.0727,0.307,0.5311,0.0144,0.0535,0.9321,0.64,0.3185,0.0415,0.1829,0.1837,0.206,0.2069,0.2205,0.028,0.1229,0.8492
3222,Quan họ,quanho/audio_21_020.wav,1,0.0287,0.0805,0.0471,0.4909,0.3529,0.3332,0.3333,0.3335,0.8658,0.0967,0.0291,0.0064,0.002,0.0394,0.8184,0.1422,0.0067,0.9844,0.0089,0.182,0.184,0.2328,0.2341,0.1672,0.9996,0.0003,0.0001
3223,Quan họ,quanho/audio_21_020.wav,2,0.0342,0.0835,0.0863,0.3869,0.4091,0.3343,0.3332,0.3326,0.5297,0.3852,0.0715,0.0108,0.0028,0.0104,0.9808,0.0088,0.7604,0.1691,0.0705,0.1859,0.1873,0.2211,0.222,0.1837,0.8513,0.1312,0.0175
3224,Quan họ,quanho/audio_5_009.wav,1,0.0142,0.0653,0.0244,0.859,0.037,0.334,0.3336,0.3324,0.0774,0.7576,0.1527,0.0101,0.0022,0.0047,0.018,0.9773,0.0067,0.9844,0.0089,0.1696,0.1708,0.2063,0.208,0.2454,0.939,0.0485,0.0126
3225,Quan họ,quanho/audio_5_009.wav,2,0.0685,0.3525,0.0822,0.4166,0.0802,0.3335,0.3337,0.3328,0.9281,0.0515,0.0159,0.0035,0.001,0.052,0.578,0.37,0.0542,0.7019,0.2439,0.1449,0.1463,0.1954,0.1983,0.3151,0.9674,0.0263,0.0063
3226,Quan họ,quanho/audio_12_001.wav,1,0.0316,0.0956,0.0498,0.5908,0.2322,0.3348,0.3331,0.3321,0.04,0.2447,0.6997,0.0131,0.0025,0.0582,0.5976,0.3441,0.0067,0.9844,0.0089,0.1992,0.2004,0.2209,0.221,0.1585,0.0013,0.998,0.0007
3227,Quan họ,quanho/audio_12_001.wav,2,0.0435,0.1272,0.0627,0.5229,0.2438,0.3347,0.3331,0.3322,0.0993,0.5114,0.3644,0.0207,0.0042,0.0496,0.7987,0.1517,0.0067,0.9844,0.0089,0.1928,0.1937,0.213,0.2135,0.1871,0.8523,0.1303,0.0174
3228,Quan họ,quanho/audio_5_137.wav,1,0.0608,0.1423,0.2167,0.3787,0.2015,0.334,0.3333,0.3327,0.0772,0.0949,0.1184,0.2106,0.499,0.0526,0.8025,0.1449,0.0263,0.1483,0.8254,0.208,0.2078,0.2016,0.2012,0.1814,0.0449,0.1031,0.852
3229,Quan họ,quanho/audio_5_137.wav,2,0.0676,0.252,0.3775,0.2467,0.0563,0.3341,0.3333,0.3325,0.0458,0.0611,0.086,0.2538,0.5534,0.9242,0.0564,0.0195,0.2741,0.6756,0.0503,0.1507,0.1518,0.1914,0.1938,0.3123,0.0646,0.3965,0.5388
3230,Quan họ,quanho/audio_19_060.wav,1,0.0234,0.0607,0.0395,0.3222,0.5542,0.3344,0.3333,0.3323,0.0554,0.5925,0.3379,0.0118,0.0024,0.0032,0.9935,0.0034,0.0067,0.9844,0.0089,0.1484,0.1501,0.209,0.2124,0.2801,0.1454,0.8244,0.0301
3231,Quan họ,quanho/audio_19_060.wav,2,0.0174,0.0596,0.0449,0.805,0.0731,0.3348,0.3333,0.3319,0.975,0.0192,0.0046,0.0009,0.0003,0.0049,0.9893,0.0058,0.0067,0.9844,0.0089,0.1505,0.1519,0.201,0.2038,0.2927,0.5862,0.378,0.0357
3232,Quan họ,quanho/audio_14_216.wav,1,0.0094,0.0226,0.0168,0.1073,0.844,0.334,0.3333,0.3327,0.0453,0.1273,0.7804,0.0412,0.0059,0.0591,0.691,0.2499,0.0067,0.9844,0.0089,0.1628,0.1645,0.2182,0.2208,0.2338,0.193,0.7728,0.0342
3233,Quan họ,quanho/audio_14_216.wav,2,0.0016,0.0034,0.0031,0.0129,0.9791,0.3343,0.3333,0.3325,0.0518,0.3331,0.5965,0.0156,0.0031,0.0202,0.9332,0.0466,0.0067,0.9844,0.0089,0.1603,0.1615,0.2045,0.2068,0.2669,0.0723,0.5409,0.3868
3234,Quan họ,quanho/audio_22_108.wav,1,0.0403,0.7883,0.0483,0.1034,0.0198,0.3355,0.3329,0.3316,0.0719,0.8216,0.0967,0.008,0.0019,0.0355,0.9014,0.0631,0.0067,0.9844,0.0089,0.166,0.1672,0.2079,0.21,0.2489,0.0103,0.985,0.0047
3235,Quan họ,quanho/audio_22_108.wav,2,0.029,0.8473,0.0551,0.0573,0.0113,0.334,0.3332,0.3328,0.1828,0.7635,0.0467,0.0056,0.0014,0.0293,0.8996,0.0711,0.9905,0.0078,0.0017,0.1739,0.1748,0.2031,0.2045,0.2436,0.4064,0.5534,0.0402
3236,Quan họ,quanho/audio_14_041.wav,1,0.0254,0.0875,0.0406,0.7231,0.1234,0.3346,0.3331,0.3322,0.0479,0.7557,0.1865,0.0083,0.0017,0.0435,0.8201,0.1364,0.0067,0.9844,0.0089,0.2075,0.2076,0.2058,0.2054,0.1737,0.0005,0.9991,0.0004
3237,Quan họ,quanho/audio_14_041.wav,2,0.0636,0.1805,0.0807,0.4587,0.2165,0.3347,0.3331,0.3322,0.3257,0.6101,0.0551,0.0072,0.0019,0.0274,0.9219,0.0508,0.0067,0.9844,0.0089,0.1935,0.1942,0.2082,0.2086,0.1954,0.6909,0.2789,0.0301
3238,Quan họ,quanho/audio_19_077.wav,1,0.0008,0.0019,0.0016,0.0077,0.9879,0.3338,0.3332,0.333,0.1005,0.8093,0.0809,0.0075,0.0017,0.059,0.8466,0.0944,0.0067,0.9844,0.0089,0.1676,0.169,0.2126,0.2147,0.236,0.956,0.0379,0.0061
3239,Quan họ,quanho/audio_19_077.wav,2,0.0196,0.0499,0.0421,0.3023,0.586,0.3345,0.3332,0.3323,0.0357,0.0965,0.8079,0.0532,0.0067,0.0446,0.7833,0.1721,0.0067,0.9844,0.0089,0.1616,0.1632,0.2154,0.2179,0.2419,0.0236,0.9471,0.0293
3240,Quan họ,quanho/audio_15_107.wav,1,0.0285,0.0717,0.0454,0.3136,0.5408,0.3321,0.3336,0.3344,0.017,0.0873,0.8876,0.0068,0.0012,0.0433,0.3679,0.5888,0.0372,0.9449,0.0179,0.1651,0.1662,0.2006,0.2025,0.2655,0.5612,0.402,0.0368
3241,Quan họ,quanho/audio_15_107.wav,2,0.0195,0.0563,0.038,0.585,0.3013,0.3331,0.3334,0.3336,0.013,0.0642,0.9164,0.0055,0.001,0.0406,0.3169,0.6425,0.0372,0.9449,0.0179,0.1735,0.1744,0.2021,0.2035,0.2464,0.0028,0.9958,0.0015
3242,Quan họ,quanho/audio_7_035.wav,1,0.0143,0.0747,0.0317,0.8515,0.0278,0.3349,0.3332,0.332,0.122,0.6549,0.2035,0.0161,0.0035,0.1737,0.7646,0.0617,0.2741,0.6756,0.0503,0.1583,0.1593,0.1954,0.1975,0.2894,0.1145,0.8588,0.0266
3243,Quan họ,quanho/audio_7_035.wav,2,0.1354,0.0864,0.722,0.0385,0.0177,0.3342,0.3333,0.3324,0.8391,0.1097,0.039,0.0093,0.0029,0.6227,0.2432,0.1341,0.2741,0.6756,0.0503,0.1812,0.1818,0.202,0.203,0.232,0.9279,0.0569,0.0152
3244,Quan họ,quanho/audio_17_118.wav,1,0.061,0.2967,0.0771,0.4795,0.0857,0.3321,0.3336,0.3343,0.044,0.2698,0.6703,0.0134,0.0025,0.0378,0.8587,0.1035,0.0372,0.9449,0.0179,0.1565,0.1576,0.1962,0.1984,0.2912,0.4816,0.4792,0.0392
3245,Quan họ,quanho/audio_17_118.wav,2,0.0125,0.0405,0.0281,0.8344,0.0845,0.3333,0.3334,0.3334,0.0178,0.0766,0.895,0.009,0.0016,0.0493,0.8088,0.1419,0.0372,0.9449,0.0179,0.1769,0.1776,0.2011,0.2023,0.242,0.0725,0.6199,0.3077
3246,Quan họ,quanho/audio_18_035.wav,1,0.0536,0.2812,0.1808,0.4262,0.0582,0.3335,0.3335,0.333,0.0007,0.9984,0.0008,0.0001,0.0,0.0065,0.9836,0.0099,0.0067,0.9844,0.0089,0.2166,0.2166,0.2071,0.2062,0.1536,0.9938,0.0052,0.001
3247,Quan họ,quanho/audio_18_035.wav,2,0.7055,0.1036,0.1513,0.0279,0.0117,0.3335,0.3336,0.3329,0.3043,0.5811,0.0987,0.0127,0.0032,0.0056,0.9887,0.0057,0.8989,0.0759,0.0252,0.2824,0.2784,0.1793,0.1754,0.0845,0.9512,0.0421,0.0067
3248,Quan họ,quanho/audio_2_042.wav,1,0.0538,0.0477,0.8631,0.0244,0.0111,0.3323,0.3334,0.3342,0.2041,0.4591,0.2925,0.0365,0.0079,0.6333,0.315,0.0517,0.0067,0.9844,0.0089,0.159,0.1604,0.2078,0.2103,0.2625,0.9672,0.0265,0.0064
3249,Quan họ,quanho/audio_2_042.wav,2,0.0225,0.0656,0.053,0.6522,0.2068,0.3341,0.3333,0.3326,0.8028,0.1286,0.0505,0.0136,0.0045,0.1252,0.8208,0.0539,0.0067,0.9844,0.0089,0.1248,0.1261,0.1781,0.1815,0.3895,0.9995,0.0004,0.0001
3250,Quan họ,quanho/audio_26_017.wav,1,0.0561,0.1315,0.668,0.1079,0.0365,0.3323,0.3335,0.3342,0.0489,0.7468,0.1941,0.0085,0.0018,0.902,0.0808,0.0172,0.8674,0.0982,0.0344,0.1788,0.1798,0.2073,0.2086,0.2256,0.6535,0.3141,0.0324
3251,Quan họ,quanho/audio_26_017.wav,2,0.0044,0.0205,0.0094,0.9545,0.0112,0.3327,0.3335,0.3338,0.2005,0.2272,0.2365,0.2012,0.1345,0.0366,0.2117,0.7517,0.8398,0.1172,0.043,0.1937,0.1941,0.2045,0.2049,0.2028,0.0422,0.8852,0.0726
3252,Quan họ,quanho/audio_7_024.wav,1,0.1898,0.5896,0.0931,0.0956,0.0318,0.334,0.3332,0.3328,0.3254,0.5372,0.1177,0.0158,0.0039,0.1532,0.7749,0.0719,0.0067,0.9844,0.0089,0.1927,0.1941,0.2229,0.2234,0.1669,0.9637,0.0312,0.0051
3253,Quan họ,quanho/audio_7_024.wav,2,0.0257,0.1175,0.0405,0.7557,0.0607,0.3344,0.3331,0.3325,0.2199,0.5128,0.2328,0.0282,0.0063,0.8284,0.1435,0.0281,0.0067,0.9844,0.0089,0.1291,0.1306,0.1895,0.1932,0.3575,0.9247,0.0655,0.0098
3254,Quan họ,quanho/audio_23_022.wav,1,0.0441,0.0919,0.1124,0.2795,0.4721,0.3342,0.3332,0.3325,0.0785,0.7387,0.1697,0.0108,0.0023,0.5963,0.3486,0.055,0.0372,0.9449,0.0179,0.1428,0.1445,0.2057,0.2093,0.2977,0.2018,0.7634,0.0348
3255,Quan họ,quanho/audio_23_022.wav,2,0.0213,0.0531,0.0471,0.2954,0.5831,0.3342,0.3334,0.3324,0.0486,0.0918,0.2491,0.5847,0.0258,0.1169,0.8321,0.051,0.0372,0.9449,0.0179,0.2035,0.2046,0.221,0.2207,0.1502,0.2976,0.6633,0.0391
3256,Quan họ,quanho/audio_13_046.wav,1,0.0521,0.4102,0.074,0.4109,0.0529,0.3328,0.3332,0.334,0.0116,0.0152,0.0212,0.0739,0.8781,0.0488,0.7935,0.1577,0.0263,0.1483,0.8254,0.1348,0.1362,0.1872,0.1904,0.3514,0.9986,0.0012,0.0002
3257,Quan họ,quanho/audio_13_046.wav,2,0.0222,0.08,0.0359,0.7656,0.0963,0.3338,0.3333,0.3328,0.0005,0.0007,0.0009,0.0025,0.9954,0.0489,0.6524,0.2987,0.0263,0.1483,0.8254,0.154,0.1552,0.1966,0.1989,0.2954,0.2415,0.7215,0.0371
3258,Quan họ,quanho/audio_0_038.wav,1,0.0268,0.1726,0.0522,0.7086,0.0398,0.3336,0.3336,0.3327,0.0599,0.1358,0.6063,0.1813,0.0167,0.0562,0.6132,0.3305,0.0372,0.9449,0.0179,0.1659,0.1671,0.2036,0.2055,0.2579,0.0031,0.0109,0.986
3259,Quan họ,quanho/audio_0_038.wav,2,0.071,0.4353,0.0828,0.3451,0.0659,0.3342,0.3335,0.3323,0.0043,0.0191,0.9741,0.0021,0.0004,0.0549,0.5328,0.4122,0.0372,0.9449,0.0179,0.2037,0.2043,0.2126,0.2124,0.1669,0.0308,0.9579,0.0113
3260,Quan họ,quanho/audio_20_134.wav,1,0.023,0.0711,0.0589,0.7145,0.1325,0.3341,0.3332,0.3327,0.096,0.5132,0.3666,0.0201,0.004,0.707,0.2508,0.0422,0.0372,0.9449,0.0179,0.1935,0.1942,0.2087,0.2091,0.1944,0.5088,0.4527,0.0385
3261,Quan họ,quanho/audio_20_134.wav,2,0.0282,0.0921,0.0448,0.6752,0.1597,0.3331,0.3334,0.3335,0.9989,0.0008,0.0002,0.0,0.0,0.3711,0.5686,0.0603,0.0372,0.9449,0.0179,0.1972,0.1976,0.2052,0.2054,0.1946,0.9991,0.0008,0.0002
3262,Quan họ,quanho/audio_23_007.wav,1,0.0082,0.0402,0.018,0.9151,0.0186,0.3322,0.3335,0.3343,0.0505,0.7799,0.16,0.0079,0.0017,0.0238,0.9218,0.0543,0.0067,0.9844,0.0089,0.1302,0.1318,0.1962,0.2003,0.3415,0.9947,0.0045,0.0008
3263,Quan họ,quanho/audio_23_007.wav,2,0.0092,0.0392,0.0221,0.9049,0.0246,0.3326,0.3334,0.334,0.0378,0.9128,0.0451,0.0035,0.0008,0.009,0.0435,0.9476,0.0067,0.9844,0.0089,0.1653,0.1666,0.2091,0.2112,0.2478,0.9979,0.0017,0.0004
3264,Quan họ,quanho/audio_23_151.wav,1,0.0531,0.7445,0.0566,0.1205,0.0253,0.3342,0.3332,0.3326,0.0611,0.6385,0.2856,0.0123,0.0026,0.0601,0.688,0.2518,0.0067,0.9844,0.0089,0.1698,0.1712,0.2119,0.2138,0.2334,0.8968,0.0902,0.0129
3265,Quan họ,quanho/audio_23_151.wav,2,0.0198,0.1133,0.0426,0.7905,0.0337,0.3339,0.3332,0.3329,0.0735,0.4993,0.4054,0.018,0.0038,0.0939,0.6003,0.3058,0.0067,0.9844,0.0089,0.1936,0.1942,0.2085,0.2089,0.1948,0.8705,0.1139,0.0156
3266,Quan họ,quanho/audio_26_051.wav,1,0.0159,0.031,0.0266,0.0852,0.8414,0.334,0.3334,0.3326,0.047,0.1424,0.7628,0.0411,0.0067,0.0845,0.8788,0.0367,0.0372,0.9449,0.0179,0.1744,0.1752,0.2014,0.2028,0.2462,0.0119,0.9764,0.0117
3267,Quan họ,quanho/audio_26_051.wav,2,0.0005,0.0012,0.001,0.0047,0.9926,0.3349,0.3332,0.332,0.0465,0.3457,0.5926,0.0128,0.0025,0.2294,0.7053,0.0653,0.7604,0.1691,0.0705,0.1352,0.1366,0.1903,0.1936,0.3443,0.3019,0.6589,0.0392
3268,Quan họ,quanho/audio_5_046.wav,1,0.0271,0.853,0.0492,0.0595,0.0113,0.333,0.3333,0.3336,0.8971,0.0709,0.0243,0.0058,0.0018,0.0332,0.1833,0.7835,0.9905,0.0078,0.0017,0.1617,0.1631,0.206,0.2082,0.2611,0.8819,0.0913,0.0269
3269,Quan họ,quanho/audio_5_046.wav,2,0.0525,0.2596,0.0703,0.5358,0.0817,0.333,0.3333,0.3337,0.9514,0.0384,0.0083,0.0015,0.0004,0.0135,0.0699,0.9167,0.0263,0.1483,0.8254,0.1657,0.1669,0.2051,0.207,0.2552,0.9858,0.0121,0.0021
3270,Quan họ,quanho/audio_9_074.wav,1,0.0176,0.0461,0.0325,0.2917,0.6121,0.3336,0.3336,0.3328,0.1387,0.6659,0.1737,0.0175,0.0043,0.0547,0.5878,0.3575,0.0372,0.9449,0.0179,0.1871,0.1878,0.2066,0.2073,0.2112,0.0009,0.9984,0.0007
3271,Quan họ,quanho/audio_9_074.wav,2,0.0158,0.04,0.0282,0.2173,0.6987,0.334,0.3335,0.3324,0.0659,0.7299,0.1908,0.011,0.0024,0.0513,0.6154,0.3332,0.0067,0.9844,0.0089,0.1826,0.1835,0.2067,0.2077,0.2195,0.5067,0.4547,0.0386
3272,Quan họ,quanho/audio_22_096.wav,1,0.0096,0.0387,0.0169,0.9004,0.0345,0.3336,0.3336,0.3328,0.0796,0.5186,0.3813,0.0171,0.0034,0.7571,0.207,0.036,0.0542,0.7019,0.2439,0.1403,0.1416,0.1894,0.1923,0.3365,0.0191,0.9591,0.0218
3273,Quan họ,quanho/audio_22_096.wav,2,0.0111,0.0481,0.0193,0.8885,0.033,0.3344,0.3334,0.3322,0.0286,0.1639,0.7954,0.0102,0.0019,0.0472,0.925,0.0278,0.0542,0.7019,0.2439,0.1394,0.1407,0.1882,0.1912,0.3405,0.4296,0.5303,0.0401
3274,Quan họ,quanho/audio_17_055.wav,1,0.0684,0.554,0.2315,0.1195,0.0265,0.3344,0.3333,0.3324,0.079,0.1594,0.4861,0.2524,0.0231,0.8644,0.0982,0.0374,0.0067,0.9844,0.0089,0.211,0.2107,0.2022,0.2017,0.1744,0.0001,0.0003,0.9996
3275,Quan họ,quanho/audio_17_055.wav,2,0.0113,0.0276,0.0201,0.1322,0.8088,0.3339,0.3333,0.3329,0.0582,0.2444,0.6677,0.025,0.0048,0.7048,0.2521,0.0432,0.0067,0.9844,0.0089,0.1977,0.1981,0.2065,0.2066,0.1911,0.0492,0.8543,0.0965
3276,Quan họ,quanho/audio_27_065.wav,1,0.0405,0.151,0.1345,0.5916,0.0825,0.3333,0.3333,0.3333,0.0068,0.0108,0.0205,0.9513,0.0107,0.1095,0.7139,0.1766,0.996,0.0032,0.0008,0.1963,0.1968,0.2072,0.2075,0.1922,0.0021,0.9967,0.0012
3277,Quan họ,quanho/audio_27_065.wav,2,0.0341,0.1513,0.1014,0.6526,0.0606,0.3331,0.3334,0.3335,0.1454,0.5936,0.2318,0.0235,0.0057,0.0611,0.581,0.3579,0.2741,0.6756,0.0503,0.2077,0.2076,0.2029,0.2025,0.1792,0.0079,0.9851,0.0071
3278,Quan họ,quanho/audio_21_083.wav,1,0.0326,0.0817,0.0505,0.3328,0.5025,0.3319,0.3337,0.3344,0.0053,0.0087,0.0181,0.9624,0.0055,0.0501,0.5554,0.3945,0.0372,0.9449,0.0179,0.1731,0.174,0.2033,0.2047,0.245,0.0509,0.8457,0.1033
3279,Quan họ,quanho/audio_21_083.wav,2,0.0036,0.0074,0.0067,0.0241,0.9583,0.3332,0.3334,0.3334,0.0364,0.1583,0.7853,0.0169,0.0031,0.0254,0.1499,0.8247,0.9336,0.0507,0.0157,0.1885,0.1891,0.2043,0.205,0.2131,0.1082,0.866,0.0258
3280,Quan họ,quanho/audio_23_018.wav,1,0.0312,0.081,0.0778,0.4635,0.3465,0.3338,0.3333,0.3329,0.0454,0.3327,0.6067,0.0128,0.0025,0.0099,0.9807,0.0095,0.2741,0.6756,0.0503,0.2306,0.2299,0.2025,0.2009,0.136,0.4889,0.4721,0.039
3281,Quan họ,quanho/audio_23_018.wav,2,0.0117,0.029,0.0227,0.1613,0.7753,0.3341,0.3333,0.3326,0.0866,0.391,0.4892,0.0275,0.0057,0.0314,0.8931,0.0755,0.2741,0.6756,0.0503,0.2136,0.2138,0.2085,0.2078,0.1563,0.0008,0.9987,0.0005
3282,Quan họ,quanho/audio_22_019.wav,1,0.0334,0.0966,0.0522,0.535,0.2828,0.3323,0.3336,0.3341,0.0755,0.1592,0.5408,0.2047,0.0199,0.0128,0.9756,0.0116,0.0067,0.9844,0.0089,0.1905,0.1912,0.2088,0.2093,0.2002,0.0728,0.5891,0.3381
3283,Quan họ,quanho/audio_22_019.wav,2,0.0223,0.0806,0.0362,0.7636,0.0973,0.3322,0.3336,0.3342,0.2069,0.6765,0.1022,0.0116,0.0028,0.9135,0.0715,0.015,0.0067,0.9844,0.0089,0.1569,0.1585,0.2135,0.2164,0.2547,0.9977,0.0019,0.0004
3284,Quan họ,quanho/audio_28_033.wav,1,0.0226,0.1338,0.0412,0.7643,0.038,0.3329,0.3333,0.3338,0.9971,0.0023,0.0006,0.0001,0.0,0.0048,0.022,0.9732,0.0542,0.7019,0.2439,0.1508,0.1522,0.2036,0.2064,0.287,0.9912,0.0072,0.0016
3285,Quan họ,quanho/audio_28_033.wav,2,0.1095,0.7348,0.0664,0.0689,0.0205,0.3343,0.3332,0.3326,0.7331,0.1665,0.072,0.0211,0.0073,0.0601,0.4261,0.5138,0.8965,0.0877,0.0157,0.1554,0.1567,0.2008,0.2033,0.2838,0.9327,0.0533,0.014
3286,Quan họ,quanho/audio_21_037.wav,1,0.0201,0.0916,0.0329,0.805,0.0504,0.3348,0.3332,0.332,0.0508,0.2453,0.6807,0.0194,0.0037,0.0491,0.75,0.201,0.0372,0.9449,0.0179,0.1964,0.1969,0.2073,0.2076,0.1918,0.9814,0.0158,0.0027
3287,Quan họ,quanho/audio_21_037.wav,2,0.0101,0.0498,0.0227,0.8953,0.0221,0.334,0.3332,0.3329,0.0077,0.0126,0.0258,0.9461,0.0079,0.0472,0.7725,0.1804,0.0372,0.9449,0.0179,0.211,0.2112,0.2087,0.2081,0.1609,0.932,0.059,0.009
3288,Quan họ,quanho/audio_9_099.wav,1,0.0589,0.282,0.2256,0.3733,0.0602,0.3341,0.3332,0.3327,0.0647,0.238,0.6662,0.0265,0.0047,0.0141,0.9614,0.0245,0.0067,0.9844,0.0089,0.1815,0.1826,0.2126,0.2137,0.2096,0.6987,0.2716,0.0296
3289,Quan họ,quanho/audio_9_099.wav,2,0.0592,0.1872,0.2571,0.4014,0.0951,0.3342,0.3332,0.3326,0.0111,0.0536,0.9297,0.0048,0.0008,0.0264,0.9278,0.0458,0.0067,0.9844,0.0089,0.18,0.1809,0.2074,0.2085,0.2231,0.0001,0.9999,0.0001
3290,Quan họ,quanho/audio_28_139.wav,1,0.0855,0.1508,0.4252,0.2125,0.126,0.3338,0.3333,0.3329,0.275,0.6424,0.0714,0.0089,0.0022,0.9235,0.0572,0.0193,0.2741,0.6756,0.0503,0.1716,0.1729,0.2106,0.2124,0.2325,0.9875,0.0106,0.0019
3291,Quan họ,quanho/audio_28_139.wav,2,0.0452,0.2239,0.0635,0.5903,0.0771,0.3342,0.3334,0.3324,0.0229,0.0835,0.876,0.015,0.0025,0.9404,0.0485,0.0111,0.0067,0.9844,0.0089,0.1208,0.1222,0.1783,0.182,0.3968,0.3473,0.6126,0.0401
3292,Quan họ,quanho/audio_21_081.wav,1,0.0046,0.0103,0.008,0.0395,0.9377,0.3333,0.3334,0.3333,0.0299,0.1529,0.8031,0.0119,0.0022,0.0347,0.252,0.7133,0.0067,0.9844,0.0089,0.1791,0.1798,0.2015,0.2026,0.237,0.1941,0.7717,0.0343
3293,Quan họ,quanho/audio_21_081.wav,2,0.0328,0.0828,0.0508,0.3437,0.4899,0.332,0.3336,0.3343,0.0192,0.1024,0.8696,0.0075,0.0014,0.048,0.4648,0.4873,0.0067,0.9844,0.0089,0.1717,0.1726,0.203,0.2046,0.2481,0.201,0.7642,0.0348
3294,Quan họ,quanho/audio_3_128.wav,1,0.0339,0.1591,0.0983,0.6518,0.0569,0.3335,0.3333,0.3332,0.1513,0.6619,0.1676,0.0157,0.0035,0.0596,0.6472,0.2932,0.64,0.3185,0.0415,0.2393,0.2395,0.2104,0.2076,0.1031,0.6991,0.2713,0.0296
3295,Quan họ,quanho/audio_3_128.wav,2,0.0118,0.0616,0.0251,0.8775,0.0239,0.3335,0.3333,0.3332,0.2178,0.6371,0.1271,0.0146,0.0035,0.0349,0.2056,0.7595,0.8965,0.0877,0.0157,0.2299,0.2295,0.2045,0.2028,0.1332,0.0355,0.9104,0.0541
3296,Quan họ,quanho/audio_25_148.wav,1,0.002,0.0046,0.0038,0.0197,0.9698,0.3335,0.3333,0.3332,0.0023,0.0036,0.0068,0.9837,0.0036,0.0312,0.2019,0.7669,0.0372,0.9449,0.0179,0.1845,0.1852,0.2036,0.2044,0.2224,0.0675,0.7221,0.2104
3297,Quan họ,quanho/audio_25_148.wav,2,0.0377,0.0983,0.0569,0.4007,0.4064,0.3318,0.3336,0.3345,0.0186,0.0989,0.874,0.0072,0.0013,0.0501,0.5104,0.4395,0.0372,0.9449,0.0179,0.1667,0.1677,0.2011,0.2029,0.2615,0.8362,0.1449,0.0189
3298,Quan họ,quanho/audio_22_081.wav,1,0.0398,0.2797,0.0936,0.5405,0.0464,0.3337,0.3335,0.3328,0.1614,0.7818,0.0497,0.0057,0.0014,0.1737,0.7729,0.0534,0.8965,0.0877,0.0157,0.2028,0.2034,0.2112,0.211,0.1716,0.1098,0.8642,0.026
3299,Quan họ,quanho/audio_22_081.wav,2,0.0454,0.1383,0.1547,0.5359,0.1258,0.3324,0.3336,0.334,0.04,0.0506,0.0663,0.1495,0.6936,0.7802,0.1719,0.0478,0.0372,0.9449,0.0179,0.2155,0.2155,0.2053,0.2045,0.1592,0.0222,0.0564,0.9214
3300,Quan họ,quanho/audio_12_022.wav,1,0.0277,0.0637,0.043,0.2199,0.6456,0.3322,0.3334,0.3344,0.9033,0.0681,0.0221,0.005,0.0015,0.0475,0.4007,0.5518,0.0067,0.9844,0.0089,0.1424,0.1436,0.1895,0.1923,0.3322,0.8748,0.0964,0.0288
3301,Quan họ,quanho/audio_12_022.wav,2,0.0501,0.1192,0.0695,0.3489,0.4124,0.333,0.3332,0.3338,0.877,0.0845,0.0294,0.007,0.0022,0.038,0.2264,0.7357,0.0067,0.9844,0.0089,0.1484,0.1496,0.1947,0.1973,0.3099,0.8205,0.1349,0.0446
3302,Quan họ,quanho/audio_28_196.wav,1,0.001,0.0044,0.0021,0.9894,0.0031,0.3346,0.3332,0.3321,0.8701,0.0958,0.0268,0.0056,0.0017,0.764,0.2006,0.0354,0.0067,0.9844,0.0089,0.182,0.183,0.2092,0.2103,0.2156,0.9946,0.0045,0.001
3303,Quan họ,quanho/audio_28_196.wav,2,0.0467,0.2747,0.0667,0.547,0.0649,0.3342,0.3332,0.3326,0.0609,0.3014,0.6152,0.019,0.0035,0.5315,0.4118,0.0567,0.0067,0.9844,0.0089,0.1483,0.1499,0.2055,0.2087,0.2875,0.0453,0.8724,0.0823
3304,Quan họ,quanho/audio_9_073.wav,1,0.0433,0.0812,0.0982,0.2068,0.5705,0.3336,0.3335,0.3329,0.3878,0.4311,0.1459,0.0273,0.008,0.0198,0.1083,0.8719,0.0263,0.1483,0.8254,0.2071,0.2071,0.2032,0.2029,0.1796,0.9987,0.0011,0.0002
3305,Quan họ,quanho/audio_9_073.wav,2,0.005,0.0116,0.01,0.0499,0.9235,0.3341,0.3335,0.3324,0.3569,0.4882,0.1282,0.0208,0.0058,0.0419,0.3369,0.6212,0.0067,0.9844,0.0089,0.1811,0.1821,0.2085,0.2096,0.2187,0.0535,0.9298,0.0167
3306,Quan họ,quanho/audio_23_024.wav,1,0.0477,0.1078,0.134,0.3623,0.3482,0.3347,0.3332,0.3321,0.0445,0.8562,0.0921,0.0059,0.0013,0.0268,0.9501,0.0232,0.0372,0.9449,0.0179,0.2269,0.2265,0.2047,0.2032,0.1388,0.4412,0.5188,0.0399
3307,Quan họ,quanho/audio_23_024.wav,2,0.0149,0.0368,0.0309,0.2032,0.7141,0.3348,0.3331,0.3321,0.0207,0.9642,0.0135,0.0013,0.0003,0.1108,0.845,0.0443,0.0372,0.9449,0.0179,0.2279,0.2275,0.2055,0.2039,0.1353,0.4532,0.507,0.0397
3308,Quan họ,quanho/audio_17_015.wav,1,0.0339,0.1006,0.0525,0.5628,0.2502,0.335,0.3331,0.3319,0.1085,0.7119,0.162,0.0142,0.0034,0.0464,0.8056,0.148,0.0067,0.9844,0.0089,0.2021,0.2029,0.2146,0.2145,0.1658,0.0167,0.965,0.0182
3309,Quan họ,quanho/audio_17_015.wav,2,0.0635,0.1645,0.0814,0.4192,0.2715,0.3351,0.3331,0.3318,0.0939,0.5103,0.3719,0.0199,0.004,0.0444,0.8284,0.1272,0.0372,0.9449,0.0179,0.197,0.1978,0.2136,0.2138,0.1778,0.1204,0.8523,0.0274
3310,Quan họ,quanho/audio_28_168.wav,1,0.0412,0.0839,0.7935,0.0596,0.0217,0.3338,0.3334,0.3327,0.0759,0.0923,0.1139,0.1996,0.5182,0.0506,0.7883,0.161,0.0372,0.9449,0.0179,0.2468,0.2452,0.1959,0.1935,0.1185,0.0776,0.1586,0.7638
3311,Quan họ,quanho/audio_28_168.wav,2,0.0474,0.386,0.1135,0.4084,0.0447,0.3344,0.3336,0.3321,0.0225,0.0721,0.8822,0.0201,0.0031,0.0513,0.37,0.5787,0.0372,0.9449,0.0179,0.1518,0.1531,0.1979,0.2004,0.2968,0.0582,0.9242,0.0176
3312,Quan họ,quanho/audio_14_001.wav,1,0.0204,0.0522,0.0442,0.3224,0.5607,0.3342,0.3332,0.3326,0.0215,0.0278,0.0388,0.1378,0.7741,0.0239,0.9152,0.0609,0.0372,0.9449,0.0179,0.1733,0.1743,0.2045,0.206,0.242,0.0091,0.0345,0.9564
3313,Quan họ,quanho/audio_14_001.wav,2,0.0309,0.0962,0.0885,0.6566,0.1278,0.3342,0.3333,0.3325,0.0133,0.0482,0.9289,0.0083,0.0013,0.0497,0.5323,0.4181,0.0372,0.9449,0.0179,0.1755,0.1765,0.2041,0.2054,0.2385,0.0557,0.9271,0.0171
3314,Quan họ,quanho/audio_14_205.wav,1,0.1263,0.0983,0.7291,0.0331,0.0132,0.3342,0.3335,0.3323,0.8489,0.1009,0.0374,0.0096,0.0031,0.7686,0.1959,0.0354,0.64,0.3185,0.0415,0.1353,0.1367,0.1922,0.1956,0.3402,0.9998,0.0001,0.0
3315,Quan họ,quanho/audio_14_205.wav,2,0.0004,0.0017,0.0009,0.9953,0.0017,0.3346,0.3332,0.3322,0.0645,0.1473,0.6354,0.1383,0.0146,0.02,0.9327,0.0473,0.0067,0.9844,0.0089,0.1405,0.1418,0.1902,0.1932,0.3343,0.3356,0.6244,0.0399
3316,Quan họ,quanho/audio_27_156.wav,1,0.0567,0.2275,0.2274,0.4165,0.072,0.3336,0.3333,0.333,0.4981,0.3168,0.1381,0.0353,0.0117,0.0471,0.4486,0.5043,0.0542,0.7019,0.2439,0.2266,0.2258,0.2006,0.1992,0.1477,0.8926,0.0834,0.024
3317,Quan họ,quanho/audio_27_156.wav,2,0.0632,0.1417,0.2235,0.358,0.2136,0.3344,0.3333,0.3323,0.1148,0.1522,0.1995,0.3039,0.2295,0.0556,0.6138,0.3306,0.0422,0.1103,0.8475,0.2115,0.2113,0.2028,0.2022,0.1722,0.0539,0.1195,0.8267
3318,Quan họ,quanho/audio_3_017.wav,1,0.003,0.0135,0.0066,0.9685,0.0084,0.3339,0.3333,0.3328,0.0115,0.0567,0.9259,0.0049,0.0009,0.0497,0.6795,0.2708,0.0372,0.9449,0.0179,0.1593,0.1606,0.2047,0.2071,0.2683,0.0045,0.9932,0.0023
3319,Quan họ,quanho/audio_3_017.wav,2,0.0193,0.0505,0.0345,0.3074,0.5883,0.3344,0.3333,0.3323,0.0549,0.0877,0.1583,0.6223,0.0768,0.415,0.5223,0.0628,0.0372,0.9449,0.0179,0.1501,0.1513,0.1939,0.1964,0.3082,0.0184,0.0478,0.9338
3320,Quan họ,quanho/audio_25_165.wav,1,0.0189,0.0579,0.0345,0.693,0.1958,0.3342,0.3331,0.3327,0.0341,0.092,0.8171,0.0506,0.0062,0.0192,0.9556,0.0252,0.0067,0.9844,0.0089,0.1769,0.1783,0.2176,0.2191,0.208,0.0311,0.1395,0.8295
3321,Quan họ,quanho/audio_25_165.wav,2,0.0332,0.0897,0.052,0.4392,0.3859,0.3341,0.3331,0.3327,0.9744,0.0187,0.0054,0.0011,0.0003,0.028,0.9531,0.0189,0.0067,0.9844,0.0089,0.1759,0.1773,0.2162,0.2178,0.2129,0.9437,0.0448,0.0115
3322,Quan họ,quanho/audio_17_100.wav,1,0.056,0.1442,0.075,0.4176,0.3072,0.333,0.3331,0.3339,0.0441,0.2806,0.6597,0.0131,0.0025,0.0205,0.093,0.8865,0.0372,0.9449,0.0179,0.1546,0.1557,0.1939,0.1961,0.2998,0.8979,0.0795,0.0226
3323,Quan họ,quanho/audio_17_100.wav,2,0.0257,0.0635,0.0414,0.2723,0.5971,0.3322,0.3334,0.3344,0.3714,0.4376,0.1589,0.0257,0.0064,0.0515,0.5614,0.3871,0.0067,0.9844,0.0089,0.1399,0.1412,0.1887,0.1916,0.3386,0.9748,0.0204,0.0048
3324,Quan họ,quanho/audio_18_061.wav,1,0.0387,0.1137,0.0578,0.5384,0.2514,0.3309,0.3337,0.3354,0.8744,0.0988,0.0218,0.0039,0.0011,0.0095,0.9734,0.0172,0.0067,0.9844,0.0089,0.188,0.1888,0.2083,0.2089,0.206,0.9406,0.0472,0.0122
3325,Quan họ,quanho/audio_18_061.wav,2,0.0175,0.0583,0.0306,0.7771,0.1165,0.3319,0.3336,0.3345,0.9848,0.0116,0.0029,0.0006,0.0002,0.0025,0.9943,0.0033,0.0067,0.9844,0.0089,0.1833,0.1841,0.2068,0.2077,0.2181,0.876,0.0956,0.0285
3326,Quan họ,quanho/audio_5_133.wav,1,0.031,0.1923,0.0721,0.661,0.0436,0.3346,0.3331,0.3322,0.8313,0.1115,0.0425,0.0111,0.0036,0.9861,0.0108,0.0031,0.2741,0.6756,0.0503,0.1516,0.1527,0.1919,0.1943,0.3095,0.9898,0.0084,0.0018
3327,Quan họ,quanho/audio_5_133.wav,2,0.0227,0.0628,0.0402,0.4487,0.4256,0.3353,0.3331,0.3316,0.0288,0.0854,0.8498,0.0315,0.0045,0.3316,0.6047,0.0636,0.2741,0.6756,0.0503,0.165,0.1663,0.2075,0.2096,0.2517,0.0009,0.9986,0.0005
3328,Quan họ,quanho/audio_8_081.wav,1,0.0427,0.1841,0.0602,0.6217,0.0913,0.3357,0.3329,0.3313,0.2831,0.6041,0.0961,0.0132,0.0035,0.1594,0.7709,0.0696,0.0067,0.9844,0.0089,0.1806,0.1818,0.2147,0.216,0.2069,0.3748,0.5849,0.0403
3329,Quan họ,quanho/audio_8_081.wav,2,0.0531,0.4174,0.0744,0.402,0.0531,0.335,0.3331,0.3319,0.0073,0.0303,0.9578,0.0038,0.0006,0.0414,0.8816,0.077,0.0067,0.9844,0.0089,0.1594,0.1607,0.2035,0.2058,0.2707,0.0083,0.9877,0.0039
3330,Quan họ,quanho/audio_2_084.wav,1,0.0621,0.3628,0.0784,0.4261,0.0706,0.333,0.3334,0.3336,0.0323,0.1342,0.8168,0.0143,0.0025,0.2661,0.6677,0.0662,0.0372,0.9449,0.0179,0.1769,0.1778,0.2053,0.2066,0.2335,0.7351,0.2378,0.0272
3331,Quan họ,quanho/audio_2_084.wav,2,0.003,0.0135,0.0058,0.9693,0.0084,0.3334,0.3332,0.3334,0.0177,0.0217,0.0276,0.0619,0.8711,0.0218,0.1082,0.8699,0.0372,0.9449,0.0179,0.1797,0.1805,0.2035,0.2046,0.2317,0.062,0.7758,0.1622
3332,Quan họ,quanho/audio_19_107.wav,1,0.0267,0.0677,0.0623,0.3878,0.4555,0.3348,0.3332,0.332,0.23,0.6834,0.0746,0.0095,0.0025,0.9849,0.0119,0.0033,0.0067,0.9844,0.0089,0.2271,0.2264,0.2025,0.2011,0.1429,0.0007,0.9988,0.0005
3333,Quan họ,quanho/audio_19_107.wav,2,0.0608,0.1883,0.6402,0.086,0.0247,0.3341,0.3332,0.3327,0.0752,0.1754,0.6392,0.0976,0.0127,0.8929,0.0784,0.0286,0.0067,0.9844,0.0089,0.211,0.2109,0.203,0.2024,0.1727,0.0525,0.8373,0.1101
3334,Quan họ,quanho/audio_22_109.wav,1,0.0503,0.3633,0.1354,0.4033,0.0477,0.3342,0.3332,0.3326,0.1727,0.5729,0.2269,0.0225,0.0049,0.9869,0.0103,0.0028,0.0067,0.9844,0.0089,0.1673,0.1684,0.2034,0.2052,0.2556,0.9039,0.084,0.0122
3335,Quan họ,quanho/audio_22_109.wav,2,0.0382,0.2988,0.0748,0.544,0.0443,0.3337,0.3332,0.3331,0.0081,0.0273,0.957,0.0066,0.001,0.3093,0.6277,0.063,0.969,0.0242,0.0069,0.1468,0.148,0.1913,0.1939,0.32,0.1555,0.8134,0.0311
3336,Quan họ,quanho/audio_4_149.wav,1,0.0729,0.149,0.2788,0.3039,0.1955,0.3339,0.3334,0.3327,0.3049,0.6149,0.0686,0.0092,0.0024,0.007,0.0327,0.9603,0.64,0.3185,0.0415,0.2294,0.2287,0.2011,0.1996,0.1411,0.0226,0.9501,0.0274
3337,Quan họ,quanho/audio_4_149.wav,2,0.0938,0.3116,0.5039,0.0701,0.0206,0.334,0.3334,0.3326,0.189,0.7565,0.0473,0.0057,0.0015,0.0332,0.2362,0.7306,0.0021,0.0073,0.9906,0.2309,0.23,0.1993,0.1977,0.142,0.0716,0.5159,0.4125
3338,Quan họ,quanho/audio_14_050.wav,1,0.0445,0.1492,0.1543,0.5515,0.1005,0.3344,0.3332,0.3325,0.0112,0.9795,0.0084,0.0007,0.0002,0.7826,0.184,0.0334,0.0542,0.7019,0.2439,0.2327,0.2318,0.2003,0.1986,0.1365,0.0215,0.9699,0.0086
3339,Quan họ,quanho/audio_14_050.wav,2,0.0037,0.0084,0.0072,0.0367,0.944,0.3343,0.3332,0.3325,0.0201,0.064,0.8949,0.0183,0.0027,0.6266,0.3179,0.0555,0.0067,0.9844,0.0089,0.2114,0.2115,0.206,0.2054,0.1657,0.0709,0.4984,0.4307
3340,Quan họ,quanho/audio_26_023.wav,1,0.0225,0.0551,0.0505,0.2881,0.5838,0.3326,0.3336,0.3338,0.0079,0.0337,0.9535,0.0042,0.0007,0.0546,0.7388,0.2066,0.9905,0.0078,0.0017,0.1161,0.1174,0.1729,0.1767,0.4169,0.6986,0.2717,0.0296
3341,Quan họ,quanho/audio_26_023.wav,2,0.0076,0.0184,0.014,0.0882,0.8717,0.3323,0.3336,0.3341,0.0679,0.2619,0.6337,0.0306,0.0059,0.0409,0.8373,0.1219,0.0067,0.9844,0.0089,0.1421,0.1435,0.1933,0.1963,0.3248,0.9446,0.0479,0.0075
3342,Quan họ,quanho/audio_10_034.wav,1,0.0605,0.1978,0.0771,0.5048,0.1598,0.3343,0.3332,0.3325,0.0454,0.2195,0.7139,0.0179,0.0034,0.0113,0.9768,0.0119,0.0067,0.9844,0.0089,0.1769,0.1781,0.2113,0.2128,0.2209,0.002,0.9965,0.0015
3343,Quan họ,quanho/audio_10_034.wav,2,0.0519,0.632,0.0677,0.2133,0.035,0.3353,0.3331,0.3316,0.0033,0.014,0.9806,0.0018,0.0003,0.2897,0.6446,0.0657,0.0067,0.9844,0.0089,0.1391,0.1408,0.2044,0.2082,0.3076,0.1706,0.797,0.0325
3344,Quan họ,quanho/audio_12_056.wav,1,0.022,0.0634,0.0504,0.6238,0.2404,0.3338,0.3332,0.3329,0.9526,0.0369,0.0085,0.0016,0.0004,0.0308,0.9241,0.0451,0.0067,0.9844,0.0089,0.1276,0.1293,0.1952,0.1994,0.3485,0.9839,0.0131,0.003
3345,Quan họ,quanho/audio_12_056.wav,2,0.0176,0.0465,0.0341,0.3201,0.5816,0.3343,0.333,0.3326,0.8253,0.1386,0.0295,0.0051,0.0014,0.0628,0.8992,0.038,0.0067,0.9844,0.0089,0.1073,0.1088,0.1761,0.1809,0.4269,0.9952,0.0041,0.0008
3346,Quan họ,quanho/audio_7_021.wav,1,0.0489,0.4237,0.1167,0.3676,0.043,0.332,0.3336,0.3343,0.0947,0.1128,0.1354,0.2136,0.4434,0.0097,0.0348,0.9555,0.0067,0.9844,0.0089,0.1679,0.1688,0.1986,0.2003,0.2645,0.1472,0.2441,0.6087
3347,Quan họ,quanho/audio_7_021.wav,2,0.0212,0.126,0.0437,0.7742,0.0349,0.3318,0.3336,0.3346,0.1252,0.4662,0.368,0.0331,0.0075,0.0038,0.0186,0.9776,0.0372,0.9449,0.0179,0.1576,0.1588,0.1985,0.2008,0.2843,0.0031,0.9944,0.0025
3348,Quan họ,quanho/audio_12_072.wav,1,0.0146,0.0455,0.0295,0.768,0.1424,0.333,0.3336,0.3334,0.0537,0.3894,0.5402,0.014,0.0027,0.0127,0.9769,0.0104,0.0067,0.9844,0.0089,0.1432,0.1453,0.223,0.2274,0.2611,0.9595,0.0349,0.0056
3349,Quan họ,quanho/audio_12_072.wav,2,0.0606,0.7411,0.0587,0.1136,0.0259,0.3331,0.3336,0.3332,0.0751,0.8561,0.0619,0.0056,0.0013,0.0158,0.9536,0.0306,0.0422,0.1103,0.8475,0.2383,0.2381,0.2082,0.2058,0.1096,0.8869,0.0991,0.014
3350,Quan họ,quanho/audio_7_057.wav,1,0.046,0.6113,0.0949,0.217,0.0307,0.334,0.3334,0.3326,0.0407,0.1073,0.7886,0.0564,0.007,0.0991,0.8556,0.0454,0.0067,0.9844,0.0089,0.1241,0.1257,0.1926,0.1969,0.3606,0.0374,0.9035,0.059
3351,Quan họ,quanho/audio_7_057.wav,2,0.0448,0.3307,0.069,0.5031,0.0524,0.3352,0.333,0.3317,0.1658,0.5959,0.2091,0.0235,0.0058,0.0456,0.7795,0.1748,0.0067,0.9844,0.0089,0.1696,0.1712,0.2173,0.2194,0.2225,0.0256,0.1105,0.8639
3352,Quan họ,quanho/audio_12_139.wav,1,0.0554,0.4171,0.1588,0.3236,0.045,0.3343,0.3331,0.3326,0.1476,0.5669,0.2583,0.0225,0.0048,0.6282,0.3206,0.0512,0.0422,0.1103,0.8475,0.1724,0.1736,0.2086,0.2102,0.2352,0.9662,0.029,0.0048
3353,Quan họ,quanho/audio_12_139.wav,2,0.0604,0.2793,0.2407,0.3589,0.0607,0.3333,0.3335,0.3332,0.0134,0.0167,0.0216,0.0501,0.8982,0.032,0.9323,0.0357,0.0542,0.7019,0.2439,0.1475,0.1489,0.1965,0.1993,0.3078,0.0357,0.0853,0.879
3354,Quan họ,quanho/audio_14_219.wav,1,0.027,0.0609,0.0628,0.2408,0.6085,0.3347,0.3331,0.3322,0.0549,0.6285,0.3034,0.011,0.0023,0.0309,0.9498,0.0193,0.0067,0.9844,0.0089,0.1534,0.1549,0.2047,0.2074,0.2796,0.016,0.9773,0.0067
3355,Quan họ,quanho/audio_14_219.wav,2,0.0199,0.0554,0.0395,0.4923,0.3929,0.3343,0.3331,0.3325,0.0499,0.3005,0.632,0.0147,0.0028,0.0165,0.9595,0.024,0.0067,0.9844,0.0089,0.1113,0.1127,0.1735,0.1777,0.4248,0.0387,0.899,0.0623
3356,Quan họ,quanho/audio_4_122.wav,1,0.0221,0.0539,0.0495,0.2763,0.5982,0.3338,0.3333,0.3329,0.0002,0.0008,0.9989,0.0001,0.0,0.0003,0.9992,0.0004,0.0372,0.9449,0.0179,0.1662,0.1673,0.2018,0.2036,0.2611,0.0596,0.7938,0.1466
3357,Quan họ,quanho/audio_4_122.wav,2,0.0134,0.0528,0.0341,0.8601,0.0396,0.3344,0.3332,0.3324,0.0219,0.0283,0.0392,0.1365,0.7741,0.0502,0.4505,0.4993,0.0372,0.9449,0.0179,0.1748,0.1758,0.2049,0.2063,0.2382,0.0727,0.5733,0.354
3358,Quan họ,quanho/audio_26_147.wav,1,0.0363,0.0936,0.0966,0.4736,0.3,0.3337,0.3334,0.3329,0.0718,0.2122,0.6539,0.0526,0.0094,0.2555,0.6827,0.0618,0.2741,0.6756,0.0503,0.179,0.1797,0.2004,0.2014,0.2395,0.0664,0.7346,0.199
3359,Quan họ,quanho/audio_26_147.wav,2,0.046,0.1054,0.1281,0.3688,0.3517,0.334,0.3333,0.3327,0.0769,0.3666,0.5263,0.0251,0.0051,0.2919,0.6462,0.0619,0.0372,0.9449,0.0179,0.1797,0.1806,0.2063,0.2074,0.2261,0.072,0.5311,0.3968
3360,Quan họ,quanho/audio_14_169.wav,1,0.0071,0.028,0.0128,0.9244,0.0277,0.3334,0.3335,0.3331,0.8409,0.1302,0.0237,0.004,0.0011,0.0326,0.9375,0.0298,0.0067,0.9844,0.0089,0.1709,0.1722,0.21,0.2117,0.2352,0.9774,0.0183,0.0043
3361,Quan họ,quanho/audio_14_169.wav,2,0.0154,0.0502,0.0282,0.7851,0.1211,0.3345,0.3333,0.3322,0.0522,0.4133,0.5187,0.0132,0.0026,0.0095,0.9804,0.0102,0.0542,0.7019,0.2439,0.1361,0.138,0.2089,0.2132,0.3038,0.0173,0.9755,0.0072
3362,Quan họ,quanho/audio_20_098.wav,1,0.0041,0.0093,0.0073,0.0366,0.9427,0.3337,0.3335,0.3328,0.1063,0.318,0.5283,0.0401,0.0073,0.3376,0.6023,0.0601,0.0067,0.9844,0.0089,0.1544,0.1558,0.204,0.2066,0.2792,0.2692,0.6926,0.0382
3363,Quan họ,quanho/audio_20_098.wav,2,0.012,0.0235,0.0222,0.0669,0.8753,0.3343,0.3334,0.3323,0.6733,0.2786,0.0402,0.0062,0.0017,0.0497,0.8231,0.1272,0.0067,0.9844,0.0089,0.2038,0.2043,0.2102,0.21,0.1716,0.6952,0.275,0.0299
3364,Quan họ,quanho/audio_25_010.wav,1,0.0357,0.2471,0.0605,0.6088,0.0478,0.3339,0.3334,0.3326,0.0757,0.1985,0.6353,0.0776,0.013,0.0413,0.3161,0.6427,0.0542,0.7019,0.2439,0.1742,0.175,0.1988,0.2001,0.2519,0.0304,0.9272,0.0424
3365,Quan họ,quanho/audio_25_010.wav,2,0.0612,0.3616,0.0779,0.4295,0.0698,0.3331,0.3338,0.333,0.9136,0.0616,0.0193,0.0042,0.0013,0.0502,0.5266,0.4231,0.0067,0.9844,0.0089,0.155,0.1562,0.1971,0.1994,0.2922,0.8382,0.1226,0.0392
3366,Quan họ,quanho/audio_24_007.wav,1,0.0526,0.3575,0.073,0.457,0.0598,0.3329,0.3335,0.3336,0.0663,0.8752,0.0527,0.0048,0.0011,0.0486,0.8271,0.1243,0.0372,0.9449,0.0179,0.1325,0.1339,0.1877,0.1911,0.3549,0.997,0.0025,0.0005
3367,Quan họ,quanho/audio_24_007.wav,2,0.0541,0.1102,0.1488,0.2999,0.3871,0.3334,0.3334,0.3332,0.3312,0.5863,0.0703,0.0096,0.0026,0.416,0.5168,0.0672,0.0542,0.7019,0.2439,0.211,0.211,0.2064,0.2058,0.1658,0.9973,0.0022,0.0005
3368,Quan họ,quanho/audio_27_018.wav,1,0.0265,0.0999,0.0766,0.7277,0.0694,0.334,0.3333,0.3327,0.0258,0.1477,0.8155,0.0093,0.0017,0.0513,0.6463,0.3024,0.0372,0.9449,0.0179,0.1564,0.1578,0.2066,0.2092,0.27,0.0285,0.9332,0.0384
3369,Quan họ,quanho/audio_27_018.wav,2,0.004,0.0088,0.008,0.0331,0.9461,0.3342,0.3333,0.3325,0.0696,0.1466,0.4746,0.2833,0.0259,0.0352,0.2475,0.7173,0.0372,0.9449,0.0179,0.1798,0.1807,0.2053,0.2064,0.2277,0.0185,0.9606,0.0209
3370,Quan họ,quanho/audio_26_138.wav,1,0.0062,0.0148,0.0114,0.0693,0.8983,0.3342,0.3333,0.3325,0.0352,0.1367,0.8054,0.0193,0.0034,0.0597,0.8908,0.0495,0.0422,0.1103,0.8475,0.1619,0.1628,0.1961,0.198,0.2812,0.0115,0.9834,0.0051
3371,Quan họ,quanho/audio_26_138.wav,2,0.0308,0.0902,0.0493,0.5556,0.2742,0.3338,0.3335,0.3327,0.0298,0.0427,0.0692,0.7618,0.0966,0.1261,0.8177,0.0563,0.0422,0.1103,0.8475,0.1441,0.1453,0.1887,0.1913,0.3307,0.0053,0.9903,0.0045
3372,Quan họ,quanho/audio_26_126.wav,1,0.0176,0.055,0.0323,0.7275,0.1677,0.334,0.3334,0.3327,0.1443,0.802,0.0469,0.0055,0.0014,0.659,0.2891,0.0519,0.0067,0.9844,0.0089,0.14,0.1412,0.1865,0.1893,0.343,0.2469,0.7158,0.0373
3373,Quan họ,quanho/audio_26_126.wav,2,0.0126,0.0303,0.026,0.1539,0.7773,0.3334,0.3335,0.3331,0.1712,0.3947,0.3608,0.0587,0.0145,0.2831,0.653,0.0639,0.2741,0.6756,0.0503,0.1923,0.1926,0.2021,0.2025,0.2105,0.0716,0.6519,0.2765
3374,Quan họ,quanho/audio_7_009.wav,1,0.0244,0.0682,0.057,0.567,0.2834,0.3342,0.3335,0.3323,0.8261,0.1225,0.04,0.0088,0.0026,0.0277,0.0875,0.8849,0.0067,0.9844,0.0089,0.1517,0.1528,0.1921,0.1944,0.309,0.9066,0.073,0.0204
3375,Quan họ,quanho/audio_7_009.wav,2,0.0202,0.1007,0.0338,0.802,0.0434,0.334,0.3336,0.3324,0.0819,0.7186,0.1853,0.0117,0.0025,0.0052,0.0198,0.975,0.0067,0.9844,0.0089,0.1704,0.1715,0.2057,0.2074,0.245,0.9583,0.0335,0.0083
3376,Quan họ,quanho/audio_14_189.wav,1,0.8396,0.083,0.0537,0.017,0.0067,0.3336,0.3333,0.3331,0.2567,0.6762,0.0578,0.0074,0.0019,0.1059,0.8524,0.0417,0.0372,0.9449,0.0179,0.1886,0.1894,0.2092,0.2099,0.203,0.7845,0.1592,0.0563
3377,Quan họ,quanho/audio_14_189.wav,2,0.0327,0.856,0.036,0.0621,0.0131,0.332,0.3336,0.3344,0.8321,0.1111,0.0423,0.011,0.0035,0.8796,0.0878,0.0326,0.0372,0.9449,0.0179,0.1435,0.1447,0.1874,0.19,0.3345,0.9578,0.0339,0.0084
3378,Quan họ,quanho/audio_26_047.wav,1,0.0137,0.0292,0.0224,0.0942,0.8405,0.3341,0.3333,0.3326,0.0588,0.1806,0.7085,0.0444,0.0077,0.035,0.944,0.021,0.0372,0.9449,0.0179,0.1748,0.1756,0.2013,0.2026,0.2456,0.0021,0.9968,0.0011
3379,Quan họ,quanho/audio_26_047.wav,2,0.0062,0.0131,0.0106,0.0432,0.9269,0.3347,0.3333,0.332,0.0146,0.0705,0.9074,0.0064,0.0011,0.0958,0.8608,0.0434,0.0372,0.9449,0.0179,0.1429,0.1442,0.1906,0.1935,0.3288,0.0306,0.9582,0.0112
3380,Quan họ,quanho/audio_4_032.wav,1,0.0374,0.7418,0.0605,0.1386,0.0218,0.3344,0.3333,0.3324,0.0262,0.1415,0.8211,0.0095,0.0017,0.2271,0.7142,0.0587,0.0067,0.9844,0.0089,0.1239,0.1254,0.1857,0.1896,0.3753,0.4542,0.5061,0.0397
3381,Quan họ,quanho/audio_4_032.wav,2,0.0441,0.3878,0.0743,0.4484,0.0454,0.3352,0.3331,0.3318,0.1529,0.5981,0.2201,0.0232,0.0057,0.0473,0.7383,0.2145,0.0067,0.9844,0.0089,0.1659,0.1677,0.2202,0.2226,0.2236,0.0562,0.3111,0.6327
3382,Quan họ,quanho/audio_4_102.wav,1,0.0354,0.128,0.0523,0.6625,0.1218,0.3334,0.3334,0.3331,0.0429,0.127,0.7914,0.0336,0.005,0.3271,0.6053,0.0676,0.0372,0.9449,0.0179,0.1322,0.1333,0.1794,0.1823,0.3728,0.784,0.1926,0.0234
3383,Quan họ,quanho/audio_4_102.wav,2,0.0383,0.2844,0.0656,0.5645,0.0472,0.3331,0.3334,0.3336,0.0471,0.1662,0.7531,0.0286,0.0051,0.0751,0.3805,0.5444,0.9905,0.0078,0.0017,0.2026,0.2027,0.2031,0.203,0.1886,0.3673,0.5925,0.0402
3384,Quan họ,quanho/audio_27_125.wav,1,0.017,0.0334,0.0338,0.097,0.8189,0.3339,0.3333,0.3328,0.048,0.9101,0.0375,0.0035,0.0009,0.9414,0.0479,0.0106,0.0372,0.9449,0.0179,0.19,0.1912,0.2193,0.22,0.1794,0.5437,0.4189,0.0374
3385,Quan họ,quanho/audio_27_125.wav,2,0.0359,0.0699,0.0538,0.173,0.6674,0.3341,0.3333,0.3326,0.0361,0.0971,0.8111,0.0495,0.0062,0.1213,0.8319,0.0468,0.2741,0.6756,0.0503,0.2298,0.2294,0.205,0.2033,0.1325,0.0038,0.9943,0.002
3386,Quan họ,quanho/audio_22_082.wav,1,0.044,0.1275,0.1431,0.536,0.1495,0.3318,0.3337,0.3345,0.0153,0.0196,0.0263,0.07,0.8689,0.1482,0.7525,0.0993,0.0372,0.9449,0.0179,0.2449,0.2432,0.1949,0.1926,0.1243,0.0012,0.0035,0.9953
3387,Quan họ,quanho/audio_22_082.wav,2,0.0463,0.3035,0.1249,0.4751,0.0502,0.3319,0.3337,0.3343,0.0614,0.1201,0.3366,0.4517,0.0302,0.1164,0.8109,0.0728,0.2741,0.6756,0.0503,0.2415,0.2402,0.1981,0.1959,0.1242,0.0093,0.0352,0.9555
3388,Quan họ,quanho/audio_7_012.wav,1,0.0336,0.2197,0.0564,0.6423,0.048,0.3339,0.3334,0.3326,0.0747,0.1498,0.4131,0.3303,0.0321,0.0065,0.0326,0.9609,0.0067,0.9844,0.0089,0.1727,0.1734,0.1984,0.1997,0.2558,0.0706,0.6758,0.2536
3389,Quan họ,quanho/audio_7_012.wav,2,0.0015,0.0066,0.0031,0.9845,0.0043,0.3336,0.3336,0.3327,0.0973,0.7875,0.1043,0.0089,0.002,0.0195,0.1158,0.8647,0.0542,0.7019,0.2439,0.145,0.1466,0.2042,0.2075,0.2967,0.9998,0.0002,0.0
3390,Quan họ,quanho/audio_7_002.wav,1,0.0278,0.0752,0.0458,0.4214,0.4297,0.3335,0.3336,0.3329,0.1167,0.3741,0.4562,0.0436,0.0095,0.0519,0.6367,0.3114,0.0067,0.9844,0.0089,0.1506,0.1516,0.1906,0.193,0.3142,0.0162,0.9664,0.0174
3391,Quan họ,quanho/audio_7_002.wav,2,0.0273,0.0723,0.0449,0.3816,0.4738,0.3338,0.3334,0.3328,0.1622,0.4045,0.367,0.0534,0.0129,0.0476,0.7647,0.1877,0.969,0.0242,0.0069,0.1693,0.1701,0.1969,0.1984,0.2653,0.0223,0.9506,0.027
3392,Quan họ,quanho/audio_3_091.wav,1,0.039,0.1009,0.108,0.4813,0.2709,0.3329,0.3333,0.3338,0.0392,0.8393,0.1145,0.0058,0.0013,0.0566,0.5774,0.366,0.0067,0.9844,0.0089,0.1799,0.181,0.2123,0.2136,0.2132,0.8443,0.1375,0.0182
3393,Quan họ,quanho/audio_3_091.wav,2,0.0384,0.121,0.1215,0.5985,0.1206,0.3329,0.3333,0.3337,0.0648,0.8833,0.0466,0.0043,0.001,0.0538,0.6033,0.3429,0.0067,0.9844,0.0089,0.1522,0.1537,0.2036,0.2064,0.2841,0.9936,0.0053,0.0011
3394,Quan họ,quanho/audio_20_107.wav,1,0.0085,0.0422,0.0163,0.9136,0.0194,0.3331,0.3333,0.3336,0.0425,0.2374,0.7025,0.0148,0.0028,0.0438,0.2887,0.6675,0.0067,0.9844,0.0089,0.1718,0.1728,0.2044,0.2059,0.2451,0.276,0.6855,0.0385
3395,Quan họ,quanho/audio_20_107.wav,2,0.0049,0.0174,0.0099,0.94,0.0278,0.3336,0.3332,0.3332,0.0606,0.5621,0.3619,0.0128,0.0026,0.0456,0.7678,0.1867,0.0372,0.9449,0.0179,0.1573,0.1586,0.2019,0.2042,0.2781,0.0213,0.9534,0.0253
3396,Quan họ,quanho/audio_28_142.wav,1,0.015,0.0544,0.0256,0.8344,0.0706,0.3343,0.3331,0.3326,0.0815,0.8429,0.068,0.0061,0.0014,0.6351,0.315,0.05,0.0067,0.9844,0.0089,0.1617,0.1633,0.2146,0.2171,0.2433,0.9881,0.0097,0.0022
3397,Quan họ,quanho/audio_28_142.wav,2,0.0161,0.0595,0.0272,0.8272,0.0701,0.3347,0.3331,0.3323,0.0054,0.0186,0.9715,0.004,0.0006,0.2679,0.6726,0.0595,0.0067,0.9844,0.0089,0.1449,0.1464,0.2029,0.2061,0.2997,0.0915,0.885,0.0235
3398,Quan họ,quanho/audio_18_109.wav,1,0.0361,0.0872,0.0925,0.3864,0.3977,0.3336,0.3332,0.3331,0.0333,0.1481,0.8006,0.0152,0.0028,0.007,0.9831,0.0098,0.0372,0.9449,0.0179,0.1987,0.1995,0.2133,0.2134,0.1751,0.0596,0.7942,0.1462
3399,Quan họ,quanho/audio_18_109.wav,2,0.0164,0.0423,0.0302,0.2542,0.6569,0.3346,0.3333,0.3321,0.0574,0.3873,0.5359,0.0162,0.0032,0.01,0.9779,0.0121,0.0372,0.9449,0.0179,0.2102,0.2109,0.2145,0.2139,0.1505,0.0088,0.9871,0.0041
3400,Quan họ,quanho/audio_2_132.wav,1,0.0315,0.0935,0.0498,0.5733,0.2519,0.3334,0.3334,0.3332,0.0667,0.8993,0.0301,0.0031,0.0008,0.0119,0.9782,0.0098,0.969,0.0242,0.0069,0.1887,0.1898,0.2157,0.2164,0.1893,0.025,0.9654,0.0096
3401,Quan họ,quanho/audio_2_132.wav,2,0.0157,0.0511,0.0286,0.7802,0.1244,0.3352,0.3331,0.3317,0.0271,0.1185,0.8391,0.013,0.0023,0.0214,0.9555,0.0231,0.0067,0.9844,0.0089,0.1722,0.1737,0.2153,0.2171,0.2218,0.0577,0.807,0.1353
3402,Quan họ,quanho/audio_14_166.wav,1,0.0073,0.0252,0.0142,0.9086,0.0447,0.3347,0.3332,0.3321,0.9911,0.0066,0.0018,0.0004,0.0001,0.0268,0.9414,0.0317,0.0067,0.9844,0.0089,0.16,0.1613,0.2045,0.2068,0.2674,0.9355,0.0559,0.0086
3403,Quan họ,quanho/audio_14_166.wav,2,0.0216,0.0566,0.0374,0.3254,0.559,0.3346,0.3333,0.3321,0.9615,0.0295,0.0071,0.0014,0.0004,0.0254,0.9513,0.0234,0.0067,0.9844,0.0089,0.1722,0.1736,0.2164,0.2183,0.2195,0.9591,0.0352,0.0057
3404,Quan họ,quanho/audio_9_094.wav,1,0.0098,0.0238,0.0177,0.116,0.8326,0.3343,0.3332,0.3325,0.406,0.5088,0.0727,0.01,0.0026,0.0083,0.9775,0.0142,0.7604,0.1691,0.0705,0.2008,0.2016,0.2157,0.2157,0.1662,0.9187,0.0708,0.0105
3405,Quan họ,quanho/audio_9_094.wav,2,0.0383,0.1086,0.113,0.563,0.1772,0.3343,0.3332,0.3325,0.9385,0.0441,0.0134,0.003,0.0009,0.4025,0.5371,0.0605,0.64,0.3185,0.0415,0.23,0.2291,0.2,0.1984,0.1425,0.9778,0.018,0.0042
3406,Quan họ,quanho/audio_18_026.wav,1,0.0619,0.1691,0.0797,0.4462,0.243,0.3351,0.3331,0.3319,0.4315,0.5047,0.0542,0.0075,0.002,0.0322,0.8985,0.0693,0.0067,0.9844,0.0089,0.1937,0.1944,0.21,0.2104,0.1915,0.7963,0.1813,0.0224
3407,Quan họ,quanho/audio_18_026.wav,2,0.0472,0.1532,0.0653,0.5637,0.1707,0.3349,0.3331,0.332,0.0142,0.0724,0.9065,0.0059,0.001,0.057,0.684,0.259,0.0067,0.9844,0.0089,0.1772,0.1783,0.2091,0.2105,0.2248,0.0186,0.9605,0.0209
3408,Quan họ,quanho/audio_7_135.wav,1,0.0079,0.0326,0.0191,0.9167,0.0236,0.3343,0.3332,0.3325,0.0638,0.2464,0.6547,0.0295,0.0057,0.0589,0.6934,0.2478,0.0263,0.1483,0.8254,0.1787,0.1795,0.2037,0.2048,0.2333,0.0421,0.9438,0.0141
3409,Quan họ,quanho/audio_7_135.wav,2,0.0006,0.0022,0.0012,0.9938,0.0023,0.3339,0.3333,0.3328,0.1121,0.3503,0.4939,0.0369,0.0069,0.0609,0.6025,0.3366,0.8965,0.0877,0.0157,0.1532,0.1545,0.1978,0.2002,0.2944,0.9774,0.0193,0.0033
3410,Quan họ,quanho/audio_20_078.wav,1,0.0583,0.3289,0.2022,0.3569,0.0537,0.3338,0.3335,0.3327,0.003,0.0038,0.005,0.013,0.9752,0.0423,0.7878,0.1699,0.0372,0.9449,0.0179,0.2004,0.2008,0.2081,0.2081,0.1825,0.2591,0.7031,0.0378
3411,Quan họ,quanho/audio_20_078.wav,2,0.0465,0.7478,0.0548,0.1266,0.0242,0.3336,0.3336,0.3328,0.0218,0.0636,0.8858,0.0253,0.0034,0.0536,0.7433,0.2031,0.0372,0.9449,0.0179,0.1572,0.1584,0.1991,0.2014,0.2839,0.0495,0.8527,0.0977
3412,Quan họ,quanho/audio_4_054.wav,1,0.0472,0.4115,0.0736,0.4205,0.0473,0.332,0.3336,0.3344,0.0543,0.4149,0.5136,0.0144,0.0029,0.0141,0.9675,0.0184,0.0372,0.9449,0.0179,0.1745,0.1757,0.2107,0.2123,0.2268,0.0672,0.4299,0.5029
3413,Quan họ,quanho/audio_4_054.wav,2,0.0382,0.7292,0.0641,0.1459,0.0226,0.3321,0.3336,0.3343,0.0088,0.0419,0.9446,0.004,0.0007,0.0282,0.9473,0.0245,0.0372,0.9449,0.0179,0.1687,0.17,0.2094,0.2113,0.2407,0.0003,0.9995,0.0002
3414,Quan họ,quanho/audio_9_137.wav,1,0.1953,0.3948,0.3304,0.06,0.0195,0.334,0.3333,0.3327,0.0187,0.0228,0.029,0.0649,0.8647,0.0039,0.9922,0.0039,0.0067,0.9844,0.0089,0.1575,0.159,0.2091,0.2117,0.2626,0.0038,0.0137,0.9825
3415,Quan họ,quanho/audio_9_137.wav,2,0.0067,0.0326,0.0137,0.9316,0.0154,0.3339,0.3333,0.3328,0.0828,0.5905,0.3057,0.0172,0.0037,0.0721,0.4158,0.5121,0.0067,0.9844,0.0089,0.1858,0.1866,0.2082,0.2091,0.2103,0.5486,0.4142,0.0372
3416,Quan họ,quanho/audio_5_097.wav,1,0.0206,0.059,0.0448,0.5996,0.2759,0.3332,0.3333,0.3334,0.9169,0.0605,0.0177,0.0037,0.0011,0.0067,0.9856,0.0077,0.0372,0.9449,0.0179,0.1546,0.1558,0.2,0.2024,0.2872,0.9112,0.0695,0.0192
3417,Quan họ,quanho/audio_5_097.wav,2,0.0098,0.0204,0.0165,0.0632,0.8901,0.3314,0.3337,0.3348,0.1844,0.7574,0.0508,0.006,0.0015,0.6215,0.3293,0.0492,0.0372,0.9449,0.0179,0.1831,0.1839,0.206,0.207,0.22,0.6891,0.2807,0.0303
3418,Quan họ,quanho/audio_28_151.wav,1,0.0461,0.0983,0.0651,0.2584,0.5322,0.3339,0.3334,0.3327,0.0505,0.3715,0.5612,0.014,0.0028,0.0259,0.9575,0.0167,0.0372,0.9449,0.0179,0.1495,0.1518,0.2374,0.2419,0.2194,0.0161,0.9771,0.0068
3419,Quan họ,quanho/audio_28_151.wav,2,0.0135,0.0289,0.0221,0.0929,0.8427,0.334,0.3332,0.3327,0.0245,0.0768,0.8723,0.023,0.0034,0.1148,0.8412,0.044,0.0372,0.9449,0.0179,0.1722,0.1733,0.2058,0.2074,0.2413,0.0245,0.9448,0.0307
3420,Quan họ,quanho/audio_21_028.wav,1,0.0028,0.0103,0.0057,0.9672,0.014,0.3346,0.333,0.3324,0.0839,0.8599,0.0501,0.0049,0.0012,0.0362,0.9052,0.0586,0.0067,0.9844,0.0089,0.1285,0.1302,0.1969,0.2011,0.3433,0.961,0.0335,0.0055
3421,Quan họ,quanho/audio_21_028.wav,2,0.0561,0.1814,0.0735,0.5221,0.1669,0.3349,0.333,0.332,0.9782,0.0166,0.0041,0.0008,0.0002,0.0205,0.9428,0.0367,0.0067,0.9844,0.0089,0.1491,0.1512,0.2253,0.2292,0.2451,0.9875,0.0102,0.0023
3422,Quan họ,quanho/audio_12_114.wav,1,0.0093,0.047,0.018,0.905,0.0207,0.3339,0.3332,0.3328,0.0255,0.1376,0.8253,0.0098,0.0018,0.0336,0.8763,0.09,0.0372,0.9449,0.0179,0.1964,0.1969,0.2069,0.2072,0.1925,0.0548,0.8249,0.1203
3423,Quan họ,quanho/audio_12_114.wav,2,0.0769,0.4133,0.0862,0.3497,0.0739,0.3348,0.3331,0.3321,0.2074,0.7049,0.0759,0.0094,0.0024,0.0449,0.9268,0.0283,0.0372,0.9449,0.0179,0.2115,0.2116,0.2076,0.207,0.1623,0.9954,0.0038,0.0008
3424,Quan họ,quanho/audio_22_120.wav,1,0.0167,0.033,0.0334,0.0962,0.8207,0.334,0.3334,0.3326,0.0288,0.042,0.0688,0.7454,0.1149,0.893,0.0786,0.0284,0.0372,0.9449,0.0179,0.2299,0.2292,0.2021,0.2005,0.1383,0.0683,0.1439,0.7878
3425,Quan họ,quanho/audio_22_120.wav,2,0.0123,0.0635,0.0229,0.8749,0.0264,0.3339,0.3333,0.3328,0.0672,0.1719,0.6878,0.0639,0.0091,0.0631,0.7997,0.1372,0.0372,0.9449,0.0179,0.1986,0.2,0.2256,0.2257,0.1501,0.9542,0.0395,0.0063
3426,Quan họ,quanho/audio_15_121.wav,1,0.0302,0.1145,0.0902,0.6924,0.0728,0.3342,0.3332,0.3326,0.143,0.7623,0.083,0.0093,0.0024,0.0557,0.6224,0.322,0.64,0.3185,0.0415,0.22,0.2196,0.2028,0.2018,0.1559,0.0001,0.9998,0.0001
3427,Quan họ,quanho/audio_15_121.wav,2,0.0271,0.0768,0.0675,0.6005,0.2281,0.3337,0.3333,0.3329,0.1098,0.5157,0.3432,0.0256,0.0057,0.0407,0.2265,0.7328,0.2741,0.6756,0.0503,0.2264,0.226,0.2048,0.2033,0.1394,0.0389,0.1852,0.7759
3428,Quan họ,quanho/audio_7_119.wav,1,0.0489,0.3011,0.0692,0.5173,0.0636,0.3333,0.3333,0.3334,0.017,0.0566,0.912,0.0125,0.0019,0.1137,0.8435,0.0429,0.0067,0.9844,0.0089,0.2467,0.2454,0.199,0.1965,0.1124,0.4324,0.5276,0.04
3429,Quan họ,quanho/audio_7_119.wav,2,0.0567,0.5672,0.0728,0.2608,0.0424,0.3326,0.3334,0.334,0.0175,0.0545,0.9083,0.0173,0.0025,0.0039,0.9915,0.0046,0.0067,0.9844,0.0089,0.2325,0.2325,0.2098,0.2077,0.1176,0.0034,0.9939,0.0027
3430,Quan họ,quanho/audio_2_096.wav,1,0.08,0.818,0.059,0.0333,0.0097,0.3348,0.3333,0.3319,0.7929,0.1341,0.0535,0.0146,0.0049,0.0116,0.0406,0.9478,0.9905,0.0078,0.0017,0.2147,0.2152,0.2131,0.2121,0.1449,0.9402,0.0475,0.0123
3431,Quan họ,quanho/audio_2_096.wav,2,0.0461,0.4825,0.0918,0.3404,0.0391,0.334,0.3333,0.3327,0.002,0.0025,0.0033,0.0095,0.9827,0.987,0.01,0.0029,0.0542,0.7019,0.2439,0.1891,0.1898,0.2069,0.2076,0.2066,0.0426,0.8836,0.0738
3432,Quan họ,quanho/audio_23_029.wav,1,0.0168,0.0329,0.028,0.0899,0.8324,0.3344,0.3332,0.3324,0.0569,0.2015,0.7038,0.0319,0.0059,0.0092,0.9813,0.0095,0.0372,0.9449,0.0179,0.1767,0.1776,0.2035,0.2047,0.2375,0.0423,0.8849,0.0728
3433,Quan họ,quanho/audio_23_029.wav,2,0.0317,0.0669,0.0476,0.191,0.6627,0.3328,0.3337,0.3335,0.04,0.2497,0.695,0.0129,0.0025,0.432,0.5083,0.0598,0.0372,0.9449,0.0179,0.1521,0.154,0.2182,0.2217,0.254,0.0125,0.975,0.0125
3434,Quan họ,quanho/audio_25_030.wav,1,0.0488,0.601,0.0701,0.2444,0.0357,0.3348,0.3331,0.3322,0.0657,0.7169,0.2046,0.0106,0.0022,0.0125,0.9731,0.0144,0.0067,0.9844,0.0089,0.2078,0.2085,0.2141,0.2136,0.156,0.9811,0.0161,0.0028
3435,Quan họ,quanho/audio_25_030.wav,2,0.0352,0.1154,0.0529,0.631,0.1655,0.3349,0.3331,0.332,0.0575,0.4803,0.4461,0.0135,0.0027,0.0539,0.759,0.1871,0.0067,0.9844,0.0089,0.198,0.1989,0.2147,0.2148,0.1736,0.1285,0.8431,0.0283
3436,Quan họ,quanho/audio_18_148.wav,1,0.0333,0.0854,0.0516,0.3652,0.4645,0.334,0.3333,0.3327,0.0479,0.1237,0.7561,0.0643,0.0081,0.0992,0.8592,0.0416,0.0067,0.9844,0.0089,0.15,0.1514,0.2016,0.2044,0.2926,0.8041,0.1741,0.0218
3437,Quan họ,quanho/audio_18_148.wav,2,0.0519,0.12,0.1571,0.3878,0.2832,0.3343,0.3333,0.3324,0.0937,0.2008,0.5649,0.1241,0.0165,0.0489,0.9207,0.0303,0.0067,0.9844,0.0089,0.1447,0.1462,0.2003,0.2034,0.3053,0.9565,0.0375,0.006
3438,Quan họ,quanho/audio_19_062.wav,1,0.015,0.0481,0.028,0.7808,0.128,0.3344,0.3333,0.3322,0.0405,0.2566,0.6875,0.0129,0.0025,0.0025,0.9941,0.0034,0.0542,0.7019,0.2439,0.1426,0.1444,0.2122,0.2161,0.2848,0.0004,0.9994,0.0003
3439,Quan họ,quanho/audio_19_062.wav,2,0.006,0.0144,0.0112,0.0674,0.901,0.3347,0.3334,0.3319,0.9821,0.0134,0.0035,0.0007,0.0002,0.0026,0.9947,0.0028,0.0067,0.9844,0.0089,0.1345,0.1364,0.2095,0.214,0.3056,0.9768,0.0188,0.0044
3440,Quan họ,quanho/audio_9_109.wav,1,0.0269,0.0784,0.0449,0.5603,0.2896,0.3339,0.3334,0.3327,0.0034,0.0128,0.9814,0.0021,0.0003,0.0464,0.7319,0.2217,0.0372,0.9449,0.0179,0.1632,0.1643,0.2006,0.2025,0.2695,0.3645,0.5953,0.0402
3441,Quan họ,quanho/audio_9_109.wav,2,0.0197,0.0564,0.0406,0.5767,0.3066,0.3342,0.3332,0.3326,0.0179,0.0234,0.0327,0.118,0.8079,0.025,0.9096,0.0654,0.0372,0.9449,0.0179,0.173,0.174,0.2042,0.2057,0.2431,0.0018,0.0054,0.9928
3442,Quan họ,quanho/audio_28_206.wav,1,0.028,0.1065,0.0432,0.7278,0.0946,0.3322,0.3336,0.3343,0.0671,0.2797,0.6257,0.0233,0.0042,0.6032,0.3437,0.0531,0.0067,0.9844,0.0089,0.1499,0.1513,0.2031,0.206,0.2897,0.5147,0.447,0.0383
3443,Quan họ,quanho/audio_28_206.wav,2,0.0153,0.0473,0.0316,0.7513,0.1545,0.3322,0.3336,0.3341,0.0128,0.0195,0.0345,0.9032,0.0299,0.3143,0.6169,0.0688,0.0067,0.9844,0.0089,0.156,0.1572,0.2,0.2024,0.2845,0.0004,0.0013,0.9984
3444,Quan họ,quanho/audio_13_043.wav,1,0.0416,0.2138,0.0602,0.6136,0.0708,0.3331,0.3333,0.3336,0.009,0.0117,0.0162,0.0539,0.9092,0.0331,0.2143,0.7527,0.0263,0.1483,0.8254,0.1463,0.1477,0.1969,0.1998,0.3094,0.8845,0.1013,0.0142
3445,Quan họ,quanho/audio_13_043.wav,2,0.059,0.2136,0.0754,0.5209,0.1311,0.3337,0.3333,0.333,0.8252,0.1434,0.0258,0.0043,0.0012,0.0441,0.7687,0.1872,0.0263,0.1483,0.8254,0.1515,0.1528,0.1978,0.2004,0.2975,0.8187,0.1361,0.0452
3446,Quan họ,quanho/audio_22_147.wav,1,0.0499,0.1037,0.0692,0.257,0.5203,0.332,0.3335,0.3345,0.4241,0.5121,0.0544,0.0074,0.002,0.0263,0.9017,0.072,0.0542,0.7019,0.2439,0.1842,0.1854,0.2173,0.2183,0.1948,0.7346,0.2382,0.0272
3447,Quan họ,quanho/audio_22_147.wav,2,0.0124,0.0268,0.0205,0.0879,0.8524,0.3316,0.3336,0.3348,0.3234,0.5726,0.0894,0.0117,0.0029,0.0317,0.8677,0.1006,0.0067,0.9844,0.0089,0.1817,0.1836,0.2301,0.2314,0.1732,0.9607,0.0316,0.0077
3448,Quan họ,quanho/audio_18_149.wav,1,0.0274,0.0547,0.0424,0.1457,0.7298,0.3332,0.3335,0.3333,0.0437,0.1911,0.7422,0.0194,0.0036,0.0129,0.9756,0.0114,0.0067,0.9844,0.0089,0.1859,0.1867,0.2085,0.2094,0.2095,0.409,0.5508,0.0402
3449,Quan họ,quanho/audio_18_149.wav,2,0.0119,0.0239,0.02,0.0696,0.8746,0.3341,0.3333,0.3327,0.0321,0.1377,0.8119,0.0155,0.0028,0.0123,0.9732,0.0145,0.0067,0.9844,0.0089,0.1729,0.1738,0.2021,0.2036,0.2476,0.1733,0.794,0.0327
3450,Quan họ,quanho/audio_27_146.wav,1,0.0441,0.13,0.1451,0.5399,0.1409,0.3328,0.3336,0.3336,0.0003,0.9993,0.0003,0.0,0.0,0.0657,0.4258,0.5085,0.969,0.0242,0.0069,0.1202,0.1216,0.1759,0.1795,0.4027,0.3902,0.5695,0.0403
3451,Quan họ,quanho/audio_27_146.wav,2,0.0201,0.0514,0.0346,0.2701,0.6238,0.3338,0.3334,0.3328,0.1573,0.4178,0.3646,0.0487,0.0116,0.054,0.6116,0.3344,0.969,0.0242,0.0069,0.1649,0.1658,0.196,0.1977,0.2757,0.0032,0.9943,0.0025
3452,Quan họ,quanho/audio_27_020.wav,1,0.0042,0.0092,0.0073,0.0324,0.9469,0.3342,0.3333,0.3325,0.2819,0.4856,0.1914,0.0322,0.0089,0.0525,0.4257,0.5218,0.2741,0.6756,0.0503,0.1816,0.1826,0.2077,0.2088,0.2193,0.0002,0.9996,0.0002
3453,Quan họ,quanho/audio_27_020.wav,2,0.028,0.8454,0.0391,0.0741,0.0134,0.3342,0.3332,0.3326,0.0599,0.1126,0.3041,0.4959,0.0274,0.0344,0.8532,0.1124,0.0372,0.9449,0.0179,0.1388,0.1401,0.1894,0.1924,0.3392,0.809,0.1697,0.0213
3454,Quan họ,quanho/audio_12_012.wav,1,0.0891,0.4564,0.0906,0.2928,0.071,0.3346,0.3332,0.3322,0.0876,0.3785,0.5045,0.0247,0.0047,0.0482,0.444,0.5077,0.0372,0.9449,0.0179,0.1496,0.1508,0.1926,0.1951,0.3118,0.2348,0.7285,0.0367
3455,Quan họ,quanho/audio_12_012.wav,2,0.0631,0.4613,0.0785,0.3404,0.0568,0.333,0.3334,0.3336,0.9147,0.0654,0.016,0.003,0.0009,0.0544,0.6269,0.3187,0.0067,0.9844,0.0089,0.1809,0.1816,0.2031,0.2041,0.2303,0.8997,0.0877,0.0126
3456,Quan họ,quanho/audio_9_053.wav,1,0.0522,0.3453,0.0725,0.469,0.0611,0.3329,0.3334,0.3337,0.9327,0.0533,0.0114,0.002,0.0006,0.0544,0.6158,0.3298,0.0067,0.9844,0.0089,0.1821,0.1828,0.2033,0.2042,0.2275,0.9926,0.0063,0.0011
3457,Quan họ,quanho/audio_9_053.wav,2,0.0184,0.9201,0.0217,0.0329,0.0069,0.3354,0.3332,0.3314,0.156,0.4391,0.3619,0.0357,0.0073,0.0488,0.4552,0.4961,0.0067,0.9844,0.0089,0.1749,0.1758,0.2037,0.2051,0.2405,0.6098,0.3555,0.0347
3458,Quan họ,quanho/audio_5_022.wav,1,0.0548,0.0841,0.7608,0.0687,0.0315,0.333,0.3335,0.3334,0.0342,0.0488,0.0775,0.6563,0.1833,0.0505,0.1378,0.8116,0.0067,0.9844,0.0089,0.161,0.1619,0.1942,0.1961,0.2867,0.007,0.9869,0.0061
3459,Quan họ,quanho/audio_5_022.wav,2,0.0677,0.1668,0.316,0.3252,0.1243,0.3335,0.3334,0.3331,0.0384,0.0689,0.1623,0.7022,0.0281,0.0196,0.0698,0.9106,0.0067,0.9844,0.0089,0.158,0.159,0.1933,0.1953,0.2945,0.0086,0.024,0.9673
3460,Quan họ,quanho/audio_4_093.wav,1,0.4298,0.1378,0.3705,0.0434,0.0185,0.3342,0.3333,0.3326,0.3013,0.636,0.0538,0.007,0.0018,0.0004,0.0016,0.998,0.0067,0.9844,0.0089,0.1751,0.1761,0.2052,0.2066,0.237,0.9591,0.0352,0.0057
3461,Quan họ,quanho/audio_4_093.wav,2,0.3236,0.1353,0.4776,0.0445,0.0189,0.3345,0.3332,0.3323,0.1323,0.2869,0.4927,0.075,0.0131,0.7978,0.1702,0.032,0.0067,0.9844,0.0089,0.1626,0.1639,0.206,0.2082,0.2594,0.8142,0.1392,0.0466
3462,Quan họ,quanho/audio_5_073.wav,1,0.0177,0.0679,0.0293,0.8178,0.0674,0.3344,0.3332,0.3324,0.0062,0.0275,0.9628,0.003,0.0005,0.0447,0.7499,0.2055,0.0372,0.9449,0.0179,0.169,0.1701,0.2046,0.2063,0.25,0.4926,0.4684,0.0389
3463,Quan họ,quanho/audio_5_073.wav,2,0.0526,0.1088,0.1446,0.3069,0.3871,0.334,0.3332,0.3328,0.055,0.222,0.6975,0.0217,0.0038,0.0111,0.9711,0.0178,0.0372,0.9449,0.0179,0.1827,0.1835,0.2059,0.2069,0.2211,0.0061,0.991,0.003
3464,Quan họ,quanho/audio_0_005.wav,1,0.0111,0.0264,0.0227,0.1296,0.8102,0.3337,0.3333,0.3329,0.0865,0.5236,0.3652,0.0203,0.0044,0.0575,0.6871,0.2554,0.0372,0.9449,0.0179,0.1845,0.1854,0.2097,0.2106,0.2099,0.0448,0.8746,0.0806
3465,Quan họ,quanho/audio_0_005.wav,2,0.0718,0.4242,0.312,0.1575,0.0345,0.3343,0.3332,0.3325,0.0098,0.9825,0.0069,0.0006,0.0001,0.0282,0.8917,0.08,0.0372,0.9449,0.0179,0.1952,0.1961,0.2132,0.2135,0.1819,0.7952,0.1823,0.0225
3466,Quan họ,quanho/audio_28_174.wav,1,0.0374,0.1767,0.0549,0.6567,0.0743,0.3333,0.3332,0.3335,0.0278,0.1365,0.8219,0.0116,0.0021,0.0377,0.8487,0.1135,0.0067,0.9844,0.0089,0.1787,0.1809,0.2371,0.2387,0.1645,0.0175,0.9632,0.0193
3467,Quan họ,quanho/audio_28_174.wav,2,0.203,0.5804,0.1485,0.0517,0.0164,0.3343,0.3332,0.3325,0.1146,0.7091,0.1603,0.0131,0.0029,0.0317,0.9161,0.0522,0.0067,0.9844,0.0089,0.1457,0.1476,0.2147,0.2184,0.2736,0.9545,0.0392,0.0063
3468,Quan họ,quanho/audio_26_064.wav,1,0.0138,0.0283,0.0282,0.0915,0.8382,0.3338,0.3334,0.3328,0.069,0.229,0.6548,0.0398,0.0074,0.0428,0.7679,0.1893,0.8965,0.0877,0.0157,0.1678,0.1688,0.1995,0.2011,0.2628,0.0467,0.8662,0.0871
3469,Quan họ,quanho/audio_26_064.wav,2,0.017,0.0326,0.0296,0.0867,0.8341,0.3339,0.3334,0.3327,0.1204,0.3098,0.4873,0.0681,0.0145,0.0292,0.8862,0.0847,0.0263,0.1483,0.8254,0.1587,0.1597,0.195,0.197,0.2895,0.0147,0.0584,0.9269
3470,Quan họ,quanho/audio_28_119.wav,1,0.0278,0.0888,0.0777,0.6916,0.1142,0.3344,0.3332,0.3324,0.02,0.0714,0.8946,0.0121,0.0019,0.051,0.5268,0.4223,0.0372,0.9449,0.0179,0.1731,0.1741,0.2029,0.2043,0.2456,0.0039,0.9929,0.0032
3471,Quan họ,quanho/audio_28_119.wav,2,0.0254,0.07,0.0598,0.5405,0.3043,0.3345,0.3332,0.3323,0.038,0.2185,0.7288,0.0124,0.0023,0.0028,0.9939,0.0033,0.0372,0.9449,0.0179,0.1581,0.1594,0.2038,0.2062,0.2726,0.0133,0.9808,0.0058
3472,Quan họ,quanho/audio_17_069.wav,1,0.906,0.0387,0.041,0.0101,0.0043,0.3344,0.3332,0.3324,0.1473,0.4375,0.3737,0.0345,0.007,0.7984,0.1416,0.06,0.0372,0.9449,0.0179,0.1744,0.1754,0.2042,0.2056,0.2404,0.9467,0.0425,0.0108
3473,Quan họ,quanho/audio_17_069.wav,2,0.0321,0.0552,0.8594,0.0381,0.0152,0.3347,0.3332,0.3321,0.0966,0.1917,0.5026,0.187,0.0221,0.9991,0.0007,0.0002,0.0067,0.9844,0.0089,0.1407,0.142,0.1894,0.1923,0.3357,0.6188,0.347,0.0342
3474,Quan họ,quanho/audio_18_045.wav,1,0.0346,0.1036,0.1011,0.6134,0.1473,0.3348,0.3331,0.3321,0.0122,0.9755,0.0111,0.001,0.0002,0.9604,0.0321,0.0075,0.0542,0.7019,0.2439,0.2228,0.2224,0.203,0.2018,0.15,0.0038,0.9943,0.0019
3475,Quan họ,quanho/audio_18_045.wav,2,0.0021,0.0048,0.0039,0.0204,0.9688,0.3339,0.3333,0.3328,0.0227,0.1143,0.8519,0.0094,0.0017,0.987,0.0101,0.0029,0.0067,0.9844,0.0089,0.218,0.2178,0.2056,0.2046,0.1539,0.0726,0.6144,0.313
3476,Quan họ,quanho/audio_28_107.wav,1,0.0131,0.032,0.0271,0.1681,0.7597,0.3352,0.3333,0.3315,0.291,0.6178,0.0787,0.01,0.0025,0.6599,0.2947,0.0454,0.0067,0.9844,0.0089,0.1868,0.1876,0.2064,0.2071,0.2121,0.9289,0.0618,0.0094
3477,Quan họ,quanho/audio_28_107.wav,2,0.0199,0.0531,0.0361,0.3557,0.5352,0.3342,0.3335,0.3323,0.8705,0.0999,0.0239,0.0044,0.0012,0.9595,0.033,0.0075,0.0067,0.9844,0.0089,0.1985,0.199,0.2088,0.2089,0.1849,0.8979,0.0795,0.0226
3478,Quan họ,quanho/audio_17_028.wav,1,0.1606,0.6932,0.0775,0.0523,0.0165,0.3333,0.3335,0.3332,0.1153,0.5656,0.2945,0.0203,0.0042,0.0457,0.1276,0.8267,0.0067,0.9844,0.0089,0.1552,0.1564,0.1953,0.1975,0.2956,0.9848,0.0129,0.0023
3479,Quan họ,quanho/audio_17_028.wav,2,0.0023,0.0085,0.0049,0.9739,0.0104,0.3327,0.3336,0.3337,0.0876,0.1338,0.215,0.4436,0.12,0.0275,0.1694,0.803,0.0067,0.9844,0.0089,0.1615,0.1624,0.1943,0.1961,0.2856,0.0596,0.1295,0.8109
3480,Quan họ,quanho/audio_15_146.wav,1,0.0207,0.0566,0.038,0.4244,0.4603,0.3319,0.3335,0.3346,0.7161,0.1747,0.0777,0.0233,0.0081,0.0272,0.9001,0.0726,0.0067,0.9844,0.0089,0.1935,0.1942,0.2092,0.2095,0.1936,0.8532,0.112,0.0349
3481,Quan họ,quanho/audio_15_146.wav,2,0.0166,0.0526,0.0305,0.7528,0.1475,0.3322,0.3335,0.3342,0.8705,0.0877,0.0315,0.0078,0.0025,0.0173,0.9699,0.0128,0.0067,0.9844,0.0089,0.1912,0.192,0.2096,0.2101,0.1972,0.8166,0.1375,0.0458
3482,Quan họ,quanho/audio_14_117.wav,1,0.0618,0.5521,0.1919,0.163,0.0312,0.334,0.3332,0.3329,0.0703,0.1389,0.4178,0.3477,0.0254,0.3084,0.6306,0.0609,0.2741,0.6756,0.0503,0.2306,0.2301,0.204,0.2023,0.1331,0.3333,0.6268,0.0399
3483,Quan họ,quanho/audio_14_117.wav,2,0.0526,0.2676,0.1778,0.4423,0.0597,0.334,0.3334,0.3326,0.0526,0.101,0.2809,0.5381,0.0274,0.1169,0.8373,0.0458,0.2741,0.6756,0.0503,0.1476,0.1493,0.2084,0.2118,0.2828,0.07,0.4767,0.4533
3484,Quan họ,quanho/audio_20_154.wav,1,0.0138,0.0749,0.0277,0.8569,0.0267,0.3343,0.3331,0.3326,0.0569,0.5918,0.337,0.0118,0.0024,0.0064,0.9845,0.0091,0.0067,0.9844,0.0089,0.1305,0.1323,0.2014,0.2057,0.33,0.013,0.9812,0.0057
3485,Quan họ,quanho/audio_20_154.wav,2,0.0302,0.1395,0.0855,0.6903,0.0544,0.3337,0.3333,0.333,0.0919,0.5186,0.3665,0.0192,0.0039,0.0241,0.9188,0.0571,0.0067,0.9844,0.0089,0.1563,0.158,0.2167,0.2198,0.2492,0.0004,0.9994,0.0002
3486,Quan họ,quanho/audio_2_061.wav,1,0.0235,0.0629,0.0525,0.4605,0.4005,0.3341,0.3332,0.3327,0.0573,0.543,0.384,0.013,0.0026,0.8885,0.0921,0.0194,0.0067,0.9844,0.0089,0.2173,0.2173,0.2068,0.2059,0.1527,0.0018,0.9973,0.001
3487,Quan họ,quanho/audio_2_061.wav,2,0.0181,0.0541,0.0396,0.702,0.1862,0.335,0.3331,0.3318,0.046,0.328,0.6107,0.0129,0.0025,0.9754,0.0189,0.0057,0.0067,0.9844,0.0089,0.2244,0.2239,0.2038,0.2025,0.1454,0.3738,0.5859,0.0403
3488,Quan họ,quanho/audio_14_129.wav,1,0.263,0.5582,0.095,0.0626,0.0212,0.3338,0.3334,0.3329,0.6264,0.3064,0.0561,0.0088,0.0023,0.0553,0.9013,0.0433,0.0067,0.9844,0.0089,0.1827,0.1842,0.222,0.2232,0.188,0.9985,0.0012,0.0002
3489,Quan họ,quanho/audio_14_129.wav,2,0.0457,0.3561,0.1089,0.4436,0.0457,0.3338,0.3334,0.3328,0.0599,0.6592,0.2675,0.0111,0.0023,0.4647,0.4771,0.0582,0.0067,0.9844,0.0089,0.1319,0.1337,0.2067,0.2112,0.3164,0.8406,0.1409,0.0185
3490,Quan họ,quanho/audio_14_059.wav,1,0.0359,0.2682,0.0676,0.5839,0.0444,0.333,0.3334,0.3336,0.9922,0.0059,0.0015,0.0003,0.0001,0.0331,0.8647,0.1022,0.8989,0.0759,0.0252,0.1749,0.1765,0.2186,0.2202,0.2098,0.9982,0.0015,0.0003
3491,Quan họ,quanho/audio_14_059.wav,2,0.1004,0.6038,0.2154,0.0628,0.0176,0.3336,0.3335,0.3329,0.0662,0.211,0.6835,0.0337,0.0057,0.0447,0.3495,0.6059,0.0372,0.9449,0.0179,0.2475,0.2458,0.1951,0.1926,0.119,0.031,0.1393,0.8297
3492,Quan họ,quanho/audio_21_063.wav,1,0.0809,0.2368,0.0925,0.4194,0.1705,0.3345,0.3332,0.3323,0.053,0.07,0.1009,0.4272,0.3489,0.0542,0.2533,0.6925,0.0542,0.7019,0.2439,0.1574,0.1584,0.1924,0.1944,0.2974,0.353,0.6068,0.0401
3493,Quan họ,quanho/audio_21_063.wav,2,0.068,0.1859,0.0844,0.4367,0.225,0.3333,0.3332,0.3335,0.0835,0.1933,0.6178,0.0926,0.0128,0.0143,0.9624,0.0233,0.0542,0.7019,0.2439,0.1513,0.1524,0.1919,0.1942,0.3102,0.9023,0.0762,0.0215
3494,Quan họ,quanho/audio_2_034.wav,1,0.4232,0.1268,0.3812,0.0472,0.0217,0.3337,0.3333,0.3331,0.8498,0.1004,0.0372,0.0095,0.0031,0.0532,0.9168,0.03,0.0372,0.9449,0.0179,0.2062,0.2064,0.2069,0.2066,0.1739,0.9933,0.0055,0.0012
3495,Quan họ,quanho/audio_2_034.wav,2,0.0338,0.8524,0.0368,0.0635,0.0135,0.3318,0.3336,0.3346,0.7229,0.1714,0.0755,0.0224,0.0078,0.8825,0.0858,0.0318,0.0372,0.9449,0.0179,0.1444,0.1455,0.1883,0.1909,0.331,0.8689,0.1007,0.0304
3496,Quan họ,quanho/audio_28_103.wav,1,0.0084,0.0172,0.0164,0.0551,0.903,0.3348,0.3333,0.3319,0.3618,0.5723,0.0564,0.0075,0.0019,0.3078,0.6305,0.0617,0.0067,0.9844,0.0089,0.1814,0.1823,0.207,0.208,0.2213,0.9627,0.0321,0.0052
3497,Quan họ,quanho/audio_28_103.wav,2,0.0128,0.0312,0.0261,0.1661,0.7639,0.3353,0.3333,0.3314,0.9571,0.0336,0.0075,0.0014,0.0004,0.6509,0.3029,0.0462,0.0067,0.9844,0.0089,0.1948,0.1956,0.2118,0.2121,0.1857,0.9459,0.0431,0.011
3498,Quan họ,quanho/audio_20_009.wav,1,0.0566,0.1717,0.0744,0.5019,0.1953,0.3354,0.333,0.3316,0.0643,0.4597,0.4577,0.0153,0.003,0.0633,0.6544,0.2824,0.0067,0.9844,0.0089,0.1902,0.1911,0.2115,0.2121,0.1951,0.2226,0.7414,0.0361
3499,Quan họ,quanho/audio_20_009.wav,2,0.0679,0.192,0.084,0.4475,0.2086,0.3352,0.3329,0.3319,0.0507,0.3751,0.5582,0.0134,0.0026,0.0262,0.9233,0.0505,0.0067,0.9844,0.0089,0.1907,0.1916,0.2125,0.2131,0.1921,0.0632,0.9182,0.0186
3500,Quan họ,quanho/audio_8_075.wav,1,0.0423,0.2462,0.1177,0.5412,0.0527,0.3344,0.3333,0.3323,0.1413,0.6256,0.2075,0.0207,0.005,0.2294,0.7144,0.0562,0.2741,0.6756,0.0503,0.1845,0.1861,0.2258,0.227,0.1766,0.9655,0.0297,0.0049
3501,Quan họ,quanho/audio_8_075.wav,2,0.069,0.3654,0.3069,0.2151,0.0436,0.3342,0.3332,0.3326,0.0351,0.0966,0.8128,0.0491,0.0064,0.8885,0.0923,0.0192,0.0067,0.9844,0.0089,0.1269,0.1284,0.1857,0.1894,0.3697,0.7421,0.2312,0.0266
3502,Quan họ,quanho/audio_9_121.wav,1,0.0004,0.0018,0.0008,0.9955,0.0014,0.3349,0.3331,0.332,0.4284,0.4599,0.0944,0.0138,0.0035,0.3777,0.5551,0.0672,0.2741,0.6756,0.0503,0.1635,0.1647,0.2035,0.2056,0.2626,0.9514,0.0388,0.0098
3503,Quan họ,quanho/audio_9_121.wav,2,0.0235,0.1357,0.0412,0.7589,0.0408,0.3355,0.3332,0.3313,0.054,0.7269,0.2078,0.0093,0.0019,0.0843,0.8745,0.0413,0.2741,0.6756,0.0503,0.1606,0.1617,0.1978,0.1998,0.2801,0.9602,0.032,0.0078
3504,Quan họ,quanho/audio_3_125.wav,1,0.0556,0.1454,0.2015,0.4339,0.1637,0.3337,0.3332,0.3331,0.0657,0.1384,0.4979,0.2764,0.0216,0.0362,0.936,0.0279,0.0372,0.9449,0.0179,0.2231,0.2234,0.213,0.2115,0.1289,0.0015,0.9974,0.0011
3505,Quan họ,quanho/audio_3_125.wav,2,0.0203,0.0547,0.037,0.3759,0.5121,0.3338,0.3333,0.3329,0.058,0.2265,0.6828,0.0275,0.0052,0.0084,0.9787,0.0129,0.0372,0.9449,0.0179,0.1996,0.2001,0.2083,0.2083,0.1838,0.1609,0.8075,0.0316
3506,Quan họ,quanho/audio_28_197.wav,1,0.0409,0.23,0.0605,0.6053,0.0633,0.3336,0.3334,0.333,0.0494,0.2693,0.6609,0.0171,0.0033,0.1197,0.8315,0.0488,0.0067,0.9844,0.0089,0.1382,0.1395,0.1918,0.195,0.3356,0.0644,0.7552,0.1804
3507,Quan họ,quanho/audio_28_197.wav,2,0.0156,0.0688,0.0263,0.8456,0.0436,0.3344,0.3331,0.3324,0.024,0.07,0.8767,0.0258,0.0035,0.0188,0.9505,0.0306,0.0372,0.9449,0.0179,0.1508,0.1521,0.1959,0.1984,0.3027,0.0536,0.9297,0.0167
3508,Quan họ,quanho/audio_25_100.wav,1,0.0205,0.0599,0.0461,0.6527,0.2208,0.3341,0.3333,0.3327,0.0383,0.129,0.8009,0.0272,0.0046,0.0975,0.5535,0.349,0.969,0.0242,0.0069,0.1863,0.1871,0.2088,0.2096,0.2083,0.1982,0.7672,0.0346
3509,Quan họ,quanho/audio_25_100.wav,2,0.0301,0.092,0.0843,0.6546,0.139,0.3339,0.3332,0.3329,0.0714,0.3727,0.5291,0.0223,0.0045,0.0571,0.8689,0.074,0.0067,0.9844,0.0089,0.1869,0.1882,0.2183,0.2192,0.1874,0.0085,0.9836,0.0078
3510,Quan họ,quanho/audio_15_126.wav,1,0.024,0.1088,0.0646,0.7546,0.048,0.3335,0.3332,0.3332,0.0086,0.0372,0.949,0.0044,0.0008,0.0459,0.3211,0.633,0.0372,0.9449,0.0179,0.2144,0.2149,0.2132,0.2123,0.1452,0.0268,0.9631,0.0101
3511,Quan họ,quanho/audio_15_126.wav,2,0.0099,0.0337,0.0187,0.8731,0.0647,0.3344,0.3333,0.3323,0.0693,0.5754,0.3369,0.0151,0.0032,0.031,0.16,0.809,0.0067,0.9844,0.0089,0.2098,0.21,0.2077,0.2072,0.1654,0.0487,0.9357,0.0156
3512,Quan họ,quanho/audio_0_117.wav,1,0.0227,0.0577,0.038,0.2834,0.5982,0.3337,0.3334,0.3329,0.1752,0.4222,0.339,0.051,0.0127,0.0539,0.5205,0.4256,0.7764,0.1589,0.0646,0.1711,0.1719,0.1974,0.1988,0.2609,0.0189,0.9597,0.0214
3513,Quan họ,quanho/audio_0_117.wav,2,0.0186,0.0547,0.0368,0.6358,0.2541,0.3341,0.3333,0.3326,0.0184,0.0915,0.8808,0.0078,0.0014,0.0348,0.1748,0.7904,0.969,0.0242,0.0069,0.1499,0.151,0.192,0.1944,0.3127,0.0149,0.9788,0.0064
3514,Quan họ,quanho/audio_8_132.wav,1,0.0639,0.413,0.0794,0.3797,0.064,0.3334,0.3332,0.3334,0.8452,0.1032,0.0385,0.0099,0.0032,0.0409,0.8382,0.1209,0.0067,0.9844,0.0089,0.1801,0.1808,0.2022,0.2032,0.2338,0.8686,0.1009,0.0305
3515,Quan họ,quanho/audio_8_132.wav,2,0.0079,0.0363,0.0144,0.9203,0.0211,0.3333,0.3334,0.3333,0.0141,0.0523,0.9238,0.0084,0.0013,0.0134,0.0743,0.9123,0.0067,0.9844,0.0089,0.1589,0.1601,0.1993,0.2014,0.2803,0.8991,0.0882,0.0127
3516,Quan họ,quanho/audio_22_078.wav,1,0.0168,0.0879,0.0388,0.8247,0.0318,0.334,0.3335,0.3325,0.158,0.7046,0.1222,0.0124,0.0029,0.0467,0.7174,0.2359,0.0067,0.9844,0.0089,0.1691,0.1709,0.2259,0.2282,0.2059,0.6292,0.3371,0.0337
3517,Quan họ,quanho/audio_22_078.wav,2,0.0289,0.1064,0.0444,0.715,0.1054,0.3329,0.3338,0.3333,0.9487,0.0369,0.0112,0.0025,0.0008,0.1718,0.7725,0.0558,0.0067,0.9844,0.0089,0.1706,0.1717,0.2066,0.2083,0.2427,0.8806,0.0922,0.0272
3518,Quan họ,quanho/audio_2_164.wav,1,0.0223,0.0598,0.039,0.3742,0.5047,0.3343,0.3332,0.3325,0.9699,0.0221,0.0062,0.0013,0.0004,0.0074,0.9823,0.0103,0.0067,0.9844,0.0089,0.1756,0.1771,0.2205,0.2222,0.2046,0.9511,0.0391,0.0098
3519,Quan họ,quanho/audio_2_164.wav,2,0.0375,0.0951,0.1003,0.4566,0.3105,0.334,0.3332,0.3328,0.0959,0.1833,0.4609,0.2343,0.0256,0.0123,0.9659,0.0219,0.0422,0.1103,0.8475,0.2107,0.2114,0.2162,0.2154,0.1463,0.9552,0.0359,0.0089
3520,Quan họ,quanho/audio_20_145.wav,1,0.0205,0.0528,0.0441,0.3394,0.5432,0.3356,0.3332,0.3311,0.9358,0.0511,0.0106,0.0019,0.0005,0.9922,0.0063,0.0016,0.0067,0.9844,0.0089,0.1926,0.1933,0.2084,0.2088,0.1969,0.9521,0.0413,0.0066
3521,Quan họ,quanho/audio_20_145.wav,2,0.0168,0.0438,0.0316,0.2812,0.6266,0.335,0.3331,0.3319,0.7604,0.201,0.0321,0.0051,0.0014,0.8357,0.1383,0.026,0.0067,0.9844,0.0089,0.2067,0.2071,0.2091,0.2087,0.1684,0.9074,0.0724,0.0202
3522,Quan họ,quanho/audio_22_132.wav,1,0.0124,0.0253,0.0206,0.0751,0.8666,0.3327,0.3334,0.3339,0.1734,0.4995,0.283,0.0353,0.0087,0.0216,0.0932,0.8852,0.0372,0.9449,0.0179,0.2037,0.2038,0.2039,0.2037,0.1849,0.0139,0.98,0.006
3523,Quan họ,quanho/audio_22_132.wav,2,0.0357,0.0629,0.0623,0.1436,0.6955,0.3332,0.3334,0.3334,0.1327,0.4691,0.3558,0.0344,0.0079,0.0372,0.2014,0.7615,0.9336,0.0507,0.0157,0.2063,0.2063,0.2034,0.2031,0.181,0.3462,0.6137,0.04
3524,Quan họ,quanho/audio_22_156.wav,1,0.0878,0.4493,0.0904,0.3005,0.072,0.3357,0.3332,0.3311,0.6921,0.2609,0.0392,0.0061,0.0016,0.1587,0.7913,0.05,0.2741,0.6756,0.0503,0.1865,0.1874,0.2096,0.2104,0.2061,0.9284,0.0622,0.0094
3525,Quan họ,quanho/audio_22_156.wav,2,0.0806,0.6381,0.0754,0.166,0.0398,0.3359,0.3332,0.3309,0.5993,0.3411,0.0501,0.0075,0.002,0.2234,0.7203,0.0563,0.0372,0.9449,0.0179,0.166,0.1672,0.2075,0.2095,0.2497,0.9845,0.0132,0.0023
3526,Quan họ,quanho/audio_21_080.wav,1,0.0279,0.0561,0.0615,0.1698,0.6847,0.333,0.3337,0.3333,0.0539,0.737,0.1976,0.0094,0.002,0.0497,0.8022,0.1481,0.0422,0.1103,0.8475,0.2343,0.2331,0.1981,0.1964,0.1381,0.1368,0.8339,0.0292
3527,Quan họ,quanho/audio_21_080.wav,2,0.085,0.1462,0.2877,0.2556,0.2256,0.3334,0.3334,0.3332,0.0447,0.1637,0.7613,0.0257,0.0046,0.0307,0.1998,0.7695,0.0067,0.9844,0.0089,0.1962,0.1966,0.2053,0.2056,0.1963,0.0034,0.0101,0.9865
3528,Quan họ,quanho/audio_17_140.wav,1,0.0121,0.029,0.025,0.1436,0.7903,0.332,0.3336,0.3344,0.3747,0.5331,0.0788,0.0107,0.0027,0.1177,0.835,0.0474,0.0372,0.9449,0.0179,0.1827,0.1839,0.2165,0.2177,0.1992,0.7152,0.2563,0.0285
3529,Quan họ,quanho/audio_17_140.wav,2,0.0278,0.106,0.043,0.729,0.0943,0.3315,0.3338,0.3347,0.9989,0.0008,0.0002,0.0,0.0,0.1951,0.7495,0.0554,0.0372,0.9449,0.0179,0.1958,0.1975,0.2301,0.2303,0.1462,0.9951,0.0041,0.0008
3530,Quan họ,quanho/audio_3_054.wav,1,0.0095,0.023,0.0171,0.1093,0.8411,0.3348,0.3332,0.3321,0.0405,0.1321,0.7917,0.0306,0.0051,0.1945,0.7455,0.06,0.2741,0.6756,0.0503,0.1651,0.1662,0.2022,0.2041,0.2623,0.0052,0.9904,0.0044
3531,Quan họ,quanho/audio_3_054.wav,2,0.0117,0.0396,0.0216,0.8501,0.0771,0.3346,0.3332,0.3322,0.0012,0.0045,0.9933,0.0008,0.0001,0.5455,0.3985,0.0559,0.0372,0.9449,0.0179,0.1669,0.1681,0.2059,0.2079,0.2512,0.007,0.9896,0.0034
3532,Quan họ,quanho/audio_4_119.wav,1,0.0217,0.0885,0.0348,0.7877,0.0674,0.3329,0.3335,0.3336,0.0562,0.2012,0.7125,0.0257,0.0044,0.0069,0.0334,0.9597,0.0067,0.9844,0.0089,0.156,0.1573,0.2009,0.2033,0.2825,0.9371,0.0545,0.0084
3533,Quan họ,quanho/audio_4_119.wav,2,0.0016,0.007,0.0034,0.9833,0.0046,0.3339,0.3334,0.3327,0.9359,0.0491,0.012,0.0023,0.0007,0.0112,0.0577,0.9311,0.9336,0.0507,0.0157,0.2181,0.2182,0.2094,0.2082,0.1461,0.9991,0.0007,0.0001
3534,Quan họ,quanho/audio_19_020.wav,1,0.0225,0.1037,0.0597,0.7688,0.0453,0.3325,0.3336,0.3339,0.0126,0.0396,0.9338,0.0122,0.0017,0.1012,0.8572,0.0416,0.0372,0.9449,0.0179,0.141,0.1422,0.188,0.1908,0.338,0.8369,0.1443,0.0189
3535,Quan họ,quanho/audio_19_020.wav,2,0.0315,0.199,0.0532,0.669,0.0473,0.3322,0.3336,0.3342,0.0675,0.5072,0.4057,0.0163,0.0034,0.0516,0.6959,0.2525,0.0067,0.9844,0.0089,0.1778,0.179,0.2133,0.2148,0.2152,0.0502,0.9338,0.016
3536,Quan họ,quanho/audio_13_025.wav,1,0.0219,0.0804,0.0354,0.7725,0.0898,0.3347,0.333,0.3323,0.0371,0.0518,0.0802,0.5812,0.2496,0.0709,0.803,0.1261,0.0542,0.7019,0.2439,0.1737,0.175,0.2121,0.2137,0.2255,0.0126,0.9748,0.0126
3537,Quan họ,quanho/audio_13_025.wav,2,0.0159,0.0797,0.0277,0.8415,0.0351,0.3345,0.3331,0.3324,0.0237,0.9479,0.0258,0.0021,0.0005,0.0693,0.7722,0.1585,0.0542,0.7019,0.2439,0.2081,0.2091,0.2209,0.2202,0.1417,0.7376,0.2355,0.027
3538,Quan họ,quanho/audio_2_111.wav,1,0.007,0.0245,0.0134,0.9144,0.0407,0.3345,0.3332,0.3322,0.0074,0.0258,0.9606,0.0054,0.0008,0.2309,0.708,0.0611,0.2741,0.6756,0.0503,0.1536,0.1549,0.2015,0.2041,0.286,0.0101,0.9803,0.0096
3539,Quan họ,quanho/audio_2_111.wav,2,0.0198,0.0882,0.052,0.7969,0.0431,0.3345,0.3332,0.3323,0.0317,0.0488,0.0895,0.7947,0.0352,0.948,0.0425,0.0096,0.8965,0.0877,0.0157,0.1578,0.1589,0.1959,0.198,0.2893,0.9713,0.0246,0.0041
3540,Quan họ,quanho/audio_5_115.wav,1,0.026,0.0816,0.0703,0.6994,0.1227,0.3358,0.333,0.3312,0.0147,0.0718,0.9062,0.0062,0.0011,0.2075,0.7267,0.0658,0.0067,0.9844,0.0089,0.1649,0.1665,0.2147,0.217,0.2368,0.0001,0.9998,0.0001
3541,Quan họ,quanho/audio_5_115.wav,2,0.0878,0.313,0.0945,0.3883,0.1164,0.3341,0.3333,0.3326,0.0451,0.897,0.0529,0.0041,0.0009,0.1027,0.8495,0.0478,0.0067,0.9844,0.0089,0.1799,0.1813,0.2169,0.2182,0.2037,0.9991,0.0007,0.0001
3542,Quan họ,quanho/audio_22_037.wav,1,0.0372,0.1604,0.0542,0.663,0.0853,0.3345,0.3333,0.3321,0.617,0.3297,0.0449,0.0067,0.0018,0.2591,0.6823,0.0586,0.0372,0.9449,0.0179,0.207,0.2072,0.2075,0.2072,0.171,0.9747,0.0205,0.0048
3543,Quan họ,quanho/audio_22_037.wav,2,0.0481,0.1137,0.1409,0.4008,0.2965,0.3334,0.3334,0.3332,0.0318,0.0429,0.0628,0.2891,0.5733,0.9575,0.0325,0.01,0.0372,0.9449,0.0179,0.2393,0.2382,0.1987,0.1966,0.1272,0.0737,0.1525,0.7737
3544,Quan họ,quanho/audio_25_120.wav,1,0.0261,0.1008,0.0751,0.7324,0.0656,0.3342,0.3333,0.3326,0.0254,0.1432,0.8204,0.0093,0.0017,0.0458,0.7289,0.2253,0.0372,0.9449,0.0179,0.151,0.1524,0.1998,0.2025,0.2943,0.0039,0.993,0.0031
3545,Quan họ,quanho/audio_25_120.wav,2,0.0013,0.0029,0.0024,0.0113,0.9821,0.334,0.3333,0.3327,0.0433,0.169,0.7611,0.0225,0.0041,0.0413,0.2863,0.6725,0.0372,0.9449,0.0179,0.1817,0.1825,0.2062,0.2073,0.2223,0.0009,0.9985,0.0006
3546,Quan họ,quanho/audio_21_087.wav,1,0.017,0.0446,0.0332,0.2988,0.6063,0.3349,0.333,0.3321,0.3383,0.5205,0.1181,0.0181,0.005,0.0432,0.3551,0.6017,0.0067,0.9844,0.0089,0.1972,0.1977,0.2066,0.2068,0.1917,0.0345,0.9139,0.0516
3547,Quan họ,quanho/audio_21_087.wav,2,0.0155,0.0477,0.0325,0.7496,0.1547,0.3341,0.3332,0.3327,0.0412,0.9307,0.025,0.0025,0.0006,0.0227,0.1409,0.8363,0.2741,0.6756,0.0503,0.1991,0.1994,0.2049,0.2049,0.1916,0.7122,0.2591,0.0287
3548,Quan họ,quanho/audio_9_088.wav,1,0.0514,0.1085,0.7207,0.0876,0.0319,0.3344,0.3332,0.3324,0.0389,0.0542,0.0841,0.6281,0.1947,0.9969,0.0025,0.0007,0.0067,0.9844,0.0089,0.1446,0.1458,0.1915,0.1943,0.3239,0.0129,0.9742,0.013
3549,Quan họ,quanho/audio_9_088.wav,2,0.0058,0.0211,0.0111,0.9312,0.0307,0.3333,0.3334,0.3333,0.944,0.0415,0.0114,0.0024,0.0007,0.1263,0.7469,0.1269,0.0067,0.9844,0.0089,0.2019,0.2022,0.2077,0.2076,0.1806,0.9995,0.0004,0.0001
3550,Quan họ,quanho/audio_18_002.wav,1,0.0761,0.4946,0.0834,0.2865,0.0594,0.333,0.3338,0.3332,0.9147,0.0609,0.019,0.0042,0.0013,0.0248,0.1568,0.8184,0.0067,0.9844,0.0089,0.1721,0.173,0.2016,0.2031,0.2503,0.9424,0.0458,0.0118
3551,Quan họ,quanho/audio_18_002.wav,2,0.0268,0.0712,0.0631,0.4781,0.3608,0.334,0.3335,0.3325,0.1416,0.3201,0.4654,0.0616,0.0114,0.0148,0.0585,0.9268,0.0067,0.9844,0.0089,0.1551,0.1561,0.193,0.1951,0.3007,0.9564,0.0376,0.006
3552,Quan họ,quanho/audio_27_072.wav,1,0.0484,0.2064,0.0659,0.582,0.0973,0.3334,0.3334,0.3333,0.0437,0.2836,0.6574,0.0129,0.0024,0.0494,0.7521,0.1985,0.0372,0.9449,0.0179,0.1767,0.1776,0.2042,0.2054,0.236,0.1545,0.8145,0.031
3553,Quan họ,quanho/audio_27_072.wav,2,0.0597,0.3446,0.0768,0.4478,0.0712,0.3321,0.3337,0.3342,0.065,0.2267,0.6747,0.0287,0.005,0.0502,0.7353,0.2145,0.0372,0.9449,0.0179,0.1756,0.1766,0.2053,0.2067,0.2358,0.4538,0.5064,0.0397
3554,Quan họ,quanho/audio_25_079.wav,1,0.0727,0.163,0.4317,0.2366,0.096,0.3347,0.3332,0.3321,0.1576,0.7913,0.0446,0.0052,0.0013,0.6989,0.202,0.0991,0.1424,0.2547,0.6029,0.2203,0.2199,0.2035,0.2024,0.1539,0.9685,0.0254,0.0061
3555,Quan họ,quanho/audio_25_079.wav,2,0.0785,0.8236,0.0551,0.0332,0.0097,0.3341,0.3334,0.3325,0.0394,0.0636,0.126,0.739,0.0319,0.0064,0.9834,0.0102,0.0067,0.9844,0.0089,0.1337,0.1351,0.1888,0.1922,0.3503,0.3852,0.5746,0.0403
3556,Quan họ,quanho/audio_14_043.wav,1,0.0505,0.1444,0.0695,0.491,0.2446,0.335,0.333,0.332,0.0442,0.3072,0.6335,0.0127,0.0024,0.0236,0.9339,0.0425,0.0067,0.9844,0.0089,0.1906,0.1914,0.2109,0.2115,0.1956,0.1174,0.8556,0.027
3557,Quan họ,quanho/audio_14_043.wav,2,0.0198,0.0573,0.0379,0.5802,0.3049,0.3342,0.3332,0.3326,0.0337,0.9441,0.0199,0.0019,0.0005,0.5324,0.4021,0.0655,0.2741,0.6756,0.0503,0.2299,0.2292,0.2023,0.2007,0.138,0.9736,0.0213,0.005
3558,Quan họ,quanho/audio_0_090.wav,1,0.0726,0.2048,0.0875,0.4354,0.1997,0.3333,0.3332,0.3335,0.7197,0.1729,0.0766,0.0229,0.0079,0.0076,0.9815,0.0108,0.0542,0.7019,0.2439,0.1502,0.1514,0.1919,0.1943,0.3122,0.8208,0.1347,0.0445
3559,Quan họ,quanho/audio_0_090.wav,2,0.0364,0.103,0.0556,0.5033,0.3017,0.3339,0.3331,0.333,0.2014,0.3971,0.3222,0.0626,0.0166,0.0308,0.8956,0.0735,0.0542,0.7019,0.2439,0.1617,0.1626,0.195,0.1969,0.2838,0.987,0.0107,0.0024
3560,Quan họ,quanho/audio_21_048.wav,1,0.0298,0.1146,0.0454,0.715,0.0953,0.3348,0.3331,0.3321,0.0794,0.2944,0.5848,0.0345,0.0069,0.0644,0.8735,0.0621,0.0067,0.9844,0.0089,0.1698,0.1709,0.2047,0.2064,0.2482,0.1917,0.7742,0.0341
3561,Quan họ,quanho/audio_21_048.wav,2,0.0665,0.3158,0.0809,0.4486,0.0881,0.3355,0.3332,0.3313,0.9076,0.0747,0.0144,0.0025,0.0007,0.2333,0.7086,0.0581,0.0067,0.9844,0.0089,0.1881,0.1887,0.2053,0.206,0.212,0.5167,0.445,0.0383
3562,Quan họ,quanho/audio_22_121.wav,1,0.0225,0.0777,0.0367,0.7491,0.114,0.3337,0.3332,0.3331,0.9572,0.0316,0.0088,0.0019,0.0006,0.0321,0.9027,0.0652,0.0372,0.9449,0.0179,0.189,0.1907,0.2291,0.2298,0.1614,0.9961,0.0033,0.0006
3563,Quan họ,quanho/audio_22_121.wav,2,0.0063,0.0299,0.012,0.9358,0.016,0.334,0.3332,0.3328,0.0203,0.0726,0.893,0.0122,0.002,0.2587,0.6814,0.06,0.0372,0.9449,0.0179,0.1609,0.1626,0.2195,0.2223,0.2347,0.196,0.7696,0.0344
3564,Quan họ,quanho/audio_19_022.wav,1,0.0013,0.0055,0.0027,0.9866,0.0039,0.3324,0.3336,0.334,0.0091,0.0336,0.9503,0.0061,0.001,0.0285,0.9434,0.0281,0.0067,0.9844,0.0089,0.1691,0.1701,0.2022,0.2039,0.2546,0.0459,0.8695,0.0846
3565,Quan họ,quanho/audio_19_022.wav,2,0.0111,0.0573,0.0235,0.8853,0.0228,0.3319,0.3336,0.3344,0.0554,0.535,0.3948,0.0123,0.0025,0.0382,0.9356,0.0262,0.0372,0.9449,0.0179,0.1671,0.1684,0.211,0.213,0.2405,0.004,0.9939,0.0021
3566,Quan họ,quanho/audio_13_024.wav,1,0.0759,0.2976,0.0873,0.4297,0.1096,0.3346,0.3331,0.3323,0.0878,0.6964,0.2002,0.0128,0.0027,0.1607,0.7774,0.0619,0.0542,0.7019,0.2439,0.1706,0.1724,0.2245,0.2266,0.2059,0.2778,0.6836,0.0385
3567,Quan họ,quanho/audio_13_024.wav,2,0.0151,0.056,0.0258,0.836,0.0671,0.3341,0.3332,0.3327,0.2794,0.4564,0.214,0.0391,0.0111,0.0997,0.7119,0.1883,0.0542,0.7019,0.2439,0.1811,0.1819,0.2061,0.2072,0.2237,0.981,0.0162,0.0028
3568,Quan họ,quanho/audio_4_143.wav,1,0.0076,0.0183,0.0149,0.0902,0.869,0.334,0.3335,0.3325,0.3699,0.4686,0.1327,0.0225,0.0064,0.04,0.3121,0.6479,0.0067,0.9844,0.0089,0.1826,0.1835,0.2087,0.2097,0.2155,0.0068,0.9872,0.006
3569,Quan họ,quanho/audio_4_143.wav,2,0.0436,0.0883,0.1081,0.2555,0.5045,0.3336,0.3336,0.3328,0.2085,0.5871,0.1757,0.0227,0.0059,0.0493,0.407,0.5437,0.0067,0.9844,0.0089,0.1965,0.1969,0.205,0.2052,0.1964,0.002,0.9969,0.0011
3570,Quan họ,quanho/audio_26_137.wav,1,0.0437,0.1058,0.1228,0.4183,0.3093,0.3341,0.3335,0.3324,0.0603,0.5261,0.3967,0.014,0.0029,0.0443,0.8195,0.1361,0.0422,0.1103,0.8475,0.1643,0.1659,0.2182,0.2207,0.2308,0.0004,0.9993,0.0003
3571,Quan họ,quanho/audio_26_137.wav,2,0.0202,0.0601,0.0466,0.6925,0.1806,0.3344,0.3335,0.3321,0.0034,0.0122,0.9817,0.0024,0.0004,0.4455,0.4938,0.0607,0.0422,0.1103,0.8475,0.1635,0.1645,0.1987,0.2006,0.2728,0.0048,0.9912,0.004
3572,Quan họ,quanho/audio_7_036.wav,1,0.0292,0.0893,0.0807,0.6626,0.1383,0.3343,0.3333,0.3325,0.0654,0.0812,0.1029,0.1963,0.5542,0.846,0.1289,0.025,0.2741,0.6756,0.0503,0.1497,0.1508,0.1899,0.1923,0.3173,0.1032,0.1945,0.7023
3573,Quan họ,quanho/audio_7_036.wav,2,0.0915,0.2642,0.5618,0.0633,0.0192,0.3342,0.3333,0.3325,0.0229,0.0286,0.0371,0.0845,0.8269,0.9893,0.0085,0.0021,0.2741,0.6756,0.0503,0.1723,0.1733,0.2046,0.2061,0.2438,0.7255,0.2467,0.0278
3574,Quan họ,quanho/audio_14_057.wav,1,0.0686,0.4225,0.0818,0.3608,0.0663,0.3329,0.3333,0.3337,0.8482,0.1245,0.0225,0.0038,0.0011,0.037,0.2503,0.7127,0.0067,0.9844,0.0089,0.1822,0.1829,0.2034,0.2044,0.2271,0.6719,0.2968,0.0313
3575,Quan họ,quanho/audio_14_057.wav,2,0.0703,0.3036,0.0835,0.4444,0.0982,0.3337,0.3333,0.333,0.9667,0.0243,0.0071,0.0015,0.0005,0.0469,0.7499,0.2032,0.0067,0.9844,0.0089,0.1804,0.1812,0.204,0.2051,0.2293,0.9903,0.0082,0.0015
3576,Quan họ,quanho/audio_15_035.wav,1,0.0669,0.1657,0.3038,0.3355,0.1281,0.3338,0.3333,0.3328,0.0276,0.9256,0.0431,0.0031,0.0007,0.026,0.1514,0.8225,0.0067,0.9844,0.0089,0.1499,0.1519,0.222,0.2258,0.2504,0.9989,0.0009,0.0002
3577,Quan họ,quanho/audio_15_035.wav,2,0.0679,0.238,0.4519,0.1938,0.0484,0.3338,0.3334,0.3329,0.0617,0.0953,0.1623,0.5753,0.1054,0.0138,0.0786,0.9076,0.969,0.0242,0.0069,0.1789,0.1795,0.1993,0.2004,0.2419,0.005,0.0179,0.9772
3578,Quan họ,quanho/audio_15_103.wav,1,0.0172,0.0343,0.035,0.1027,0.8108,0.334,0.3335,0.3325,0.068,0.8124,0.1094,0.0083,0.0019,0.0638,0.6393,0.2969,0.0372,0.9449,0.0179,0.2308,0.2299,0.1991,0.1975,0.1427,0.0075,0.9858,0.0067
3579,Quan họ,quanho/audio_15_103.wav,2,0.0596,0.1151,0.1632,0.2816,0.3805,0.3333,0.3334,0.3333,0.0183,0.0223,0.0284,0.0634,0.8676,0.015,0.077,0.908,0.0067,0.9844,0.0089,0.1937,0.1941,0.2039,0.2042,0.2041,0.0722,0.5377,0.3901
3580,Quan họ,quanho/audio_5_027.wav,1,0.0166,0.0503,0.035,0.7237,0.1744,0.3339,0.3334,0.3326,0.0723,0.4634,0.4416,0.0188,0.0039,0.0486,0.8229,0.1285,0.0067,0.9844,0.0089,0.1184,0.1197,0.1723,0.1758,0.4137,0.1486,0.821,0.0305
3581,Quan họ,quanho/audio_5_027.wav,2,0.0179,0.0573,0.0319,0.7471,0.1458,0.334,0.3334,0.3326,0.0318,0.1522,0.8,0.0135,0.0025,0.0591,0.5174,0.4235,0.0067,0.9844,0.0089,0.127,0.1283,0.1784,0.1816,0.3847,0.7939,0.1835,0.0226
3582,Quan họ,quanho/audio_19_016.wav,1,0.1809,0.2694,0.4759,0.055,0.0187,0.3322,0.3336,0.3342,0.0071,0.0317,0.9571,0.0034,0.0006,0.0494,0.7833,0.1673,0.0372,0.9449,0.0179,0.2191,0.2192,0.21,0.2088,0.1429,0.0377,0.9026,0.0597
3583,Quan họ,quanho/audio_19_016.wav,2,0.0609,0.5442,0.186,0.1763,0.0326,0.3318,0.3337,0.3345,0.0043,0.0148,0.977,0.0034,0.0005,0.0291,0.9353,0.0356,0.0067,0.9844,0.0089,0.1418,0.1432,0.1947,0.1978,0.3225,0.2613,0.7007,0.0379
3584,Quan họ,quanho/audio_12_082.wav,1,0.0224,0.0715,0.0586,0.7356,0.1119,0.3335,0.3336,0.3329,0.0751,0.4422,0.4608,0.0183,0.0036,0.1874,0.7537,0.0588,0.0067,0.9844,0.0089,0.1794,0.1807,0.2172,0.2186,0.2041,0.0055,0.9917,0.0027
3585,Quan họ,quanho/audio_12_082.wav,2,0.0713,0.684,0.0682,0.1433,0.0332,0.3355,0.3333,0.3312,0.2901,0.4659,0.2061,0.0307,0.0073,0.4852,0.4462,0.0686,0.0067,0.9844,0.0089,0.1439,0.1457,0.2113,0.2151,0.2839,0.9661,0.0291,0.0048
3586,Quan họ,quanho/audio_17_042.wav,1,0.0758,0.1966,0.0905,0.4069,0.2302,0.3333,0.3332,0.3335,0.0179,0.0547,0.9075,0.0175,0.0024,0.015,0.9635,0.0215,0.0542,0.7019,0.2439,0.1495,0.1506,0.191,0.1934,0.3155,0.8706,0.0995,0.0299
3587,Quan họ,quanho/audio_17_042.wav,2,0.0704,0.2178,0.0851,0.4585,0.1682,0.3338,0.3331,0.3331,0.6986,0.1832,0.0835,0.0256,0.009,0.0486,0.7526,0.1988,0.969,0.0242,0.0069,0.1548,0.1559,0.1942,0.1965,0.2986,0.7912,0.1548,0.054
3588,Quan họ,quanho/audio_7_132.wav,1,0.061,0.6428,0.0691,0.1901,0.0369,0.3344,0.3331,0.3325,0.0692,0.1344,0.3891,0.3809,0.0264,0.4156,0.5209,0.0635,0.0067,0.9844,0.0089,0.15,0.1511,0.1912,0.1936,0.3141,0.9907,0.0079,0.0014
3589,Quan họ,quanho/audio_7_132.wav,2,0.0258,0.8904,0.0286,0.0455,0.0097,0.334,0.3332,0.3328,0.0729,0.8317,0.0868,0.0069,0.0016,0.2703,0.6696,0.0601,0.0067,0.9844,0.0089,0.1495,0.1507,0.1912,0.1937,0.3149,0.9626,0.0301,0.0073
3590,Quan họ,quanho/audio_22_100.wav,1,0.1649,0.6376,0.133,0.0493,0.0152,0.3335,0.3336,0.3329,0.0637,0.1369,0.5211,0.2576,0.0207,0.0016,0.0071,0.9913,0.0067,0.9844,0.0089,0.2449,0.243,0.1936,0.1914,0.1271,0.796,0.1815,0.0224
3591,Quan họ,quanho/audio_22_100.wav,2,0.8906,0.0414,0.0473,0.0141,0.0067,0.3334,0.3336,0.333,0.0129,0.0628,0.9179,0.0055,0.001,0.0234,0.9167,0.0599,0.2741,0.6756,0.0503,0.2353,0.2342,0.1988,0.197,0.1348,0.0715,0.6553,0.2733
3592,Quan họ,quanho/audio_0_087.wav,1,0.0067,0.0231,0.0145,0.9163,0.0393,0.3354,0.3331,0.3316,0.0339,0.114,0.8233,0.0248,0.0041,0.1558,0.7753,0.0689,0.0067,0.9844,0.0089,0.174,0.175,0.206,0.2075,0.2375,0.0309,0.9256,0.0435
3593,Quan họ,quanho/audio_0_087.wav,2,0.0135,0.0621,0.0234,0.8657,0.0354,0.3343,0.3335,0.3322,0.0767,0.2858,0.6044,0.028,0.0051,0.0766,0.8776,0.0458,0.0067,0.9844,0.0089,0.1874,0.1883,0.2114,0.2122,0.2007,0.2833,0.678,0.0387
3594,Quan họ,quanho/audio_27_043.wav,1,0.0059,0.0221,0.0111,0.9329,0.0281,0.3343,0.3333,0.3324,0.0106,0.0343,0.9445,0.0093,0.0013,0.4114,0.5265,0.0621,0.2741,0.6756,0.0503,0.1562,0.1575,0.2018,0.2042,0.2803,0.1027,0.8723,0.0251
3595,Quan họ,quanho/audio_27_043.wav,2,0.0113,0.0572,0.021,0.8857,0.0249,0.335,0.3331,0.3319,0.0164,0.9567,0.0247,0.0017,0.0004,0.6127,0.3372,0.0501,0.2741,0.6756,0.0503,0.1541,0.1555,0.2035,0.2062,0.2807,0.0001,0.9999,0.0001
3596,Quan họ,quanho/audio_14_078.wav,1,0.0254,0.867,0.0343,0.0617,0.0115,0.3342,0.3332,0.3326,0.2496,0.445,0.2584,0.0384,0.0087,0.0252,0.1124,0.8624,0.8965,0.0877,0.0157,0.1577,0.1589,0.1985,0.2007,0.2841,0.9928,0.0059,0.0013
3597,Quan họ,quanho/audio_14_078.wav,2,0.0497,0.6614,0.1212,0.1424,0.0253,0.3339,0.3332,0.3329,0.9576,0.0306,0.0092,0.002,0.0006,0.0239,0.1167,0.8594,0.0263,0.1483,0.8254,0.2003,0.2011,0.2135,0.2135,0.1717,0.9084,0.0717,0.02
3598,Quan họ,quanho/audio_8_000.wav,1,0.057,0.1243,0.1747,0.3518,0.2923,0.3344,0.3332,0.3324,0.0277,0.0418,0.0713,0.7824,0.0768,0.9765,0.0188,0.0047,0.0372,0.9449,0.0179,0.1568,0.1579,0.1968,0.1991,0.2894,0.0008,0.0024,0.9968
3599,Quan họ,quanho/audio_8_000.wav,2,0.0007,0.0016,0.0014,0.0066,0.9897,0.3343,0.3333,0.3325,0.0147,0.025,0.0532,0.8923,0.0148,0.0459,0.3604,0.5937,0.0372,0.9449,0.0179,0.1775,0.1784,0.2053,0.2066,0.2322,0.0424,0.8847,0.0729
