sample_idx,label,audio_path,segment_id,Energy,Harmony,Pitch,Spectral,Tempo,Timbre,Vibrato
0,Ca trù,ca_tru/audio_17_017.wav,1,Rất yếu,Cao,Trầm,Cao,Vừa,Rất thấp,Ít luyến
1,Ca trù,ca_tru/audio_17_017.wav,2,Rất yếu,Cao,Trầm,Cao,Chậm,Thấp,Ít luyến
2,Ca trù,ca_tru/audio_17_090.wav,1,Vừa,Cao,Trầm,Trung bình,Vừa,Rất thấp,Vừa
3,Ca trù,ca_tru/audio_17_090.wav,2,Rất yếu,Cao,Trầm,Trung bình,Vừa,Rất thấp,Vừa
4,Ca trù,ca_tru/audio_17_028.wav,1,Vừa,Thấp,Trầm,Trung bình,Nhanh,Rất thấp,Vừa
5,Ca trù,ca_tru/audio_17_028.wav,2,Vừa,Thấp,Trầm,Thấp,Nhanh,Rất thấp,Vừa
6,Ca trù,ca_tru/audio_13_005.wav,1,Rất yếu,Cao,Trầm,Cao,Chậm,Rất cao,Vừa
7,Ca trù,ca_tru/audio_13_005.wav,2,Rất yếu,Cao,Trầm,Cao,Vừa,Rất cao,Vừa
8,Ca trù,ca_tru/audio_33_096.wav,1,Rất yếu,Thấp,Trầm,Trung bình,Chậm,Rất thấp,Vừa
9,Ca trù,ca_tru/audio_33_096.wav,2,Rất yếu,Thấp,Trầm,Trung bình,Nhanh,Rất thấp,Vừa
10,Ca trù,ca_tru/audio_19_001.wav,1,Vừa,Thấp,Trầm,Thấp,Vừa,Rất thấp,Nhiều luyến
11,Ca trù,ca_tru/audio_19_001.wav,2,Vừa,Trung bình,Trầm,Thấp,Nhanh,Rất thấp,Vừa
12,Ca trù,ca_tru/audio_19_004.wav,1,Vừa,Thấp,Trầm,Thấp,Nhanh,Rất thấp,Vừa
13,Ca trù,ca_tru/audio_19_004.wav,2,Vừa,Cao,Trầm,Thấp,Nhanh,Rất thấp,Nhiều luyến
14,Ca trù,ca_tru/audio_9_003.wav,1,Rất yếu,Thấp,Trung,Cao,Vừa,Rất thấp,Vừa
15,Ca trù,ca_tru/audio_9_003.wav,2,Rất yếu,Thấp,Trầm,Cao,Nhanh,Cao,Vừa
16,Ca trù,ca_tru/audio_25_002.wav,1,Vừa,Cao,Rất trầm,Thấp,Vừa,Rất thấp,Vừa
17,Ca trù,ca_tru/audio_25_002.wav,2,Vừa,Cao,Trung,Thấp,Vừa,Rất thấp,Vừa
18,Ca trù,ca_tru/audio_2_010.wav,1,Vừa,Cao,Rất trầm,Thấp,Vừa,Rất thấp,Vừa
19,Ca trù,ca_tru/audio_2_010.wav,2,Vừa,Cao,Trầm,Thấp,Vừa,Rất thấp,Nhiều luyến
20,Ca trù,ca_tru/audio_24_003.wav,1,Vừa,Thấp,Rất cao,Thấp,Chậm,Rất thấp,Vừa
21,Ca trù,ca_tru/audio_24_003.wav,2,Vừa,Thấp,Trầm,Thấp,Nhanh,Rất thấp,Vừa
22,Ca trù,ca_tru/audio_17_005.wav,1,Rất yếu,Thấp,Rất cao,Cao,Vừa,Rất thấp,Nhiều luyến
23,Ca trù,ca_tru/audio_17_005.wav,2,Rất yếu,Thấp,Rất trầm,Thấp,Vừa,Cao,Ít luyến
24,Ca trù,ca_tru/audio_38_010.wav,1,Rất yếu,Thấp,Rất trầm,Thấp,Chậm,Rất cao,Ít luyến
25,Ca trù,ca_tru/audio_38_010.wav,2,Rất yếu,Thấp,Rất trầm,Thấp,Chậm,Rất cao,Ít luyến
26,Ca trù,ca_tru/audio_3_002.wav,1,Vừa,Thấp,Rất trầm,Thấp,Chậm,Rất thấp,Vừa
27,Ca trù,ca_tru/audio_3_002.wav,2,Yếu,Thấp,Trầm,Thấp,Vừa,Rất thấp,Vừa
28,Ca trù,ca_tru/audio_33_072.wav,1,Rất yếu,Thấp,Rất trầm,Thấp,Chậm,Rất thấp,Ít luyến
29,Ca trù,ca_tru/audio_33_072.wav,2,Rất yếu,Thấp,Trầm,Trung bình,Vừa,Rất thấp,Vừa
30,Ca trù,ca_tru/audio_27_001.wav,1,Vừa,Trung bình,Trung,Trung bình,Vừa,Rất thấp,Vừa
31,Ca trù,ca_tru/audio_27_001.wav,2,Vừa,Cao,Trung,Trung bình,Chậm,Rất cao,Vừa
32,Ca trù,ca_tru/audio_17_035.wav,1,Vừa,Cao,Trầm,Cao,Nhanh,Rất thấp,Vừa
33,Ca trù,ca_tru/audio_17_035.wav,2,Vừa,Trung bình,Trầm,Trung bình,Nhanh,Rất thấp,Vừa
34,Ca trù,ca_tru/audio_33_001.wav,1,Rất yếu,Thấp,Trầm,Trung bình,Vừa,Rất thấp,Nhiều luyến
35,Ca trù,ca_tru/audio_33_001.wav,2,Rất yếu,Thấp,Trầm,Trung bình,Nhanh,Rất thấp,Vừa
36,Ca trù,ca_tru/audio_9_007.wav,1,Rất yếu,Thấp,Trung,Cao,Chậm,Rất thấp,Nhiều luyến
37,Ca trù,ca_tru/audio_9_007.wav,2,Rất yếu,Cao,Trầm,Cao,Vừa,Rất cao,Nhiều luyến
38,Ca trù,ca_tru/audio_1_007.wav,1,Vừa,Trung bình,Trầm,Thấp,Vừa,Cao,Vừa
39,Ca trù,ca_tru/audio_1_007.wav,2,Vừa,Thấp,Trầm,Trung bình,Vừa,Rất thấp,Vừa
40,Ca trù,ca_tru/audio_17_098.wav,1,Rất yếu,Cao,Trầm,Trung bình,Nhanh,Rất thấp,Nhiều luyến
41,Ca trù,ca_tru/audio_17_098.wav,2,Rất yếu,Trung bình,Trầm,Cao,Chậm,Rất thấp,Nhiều luyến
42,Ca trù,ca_tru/audio_21_010.wav,1,Vừa,Thấp,Trầm,Thấp,Nhanh,Rất thấp,Nhiều luyến
43,Ca trù,ca_tru/audio_21_010.wav,2,Vừa,Thấp,Trầm,Thấp,Vừa,Rất thấp,Vừa
44,Ca trù,ca_tru/audio_28_003.wav,1,Rất yếu,Cao,Rất trầm,Trung bình,Vừa,Rất cao,Ít luyến
45,Ca trù,ca_tru/audio_28_003.wav,2,Rất yếu,Cao,Rất trầm,Trung bình,Chậm,Rất cao,Ít luyến
46,Ca trù,ca_tru/audio_3_005.wav,1,Vừa,Thấp,Trầm,Thấp,Vừa,Rất thấp,Nhiều luyến
47,Ca trù,ca_tru/audio_3_005.wav,2,Vừa,Thấp,Trung,Thấp,Vừa,Rất thấp,Vừa
48,Ca trù,ca_tru/audio_3_004.wav,1,Yếu,Trung bình,Trầm,Thấp,Chậm,Rất thấp,Vừa
49,Ca trù,ca_tru/audio_3_004.wav,2,Vừa,Trung bình,Trầm,Thấp,Vừa,Rất thấp,Vừa
50,Ca trù,ca_tru/audio_17_022.wav,1,Vừa,Thấp,Trầm,Cao,Nhanh,Thấp,Vừa
51,Ca trù,ca_tru/audio_17_022.wav,2,Rất yếu,Thấp,Trung,Cao,Vừa,Rất thấp,Nhiều luyến
52,Ca trù,ca_tru/audio_16_011.wav,1,Rất yếu,Trung bình,Trầm,Trung bình,Chậm,Cao,Vừa
53,Ca trù,ca_tru/audio_16_011.wav,2,Rất yếu,Trung bình,Trung,Cao,Vừa,Cao,Nhiều luyến
54,Ca trù,ca_tru/audio_33_095.wav,1,Rất yếu,Thấp,Trầm,Trung bình,Vừa,Rất thấp,Vừa
55,Ca trù,ca_tru/audio_33_095.wav,2,Vừa,Thấp,Rất trầm,Cao,Chậm,Rất thấp,Vừa
56,Ca trù,ca_tru/audio_1_001.wav,1,Vừa,Trung bình,Trầm,Trung bình,Chậm,Thấp,Vừa
57,Ca trù,ca_tru/audio_1_001.wav,2,Vừa,Trung bình,Trầm,Trung bình,Chậm,Rất thấp,Vừa
58,Ca trù,ca_tru/audio_24_016.wav,1,Yếu,Thấp,Trầm,Thấp,Chậm,Rất thấp,Nhiều luyến
59,Ca trù,ca_tru/audio_24_016.wav,2,Yếu,Thấp,Trầm,Thấp,Nhanh,Rất thấp,Nhiều luyến
60,Ca trù,ca_tru/audio_17_013.wav,1,Vừa,Thấp,Trầm,Trung bình,Vừa,Rất thấp,Vừa
61,Ca trù,ca_tru/audio_17_013.wav,2,Rất yếu,Thấp,Trầm,Trung bình,Vừa,Rất thấp,Nhiều luyến
62,Ca trù,ca_tru/audio_36_015.wav,1,Rất yếu,Trung bình,Trầm,Cao,Chậm,Thấp,Nhiều luyến
63,Ca trù,ca_tru/audio_36_015.wav,2,Rất yếu,Thấp,Trầm,Cao,Nhanh,Thấp,Nhiều luyến
64,Ca trù,ca_tru/audio_6_004.wav,1,Rất yếu,Thấp,Trầm,Cao,Vừa,Rất thấp,Vừa
65,Ca trù,ca_tru/audio_6_004.wav,2,Vừa,Cao,Trầm,Cao,Chậm,Rất thấp,Nhiều luyến
66,Ca trù,ca_tru/audio_32_006.wav,1,Rất yếu,Thấp,Rất trầm,Cao,Chậm,Rất thấp,Ít luyến
67,Ca trù,ca_tru/audio_32_006.wav,2,Rất yếu,Thấp,Trầm,Cao,Nhanh,Rất thấp,Vừa
68,Ca trù,ca_tru/audio_10_003.wav,1,Vừa,Thấp,Rất trầm,Trung bình,Vừa,Rất thấp,Vừa
69,Ca trù,ca_tru/audio_10_003.wav,2,Vừa,Thấp,Trầm,Trung bình,Vừa,Rất thấp,Vừa
70,Ca trù,ca_tru/audio_35_001.wav,1,Vừa,Trung bình,Trầm,Trung bình,Chậm,Rất thấp,Vừa
71,Ca trù,ca_tru/audio_35_001.wav,2,Vừa,Cao,Trầm,Thấp,Vừa,Rất thấp,Ít luyến
72,Ca trù,ca_tru/audio_5_002.wav,1,Vừa,Cao,Trầm,Trung bình,Vừa,Cao,Ít luyến
73,Ca trù,ca_tru/audio_5_002.wav,2,Yếu,Cao,Trầm,Cao,Vừa,Trung bình,Vừa
74,Ca trù,ca_tru/audio_11_006.wav,1,Rất yếu,Cao,Trầm,Trung bình,Vừa,Rất thấp,Nhiều luyến
75,Ca trù,ca_tru/audio_11_006.wav,2,Rất yếu,Cao,Trầm,Trung bình,Vừa,Rất thấp,Vừa
76,Ca trù,ca_tru/audio_33_079.wav,1,Rất yếu,Thấp,Trầm,Thấp,Vừa,Rất thấp,Nhiều luyến
77,Ca trù,ca_tru/audio_33_079.wav,2,Vừa,Thấp,Trầm,Thấp,Vừa,Rất thấp,Vừa
78,Ca trù,ca_tru/audio_7_003.wav,1,Vừa,Thấp,Trung,Thấp,Vừa,Rất thấp,Nhiều luyến
79,Ca trù,ca_tru/audio_7_003.wav,2,Vừa,Trung bình,Trầm,Thấp,Chậm,Rất thấp,Nhiều luyến
80,Ca trù,ca_tru/audio_35_011.wav,1,Vừa,Trung bình,Trầm,Thấp,Nhanh,Thấp,Ít luyến
81,Ca trù,ca_tru/audio_35_011.wav,2,Vừa,Trung bình,Rất trầm,Thấp,Chậm,Thấp,Ít luyến
82,Ca trù,ca_tru/audio_24_000.wav,1,Vừa,Thấp,Cao,Thấp,Chậm,Rất thấp,Vừa
83,Ca trù,ca_tru/audio_24_000.wav,2,Vừa,Thấp,Trầm,Thấp,Chậm,Rất thấp,Vừa
84,Ca trù,ca_tru/audio_20_004.wav,1,Mạnh,Thấp,Trung,Thấp,Chậm,Rất cao,Vừa
85,Ca trù,ca_tru/audio_20_004.wav,2,Yếu,Cao,Trầm,Thấp,Chậm,Rất cao,Vừa
86,Ca trù,ca_tru/audio_33_071.wav,1,Rất yếu,Thấp,Trầm,Trung bình,Chậm,Rất thấp,Vừa
87,Ca trù,ca_tru/audio_33_071.wav,2,Vừa,Thấp,Trầm,Thấp,Chậm,Rất thấp,Vừa
88,Ca trù,ca_tru/audio_9_005.wav,1,Rất yếu,Thấp,Trầm,Cao,Vừa,Thấp,Nhiều luyến
89,Ca trù,ca_tru/audio_9_005.wav,2,Rất yếu,Trung bình,Trầm,Cao,Vừa,Thấp,Vừa
90,Ca trù,ca_tru/audio_1_010.wav,1,Rất mạnh,Cao,Trầm,Trung bình,Chậm,Rất cao,Vừa
91,Ca trù,ca_tru/audio_1_010.wav,2,Rất mạnh,Cao,Rất cao,Trung bình,Nhanh,Rất cao,Nhiều luyến
92,Ca trù,ca_tru/audio_27_008.wav,1,Vừa,Trung bình,Trầm,Thấp,Vừa,Rất thấp,Vừa
93,Ca trù,ca_tru/audio_27_008.wav,2,Vừa,Trung bình,Trầm,Thấp,Chậm,Rất thấp,Vừa
94,Ca trù,ca_tru/audio_36_017.wav,1,Rất yếu,Thấp,Rất trầm,Thấp,Chậm,Rất cao,Ít luyến
95,Ca trù,ca_tru/audio_36_017.wav,2,Rất yếu,Thấp,Rất trầm,Thấp,Chậm,Rất cao,Ít luyến
96,Ca trù,ca_tru/audio_17_089.wav,1,Rất yếu,Cao,Rất trầm,Trung bình,Vừa,Rất thấp,Ít luyến
97,Ca trù,ca_tru/audio_17_089.wav,2,Rất yếu,Cao,Trầm,Trung bình,Vừa,Thấp,Vừa
98,Ca trù,ca_tru/audio_32_011.wav,1,Rất yếu,Cao,Rất trầm,Cao,Chậm,Rất thấp,Ít luyến
99,Ca trù,ca_tru/audio_32_011.wav,2,Rất yếu,Cao,Rất trầm,Cao,Chậm,Rất thấp,Ít luyến
100,Ca trù,ca_tru/audio_35_005.wav,1,Vừa,Trung bình,Trầm,Thấp,Chậm,Rất thấp,Vừa
101,Ca trù,ca_tru/audio_35_005.wav,2,Vừa,Cao,Trầm,Thấp,Vừa,Rất thấp,Ít luyến
102,Ca trù,ca_tru/audio_30_008.wav,1,Vừa,Thấp,Trầm,Thấp,Nhanh,Rất thấp,Vừa
103,Ca trù,ca_tru/audio_30_008.wav,2,Vừa,Thấp,Trầm,Thấp,Chậm,Rất thấp,Nhiều luyến
104,Ca trù,ca_tru/audio_17_038.wav,1,Rất yếu,Cao,Trầm,Trung bình,Chậm,Trung bình,Vừa
105,Ca trù,ca_tru/audio_17_038.wav,2,Rất yếu,Cao,Trung,Trung bình,Vừa,Cao,Vừa
106,Ca trù,ca_tru/audio_33_103.wav,1,Rất yếu,Thấp,Trầm,Cao,Vừa,Rất thấp,Nhiều luyến
107,Ca trù,ca_tru/audio_33_103.wav,2,Rất yếu,Thấp,Trung,Cao,Chậm,Rất thấp,Vừa
108,Ca trù,ca_tru/audio_15_001.wav,1,Rất yếu,Thấp,Cao,Cao,Vừa,Rất cao,Nhiều luyến
109,Ca trù,ca_tru/audio_15_001.wav,2,Rất yếu,Cao,Rất trầm,Cao,Chậm,Rất cao,Ít luyến
110,Ca trù,ca_tru/audio_32_007.wav,1,Rất yếu,Thấp,Trầm,Trung bình,Vừa,Rất thấp,Vừa
111,Ca trù,ca_tru/audio_32_007.wav,2,Rất yếu,Thấp,Rất trầm,Cao,Nhanh,Rất thấp,Ít luyến
112,Ca trù,ca_tru/audio_33_003.wav,1,Rất yếu,Thấp,Rất cao,Cao,Chậm,Rất thấp,Vừa
113,Ca trù,ca_tru/audio_33_003.wav,2,Rất yếu,Thấp,Trung,Trung bình,Chậm,Rất thấp,Nhiều luyến
114,Ca trù,ca_tru/audio_17_084.wav,1,Rất yếu,Cao,Trầm,Cao,Chậm,Rất thấp,Vừa
115,Ca trù,ca_tru/audio_17_084.wav,2,Vừa,Thấp,Trầm,Thấp,Nhanh,Rất thấp,Vừa
116,Ca trù,ca_tru/audio_17_048.wav,1,Rất yếu,Cao,Trầm,Cao,Vừa,Rất cao,Ít luyến
117,Ca trù,ca_tru/audio_17_048.wav,2,Rất yếu,Cao,Rất trầm,Trung bình,Chậm,Rất cao,Ít luyến
118,Ca trù,ca_tru/audio_26_003.wav,1,Yếu,Cao,Rất trầm,Cao,Vừa,Rất cao,Ít luyến
119,Ca trù,ca_tru/audio_26_003.wav,2,Yếu,Cao,Rất trầm,Cao,Vừa,Rất cao,Ít luyến
120,Ca trù,ca_tru/audio_33_092.wav,1,Vừa,Thấp,Trầm,Cao,Chậm,Rất thấp,Vừa
121,Ca trù,ca_tru/audio_33_092.wav,2,Vừa,Thấp,Trầm,Trung bình,Chậm,Rất thấp,Vừa
122,Ca trù,ca_tru/audio_13_010.wav,1,Rất yếu,Cao,Trầm,Cao,Vừa,Thấp,Nhiều luyến
123,Ca trù,ca_tru/audio_13_010.wav,2,Rất yếu,Cao,Trầm,Thấp,Chậm,Rất thấp,Vừa
124,Ca trù,ca_tru/audio_17_027.wav,1,Rất yếu,Thấp,Trung,Cao,Chậm,Rất thấp,Nhiều luyến
125,Ca trù,ca_tru/audio_17_027.wav,2,Rất yếu,Thấp,Rất trầm,Thấp,Chậm,Rất thấp,Ít luyến
126,Ca trù,ca_tru/audio_17_006.wav,1,Rất yếu,Trung bình,Trầm,Trung bình,Vừa,Rất thấp,Vừa
127,Ca trù,ca_tru/audio_17_006.wav,2,Rất yếu,Thấp,Trầm,Trung bình,Vừa,Rất thấp,Vừa
128,Ca trù,ca_tru/audio_27_014.wav,1,Vừa,Cao,Rất trầm,Trung bình,Vừa,Cao,Ít luyến
129,Ca trù,ca_tru/audio_27_014.wav,2,Vừa,Cao,Trầm,Thấp,Vừa,Cao,Vừa
130,Ca trù,ca_tru/audio_11_004.wav,1,Rất yếu,Thấp,Trầm,Thấp,Nhanh,Rất thấp,Vừa
131,Ca trù,ca_tru/audio_11_004.wav,2,Rất yếu,Cao,Trầm,Thấp,Vừa,Rất thấp,Vừa
132,Ca trù,ca_tru/audio_29_008.wav,1,Rất yếu,Cao,Trung,Trung bình,Vừa,Cao,Nhiều luyến
133,Ca trù,ca_tru/audio_29_008.wav,2,Vừa,Thấp,Trầm,Trung bình,Chậm,Rất thấp,Vừa
134,Ca trù,ca_tru/audio_17_088.wav,1,Rất yếu,Cao,Trầm,Trung bình,Vừa,Rất thấp,Vừa
135,Ca trù,ca_tru/audio_17_088.wav,2,Rất yếu,Cao,Trầm,Trung bình,Vừa,Rất thấp,Nhiều luyến
136,Ca trù,ca_tru/audio_11_007.wav,1,Rất yếu,Cao,Rất cao,Cao,Chậm,Rất cao,Nhiều luyến
137,Ca trù,ca_tru/audio_11_007.wav,2,Rất yếu,Cao,Rất cao,Cao,Chậm,Rất cao,Nhiều luyến
138,Ca trù,ca_tru/audio_10_008.wav,1,Vừa,Thấp,Trầm,Thấp,Nhanh,Rất thấp,Vừa
139,Ca trù,ca_tru/audio_10_008.wav,2,Vừa,Cao,Trầm,Trung bình,Nhanh,Rất thấp,Vừa
140,Ca trù,ca_tru/audio_33_051.wav,1,Vừa,Cao,Trầm,Cao,Vừa,Rất thấp,Ít luyến
141,Ca trù,ca_tru/audio_33_051.wav,2,Rất yếu,Cao,Trầm,Trung bình,Chậm,Rất thấp,Nhiều luyến
142,Ca trù,ca_tru/audio_33_054.wav,1,Rất yếu,Thấp,Trầm,Cao,Vừa,Rất thấp,Ít luyến
143,Ca trù,ca_tru/audio_33_054.wav,2,Rất yếu,Thấp,Trầm,Cao,Vừa,Rất thấp,Vừa
144,Ca trù,ca_tru/audio_22_001.wav,1,Yếu,Cao,Trầm,Thấp,Nhanh,Rất thấp,Vừa
145,Ca trù,ca_tru/audio_22_001.wav,2,Vừa,Cao,Trầm,Trung bình,Chậm,Rất thấp,Vừa
146,Ca trù,ca_tru/audio_24_006.wav,1,Vừa,Thấp,Trầm,Thấp,Vừa,Rất thấp,Vừa
147,Ca trù,ca_tru/audio_24_006.wav,2,Vừa,Thấp,Trầm,Trung bình,Vừa,Thấp,Ít luyến
148,Ca trù,ca_tru/audio_0_022.wav,1,Yếu,Thấp,Cao,Cao,Chậm,Rất thấp,Vừa
149,Ca trù,ca_tru/audio_0_022.wav,2,Yếu,Thấp,Trầm,Cao,Chậm,Rất thấp,Vừa
150,Ca trù,ca_tru/audio_17_050.wav,1,Rất yếu,Cao,Trung,Trung bình,Chậm,Thấp,Nhiều luyến
151,Ca trù,ca_tru/audio_17_050.wav,2,Rất yếu,Cao,Trầm,Trung bình,Nhanh,Cao,Vừa
152,Ca trù,ca_tru/audio_17_040.wav,1,Rất yếu,Cao,Trầm,Thấp,Chậm,Thấp,Vừa
153,Ca trù,ca_tru/audio_17_040.wav,2,Rất yếu,Thấp,Trầm,Trung bình,Vừa,Rất thấp,Nhiều luyến
154,Ca trù,ca_tru/audio_2_009.wav,1,Vừa,Cao,Rất trầm,Thấp,Vừa,Rất thấp,Vừa
155,Ca trù,ca_tru/audio_2_009.wav,2,Rất yếu,Cao,Trầm,Thấp,Nhanh,Rất thấp,Ít luyến
156,Ca trù,ca_tru/audio_34_002.wav,1,Rất yếu,Thấp,Rất trầm,Cao,Chậm,Rất thấp,Ít luyến
157,Ca trù,ca_tru/audio_34_002.wav,2,Rất yếu,Thấp,Trung,Trung bình,Chậm,Rất thấp,Nhiều luyến
158,Ca trù,ca_tru/audio_17_067.wav,1,Vừa,Cao,Trầm,Cao,Vừa,Rất thấp,Vừa
159,Ca trù,ca_tru/audio_17_067.wav,2,Vừa,Cao,Trung,Cao,Vừa,Trung bình,Vừa
160,Ca trù,ca_tru/audio_2_013.wav,1,Vừa,Thấp,Trầm,Thấp,Vừa,Rất thấp,Vừa
161,Ca trù,ca_tru/audio_2_013.wav,2,Vừa,Cao,Rất trầm,Thấp,Vừa,Rất thấp,Vừa
162,Ca trù,ca_tru/audio_20_001.wav,1,Yếu,Thấp,Trầm,Trung bình,Chậm,Rất thấp,Nhiều luyến
163,Ca trù,ca_tru/audio_20_001.wav,2,Vừa,Thấp,Trầm,Trung bình,Chậm,Rất thấp,Vừa
164,Ca trù,ca_tru/audio_33_073.wav,1,Rất yếu,Thấp,Rất trầm,Thấp,Vừa,Rất thấp,Ít luyến
165,Ca trù,ca_tru/audio_33_073.wav,2,Rất yếu,Thấp,Trầm,Trung bình,Chậm,Rất thấp,Vừa
166,Ca trù,ca_tru/audio_34_003.wav,1,Rất yếu,Thấp,Trầm,Trung bình,Chậm,Rất thấp,Nhiều luyến
167,Ca trù,ca_tru/audio_34_003.wav,2,Vừa,Thấp,Rất trầm,Trung bình,Chậm,Thấp,Ít luyến
168,Ca trù,ca_tru/audio_33_022.wav,1,Vừa,Thấp,Trầm,Trung bình,Nhanh,Rất thấp,Vừa
169,Ca trù,ca_tru/audio_33_022.wav,2,Vừa,Thấp,Rất trầm,Thấp,Chậm,Rất thấp,Vừa
170,Ca trù,ca_tru/audio_34_007.wav,1,Rất yếu,Thấp,Trầm,Thấp,Chậm,Cao,Vừa
171,Ca trù,ca_tru/audio_34_007.wav,2,Yếu,Thấp,Rất trầm,Trung bình,Vừa,Rất thấp,Ít luyến
172,Ca trù,ca_tru/audio_27_005.wav,1,Vừa,Cao,Trầm,Thấp,Chậm,Cao,Vừa
173,Ca trù,ca_tru/audio_27_005.wav,2,Vừa,Thấp,Rất cao,Thấp,Chậm,Rất cao,Nhiều luyến
174,Ca trù,ca_tru/audio_33_033.wav,1,Rất yếu,Cao,Trung,Thấp,Vừa,Rất thấp,Ít luyến
175,Ca trù,ca_tru/audio_33_033.wav,2,Vừa,Thấp,Rất trầm,Trung bình,Vừa,Rất thấp,Vừa
176,Ca trù,ca_tru/audio_34_006.wav,1,Vừa,Thấp,Trung,Trung bình,Vừa,Rất thấp,Nhiều luyến
177,Ca trù,ca_tru/audio_34_006.wav,2,Rất yếu,Thấp,Trầm,Thấp,Chậm,Rất cao,Vừa
178,Ca trù,ca_tru/audio_37_003.wav,1,Rất yếu,Thấp,Trầm,Thấp,Vừa,Rất cao,Vừa
179,Ca trù,ca_tru/audio_37_003.wav,2,Rất yếu,Thấp,Trung,Thấp,Chậm,Rất cao,Vừa
180,Ca trù,ca_tru/audio_27_004.wav,1,Rất yếu,Trung bình,Trầm,Trung bình,Vừa,Rất thấp,Vừa
181,Ca trù,ca_tru/audio_27_004.wav,2,Rất yếu,Thấp,Trầm,Trung bình,Vừa,Thấp,Nhiều luyến
182,Ca trù,ca_tru/audio_33_076.wav,1,Vừa,Trung bình,Trầm,Trung bình,Vừa,Rất thấp,Vừa
183,Ca trù,ca_tru/audio_33_076.wav,2,Rất yếu,Thấp,Trầm,Trung bình,Vừa,Rất thấp,Nhiều luyến
184,Ca trù,ca_tru/audio_28_001.wav,1,Rất yếu,Cao,Trầm,Trung bình,Vừa,Rất cao,Vừa
185,Ca trù,ca_tru/audio_28_001.wav,2,Rất yếu,Cao,Trầm,Thấp,Vừa,Cao,Vừa
186,Ca trù,ca_tru/audio_33_052.wav,1,Vừa,Cao,Trầm,Trung bình,Vừa,Rất thấp,Nhiều luyến
187,Ca trù,ca_tru/audio_33_052.wav,2,Vừa,Cao,Trầm,Cao,Nhanh,Rất thấp,Nhiều luyến
188,Ca trù,ca_tru/audio_0_011.wav,1,Yếu,Cao,Trầm,Cao,Vừa,Cao,Vừa
189,Ca trù,ca_tru/audio_0_011.wav,2,Yếu,Thấp,Trầm,Cao,Vừa,Trung bình,Ít luyến
190,Ca trù,ca_tru/audio_33_019.wav,1,Rất yếu,Thấp,Rất trầm,Trung bình,Nhanh,Rất thấp,Ít luyến
191,Ca trù,ca_tru/audio_33_019.wav,2,Rất yếu,Thấp,Trầm,Trung bình,Nhanh,Rất thấp,Ít luyến
192,Ca trù,ca_tru/audio_17_087.wav,1,Rất yếu,Trung bình,Trầm,Thấp,Vừa,Rất thấp,Vừa
193,Ca trù,ca_tru/audio_17_087.wav,2,Rất yếu,Cao,Trầm,Cao,Vừa,Thấp,Vừa
194,Ca trù,ca_tru/audio_22_007.wav,1,Yếu,Cao,Trầm,Trung bình,Nhanh,Rất thấp,Vừa
195,Ca trù,ca_tru/audio_22_007.wav,2,Yếu,Cao,Trầm,Thấp,Nhanh,Rất thấp,Ít luyến
196,Ca trù,ca_tru/audio_18_004.wav,1,Yếu,Thấp,Rất trầm,Trung bình,Vừa,Rất cao,Ít luyến
197,Ca trù,ca_tru/audio_18_004.wav,2,Yếu,Cao,Rất trầm,Trung bình,Vừa,Rất cao,Ít luyến
198,Ca trù,ca_tru/audio_24_011.wav,1,Vừa,Thấp,Trầm,Thấp,Chậm,Rất thấp,Vừa
199,Ca trù,ca_tru/audio_24_011.wav,2,Vừa,Thấp,Trầm,Thấp,Chậm,Rất thấp,Nhiều luyến
200,Ca trù,ca_tru/audio_17_037.wav,1,Rất yếu,Cao,Trầm,Cao,Vừa,Rất thấp,Ít luyến
201,Ca trù,ca_tru/audio_17_037.wav,2,Rất yếu,Cao,Trầm,Trung bình,Chậm,Thấp,Vừa
202,Ca trù,ca_tru/audio_31_002.wav,1,Mạnh,Thấp,Rất trầm,Thấp,Nhanh,Rất thấp,Nhiều luyến
203,Ca trù,ca_tru/audio_31_002.wav,2,Vừa,Thấp,Trầm,Thấp,Nhanh,Rất thấp,Vừa
204,Ca trù,ca_tru/audio_32_005.wav,1,Rất yếu,Thấp,Rất cao,Cao,Nhanh,Rất thấp,Nhiều luyến
205,Ca trù,ca_tru/audio_32_005.wav,2,Vừa,Thấp,Trầm,Trung bình,Vừa,Rất thấp,Vừa
206,Ca trù,ca_tru/audio_14_010.wav,1,Rất mạnh,Thấp,Trầm,Trung bình,Vừa,Rất thấp,Nhiều luyến
207,Ca trù,ca_tru/audio_14_010.wav,2,Mạnh,Thấp,Trầm,Trung bình,Vừa,Thấp,Vừa
208,Ca trù,ca_tru/audio_3_003.wav,1,Vừa,Trung bình,Trầm,Thấp,Chậm,Rất thấp,Vừa
209,Ca trù,ca_tru/audio_3_003.wav,2,Vừa,Trung bình,Trầm,Thấp,Vừa,Rất thấp,Vừa
210,Ca trù,ca_tru/audio_0_000.wav,1,Yếu,Cao,Rất cao,Cao,Vừa,Trung bình,Ít luyến
211,Ca trù,ca_tru/audio_0_000.wav,2,Yếu,Cao,Trầm,Trung bình,Vừa,Rất thấp,Vừa
212,Ca trù,ca_tru/audio_33_075.wav,1,Rất yếu,Thấp,Trầm,Trung bình,Vừa,Rất thấp,Vừa
213,Ca trù,ca_tru/audio_33_075.wav,2,Rất yếu,Thấp,Trầm,Trung bình,Vừa,Rất thấp,Vừa
214,Ca trù,ca_tru/audio_23_007.wav,1,Vừa,Thấp,Trung,Thấp,Chậm,Thấp,Nhiều luyến
215,Ca trù,ca_tru/audio_23_007.wav,2,Rất yếu,Thấp,Trầm,Thấp,Chậm,Rất cao,Vừa
216,Ca trù,ca_tru/audio_17_074.wav,1,Rất yếu,Cao,Trầm,Cao,Nhanh,Thấp,Nhiều luyến
217,Ca trù,ca_tru/audio_17_074.wav,2,Rất yếu,Thấp,Trầm,Cao,Vừa,Rất thấp,Nhiều luyến
218,Ca trù,ca_tru/audio_34_001.wav,1,Rất yếu,Thấp,Trầm,Thấp,Chậm,Rất thấp,Ít luyến
219,Ca trù,ca_tru/audio_34_001.wav,2,Rất yếu,Thấp,Trầm,Cao,Vừa,Thấp,Ít luyến
220,Ca trù,ca_tru/audio_24_008.wav,1,Vừa,Thấp,Cao,Thấp,Vừa,Rất thấp,Nhiều luyến
221,Ca trù,ca_tru/audio_24_008.wav,2,Yếu,Thấp,Trầm,Thấp,Chậm,Rất thấp,Vừa
222,Ca trù,ca_tru/audio_17_023.wav,1,Vừa,Cao,Trầm,Cao,Vừa,Rất thấp,Nhiều luyến
223,Ca trù,ca_tru/audio_17_023.wav,2,Vừa,Cao,Trầm,Trung bình,Vừa,Cao,Vừa
224,Ca trù,ca_tru/audio_0_026.wav,1,Yếu,Thấp,Trầm,Cao,Vừa,Rất thấp,Nhiều luyến
225,Ca trù,ca_tru/audio_0_026.wav,2,Yếu,Thấp,Rất cao,Cao,Vừa,Rất thấp,Ít luyến
226,Ca trù,ca_tru/audio_22_002.wav,1,Yếu,Cao,Trung,Cao,Vừa,Rất thấp,Vừa
227,Ca trù,ca_tru/audio_22_002.wav,2,Yếu,Cao,Trầm,Trung bình,Nhanh,Rất thấp,Vừa
228,Ca trù,ca_tru/audio_33_058.wav,1,Rất yếu,Thấp,Trầm,Trung bình,Vừa,Rất thấp,Vừa
229,Ca trù,ca_tru/audio_33_058.wav,2,Vừa,Thấp,Rất trầm,Cao,Vừa,Rất thấp,Ít luyến
230,Ca trù,ca_tru/audio_2_003.wav,1,Vừa,Cao,Trầm,Thấp,Nhanh,Rất thấp,Nhiều luyến
231,Ca trù,ca_tru/audio_2_003.wav,2,Vừa,Cao,Rất trầm,Thấp,Chậm,Rất thấp,Vừa
232,Ca trù,ca_tru/audio_1_000.wav,1,Vừa,Trung bình,Rất trầm,Thấp,Vừa,Trung bình,Ít luyến
233,Ca trù,ca_tru/audio_1_000.wav,2,Vừa,Trung bình,Trung,Trung bình,Chậm,Trung bình,Vừa
234,Ca trù,ca_tru/audio_20_003.wav,1,Yếu,Thấp,Trầm,Thấp,Chậm,Rất cao,Vừa
235,Ca trù,ca_tru/audio_20_003.wav,2,Vừa,Cao,Trầm,Thấp,Chậm,Rất cao,Ít luyến
236,Ca trù,ca_tru/audio_33_053.wav,1,Rất yếu,Thấp,Trầm,Trung bình,Chậm,Rất thấp,Vừa
237,Ca trù,ca_tru/audio_33_053.wav,2,Rất yếu,Thấp,Trầm,Cao,Nhanh,Rất thấp,Vừa
238,Ca trù,ca_tru/audio_5_007.wav,1,Rất yếu,Thấp,Trầm,Trung bình,Chậm,Rất cao,Vừa
239,Ca trù,ca_tru/audio_5_007.wav,2,Rất yếu,Cao,Rất trầm,Cao,Vừa,Cao,Vừa
240,Ca trù,ca_tru/audio_38_004.wav,1,Yếu,Cao,Trầm,Trung bình,Nhanh,Rất thấp,Vừa
241,Ca trù,ca_tru/audio_38_004.wav,2,Rất yếu,Cao,Trầm,Trung bình,Nhanh,Rất thấp,Vừa
242,Ca trù,ca_tru/audio_15_002.wav,1,Rất yếu,Cao,Rất trầm,Cao,Vừa,Rất cao,Ít luyến
243,Ca trù,ca_tru/audio_15_002.wav,2,Rất yếu,Cao,Rất trầm,Cao,Vừa,Rất cao,Ít luyến
244,Ca trù,ca_tru/audio_24_017.wav,1,Vừa,Thấp,Trầm,Thấp,Nhanh,Rất thấp,Nhiều luyến
245,Ca trù,ca_tru/audio_24_017.wav,2,Vừa,Thấp,Trầm,Trung bình,Nhanh,Rất thấp,Vừa
246,Ca trù,ca_tru/audio_33_005.wav,1,Rất yếu,Thấp,Trầm,Trung bình,Chậm,Rất thấp,Nhiều luyến
247,Ca trù,ca_tru/audio_33_005.wav,2,Rất yếu,Thấp,Trầm,Trung bình,Nhanh,Rất thấp,Nhiều luyến
248,Ca trù,ca_tru/audio_33_046.wav,1,Rất yếu,Trung bình,Trầm,Trung bình,Chậm,Rất thấp,Nhiều luyến
249,Ca trù,ca_tru/audio_33_046.wav,2,Vừa,Trung bình,Trầm,Trung bình,Chậm,Rất thấp,Vừa
250,Ca trù,ca_tru/audio_33_011.wav,1,Rất yếu,Thấp,Trầm,Cao,Chậm,Rất thấp,Vừa
251,Ca trù,ca_tru/audio_33_011.wav,2,Vừa,Cao,Rất trầm,Trung bình,Nhanh,Rất thấp,Vừa
252,Ca trù,ca_tru/audio_17_095.wav,1,Rất yếu,Trung bình,Trầm,Trung bình,Vừa,Thấp,Nhiều luyến
253,Ca trù,ca_tru/audio_17_095.wav,2,Rất yếu,Cao,Trầm,Trung bình,Vừa,Rất thấp,Vừa
254,Ca trù,ca_tru/audio_12_011.wav,1,Yếu,Thấp,Trung,Cao,Vừa,Rất thấp,Vừa
255,Ca trù,ca_tru/audio_12_011.wav,2,Yếu,Thấp,Trầm,Cao,Vừa,Rất thấp,Vừa
256,Ca trù,ca_tru/audio_8_000.wav,1,Yếu,Trung bình,Trầm,Cao,Chậm,Rất thấp,Vừa
257,Ca trù,ca_tru/audio_8_000.wav,2,Rất yếu,Thấp,Trầm,Cao,Vừa,Rất thấp,Nhiều luyến
258,Ca trù,ca_tru/audio_29_004.wav,1,Vừa,Thấp,Trầm,Trung bình,Vừa,Rất thấp,Vừa
259,Ca trù,ca_tru/audio_29_004.wav,2,Rất yếu,Trung bình,Trầm,Trung bình,Vừa,Trung bình,Vừa
260,Ca trù,ca_tru/audio_33_065.wav,1,Rất yếu,Thấp,Cao,Cao,Nhanh,Rất thấp,Vừa
261,Ca trù,ca_tru/audio_33_065.wav,2,Rất yếu,Thấp,Trầm,Trung bình,Nhanh,Rất thấp,Vừa
262,Ca trù,ca_tru/audio_17_102.wav,1,Rất yếu,Cao,Trầm,Trung bình,Chậm,Cao,Ít luyến
263,Ca trù,ca_tru/audio_17_102.wav,2,Rất yếu,Trung bình,Rất trầm,Cao,Chậm,Thấp,Vừa
264,Ca trù,ca_tru/audio_37_011.wav,1,Rất yếu,Trung bình,Trung,Thấp,Nhanh,Rất cao,Vừa
265,Ca trù,ca_tru/audio_37_011.wav,2,Rất yếu,Thấp,Rất trầm,Thấp,Chậm,Rất cao,Ít luyến
266,Ca trù,ca_tru/audio_33_026.wav,1,Rất yếu,Thấp,Rất cao,Cao,Vừa,Rất thấp,Nhiều luyến
267,Ca trù,ca_tru/audio_33_026.wav,2,Rất yếu,Thấp,Trung,Cao,Chậm,Rất thấp,Vừa
268,Ca trù,ca_tru/audio_17_072.wav,1,Rất yếu,Thấp,Trầm,Cao,Vừa,Rất thấp,Vừa
269,Ca trù,ca_tru/audio_17_072.wav,2,Vừa,Thấp,Trầm,Cao,Nhanh,Rất thấp,Nhiều luyến
270,Ca trù,ca_tru/audio_17_002.wav,1,Rất yếu,Cao,Trầm,Thấp,Vừa,Cao,Vừa
271,Ca trù,ca_tru/audio_17_002.wav,2,Rất yếu,Cao,Rất trầm,Trung bình,Vừa,Rất cao,Ít luyến
272,Ca trù,ca_tru/audio_24_014.wav,1,Vừa,Thấp,Trầm,Thấp,Chậm,Rất thấp,Vừa
273,Ca trù,ca_tru/audio_24_014.wav,2,Vừa,Thấp,Trầm,Thấp,Chậm,Rất thấp,Vừa
274,Ca trù,ca_tru/audio_17_097.wav,1,Rất yếu,Cao,Trầm,Trung bình,Vừa,Rất thấp,Vừa
275,Ca trù,ca_tru/audio_17_097.wav,2,Rất yếu,Trung bình,Trầm,Trung bình,Vừa,Rất thấp,Ít luyến
276,Ca trù,ca_tru/audio_5_000.wav,1,Vừa,Cao,Rất trầm,Trung bình,Nhanh,Rất cao,Ít luyến
277,Ca trù,ca_tru/audio_5_000.wav,2,Rất yếu,Cao,Rất trầm,Cao,Vừa,Cao,Ít luyến
278,Ca trù,ca_tru/audio_4_002.wav,1,Rất yếu,Cao,Rất cao,Trung bình,Chậm,Thấp,Nhiều luyến
279,Ca trù,ca_tru/audio_4_002.wav,2,Rất yếu,Cao,Trầm,Trung bình,Vừa,Trung bình,Vừa
280,Ca trù,ca_tru/audio_22_004.wav,1,Yếu,Cao,Trầm,Trung bình,Chậm,Rất thấp,Vừa
281,Ca trù,ca_tru/audio_22_004.wav,2,Rất yếu,Cao,Trầm,Trung bình,Nhanh,Rất thấp,Vừa
282,Ca trù,ca_tru/audio_10_001.wav,1,Vừa,Thấp,Trầm,Trung bình,Vừa,Rất thấp,Ít luyến
283,Ca trù,ca_tru/audio_10_001.wav,2,Vừa,Thấp,Trầm,Trung bình,Vừa,Rất thấp,Nhiều luyến
284,Ca trù,ca_tru/audio_17_060.wav,1,Rất yếu,Cao,Trung,Cao,Vừa,Thấp,Vừa
285,Ca trù,ca_tru/audio_17_060.wav,2,Rất yếu,Cao,Trầm,Cao,Chậm,Rất thấp,Vừa
286,Ca trù,ca_tru/audio_2_012.wav,1,Vừa,Cao,Trầm,Thấp,Vừa,Rất thấp,Nhiều luyến
287,Ca trù,ca_tru/audio_2_012.wav,2,Vừa,Cao,Trầm,Thấp,Vừa,Rất thấp,Vừa
288,Ca trù,ca_tru/audio_6_003.wav,1,Rất yếu,Thấp,Cao,Cao,Nhanh,Rất cao,Nhiều luyến
289,Ca trù,ca_tru/audio_6_003.wav,2,Rất yếu,Thấp,Trung,Trung bình,Vừa,Trung bình,Nhiều luyến
290,Ca trù,ca_tru/audio_33_012.wav,1,Vừa,Thấp,Trầm,Trung bình,Chậm,Rất thấp,Ít luyến
291,Ca trù,ca_tru/audio_33_012.wav,2,Rất yếu,Thấp,Rất trầm,Cao,Chậm,Rất thấp,Ít luyến
292,Ca trù,ca_tru/audio_33_074.wav,1,Rất yếu,Thấp,Trầm,Trung bình,Vừa,Rất thấp,Vừa
293,Ca trù,ca_tru/audio_33_074.wav,2,Rất yếu,Trung bình,Trầm,Trung bình,Vừa,Rất thấp,Vừa
294,Ca trù,ca_tru/audio_11_000.wav,1,Rất yếu,Cao,Rất trầm,Trung bình,Chậm,Trung bình,Ít luyến
295,Ca trù,ca_tru/audio_11_000.wav,2,Rất yếu,Thấp,Trầm,Thấp,Vừa,Rất thấp,Vừa
296,Ca trù,ca_tru/audio_32_003.wav,1,Vừa,Thấp,Trầm,Trung bình,Chậm,Rất thấp,Vừa
297,Ca trù,ca_tru/audio_32_003.wav,2,Rất yếu,Thấp,Trầm,Trung bình,Vừa,Rất thấp,Ít luyến
298,Ca trù,ca_tru/audio_21_001.wav,1,Vừa,Thấp,Trầm,Thấp,Vừa,Rất thấp,Vừa
299,Ca trù,ca_tru/audio_21_001.wav,2,Vừa,Thấp,Trầm,Thấp,Vừa,Rất thấp,Nhiều luyến
300,Ca trù,ca_tru/audio_18_009.wav,1,Mạnh,Thấp,Trầm,Trung bình,Vừa,Rất cao,Ít luyến
301,Ca trù,ca_tru/audio_18_009.wav,2,Mạnh,Cao,Trầm,Trung bình,Vừa,Rất cao,Ít luyến
302,Ca trù,ca_tru/audio_17_016.wav,1,Rất yếu,Thấp,Trầm,Trung bình,Vừa,Rất thấp,Nhiều luyến
303,Ca trù,ca_tru/audio_17_016.wav,2,Vừa,Cao,Trầm,Trung bình,Vừa,Rất thấp,Vừa
304,Ca trù,ca_tru/audio_17_008.wav,1,Rất yếu,Trung bình,Trầm,Trung bình,Vừa,Thấp,Vừa
305,Ca trù,ca_tru/audio_17_008.wav,2,Rất yếu,Thấp,Trung,Trung bình,Vừa,Thấp,Vừa
306,Ca trù,ca_tru/audio_11_003.wav,1,Rất yếu,Cao,Trầm,Trung bình,Vừa,Cao,Ít luyến
307,Ca trù,ca_tru/audio_11_003.wav,2,Rất yếu,Trung bình,Rất trầm,Thấp,Nhanh,Thấp,Ít luyến
308,Ca trù,ca_tru/audio_26_000.wav,1,Mạnh,Cao,Rất trầm,Cao,Vừa,Rất cao,Ít luyến
309,Ca trù,ca_tru/audio_26_000.wav,2,Yếu,Cao,Trầm,Cao,Vừa,Rất cao,Ít luyến
310,Ca trù,ca_tru/audio_0_014.wav,1,Yếu,Trung bình,Trầm,Cao,Chậm,Rất thấp,Ít luyến
311,Ca trù,ca_tru/audio_0_014.wav,2,Yếu,Trung bình,Rất cao,Cao,Chậm,Rất thấp,Vừa
312,Ca trù,ca_tru/audio_33_002.wav,1,Vừa,Thấp,Trầm,Cao,Vừa,Rất thấp,Vừa
313,Ca trù,ca_tru/audio_33_002.wav,2,Rất yếu,Thấp,Trung,Trung bình,Chậm,Rất thấp,Vừa
314,Ca trù,ca_tru/audio_14_003.wav,1,Mạnh,Thấp,Trầm,Trung bình,Vừa,Cao,Vừa
315,Ca trù,ca_tru/audio_14_003.wav,2,Vừa,Thấp,Trầm,Trung bình,Vừa,Cao,Vừa
316,Ca trù,ca_tru/audio_33_078.wav,1,Rất yếu,Thấp,Trầm,Cao,Vừa,Rất thấp,Ít luyến
317,Ca trù,ca_tru/audio_33_078.wav,2,Vừa,Thấp,Trầm,Thấp,Vừa,Rất thấp,Vừa
318,Ca trù,ca_tru/audio_33_010.wav,1,Rất yếu,Thấp,Trầm,Cao,Vừa,Rất thấp,Vừa
319,Ca trù,ca_tru/audio_33_010.wav,2,Rất yếu,Thấp,Trung,Cao,Chậm,Rất thấp,Vừa
320,Ca trù,ca_tru/audio_31_000.wav,1,Vừa,Thấp,Trầm,Thấp,Vừa,Rất thấp,Vừa
321,Ca trù,ca_tru/audio_31_000.wav,2,Mạnh,Thấp,Trầm,Thấp,Chậm,Rất thấp,Nhiều luyến
322,Ca trù,ca_tru/audio_38_000.wav,1,Vừa,Cao,Trầm,Thấp,Chậm,Cao,Ít luyến
323,Ca trù,ca_tru/audio_38_000.wav,2,Vừa,Cao,Rất trầm,Trung bình,Nhanh,Rất thấp,Ít luyến
324,Ca trù,ca_tru/audio_27_007.wav,1,Vừa,Thấp,Trầm,Thấp,Chậm,Rất thấp,Vừa
325,Ca trù,ca_tru/audio_27_007.wav,2,Vừa,Thấp,Rất trầm,Thấp,Chậm,Thấp,Vừa
326,Ca trù,ca_tru/audio_17_064.wav,1,Rất yếu,Cao,Trầm,Trung bình,Chậm,Rất thấp,Ít luyến
327,Ca trù,ca_tru/audio_17_064.wav,2,Vừa,Cao,Rất trầm,Trung bình,Vừa,Rất thấp,Ít luyến
328,Ca trù,ca_tru/audio_14_005.wav,1,Mạnh,Cao,Trầm,Thấp,Vừa,Rất thấp,Vừa
329,Ca trù,ca_tru/audio_14_005.wav,2,Mạnh,Thấp,Trầm,Trung bình,Vừa,Cao,Nhiều luyến
330,Ca trù,ca_tru/audio_37_015.wav,1,Rất yếu,Cao,Trầm,Thấp,Vừa,Rất cao,Ít luyến
331,Ca trù,ca_tru/audio_37_015.wav,2,Rất yếu,Thấp,Trầm,Thấp,Chậm,Rất cao,Vừa
332,Ca trù,ca_tru/audio_33_106.wav,1,Vừa,Thấp,Rất trầm,Cao,Nhanh,Rất thấp,Ít luyến
333,Ca trù,ca_tru/audio_33_106.wav,2,Vừa,Thấp,Rất trầm,Cao,Nhanh,Rất thấp,Ít luyến
334,Ca trù,ca_tru/audio_33_020.wav,1,Vừa,Thấp,Trầm,Trung bình,Nhanh,Rất thấp,Vừa
335,Ca trù,ca_tru/audio_33_020.wav,2,Rất yếu,Thấp,Trầm,Thấp,Nhanh,Rất thấp,Vừa
336,Ca trù,ca_tru/audio_33_028.wav,1,Rất yếu,Thấp,Cao,Cao,Nhanh,Rất thấp,Nhiều luyến
337,Ca trù,ca_tru/audio_33_028.wav,2,Rất yếu,Thấp,Trầm,Trung bình,Vừa,Rất thấp,Vừa
338,Ca trù,ca_tru/audio_17_086.wav,1,Rất yếu,Trung bình,Rất trầm,Thấp,Vừa,Thấp,Ít luyến
339,Ca trù,ca_tru/audio_17_086.wav,2,Rất yếu,Cao,Trầm,Thấp,Vừa,Rất thấp,Vừa
340,Ca trù,ca_tru/audio_17_010.wav,1,Rất yếu,Trung bình,Trầm,Cao,Chậm,Cao,Vừa
341,Ca trù,ca_tru/audio_17_010.wav,2,Rất yếu,Thấp,Trầm,Trung bình,Vừa,Rất thấp,Vừa
342,Ca trù,ca_tru/audio_15_005.wav,1,Rất yếu,Cao,Rất trầm,Cao,Vừa,Rất cao,Ít luyến
343,Ca trù,ca_tru/audio_15_005.wav,2,Rất yếu,Cao,Rất trầm,Cao,Vừa,Rất cao,Ít luyến
344,Ca trù,ca_tru/audio_24_010.wav,1,Vừa,Thấp,Trầm,Thấp,Vừa,Rất thấp,Nhiều luyến
345,Ca trù,ca_tru/audio_24_010.wav,2,Vừa,Thấp,Trầm,Thấp,Vừa,Rất thấp,Vừa
346,Ca trù,ca_tru/audio_0_016.wav,1,Yếu,Cao,Trầm,Cao,Vừa,Rất thấp,Ít luyến
347,Ca trù,ca_tru/audio_0_016.wav,2,Mạnh,Thấp,Trung,Cao,Chậm,Rất thấp,Vừa
348,Ca trù,ca_tru/audio_17_076.wav,1,Rất yếu,Thấp,Trầm,Cao,Vừa,Rất thấp,Vừa
349,Ca trù,ca_tru/audio_17_076.wav,2,Rất yếu,Cao,Trầm,Cao,Vừa,Rất thấp,Vừa
350,Ca trù,ca_tru/audio_17_029.wav,1,Vừa,Thấp,Trung,Cao,Chậm,Rất thấp,Vừa
351,Ca trù,ca_tru/audio_17_029.wav,2,Vừa,Thấp,Trầm,Trung bình,Vừa,Rất thấp,Vừa
352,Ca trù,ca_tru/audio_24_009.wav,1,Vừa,Thấp,Trầm,Thấp,Nhanh,Rất thấp,Vừa
353,Ca trù,ca_tru/audio_24_009.wav,2,Vừa,Thấp,Trầm,Thấp,Chậm,Rất thấp,Nhiều luyến
354,Ca trù,ca_tru/audio_33_099.wav,1,Rất yếu,Thấp,Trầm,Trung bình,Chậm,Rất thấp,Nhiều luyến
355,Ca trù,ca_tru/audio_33_099.wav,2,Rất yếu,Thấp,Trầm,Trung bình,Chậm,Rất thấp,Vừa
356,Ca trù,ca_tru/audio_12_006.wav,1,Vừa,Trung bình,Trầm,Trung bình,Vừa,Rất thấp,Vừa
357,Ca trù,ca_tru/audio_12_006.wav,2,Rất mạnh,Thấp,Trầm,Thấp,Vừa,Rất thấp,Nhiều luyến
358,Ca trù,ca_tru/audio_37_021.wav,1,Rất yếu,Thấp,Trung,Thấp,Nhanh,Rất cao,Nhiều luyến
359,Ca trù,ca_tru/audio_37_021.wav,2,Rất yếu,Thấp,Trầm,Thấp,Nhanh,Rất cao,Vừa
360,Ca trù,ca_tru/audio_17_003.wav,1,Vừa,Thấp,Rất trầm,Thấp,Vừa,Cao,Vừa
361,Ca trù,ca_tru/audio_17_003.wav,2,Rất yếu,Cao,Rất trầm,Trung bình,Vừa,Rất cao,Ít luyến
362,Ca trù,ca_tru/audio_17_069.wav,1,Rất yếu,Cao,Rất trầm,Thấp,Vừa,Thấp,Vừa
363,Ca trù,ca_tru/audio_17_069.wav,2,Rất yếu,Cao,Trầm,Trung bình,Vừa,Rất thấp,Vừa
364,Ca trù,ca_tru/audio_17_036.wav,1,Vừa,Thấp,Trầm,Trung bình,Nhanh,Rất thấp,Vừa
365,Ca trù,ca_tru/audio_17_036.wav,2,Vừa,Thấp,Trầm,Trung bình,Nhanh,Rất thấp,Vừa
366,Ca trù,ca_tru/audio_17_075.wav,1,Rất yếu,Cao,Trầm,Cao,Vừa,Rất thấp,Vừa
367,Ca trù,ca_tru/audio_17_075.wav,2,Rất yếu,Thấp,Trung,Cao,Vừa,Thấp,Vừa
368,Ca trù,ca_tru/audio_17_026.wav,1,Vừa,Cao,Trầm,Cao,Vừa,Rất thấp,Nhiều luyến
369,Ca trù,ca_tru/audio_17_026.wav,2,Rất yếu,Thấp,Trầm,Cao,Chậm,Rất thấp,Vừa
370,Ca trù,ca_tru/audio_33_015.wav,1,Rất yếu,Trung bình,Rất trầm,Cao,Chậm,Rất thấp,Ít luyến
371,Ca trù,ca_tru/audio_33_015.wav,2,Rất yếu,Thấp,Rất trầm,Cao,Vừa,Rất thấp,Ít luyến
372,Ca trù,ca_tru/audio_17_062.wav,1,Rất yếu,Cao,Trung,Cao,Chậm,Trung bình,Vừa
373,Ca trù,ca_tru/audio_17_062.wav,2,Rất yếu,Cao,Trung,Cao,Nhanh,Rất thấp,Vừa
374,Ca trù,ca_tru/audio_10_000.wav,1,Vừa,Thấp,Trầm,Thấp,Chậm,Rất thấp,Ít luyến
375,Ca trù,ca_tru/audio_10_000.wav,2,Vừa,Thấp,Trầm,Trung bình,Chậm,Rất thấp,Vừa
376,Ca trù,ca_tru/audio_8_004.wav,1,Rất yếu,Cao,Rất trầm,Cao,Nhanh,Rất thấp,Ít luyến
377,Ca trù,ca_tru/audio_8_004.wav,2,Rất mạnh,Cao,Trung,Trung bình,Chậm,Rất thấp,Nhiều luyến
378,Ca trù,ca_tru/audio_17_033.wav,1,Vừa,Trung bình,Trung,Cao,Vừa,Rất thấp,Vừa
379,Ca trù,ca_tru/audio_17_033.wav,2,Vừa,Cao,Trầm,Trung bình,Nhanh,Rất thấp,Vừa
380,Ca trù,ca_tru/audio_33_000.wav,1,Rất yếu,Thấp,Trầm,Cao,Chậm,Rất thấp,Vừa
381,Ca trù,ca_tru/audio_33_000.wav,2,Rất yếu,Thấp,Rất cao,Cao,Nhanh,Rất thấp,Nhiều luyến
382,Ca trù,ca_tru/audio_23_004.wav,1,Rất yếu,Thấp,Trầm,Thấp,Vừa,Rất cao,Nhiều luyến
383,Ca trù,ca_tru/audio_23_004.wav,2,Rất yếu,Thấp,Trầm,Thấp,Vừa,Thấp,Nhiều luyến
384,Ca trù,ca_tru/audio_13_011.wav,1,Rất yếu,Cao,Trầm,Trung bình,Vừa,Thấp,Vừa
385,Ca trù,ca_tru/audio_13_011.wav,2,Rất yếu,Cao,Trầm,Cao,Vừa,Trung bình,Vừa
386,Ca trù,ca_tru/audio_26_002.wav,1,Mạnh,Cao,Rất trầm,Trung bình,Chậm,Rất cao,Ít luyến
387,Ca trù,ca_tru/audio_26_002.wav,2,Mạnh,Trung bình,Rất trầm,Trung bình,Vừa,Cao,Ít luyến
388,Ca trù,ca_tru/audio_6_002.wav,1,Vừa,Cao,Trầm,Trung bình,Vừa,Cao,Vừa
389,Ca trù,ca_tru/audio_6_002.wav,2,Vừa,Thấp,Trầm,Cao,Vừa,Rất thấp,Nhiều luyến
390,Ca trù,ca_tru/audio_3_009.wav,1,Vừa,Cao,Trầm,Thấp,Chậm,Rất thấp,Vừa
391,Ca trù,ca_tru/audio_3_009.wav,2,Mạnh,Cao,Trầm,Thấp,Chậm,Trung bình,Ít luyến
392,Ca trù,ca_tru/audio_30_011.wav,1,Rất yếu,Cao,Rất trầm,Thấp,Chậm,Rất thấp,Ít luyến
393,Ca trù,ca_tru/audio_30_011.wav,2,Rất yếu,Cao,Rất trầm,Thấp,Chậm,Rất thấp,Ít luyến
394,Ca trù,ca_tru/audio_22_009.wav,1,Vừa,Trung bình,Rất trầm,Trung bình,Vừa,Rất cao,Ít luyến
395,Ca trù,ca_tru/audio_22_009.wav,2,Rất yếu,Thấp,Rất trầm,Thấp,Chậm,Rất cao,Ít luyến
396,Ca trù,ca_tru/audio_30_000.wav,1,Vừa,Thấp,Trầm,Thấp,Vừa,Rất thấp,Vừa
397,Ca trù,ca_tru/audio_30_000.wav,2,Vừa,Thấp,Trầm,Thấp,Chậm,Thấp,Vừa
398,Ca trù,ca_tru/audio_33_013.wav,1,Rất yếu,Thấp,Trầm,Trung bình,Chậm,Rất thấp,Vừa
399,Ca trù,ca_tru/audio_33_013.wav,2,Rất yếu,Trung bình,Rất trầm,Trung bình,Chậm,Rất thấp,Vừa
400,Ca trù,ca_tru/audio_36_003.wav,1,Rất yếu,Thấp,Trầm,Trung bình,Chậm,Rất thấp,Vừa
401,Ca trù,ca_tru/audio_36_003.wav,2,Rất yếu,Thấp,Trầm,Trung bình,Vừa,Thấp,Vừa
402,Ca trù,ca_tru/audio_33_101.wav,1,Rất yếu,Thấp,Trung,Trung bình,Nhanh,Rất thấp,Nhiều luyến
403,Ca trù,ca_tru/audio_33_101.wav,2,Rất yếu,Thấp,Trầm,Cao,Nhanh,Rất thấp,Vừa
404,Ca trù,ca_tru/audio_33_008.wav,1,Rất yếu,Thấp,Trầm,Cao,Nhanh,Rất thấp,Vừa
405,Ca trù,ca_tru/audio_33_008.wav,2,Rất yếu,Thấp,Trung,Trung bình,Nhanh,Rất thấp,Nhiều luyến
406,Ca trù,ca_tru/audio_12_008.wav,1,Yếu,Thấp,Rất trầm,Trung bình,Vừa,Rất thấp,Vừa
407,Ca trù,ca_tru/audio_12_008.wav,2,Mạnh,Thấp,Trầm,Trung bình,Vừa,Rất thấp,Vừa
408,Ca trù,ca_tru/audio_17_068.wav,1,Rất yếu,Cao,Trầm,Cao,Vừa,Rất thấp,Vừa
409,Ca trù,ca_tru/audio_17_068.wav,2,Rất yếu,Cao,Trung,Trung bình,Vừa,Rất thấp,Vừa
410,Ca trù,ca_tru/audio_17_009.wav,1,Rất yếu,Trung bình,Trầm,Trung bình,Vừa,Rất thấp,Vừa
411,Ca trù,ca_tru/audio_17_009.wav,2,Rất yếu,Trung bình,Trầm,Trung bình,Vừa,Thấp,Vừa
412,Ca trù,ca_tru/audio_15_004.wav,1,Rất yếu,Cao,Rất trầm,Cao,Chậm,Rất cao,Ít luyến
413,Ca trù,ca_tru/audio_15_004.wav,2,Rất yếu,Thấp,Cao,Cao,Vừa,Rất cao,Vừa
414,Ca trù,ca_tru/audio_34_004.wav,1,Vừa,Thấp,Trầm,Trung bình,Chậm,Rất thấp,Nhiều luyến
415,Ca trù,ca_tru/audio_34_004.wav,2,Vừa,Thấp,Trung,Trung bình,Chậm,Rất thấp,Nhiều luyến
416,Ca trù,ca_tru/audio_4_000.wav,1,Rất yếu,Cao,Trầm,Thấp,Chậm,Thấp,Ít luyến
417,Ca trù,ca_tru/audio_4_000.wav,2,Rất yếu,Cao,Trầm,Trung bình,Chậm,Trung bình,Vừa
418,Ca trù,ca_tru/audio_6_001.wav,1,Rất yếu,Thấp,Trung,Cao,Vừa,Rất thấp,Nhiều luyến
419,Ca trù,ca_tru/audio_6_001.wav,2,Vừa,Thấp,Trầm,Cao,Vừa,Rất thấp,Vừa
420,Ca trù,ca_tru/audio_32_002.wav,1,Rất yếu,Thấp,Trầm,Trung bình,Vừa,Rất thấp,Vừa
421,Ca trù,ca_tru/audio_32_002.wav,2,Rất yếu,Trung bình,Trầm,Trung bình,Vừa,Rất thấp,Ít luyến
422,Ca trù,ca_tru/audio_37_007.wav,1,Rất yếu,Trung bình,Trầm,Thấp,Nhanh,Rất cao,Nhiều luyến
423,Ca trù,ca_tru/audio_37_007.wav,2,Rất yếu,Thấp,Trầm,Thấp,Vừa,Rất cao,Vừa
424,Ca trù,ca_tru/audio_17_094.wav,1,Vừa,Cao,Trầm,Thấp,Vừa,Rất thấp,Vừa
425,Ca trù,ca_tru/audio_17_094.wav,2,Rất yếu,Cao,Trầm,Trung bình,Vừa,Rất thấp,Vừa
426,Ca trù,ca_tru/audio_17_054.wav,1,Rất yếu,Cao,Trầm,Cao,Vừa,Rất cao,Vừa
427,Ca trù,ca_tru/audio_17_054.wav,2,Rất yếu,Cao,Trầm,Trung bình,Vừa,Rất thấp,Nhiều luyến
428,Ca trù,ca_tru/audio_9_006.wav,1,Yếu,Cao,Trầm,Cao,Chậm,Thấp,Nhiều luyến
429,Ca trù,ca_tru/audio_9_006.wav,2,Rất yếu,Cao,Rất trầm,Trung bình,Chậm,Rất thấp,Vừa
430,Ca trù,ca_tru/audio_8_007.wav,1,Vừa,Cao,Trung,Cao,Vừa,Rất thấp,Ít luyến
431,Ca trù,ca_tru/audio_8_007.wav,2,Vừa,Cao,Trung,Cao,Vừa,Rất thấp,Ít luyến
432,Ca trù,ca_tru/audio_15_006.wav,1,Rất yếu,Cao,Rất trầm,Cao,Vừa,Rất cao,Ít luyến
433,Ca trù,ca_tru/audio_15_006.wav,2,Rất yếu,Cao,Rất trầm,Cao,Chậm,Rất cao,Ít luyến
434,Ca trù,ca_tru/audio_17_043.wav,1,Rất yếu,Thấp,Trầm,Trung bình,Vừa,Rất thấp,Nhiều luyến
435,Ca trù,ca_tru/audio_17_043.wav,2,Vừa,Thấp,Trầm,Trung bình,Vừa,Rất thấp,Nhiều luyến
436,Ca trù,ca_tru/audio_23_008.wav,1,Rất yếu,Trung bình,Trung,Trung bình,Vừa,Thấp,Nhiều luyến
437,Ca trù,ca_tru/audio_23_008.wav,2,Rất yếu,Thấp,Trung,Thấp,Vừa,Cao,Vừa
438,Ca trù,ca_tru/audio_3_008.wav,1,Vừa,Trung bình,Trầm,Thấp,Vừa,Rất thấp,Nhiều luyến
439,Ca trù,ca_tru/audio_3_008.wav,2,Vừa,Cao,Cao,Thấp,Vừa,Rất thấp,Nhiều luyến
440,Ca trù,ca_tru/audio_21_004.wav,1,Vừa,Thấp,Trầm,Thấp,Vừa,Rất thấp,Vừa
441,Ca trù,ca_tru/audio_21_004.wav,2,Vừa,Thấp,Rất trầm,Thấp,Chậm,Rất thấp,Vừa
442,Ca trù,ca_tru/audio_17_056.wav,1,Rất yếu,Cao,Trầm,Trung bình,Vừa,Rất thấp,Nhiều luyến
443,Ca trù,ca_tru/audio_17_056.wav,2,Rất yếu,Cao,Trung,Cao,Nhanh,Cao,Nhiều luyến
444,Ca trù,ca_tru/audio_36_009.wav,1,Rất yếu,Thấp,Trầm,Trung bình,Vừa,Rất thấp,Nhiều luyến
445,Ca trù,ca_tru/audio_36_009.wav,2,Rất yếu,Trung bình,Trầm,Trung bình,Vừa,Thấp,Vừa
446,Ca trù,ca_tru/audio_3_006.wav,1,Vừa,Trung bình,Trầm,Thấp,Chậm,Rất thấp,Vừa
447,Ca trù,ca_tru/audio_3_006.wav,2,Vừa,Thấp,Trầm,Thấp,Vừa,Rất thấp,Vừa
448,Ca trù,ca_tru/audio_9_004.wav,1,Vừa,Thấp,Trầm,Cao,Chậm,Rất thấp,Vừa
449,Ca trù,ca_tru/audio_9_004.wav,2,Rất yếu,Thấp,Cao,Cao,Nhanh,Cao,Vừa
450,Ca trù,ca_tru/audio_17_045.wav,1,Rất yếu,Trung bình,Trầm,Trung bình,Vừa,Rất thấp,Vừa
451,Ca trù,ca_tru/audio_17_045.wav,2,Rất yếu,Trung bình,Trầm,Trung bình,Vừa,Rất thấp,Nhiều luyến
452,Ca trù,ca_tru/audio_38_009.wav,1,Vừa,Trung bình,Rất trầm,Trung bình,Nhanh,Rất cao,Ít luyến
453,Ca trù,ca_tru/audio_38_009.wav,2,Rất yếu,Thấp,Rất trầm,Thấp,Chậm,Rất cao,Ít luyến
454,Ca trù,ca_tru/audio_33_021.wav,1,Rất yếu,Thấp,Trầm,Trung bình,Nhanh,Rất thấp,Vừa
455,Ca trù,ca_tru/audio_33_021.wav,2,Vừa,Thấp,Rất trầm,Thấp,Chậm,Rất thấp,Ít luyến
456,Ca trù,ca_tru/audio_9_008.wav,1,Rất yếu,Cao,Rất trầm,Cao,Nhanh,Rất cao,Ít luyến
457,Ca trù,ca_tru/audio_9_008.wav,2,Rất yếu,Cao,Rất trầm,Cao,Nhanh,Rất cao,Ít luyến
458,Ca trù,ca_tru/audio_17_024.wav,1,Rất yếu,Thấp,Trung,Cao,Vừa,Rất thấp,Nhiều luyến
459,Ca trù,ca_tru/audio_17_024.wav,2,Rất yếu,Thấp,Cao,Cao,Nhanh,Rất cao,Nhiều luyến
460,Ca trù,ca_tru/audio_31_007.wav,1,Vừa,Thấp,Trầm,Thấp,Chậm,Rất thấp,Nhiều luyến
461,Ca trù,ca_tru/audio_31_007.wav,2,Vừa,Thấp,Rất trầm,Thấp,Chậm,Rất thấp,Vừa
462,Ca trù,ca_tru/audio_16_015.wav,1,Rất yếu,Cao,Rất trầm,Trung bình,Vừa,Rất cao,Ít luyến
463,Ca trù,ca_tru/audio_16_015.wav,2,Rất yếu,Cao,Trầm,Trung bình,Vừa,Rất cao,Ít luyến
464,Ca trù,ca_tru/audio_38_007.wav,1,Yếu,Trung bình,Trầm,Trung bình,Nhanh,Rất thấp,Vừa
465,Ca trù,ca_tru/audio_38_007.wav,2,Yếu,Cao,Trầm,Thấp,Nhanh,Rất thấp,Vừa
466,Ca trù,ca_tru/audio_16_014.wav,1,Rất yếu,Trung bình,Trầm,Cao,Chậm,Rất thấp,Ít luyến
467,Ca trù,ca_tru/audio_16_014.wav,2,Rất yếu,Cao,Rất trầm,Trung bình,Vừa,Cao,Ít luyến
468,Ca trù,ca_tru/audio_17_025.wav,1,Rất yếu,Thấp,Trung,Cao,Vừa,Cao,Nhiều luyến
469,Ca trù,ca_tru/audio_17_025.wav,2,Rất yếu,Thấp,Trầm,Cao,Vừa,Rất thấp,Vừa
470,Ca trù,ca_tru/audio_17_046.wav,1,Rất yếu,Cao,Trầm,Cao,Vừa,Thấp,Vừa
471,Ca trù,ca_tru/audio_17_046.wav,2,Rất yếu,Cao,Rất trầm,Thấp,Vừa,Rất thấp,Vừa
472,Ca trù,ca_tru/audio_33_042.wav,1,Rất yếu,Trung bình,Trầm,Trung bình,Chậm,Trung bình,Vừa
473,Ca trù,ca_tru/audio_33_042.wav,2,Vừa,Trung bình,Trung,Thấp,Chậm,Rất thấp,Vừa
474,Ca trù,ca_tru/audio_13_009.wav,1,Rất yếu,Cao,Trầm,Trung bình,Vừa,Rất thấp,Nhiều luyến
475,Ca trù,ca_tru/audio_13_009.wav,2,Rất yếu,Cao,Trầm,Trung bình,Chậm,Thấp,Vừa
476,Ca trù,ca_tru/audio_33_100.wav,1,Rất yếu,Trung bình,Trầm,Thấp,Chậm,Rất thấp,Vừa
477,Ca trù,ca_tru/audio_33_100.wav,2,Rất yếu,Thấp,Trầm,Trung bình,Nhanh,Rất thấp,Vừa
478,Ca trù,ca_tru/audio_30_003.wav,1,Vừa,Thấp,Rất trầm,Thấp,Chậm,Rất thấp,Vừa
479,Ca trù,ca_tru/audio_30_003.wav,2,Vừa,Thấp,Trầm,Thấp,Nhanh,Rất thấp,Nhiều luyến
480,Ca trù,ca_tru/audio_33_038.wav,1,Rất yếu,Trung bình,Trầm,Trung bình,Nhanh,Rất thấp,Nhiều luyến
481,Ca trù,ca_tru/audio_33_038.wav,2,Vừa,Cao,Trung,Trung bình,Nhanh,Rất thấp,Nhiều luyến
482,Ca trù,ca_tru/audio_29_011.wav,1,Yếu,Trung bình,Rất trầm,Trung bình,Vừa,Rất thấp,Ít luyến
483,Ca trù,ca_tru/audio_29_011.wav,2,Yếu,Trung bình,Rất trầm,Trung bình,Vừa,Rất thấp,Ít luyến
484,Ca trù,ca_tru/audio_17_039.wav,1,Vừa,Cao,Trầm,Trung bình,Vừa,Rất thấp,Vừa
485,Ca trù,ca_tru/audio_17_039.wav,2,Rất yếu,Cao,Rất cao,Cao,Chậm,Trung bình,Nhiều luyến
486,Ca trù,ca_tru/audio_26_001.wav,1,Yếu,Cao,Rất trầm,Trung bình,Vừa,Rất cao,Ít luyến
487,Ca trù,ca_tru/audio_26_001.wav,2,Yếu,Cao,Rất trầm,Trung bình,Vừa,Rất cao,Ít luyến
488,Ca trù,ca_tru/audio_17_042.wav,1,Rất yếu,Cao,Trầm,Cao,Vừa,Rất thấp,Ít luyến
489,Ca trù,ca_tru/audio_17_042.wav,2,Vừa,Cao,Trầm,Thấp,Vừa,Thấp,Ít luyến
490,Ca trù,ca_tru/audio_33_063.wav,1,Rất yếu,Thấp,Trầm,Trung bình,Vừa,Rất thấp,Vừa
491,Ca trù,ca_tru/audio_33_063.wav,2,Rất yếu,Thấp,Cao,Cao,Chậm,Rất thấp,Vừa
492,Ca trù,ca_tru/audio_17_055.wav,1,Rất yếu,Cao,Trầm,Cao,Vừa,Rất thấp,Vừa
493,Ca trù,ca_tru/audio_17_055.wav,2,Rất yếu,Cao,Trầm,Trung bình,Vừa,Cao,Vừa
494,Ca trù,ca_tru/audio_33_070.wav,1,Vừa,Thấp,Trầm,Trung bình,Vừa,Rất thấp,Nhiều luyến
495,Ca trù,ca_tru/audio_33_070.wav,2,Rất yếu,Thấp,Trầm,Trung bình,Nhanh,Rất thấp,Vừa
496,Ca trù,ca_tru/audio_31_003.wav,1,Vừa,Thấp,Rất trầm,Thấp,Vừa,Rất thấp,Vừa
497,Ca trù,ca_tru/audio_31_003.wav,2,Vừa,Thấp,Trầm,Thấp,Vừa,Rất thấp,Vừa
498,Ca trù,ca_tru/audio_22_005.wav,1,Yếu,Cao,Trầm,Trung bình,Chậm,Rất thấp,Vừa
499,Ca trù,ca_tru/audio_22_005.wav,2,Rất yếu,Cao,Rất trầm,Trung bình,Nhanh,Rất thấp,Ít luyến
500,Ca trù,ca_tru/audio_5_012.wav,1,Rất yếu,Cao,Trầm,Cao,Vừa,Thấp,Ít luyến
501,Ca trù,ca_tru/audio_5_012.wav,2,Rất yếu,Cao,Trầm,Cao,Chậm,Trung bình,Ít luyến
502,Ca trù,ca_tru/audio_36_016.wav,1,Rất yếu,Thấp,Trầm,Thấp,Vừa,Rất thấp,Vừa
503,Ca trù,ca_tru/audio_36_016.wav,2,Rất yếu,Cao,Cao,Cao,Vừa,Rất cao,Nhiều luyến
504,Ca trù,ca_tru/audio_17_004.wav,1,Rất yếu,Cao,Trầm,Trung bình,Chậm,Rất cao,Vừa
505,Ca trù,ca_tru/audio_17_004.wav,2,Rất yếu,Thấp,Trầm,Trung bình,Chậm,Rất cao,Ít luyến
506,Ca trù,ca_tru/audio_37_013.wav,1,Vừa,Thấp,Trầm,Thấp,Vừa,Rất cao,Vừa
507,Ca trù,ca_tru/audio_37_013.wav,2,Rất yếu,Thấp,Trung,Thấp,Vừa,Rất cao,Vừa
508,Ca trù,ca_tru/audio_37_010.wav,1,Rất yếu,Thấp,Rất trầm,Thấp,Nhanh,Rất cao,Vừa
509,Ca trù,ca_tru/audio_37_010.wav,2,Rất yếu,Thấp,Trầm,Thấp,Vừa,Rất cao,Vừa
510,Ca trù,ca_tru/audio_33_057.wav,1,Rất yếu,Thấp,Trầm,Trung bình,Nhanh,Rất thấp,Ít luyến
511,Ca trù,ca_tru/audio_33_057.wav,2,Rất yếu,Thấp,Trầm,Cao,Nhanh,Rất thấp,Nhiều luyến
512,Ca trù,ca_tru/audio_17_031.wav,1,Vừa,Trung bình,Trung,Thấp,Vừa,Rất thấp,Vừa
513,Ca trù,ca_tru/audio_17_031.wav,2,Vừa,Trung bình,Trầm,Trung bình,Nhanh,Rất thấp,Vừa
514,Ca trù,ca_tru/audio_30_006.wav,1,Vừa,Thấp,Trung,Thấp,Nhanh,Rất thấp,Nhiều luyến
515,Ca trù,ca_tru/audio_30_006.wav,2,Vừa,Thấp,Rất trầm,Thấp,Nhanh,Rất thấp,Vừa
516,Ca trù,ca_tru/audio_31_004.wav,1,Mạnh,Thấp,Trầm,Thấp,Chậm,Rất thấp,Nhiều luyến
517,Ca trù,ca_tru/audio_31_004.wav,2,Vừa,Thấp,Trầm,Thấp,Nhanh,Rất thấp,Nhiều luyến
518,Ca trù,ca_tru/audio_37_023.wav,1,Rất yếu,Thấp,Rất trầm,Thấp,Nhanh,Rất cao,Ít luyến
519,Ca trù,ca_tru/audio_37_023.wav,2,Rất yếu,Thấp,Trầm,Thấp,Nhanh,Rất cao,Vừa
520,Ca trù,ca_tru/audio_36_008.wav,1,Rất yếu,Thấp,Trầm,Cao,Nhanh,Rất cao,Vừa
521,Ca trù,ca_tru/audio_36_008.wav,2,Vừa,Thấp,Trầm,Thấp,Vừa,Rất thấp,Vừa
522,Ca trù,ca_tru/audio_20_000.wav,1,Rất yếu,Trung bình,Trung,Trung bình,Chậm,Rất thấp,Vừa
523,Ca trù,ca_tru/audio_20_000.wav,2,Rất yếu,Thấp,Rất trầm,Trung bình,Chậm,Rất thấp,Vừa
524,Ca trù,ca_tru/audio_33_037.wav,1,Rất yếu,Cao,Trung,Trung bình,Nhanh,Rất thấp,Vừa
525,Ca trù,ca_tru/audio_33_037.wav,2,Rất yếu,Cao,Trầm,Cao,Nhanh,Rất thấp,Nhiều luyến
526,Ca trù,ca_tru/audio_37_014.wav,1,Rất yếu,Thấp,Trung,Thấp,Nhanh,Rất cao,Nhiều luyến
527,Ca trù,ca_tru/audio_37_014.wav,2,Rất yếu,Thấp,Trầm,Thấp,Chậm,Rất cao,Ít luyến
528,Ca trù,ca_tru/audio_21_009.wav,1,Vừa,Thấp,Trầm,Thấp,Chậm,Rất thấp,Vừa
529,Ca trù,ca_tru/audio_21_009.wav,2,Vừa,Thấp,Trầm,Thấp,Vừa,Rất thấp,Vừa
530,Ca trù,ca_tru/audio_33_017.wav,1,Rất yếu,Thấp,Trầm,Cao,Nhanh,Rất thấp,Vừa
531,Ca trù,ca_tru/audio_33_017.wav,2,Rất yếu,Thấp,Trầm,Cao,Nhanh,Rất thấp,Vừa
532,Ca trù,ca_tru/audio_32_008.wav,1,Yếu,Thấp,Trầm,Trung bình,Vừa,Rất thấp,Vừa
533,Ca trù,ca_tru/audio_32_008.wav,2,Rất yếu,Thấp,Trầm,Trung bình,Vừa,Rất thấp,Vừa
534,Ca trù,ca_tru/audio_33_040.wav,1,Rất yếu,Trung bình,Trầm,Trung bình,Chậm,Rất thấp,Vừa
535,Ca trù,ca_tru/audio_33_040.wav,2,Vừa,Trung bình,Trầm,Thấp,Chậm,Rất thấp,Vừa
536,Ca trù,ca_tru/audio_33_004.wav,1,Rất yếu,Thấp,Trầm,Trung bình,Nhanh,Rất thấp,Vừa
537,Ca trù,ca_tru/audio_33_004.wav,2,Rất yếu,Thấp,Rất cao,Cao,Nhanh,Rất thấp,Nhiều luyến
538,Ca trù,ca_tru/audio_17_100.wav,1,Rất yếu,Thấp,Trầm,Thấp,Vừa,Rất thấp,Vừa
539,Ca trù,ca_tru/audio_17_100.wav,2,Vừa,Thấp,Trầm,Trung bình,Vừa,Rất thấp,Nhiều luyến
540,Ca trù,ca_tru/audio_30_005.wav,1,Vừa,Thấp,Rất trầm,Thấp,Nhanh,Rất thấp,Vừa
541,Ca trù,ca_tru/audio_30_005.wav,2,Vừa,Thấp,Rất trầm,Thấp,Chậm,Rất thấp,Vừa
542,Ca trù,ca_tru/audio_28_000.wav,1,Rất yếu,Cao,Trầm,Trung bình,Chậm,Rất cao,Vừa
543,Ca trù,ca_tru/audio_28_000.wav,2,Rất yếu,Cao,Trầm,Thấp,Chậm,Rất cao,Ít luyến
544,Ca trù,ca_tru/audio_35_003.wav,1,Vừa,Cao,Trầm,Trung bình,Vừa,Rất thấp,Vừa
545,Ca trù,ca_tru/audio_35_003.wav,2,Vừa,Cao,Rất trầm,Thấp,Vừa,Trung bình,Ít luyến
546,Ca trù,ca_tru/audio_32_000.wav,1,Rất yếu,Cao,Rất trầm,Cao,Chậm,Rất thấp,Ít luyến
547,Ca trù,ca_tru/audio_32_000.wav,2,Rất yếu,Trung bình,Rất trầm,Cao,Vừa,Rất thấp,Ít luyến
548,Ca trù,ca_tru/audio_5_010.wav,1,Rất yếu,Cao,Trầm,Cao,Vừa,Cao,Vừa
549,Ca trù,ca_tru/audio_5_010.wav,2,Rất yếu,Cao,Trầm,Cao,Vừa,Cao,Ít luyến
550,Ca trù,ca_tru/audio_18_010.wav,1,Mạnh,Cao,Rất trầm,Trung bình,Chậm,Rất cao,Ít luyến
551,Ca trù,ca_tru/audio_18_010.wav,2,Mạnh,Cao,Rất trầm,Trung bình,Vừa,Rất cao,Ít luyến
552,Ca trù,ca_tru/audio_23_006.wav,1,Rất yếu,Thấp,Trầm,Trung bình,Nhanh,Rất thấp,Nhiều luyến
553,Ca trù,ca_tru/audio_23_006.wav,2,Vừa,Trung bình,Rất trầm,Thấp,Vừa,Rất cao,Ít luyến
554,Ca trù,ca_tru/audio_23_000.wav,1,Rất yếu,Thấp,Rất trầm,Thấp,Chậm,Rất cao,Vừa
555,Ca trù,ca_tru/audio_23_000.wav,2,Yếu,Trung bình,Trầm,Thấp,Vừa,Cao,Vừa
556,Ca trù,ca_tru/audio_37_017.wav,1,Rất yếu,Thấp,Trung,Thấp,Chậm,Rất cao,Vừa
557,Ca trù,ca_tru/audio_37_017.wav,2,Rất yếu,Thấp,Trung,Thấp,Chậm,Rất cao,Nhiều luyến
558,Ca trù,ca_tru/audio_5_009.wav,1,Rất yếu,Cao,Trầm,Cao,Vừa,Cao,Vừa
559,Ca trù,ca_tru/audio_5_009.wav,2,Rất yếu,Cao,Rất trầm,Cao,Vừa,Cao,Vừa
560,Ca trù,ca_tru/audio_29_001.wav,1,Rất yếu,Trung bình,Trầm,Trung bình,Vừa,Rất thấp,Vừa
561,Ca trù,ca_tru/audio_29_001.wav,2,Vừa,Trung bình,Trung,Cao,Chậm,Cao,Ít luyến
562,Ca trù,ca_tru/audio_0_019.wav,1,Yếu,Thấp,Trung,Cao,Vừa,Rất thấp,Vừa
563,Ca trù,ca_tru/audio_0_019.wav,2,Yếu,Cao,Trung,Cao,Vừa,Rất thấp,Vừa
564,Ca trù,ca_tru/audio_20_006.wav,1,Mạnh,Cao,Rất trầm,Cao,Chậm,Rất cao,Ít luyến
565,Ca trù,ca_tru/audio_20_006.wav,2,Mạnh,Cao,Rất cao,Cao,Chậm,Rất cao,Ít luyến
566,Ca trù,ca_tru/audio_17_070.wav,1,Vừa,Cao,Trầm,Trung bình,Vừa,Thấp,Ít luyến
567,Ca trù,ca_tru/audio_17_070.wav,2,Rất yếu,Cao,Trầm,Trung bình,Vừa,Rất thấp,Vừa
568,Ca trù,ca_tru/audio_33_056.wav,1,Rất yếu,Thấp,Cao,Cao,Chậm,Rất thấp,Nhiều luyến
569,Ca trù,ca_tru/audio_33_056.wav,2,Rất yếu,Thấp,Trầm,Trung bình,Nhanh,Rất thấp,Vừa
570,Ca trù,ca_tru/audio_10_009.wav,1,Vừa,Trung bình,Trầm,Trung bình,Vừa,Rất thấp,Vừa
571,Ca trù,ca_tru/audio_10_009.wav,2,Vừa,Cao,Trầm,Cao,Vừa,Rất thấp,Ít luyến
572,Ca trù,ca_tru/audio_2_008.wav,1,Vừa,Thấp,Trầm,Thấp,Chậm,Rất thấp,Vừa
573,Ca trù,ca_tru/audio_2_008.wav,2,Vừa,Cao,Trầm,Thấp,Vừa,Rất thấp,Vừa
574,Ca trù,ca_tru/audio_33_023.wav,1,Rất yếu,Thấp,Trầm,Trung bình,Nhanh,Rất thấp,Ít luyến
575,Ca trù,ca_tru/audio_33_023.wav,2,Vừa,Thấp,Trầm,Thấp,Nhanh,Rất thấp,Vừa
576,Ca trù,ca_tru/audio_17_034.wav,1,Vừa,Trung bình,Trầm,Cao,Nhanh,Rất thấp,Vừa
577,Ca trù,ca_tru/audio_17_034.wav,2,Vừa,Cao,Trung,Thấp,Nhanh,Rất thấp,Nhiều luyến
578,Ca trù,ca_tru/audio_13_008.wav,1,Rất yếu,Cao,Trầm,Trung bình,Vừa,Thấp,Vừa
579,Ca trù,ca_tru/audio_13_008.wav,2,Rất yếu,Cao,Trầm,Cao,Chậm,Cao,Vừa
580,Ca trù,ca_tru/audio_27_012.wav,1,Rất yếu,Cao,Trầm,Trung bình,Vừa,Cao,Vừa
581,Ca trù,ca_tru/audio_27_012.wav,2,Rất yếu,Cao,Trầm,Trung bình,Vừa,Thấp,Vừa
582,Ca trù,ca_tru/audio_33_049.wav,1,Rất yếu,Cao,Trung,Trung bình,Chậm,Rất thấp,Vừa
583,Ca trù,ca_tru/audio_33_049.wav,2,Rất yếu,Thấp,Trầm,Trung bình,Chậm,Rất thấp,Nhiều luyến
584,Ca trù,ca_tru/audio_33_105.wav,1,Rất yếu,Thấp,Cao,Trung bình,Nhanh,Rất thấp,Nhiều luyến
585,Ca trù,ca_tru/audio_33_105.wav,2,Vừa,Thấp,Trầm,Cao,Chậm,Rất thấp,Nhiều luyến
586,Ca trù,ca_tru/audio_37_008.wav,1,Rất yếu,Thấp,Trung,Thấp,Chậm,Rất cao,Vừa
587,Ca trù,ca_tru/audio_37_008.wav,2,Rất yếu,Thấp,Trung,Thấp,Vừa,Rất cao,Vừa
588,Ca trù,ca_tru/audio_13_003.wav,1,Rất yếu,Cao,Rất trầm,Trung bình,Vừa,Trung bình,Ít luyến
589,Ca trù,ca_tru/audio_13_003.wav,2,Rất yếu,Cao,Trầm,Trung bình,Vừa,Thấp,Vừa
590,Ca trù,ca_tru/audio_33_097.wav,1,Rất yếu,Thấp,Trầm,Trung bình,Vừa,Rất thấp,Ít luyến
591,Ca trù,ca_tru/audio_33_097.wav,2,Rất yếu,Thấp,Trầm,Trung bình,Nhanh,Rất thấp,Vừa
592,Ca trù,ca_tru/audio_0_023.wav,1,Yếu,Thấp,Rất cao,Cao,Vừa,Rất thấp,Vừa
593,Ca trù,ca_tru/audio_0_023.wav,2,Yếu,Thấp,Trầm,Cao,Vừa,Rất thấp,Vừa
594,Ca trù,ca_tru/audio_17_044.wav,1,Rất yếu,Trung bình,Trầm,Trung bình,Vừa,Rất thấp,Vừa
595,Ca trù,ca_tru/audio_17_044.wav,2,Rất yếu,Cao,Trầm,Trung bình,Vừa,Thấp,Ít luyến
596,Ca trù,ca_tru/audio_13_001.wav,1,Rất yếu,Thấp,Trầm,Trung bình,Chậm,Rất cao,Vừa
597,Ca trù,ca_tru/audio_13_001.wav,2,Rất yếu,Cao,Trung,Trung bình,Chậm,Thấp,Nhiều luyến
598,Ca trù,ca_tru/audio_2_015.wav,1,Vừa,Cao,Trầm,Thấp,Chậm,Rất thấp,Nhiều luyến
599,Ca trù,ca_tru/audio_2_015.wav,2,Vừa,Cao,Trầm,Thấp,Vừa,Rất thấp,Vừa
600,Chèo,cheo/audio_1_008.wav,1,Vừa,Thấp,Rất trầm,Trung bình,Vừa,Rất thấp,Ít luyến
601,Chèo,cheo/audio_1_008.wav,2,Yếu,Cao,Trung,Trung bình,Vừa,Cao,Ít luyến
602,Chèo,cheo/audio_3_199.wav,1,Vừa,Cao,Trầm,Cao,Vừa,Cao,Vừa
603,Chèo,cheo/audio_3_199.wav,2,Vừa,Trung bình,Trầm,Thấp,Vừa,Rất thấp,Nhiều luyến
604,Chèo,cheo/audio_3_011.wav,1,Yếu,Cao,Rất trầm,Cao,Vừa,Rất thấp,Ít luyến
605,Chèo,cheo/audio_3_011.wav,2,Vừa,Cao,Trầm,Trung bình,Chậm,Cao,Ít luyến
606,Chèo,cheo/audio_1_076.wav,1,Rất yếu,Cao,Trung,Thấp,Nhanh,Rất thấp,Nhiều luyến
607,Chèo,cheo/audio_1_076.wav,2,Rất yếu,Cao,Trầm,Trung bình,Nhanh,Rất thấp,Vừa
608,Chèo,cheo/audio_5_007.wav,1,Mạnh,Cao,Rất trầm,Trung bình,Nhanh,Thấp,Ít luyến
609,Chèo,cheo/audio_5_007.wav,2,Mạnh,Cao,Rất trầm,Trung bình,Vừa,Thấp,Ít luyến
610,Chèo,cheo/audio_4_240.wav,1,Yếu,Cao,Rất trầm,Thấp,Chậm,Trung bình,Ít luyến
611,Chèo,cheo/audio_4_240.wav,2,Vừa,Thấp,Cao,Thấp,Chậm,Cao,Ít luyến
612,Chèo,cheo/audio_6_133.wav,1,Rất yếu,Thấp,Cao,Trung bình,Vừa,Rất thấp,Nhiều luyến
613,Chèo,cheo/audio_6_133.wav,2,Rất yếu,Thấp,Trung,Trung bình,Chậm,Rất thấp,Nhiều luyến
614,Chèo,cheo/audio_5_004.wav,1,Mạnh,Cao,Trung,Trung bình,Chậm,Trung bình,Vừa
615,Chèo,cheo/audio_5_004.wav,2,Mạnh,Thấp,Trung,Trung bình,Chậm,Cao,Vừa
616,Chèo,cheo/audio_4_071.wav,1,Vừa,Cao,Cao,Trung bình,Vừa,Thấp,Vừa
617,Chèo,cheo/audio_4_071.wav,2,Vừa,Cao,Trầm,Trung bình,Nhanh,Rất thấp,Vừa
618,Chèo,cheo/audio_7_089.wav,1,Mạnh,Thấp,Trầm,Trung bình,Nhanh,Rất thấp,Ít luyến
619,Chèo,cheo/audio_7_089.wav,2,Rất mạnh,Thấp,Trung,Trung bình,Nhanh,Thấp,Vừa
620,Chèo,cheo/audio_3_065.wav,1,Vừa,Cao,Trầm,Trung bình,Vừa,Rất thấp,Vừa
621,Chèo,cheo/audio_3_065.wav,2,Vừa,Cao,Trung,Thấp,Nhanh,Rất thấp,Nhiều luyến
622,Chèo,cheo/audio_4_220.wav,1,Rất yếu,Cao,Trung,Trung bình,Nhanh,Thấp,Nhiều luyến
623,Chèo,cheo/audio_4_220.wav,2,Rất yếu,Trung bình,Trung,Trung bình,Vừa,Trung bình,Nhiều luyến
624,Chèo,cheo/audio_5_054.wav,1,Mạnh,Thấp,Rất trầm,Trung bình,Chậm,Rất thấp,Vừa
625,Chèo,cheo/audio_5_054.wav,2,Mạnh,Thấp,Trầm,Trung bình,Nhanh,Trung bình,Ít luyến
626,Chèo,cheo/audio_8_064.wav,1,Mạnh,Thấp,Trung,Trung bình,Vừa,Cao,Vừa
627,Chèo,cheo/audio_8_064.wav,2,Mạnh,Cao,Trầm,Trung bình,Nhanh,Rất thấp,Nhiều luyến
628,Chèo,cheo/audio_6_129.wav,1,Rất yếu,Cao,Cao,Trung bình,Chậm,Trung bình,Vừa
629,Chèo,cheo/audio_6_129.wav,2,Rất yếu,Cao,Trầm,Trung bình,Vừa,Thấp,Ít luyến
630,Chèo,cheo/audio_8_077.wav,1,Mạnh,Cao,Trung,Trung bình,Chậm,Rất thấp,Vừa
631,Chèo,cheo/audio_8_077.wav,2,Mạnh,Cao,Rất cao,Cao,Nhanh,Rất cao,Vừa
632,Chèo,cheo/audio_6_108.wav,1,Rất yếu,Cao,Trầm,Trung bình,Chậm,Rất thấp,Ít luyến
633,Chèo,cheo/audio_6_108.wav,2,Rất yếu,Trung bình,Trầm,Trung bình,Chậm,Rất thấp,Vừa
634,Chèo,cheo/audio_7_004.wav,1,Rất mạnh,Thấp,Rất trầm,Thấp,Nhanh,Rất cao,Ít luyến
635,Chèo,cheo/audio_7_004.wav,2,Rất mạnh,Thấp,Rất trầm,Thấp,Nhanh,Rất cao,Ít luyến
636,Chèo,cheo/audio_7_101.wav,1,Rất mạnh,Cao,Rất cao,Thấp,Nhanh,Trung bình,Nhiều luyến
637,Chèo,cheo/audio_7_101.wav,2,Rất mạnh,Thấp,Cao,Trung bình,Vừa,Trung bình,Nhiều luyến
638,Chèo,cheo/audio_4_198.wav,1,Vừa,Thấp,Trầm,Trung bình,Vừa,Rất thấp,Nhiều luyến
639,Chèo,cheo/audio_4_198.wav,2,Rất yếu,Thấp,Trầm,Cao,Nhanh,Rất thấp,Vừa
640,Chèo,cheo/audio_7_124.wav,1,Rất mạnh,Thấp,Trầm,Trung bình,Nhanh,Rất thấp,Vừa
641,Chèo,cheo/audio_7_124.wav,2,Rất mạnh,Thấp,Trầm,Trung bình,Vừa,Thấp,Vừa
642,Chèo,cheo/audio_3_227.wav,1,Rất yếu,Cao,Rất trầm,Trung bình,Chậm,Rất cao,Ít luyến
643,Chèo,cheo/audio_3_227.wav,2,Yếu,Cao,Rất trầm,Cao,Vừa,Rất cao,Ít luyến
644,Chèo,cheo/audio_12_060.wav,1,Yếu,Thấp,Trung,Thấp,Vừa,Rất thấp,Vừa
645,Chèo,cheo/audio_12_060.wav,2,Vừa,Thấp,Trung,Trung bình,Chậm,Thấp,Nhiều luyến
646,Chèo,cheo/audio_7_164.wav,1,Rất mạnh,Thấp,Rất trầm,Trung bình,Chậm,Cao,Vừa
647,Chèo,cheo/audio_7_164.wav,2,Rất mạnh,Thấp,Trầm,Trung bình,Nhanh,Thấp,Ít luyến
648,Chèo,cheo/audio_4_114.wav,1,Yếu,Cao,Rất cao,Trung bình,Nhanh,Rất thấp,Nhiều luyến
649,Chèo,cheo/audio_4_114.wav,2,Yếu,Cao,Trầm,Trung bình,Vừa,Rất thấp,Ít luyến
650,Chèo,cheo/audio_6_077.wav,1,Rất yếu,Cao,Cao,Trung bình,Chậm,Rất thấp,Nhiều luyến
651,Chèo,cheo/audio_6_077.wav,2,Vừa,Cao,Trung,Trung bình,Vừa,Rất thấp,Vừa
652,Chèo,cheo/audio_4_126.wav,1,Rất yếu,Thấp,Rất cao,Cao,Vừa,Thấp,Nhiều luyến
653,Chèo,cheo/audio_4_126.wav,2,Vừa,Cao,Rất cao,Trung bình,Nhanh,Cao,Nhiều luyến
654,Chèo,cheo/audio_1_017.wav,1,Vừa,Cao,Rất cao,Cao,Nhanh,Rất thấp,Nhiều luyến
655,Chèo,cheo/audio_1_017.wav,2,Vừa,Thấp,Trung,Trung bình,Vừa,Rất thấp,Vừa
656,Chèo,cheo/audio_1_033.wav,1,Rất yếu,Thấp,Trung,Trung bình,Chậm,Rất thấp,Nhiều luyến
657,Chèo,cheo/audio_1_033.wav,2,Rất yếu,Thấp,Trung,Cao,Nhanh,Rất thấp,Vừa
658,Chèo,cheo/audio_3_122.wav,1,Vừa,Cao,Trung,Trung bình,Nhanh,Rất thấp,Vừa
659,Chèo,cheo/audio_3_122.wav,2,Vừa,Thấp,Trung,Trung bình,Vừa,Rất thấp,Nhiều luyến
660,Chèo,cheo/audio_4_031.wav,1,Vừa,Cao,Rất trầm,Thấp,Chậm,Rất thấp,Ít luyến
661,Chèo,cheo/audio_4_031.wav,2,Vừa,Trung bình,Trầm,Thấp,Vừa,Trung bình,Vừa
662,Chèo,cheo/audio_1_099.wav,1,Vừa,Trung bình,Trầm,Trung bình,Vừa,Cao,Ít luyến
663,Chèo,cheo/audio_1_099.wav,2,Vừa,Thấp,Rất trầm,Thấp,Chậm,Rất thấp,Vừa
664,Chèo,cheo/audio_6_158.wav,1,Rất yếu,Cao,Cao,Cao,Vừa,Rất thấp,Nhiều luyến
665,Chèo,cheo/audio_6_158.wav,2,Vừa,Thấp,Trung,Trung bình,Chậm,Rất thấp,Vừa
666,Chèo,cheo/audio_3_132.wav,1,Vừa,Cao,Trung,Cao,Vừa,Rất thấp,Vừa
667,Chèo,cheo/audio_3_132.wav,2,Vừa,Cao,Trung,Cao,Vừa,Rất thấp,Vừa
668,Chèo,cheo/audio_1_036.wav,1,Rất yếu,Cao,Rất trầm,Thấp,Nhanh,Rất thấp,Vừa
669,Chèo,cheo/audio_1_036.wav,2,Rất yếu,Cao,Trung,Cao,Chậm,Rất thấp,Vừa
670,Chèo,cheo/audio_4_236.wav,1,Vừa,Cao,Trung,Trung bình,Vừa,Rất cao,Nhiều luyến
671,Chèo,cheo/audio_4_236.wav,2,Rất yếu,Cao,Trầm,Trung bình,Chậm,Rất cao,Nhiều luyến
672,Chèo,cheo/audio_3_090.wav,1,Rất yếu,Cao,Trung,Trung bình,Nhanh,Rất thấp,Nhiều luyến
673,Chèo,cheo/audio_3_090.wav,2,Vừa,Thấp,Trầm,Trung bình,Vừa,Trung bình,Nhiều luyến
674,Chèo,cheo/audio_9_010.wav,1,Yếu,Cao,Rất trầm,Cao,Vừa,Thấp,Ít luyến
675,Chèo,cheo/audio_9_010.wav,2,Yếu,Cao,Rất trầm,Cao,Vừa,Thấp,Ít luyến
676,Chèo,cheo/audio_3_099.wav,1,Yếu,Cao,Trầm,Cao,Chậm,Rất thấp,Vừa
677,Chèo,cheo/audio_3_099.wav,2,Rất yếu,Cao,Trung,Trung bình,Chậm,Rất thấp,Ít luyến
678,Chèo,cheo/audio_3_042.wav,1,Yếu,Cao,Trung,Trung bình,Nhanh,Rất thấp,Nhiều luyến
679,Chèo,cheo/audio_3_042.wav,2,Vừa,Cao,Trung,Trung bình,Nhanh,Rất thấp,Nhiều luyến
680,Chèo,cheo/audio_1_142.wav,1,Rất yếu,Thấp,Trầm,Trung bình,Chậm,Rất cao,Ít luyến
681,Chèo,cheo/audio_1_142.wav,2,Yếu,Cao,Rất trầm,Trung bình,Nhanh,Rất cao,Ít luyến
682,Chèo,cheo/audio_8_062.wav,1,Vừa,Thấp,Rất trầm,Trung bình,Vừa,Trung bình,Ít luyến
683,Chèo,cheo/audio_8_062.wav,2,Mạnh,Thấp,Rất cao,Cao,Chậm,Rất cao,Nhiều luyến
684,Chèo,cheo/audio_7_121.wav,1,Rất mạnh,Thấp,Trầm,Trung bình,Chậm,Rất thấp,Ít luyến
685,Chèo,cheo/audio_7_121.wav,2,Rất mạnh,Thấp,Trầm,Trung bình,Vừa,Rất thấp,Ít luyến
686,Chèo,cheo/audio_12_015.wav,1,Rất mạnh,Thấp,Rất cao,Cao,Vừa,Rất cao,Nhiều luyến
687,Chèo,cheo/audio_12_015.wav,2,Rất mạnh,Thấp,Rất cao,Cao,Nhanh,Rất cao,Vừa
688,Chèo,cheo/audio_1_082.wav,1,Rất yếu,Cao,Trung,Trung bình,Chậm,Rất thấp,Vừa
689,Chèo,cheo/audio_1_082.wav,2,Vừa,Cao,Trung,Trung bình,Nhanh,Rất thấp,Nhiều luyến
690,Chèo,cheo/audio_4_015.wav,1,Vừa,Cao,Trầm,Trung bình,Nhanh,Rất thấp,Vừa
691,Chèo,cheo/audio_4_015.wav,2,Vừa,Cao,Trầm,Trung bình,Nhanh,Rất thấp,Ít luyến
692,Chèo,cheo/audio_4_190.wav,1,Rất yếu,Thấp,Trung,Trung bình,Nhanh,Cao,Nhiều luyến
693,Chèo,cheo/audio_4_190.wav,2,Rất yếu,Cao,Trầm,Trung bình,Vừa,Rất thấp,Vừa
694,Chèo,cheo/audio_4_001.wav,1,Yếu,Thấp,Rất trầm,Cao,Chậm,Rất thấp,Ít luyến
695,Chèo,cheo/audio_4_001.wav,2,Yếu,Thấp,Trầm,Trung bình,Chậm,Rất thấp,Ít luyến
696,Chèo,cheo/audio_4_091.wav,1,Vừa,Thấp,Trung,Trung bình,Chậm,Rất cao,Vừa
697,Chèo,cheo/audio_4_091.wav,2,Vừa,Cao,Trung,Trung bình,Chậm,Rất cao,Ít luyến
698,Chèo,cheo/audio_4_052.wav,1,Rất yếu,Trung bình,Trung,Thấp,Vừa,Rất thấp,Vừa
699,Chèo,cheo/audio_4_052.wav,2,Vừa,Trung bình,Trầm,Trung bình,Chậm,Rất thấp,Vừa
700,Chèo,cheo/audio_0_001.wav,1,Yếu,Thấp,Trung,Thấp,Chậm,Rất thấp,Vừa
701,Chèo,cheo/audio_0_001.wav,2,Mạnh,Thấp,Trung,Thấp,Nhanh,Rất cao,Ít luyến
702,Chèo,cheo/audio_7_163.wav,1,Rất mạnh,Thấp,Rất trầm,Trung bình,Chậm,Cao,Vừa
703,Chèo,cheo/audio_7_163.wav,2,Rất mạnh,Thấp,Rất trầm,Trung bình,Chậm,Trung bình,Ít luyến
704,Chèo,cheo/audio_6_109.wav,1,Rất yếu,Cao,Trung,Trung bình,Chậm,Trung bình,Vừa
705,Chèo,cheo/audio_6_109.wav,2,Vừa,Cao,Trung,Trung bình,Chậm,Thấp,Vừa
706,Chèo,cheo/audio_1_169.wav,1,Rất yếu,Thấp,Rất cao,Trung bình,Nhanh,Rất thấp,Vừa
707,Chèo,cheo/audio_1_169.wav,2,Vừa,Cao,Trầm,Thấp,Chậm,Rất thấp,Vừa
708,Chèo,cheo/audio_7_027.wav,1,Rất mạnh,Thấp,Trầm,Thấp,Vừa,Rất thấp,Vừa
709,Chèo,cheo/audio_7_027.wav,2,Rất mạnh,Thấp,Trung,Trung bình,Vừa,Trung bình,Vừa
710,Chèo,cheo/audio_0_068.wav,1,Yếu,Thấp,Trung,Trung bình,Nhanh,Rất thấp,Ít luyến
711,Chèo,cheo/audio_0_068.wav,2,Yếu,Thấp,Trầm,Trung bình,Nhanh,Rất thấp,Vừa
712,Chèo,cheo/audio_7_049.wav,1,Rất mạnh,Thấp,Trung,Trung bình,Nhanh,Rất cao,Vừa
713,Chèo,cheo/audio_7_049.wav,2,Rất mạnh,Thấp,Trầm,Trung bình,Chậm,Rất cao,Ít luyến
714,Chèo,cheo/audio_3_020.wav,1,Vừa,Cao,Trung,Trung bình,Chậm,Rất thấp,Nhiều luyến
715,Chèo,cheo/audio_3_020.wav,2,Vừa,Thấp,Trung,Trung bình,Vừa,Rất thấp,Nhiều luyến
716,Chèo,cheo/audio_1_038.wav,1,Rất yếu,Trung bình,Trầm,Trung bình,Vừa,Rất cao,Ít luyến
717,Chèo,cheo/audio_1_038.wav,2,Rất yếu,Trung bình,Trung,Thấp,Vừa,Rất cao,Ít luyến
718,Chèo,cheo/audio_5_000.wav,1,Yếu,Thấp,Rất trầm,Thấp,Vừa,Rất cao,Ít luyến
719,Chèo,cheo/audio_5_000.wav,2,Mạnh,Thấp,Trung,Trung bình,Nhanh,Rất cao,Ít luyến
720,Chèo,cheo/audio_4_129.wav,1,Rất yếu,Cao,Trung,Trung bình,Nhanh,Rất cao,Vừa
721,Chèo,cheo/audio_4_129.wav,2,Vừa,Cao,Rất cao,Trung bình,Nhanh,Cao,Nhiều luyến
722,Chèo,cheo/audio_1_084.wav,1,Rất yếu,Cao,Trầm,Trung bình,Vừa,Rất thấp,Vừa
723,Chèo,cheo/audio_1_084.wav,2,Vừa,Cao,Trung,Trung bình,Vừa,Thấp,Nhiều luyến
724,Chèo,cheo/audio_4_029.wav,1,Yếu,Cao,Trung,Trung bình,Nhanh,Rất thấp,Vừa
725,Chèo,cheo/audio_4_029.wav,2,Yếu,Cao,Trầm,Trung bình,Nhanh,Rất thấp,Nhiều luyến
726,Chèo,cheo/audio_3_131.wav,1,Vừa,Cao,Trung,Trung bình,Vừa,Trung bình,Nhiều luyến
727,Chèo,cheo/audio_3_131.wav,2,Vừa,Cao,Cao,Trung bình,Chậm,Cao,Vừa
728,Chèo,cheo/audio_4_107.wav,1,Yếu,Trung bình,Trầm,Cao,Chậm,Rất cao,Vừa
729,Chèo,cheo/audio_4_107.wav,2,Yếu,Cao,Trầm,Trung bình,Nhanh,Rất thấp,Vừa
730,Chèo,cheo/audio_4_043.wav,1,Mạnh,Cao,Rất cao,Trung bình,Chậm,Rất thấp,Ít luyến
731,Chèo,cheo/audio_4_043.wav,2,Yếu,Cao,Trung,Trung bình,Chậm,Rất thấp,Ít luyến
732,Chèo,cheo/audio_1_116.wav,1,Vừa,Cao,Trầm,Trung bình,Vừa,Rất thấp,Nhiều luyến
733,Chèo,cheo/audio_1_116.wav,2,Rất yếu,Trung bình,Trung,Trung bình,Vừa,Rất thấp,Nhiều luyến
734,Chèo,cheo/audio_1_072.wav,1,Rất yếu,Cao,Trầm,Trung bình,Nhanh,Trung bình,Nhiều luyến
735,Chèo,cheo/audio_1_072.wav,2,Rất yếu,Thấp,Trầm,Cao,Nhanh,Rất thấp,Vừa
736,Chèo,cheo/audio_7_128.wav,1,Rất mạnh,Thấp,Trầm,Trung bình,Nhanh,Cao,Ít luyến
737,Chèo,cheo/audio_7_128.wav,2,Rất mạnh,Cao,Rất trầm,Trung bình,Nhanh,Cao,Ít luyến
738,Chèo,cheo/audio_5_040.wav,1,Yếu,Thấp,Trung,Trung bình,Chậm,Trung bình,Vừa
739,Chèo,cheo/audio_5_040.wav,2,Mạnh,Thấp,Rất trầm,Trung bình,Chậm,Rất thấp,Ít luyến
740,Chèo,cheo/audio_5_013.wav,1,Yếu,Thấp,Trung,Trung bình,Vừa,Rất cao,Vừa
741,Chèo,cheo/audio_5_013.wav,2,Mạnh,Cao,Trung,Trung bình,Chậm,Rất thấp,Vừa
742,Chèo,cheo/audio_5_042.wav,1,Mạnh,Thấp,Trung,Trung bình,Chậm,Trung bình,Nhiều luyến
743,Chèo,cheo/audio_5_042.wav,2,Mạnh,Thấp,Trung,Trung bình,Chậm,Thấp,Nhiều luyến
744,Chèo,cheo/audio_6_012.wav,1,Rất yếu,Cao,Rất trầm,Trung bình,Nhanh,Rất thấp,Vừa
745,Chèo,cheo/audio_6_012.wav,2,Rất yếu,Cao,Rất trầm,Thấp,Chậm,Rất thấp,Vừa
746,Chèo,cheo/audio_4_153.wav,1,Vừa,Cao,Trung,Cao,Vừa,Cao,Vừa
747,Chèo,cheo/audio_4_153.wav,2,Vừa,Cao,Trầm,Trung bình,Nhanh,Thấp,Vừa
748,Chèo,cheo/audio_5_043.wav,1,Vừa,Thấp,Trung,Trung bình,Vừa,Thấp,Vừa
749,Chèo,cheo/audio_5_043.wav,2,Mạnh,Thấp,Rất trầm,Trung bình,Chậm,Thấp,Ít luyến
750,Chèo,cheo/audio_8_059.wav,1,Mạnh,Thấp,Trung,Trung bình,Chậm,Rất cao,Nhiều luyến
751,Chèo,cheo/audio_8_059.wav,2,Mạnh,Thấp,Trung,Trung bình,Nhanh,Cao,Nhiều luyến
752,Chèo,cheo/audio_4_115.wav,1,Yếu,Cao,Rất trầm,Trung bình,Vừa,Rất thấp,Ít luyến
753,Chèo,cheo/audio_4_115.wav,2,Vừa,Cao,Trung,Trung bình,Vừa,Thấp,Ít luyến
754,Chèo,cheo/audio_12_049.wav,1,Vừa,Thấp,Trung,Cao,Nhanh,Rất thấp,Vừa
755,Chèo,cheo/audio_12_049.wav,2,Vừa,Thấp,Trung,Cao,Vừa,Rất thấp,Vừa
756,Chèo,cheo/audio_7_114.wav,1,Rất mạnh,Trung bình,Rất trầm,Trung bình,Chậm,Thấp,Ít luyến
757,Chèo,cheo/audio_7_114.wav,2,Rất mạnh,Thấp,Trầm,Trung bình,Nhanh,Trung bình,Nhiều luyến
758,Chèo,cheo/audio_5_001.wav,1,Yếu,Thấp,Rất trầm,Trung bình,Vừa,Rất cao,Ít luyến
759,Chèo,cheo/audio_5_001.wav,2,Yếu,Thấp,Rất trầm,Cao,Vừa,Rất thấp,Ít luyến
760,Chèo,cheo/audio_3_201.wav,1,Vừa,Cao,Cao,Cao,Vừa,Thấp,Nhiều luyến
761,Chèo,cheo/audio_3_201.wav,2,Rất yếu,Cao,Trung,Cao,Vừa,Rất thấp,Vừa
762,Chèo,cheo/audio_4_035.wav,1,Vừa,Cao,Trầm,Thấp,Vừa,Rất thấp,Ít luyến
763,Chèo,cheo/audio_4_035.wav,2,Vừa,Cao,Rất trầm,Thấp,Vừa,Rất thấp,Ít luyến
764,Chèo,cheo/audio_2_004.wav,1,Mạnh,Thấp,Rất trầm,Trung bình,Nhanh,Thấp,Ít luyến
765,Chèo,cheo/audio_2_004.wav,2,Mạnh,Thấp,Rất trầm,Trung bình,Nhanh,Rất thấp,Ít luyến
766,Chèo,cheo/audio_4_081.wav,1,Rất yếu,Thấp,Trung,Trung bình,Vừa,Cao,Nhiều luyến
767,Chèo,cheo/audio_4_081.wav,2,Vừa,Cao,Trung,Trung bình,Chậm,Cao,Nhiều luyến
768,Chèo,cheo/audio_9_006.wav,1,Mạnh,Thấp,Trung,Trung bình,Nhanh,Rất cao,Ít luyến
769,Chèo,cheo/audio_9_006.wav,2,Mạnh,Thấp,Trung,Trung bình,Chậm,Cao,Vừa
770,Chèo,cheo/audio_7_092.wav,1,Rất mạnh,Thấp,Trầm,Thấp,Vừa,Rất thấp,Vừa
771,Chèo,cheo/audio_7_092.wav,2,Rất mạnh,Thấp,Trung,Trung bình,Chậm,Rất thấp,Nhiều luyến
772,Chèo,cheo/audio_7_165.wav,1,Rất mạnh,Thấp,Trầm,Thấp,Vừa,Rất thấp,Vừa
773,Chèo,cheo/audio_7_165.wav,2,Rất mạnh,Thấp,Trầm,Thấp,Vừa,Rất thấp,Vừa
774,Chèo,cheo/audio_1_167.wav,1,Rất yếu,Thấp,Trung,Trung bình,Chậm,Rất thấp,Vừa
775,Chèo,cheo/audio_1_167.wav,2,Vừa,Cao,Trầm,Trung bình,Nhanh,Rất thấp,Vừa
776,Chèo,cheo/audio_6_136.wav,1,Vừa,Cao,Trung,Trung bình,Vừa,Cao,Nhiều luyến
777,Chèo,cheo/audio_6_136.wav,2,Vừa,Cao,Rất cao,Cao,Chậm,Rất cao,Nhiều luyến
778,Chèo,cheo/audio_8_071.wav,1,Mạnh,Thấp,Cao,Trung bình,Chậm,Rất cao,Ít luyến
779,Chèo,cheo/audio_8_071.wav,2,Rất mạnh,Cao,Trung,Cao,Vừa,Rất cao,Nhiều luyến
780,Chèo,cheo/audio_1_125.wav,1,Vừa,Cao,Trầm,Trung bình,Chậm,Rất thấp,Nhiều luyến
781,Chèo,cheo/audio_1_125.wav,2,Rất yếu,Cao,Trầm,Thấp,Nhanh,Rất thấp,Vừa
782,Chèo,cheo/audio_12_009.wav,1,Mạnh,Thấp,Trung,Trung bình,Nhanh,Cao,Vừa
783,Chèo,cheo/audio_12_009.wav,2,Yếu,Thấp,Trầm,Trung bình,Nhanh,Trung bình,Ít luyến
784,Chèo,cheo/audio_11_002.wav,1,Vừa,Cao,Trầm,Cao,Nhanh,Rất thấp,Vừa
785,Chèo,cheo/audio_11_002.wav,2,Mạnh,Trung bình,Rất trầm,Cao,Chậm,Rất thấp,Vừa
786,Chèo,cheo/audio_1_043.wav,1,Rất yếu,Cao,Cao,Thấp,Chậm,Rất thấp,Nhiều luyến
787,Chèo,cheo/audio_1_043.wav,2,Rất yếu,Cao,Trung,Thấp,Chậm,Rất thấp,Vừa
788,Chèo,cheo/audio_4_088.wav,1,Vừa,Cao,Rất trầm,Trung bình,Chậm,Cao,Ít luyến
789,Chèo,cheo/audio_4_088.wav,2,Yếu,Cao,Rất trầm,Trung bình,Nhanh,Trung bình,Ít luyến
790,Chèo,cheo/audio_6_039.wav,1,Vừa,Cao,Trung,Thấp,Vừa,Rất thấp,Nhiều luyến
791,Chèo,cheo/audio_6_039.wav,2,Vừa,Cao,Cao,Thấp,Vừa,Rất thấp,Vừa
792,Chèo,cheo/audio_8_031.wav,1,Mạnh,Thấp,Trung,Trung bình,Nhanh,Rất cao,Vừa
793,Chèo,cheo/audio_8_031.wav,2,Rất mạnh,Thấp,Trung,Trung bình,Chậm,Rất cao,Nhiều luyến
794,Chèo,cheo/audio_5_006.wav,1,Mạnh,Cao,Rất trầm,Trung bình,Nhanh,Trung bình,Ít luyến
795,Chèo,cheo/audio_5_006.wav,2,Mạnh,Thấp,Trung,Cao,Chậm,Cao,Vừa
796,Chèo,cheo/audio_7_158.wav,1,Rất mạnh,Thấp,Trầm,Trung bình,Chậm,Trung bình,Vừa
797,Chèo,cheo/audio_7_158.wav,2,Rất mạnh,Thấp,Rất trầm,Trung bình,Chậm,Trung bình,Vừa
798,Chèo,cheo/audio_3_027.wav,1,Rất yếu,Cao,Trung,Trung bình,Vừa,Rất thấp,Nhiều luyến
799,Chèo,cheo/audio_3_027.wav,2,Rất yếu,Cao,Trung,Thấp,Chậm,Rất thấp,Nhiều luyến
800,Chèo,cheo/audio_4_065.wav,1,Rất yếu,Cao,Trầm,Trung bình,Chậm,Rất thấp,Vừa
801,Chèo,cheo/audio_4_065.wav,2,Vừa,Thấp,Trầm,Trung bình,Nhanh,Thấp,Ít luyến
802,Chèo,cheo/audio_4_042.wav,1,Yếu,Cao,Rất trầm,Trung bình,Chậm,Rất thấp,Ít luyến
803,Chèo,cheo/audio_4_042.wav,2,Yếu,Cao,Rất trầm,Trung bình,Chậm,Rất thấp,Ít luyến
804,Chèo,cheo/audio_2_002.wav,1,Yếu,Thấp,Trung,Trung bình,Chậm,Trung bình,Nhiều luyến
805,Chèo,cheo/audio_2_002.wav,2,Vừa,Thấp,Trung,Trung bình,Vừa,Rất thấp,Vừa
806,Chèo,cheo/audio_3_191.wav,1,Vừa,Cao,Trung,Trung bình,Nhanh,Rất thấp,Vừa
807,Chèo,cheo/audio_3_191.wav,2,Rất yếu,Cao,Trung,Trung bình,Nhanh,Rất thấp,Vừa
808,Chèo,cheo/audio_0_102.wav,1,Yếu,Thấp,Trầm,Trung bình,Nhanh,Rất thấp,Vừa
809,Chèo,cheo/audio_0_102.wav,2,Yếu,Thấp,Trung,Trung bình,Nhanh,Rất thấp,Vừa
810,Chèo,cheo/audio_12_082.wav,1,Mạnh,Cao,Trung,Cao,Nhanh,Cao,Vừa
811,Chèo,cheo/audio_12_082.wav,2,Mạnh,Cao,Trầm,Cao,Nhanh,Cao,Vừa
812,Chèo,cheo/audio_6_015.wav,1,Vừa,Cao,Trầm,Trung bình,Chậm,Rất thấp,Vừa
813,Chèo,cheo/audio_6_015.wav,2,Vừa,Cao,Trung,Trung bình,Chậm,Rất thấp,Vừa
814,Chèo,cheo/audio_6_050.wav,1,Vừa,Cao,Trầm,Thấp,Nhanh,Rất thấp,Vừa
815,Chèo,cheo/audio_6_050.wav,2,Vừa,Cao,Trung,Thấp,Chậm,Rất thấp,Vừa
816,Chèo,cheo/audio_4_144.wav,1,Vừa,Trung bình,Trung,Trung bình,Chậm,Rất cao,Nhiều luyến
817,Chèo,cheo/audio_4_144.wav,2,Rất yếu,Thấp,Rất trầm,Cao,Vừa,Rất cao,Ít luyến
818,Chèo,cheo/audio_5_069.wav,1,Rất mạnh,Thấp,Trung,Cao,Chậm,Rất cao,Nhiều luyến
819,Chèo,cheo/audio_5_069.wav,2,Mạnh,Thấp,Trung,Cao,Chậm,Cao,Vừa
820,Chèo,cheo/audio_4_203.wav,1,Vừa,Thấp,Trầm,Trung bình,Chậm,Rất thấp,Vừa
821,Chèo,cheo/audio_4_203.wav,2,Rất yếu,Cao,Trầm,Trung bình,Vừa,Rất thấp,Vừa
822,Chèo,cheo/audio_4_028.wav,1,Yếu,Cao,Trầm,Trung bình,Nhanh,Rất thấp,Vừa
823,Chèo,cheo/audio_4_028.wav,2,Mạnh,Cao,Trầm,Trung bình,Chậm,Rất thấp,Nhiều luyến
824,Chèo,cheo/audio_7_001.wav,1,Rất mạnh,Cao,Rất trầm,Thấp,Chậm,Rất cao,Ít luyến
825,Chèo,cheo/audio_7_001.wav,2,Rất mạnh,Thấp,Rất trầm,Thấp,Nhanh,Rất cao,Ít luyến
826,Chèo,cheo/audio_12_076.wav,1,Rất mạnh,Thấp,Trung,Trung bình,Chậm,Rất thấp,Nhiều luyến
827,Chèo,cheo/audio_12_076.wav,2,Mạnh,Thấp,Trung,Trung bình,Vừa,Rất thấp,Nhiều luyến
828,Chèo,cheo/audio_3_002.wav,1,Vừa,Cao,Trầm,Cao,Chậm,Rất thấp,Vừa
829,Chèo,cheo/audio_3_002.wav,2,Vừa,Cao,Trầm,Cao,Vừa,Rất thấp,Ít luyến
830,Chèo,cheo/audio_5_035.wav,1,Yếu,Thấp,Trung,Cao,Chậm,Thấp,Nhiều luyến
831,Chèo,cheo/audio_5_035.wav,2,Yếu,Thấp,Rất trầm,Cao,Chậm,Rất thấp,Ít luyến
832,Chèo,cheo/audio_6_032.wav,1,Vừa,Cao,Rất trầm,Trung bình,Chậm,Rất thấp,Ít luyến
833,Chèo,cheo/audio_6_032.wav,2,Vừa,Cao,Cao,Trung bình,Vừa,Rất thấp,Vừa
834,Chèo,cheo/audio_6_131.wav,1,Yếu,Cao,Trung,Cao,Vừa,Cao,Nhiều luyến
835,Chèo,cheo/audio_6_131.wav,2,Rất yếu,Thấp,Trung,Trung bình,Vừa,Trung bình,Vừa
836,Chèo,cheo/audio_6_046.wav,1,Rất yếu,Cao,Rất trầm,Thấp,Vừa,Rất thấp,Ít luyến
837,Chèo,cheo/audio_6_046.wav,2,Rất yếu,Cao,Trung,Thấp,Chậm,Rất thấp,Nhiều luyến
838,Chèo,cheo/audio_7_037.wav,1,Rất mạnh,Thấp,Trung,Trung bình,Nhanh,Trung bình,Nhiều luyến
839,Chèo,cheo/audio_7_037.wav,2,Mạnh,Thấp,Trầm,Trung bình,Nhanh,Rất thấp,Ít luyến
840,Chèo,cheo/audio_1_108.wav,1,Rất yếu,Cao,Rất trầm,Trung bình,Chậm,Rất thấp,Ít luyến
841,Chèo,cheo/audio_1_108.wav,2,Rất yếu,Trung bình,Trầm,Trung bình,Chậm,Rất thấp,Vừa
842,Chèo,cheo/audio_3_080.wav,1,Vừa,Cao,Trầm,Trung bình,Vừa,Rất thấp,Nhiều luyến
843,Chèo,cheo/audio_3_080.wav,2,Vừa,Trung bình,Trung,Trung bình,Nhanh,Rất thấp,Nhiều luyến
844,Chèo,cheo/audio_12_070.wav,1,Yếu,Thấp,Trung,Trung bình,Nhanh,Rất thấp,Vừa
845,Chèo,cheo/audio_12_070.wav,2,Mạnh,Thấp,Trung,Trung bình,Vừa,Rất thấp,Vừa
846,Chèo,cheo/audio_3_061.wav,1,Vừa,Cao,Trung,Trung bình,Vừa,Rất thấp,Nhiều luyến
847,Chèo,cheo/audio_3_061.wav,2,Rất yếu,Cao,Cao,Cao,Vừa,Rất thấp,Nhiều luyến
848,Chèo,cheo/audio_6_016.wav,1,Vừa,Thấp,Trung,Trung bình,Chậm,Rất thấp,Vừa
849,Chèo,cheo/audio_6_016.wav,2,Rất yếu,Cao,Trầm,Trung bình,Chậm,Rất thấp,Vừa
850,Chèo,cheo/audio_4_093.wav,1,Vừa,Thấp,Cao,Thấp,Chậm,Rất cao,Ít luyến
851,Chèo,cheo/audio_4_093.wav,2,Vừa,Thấp,Trung,Trung bình,Nhanh,Rất cao,Vừa
852,Chèo,cheo/audio_6_139.wav,1,Rất yếu,Cao,Trung,Trung bình,Vừa,Rất thấp,Nhiều luyến
853,Chèo,cheo/audio_6_139.wav,2,Vừa,Cao,Trung,Trung bình,Nhanh,Trung bình,Vừa
854,Chèo,cheo/audio_8_092.wav,1,Rất mạnh,Thấp,Trung,Trung bình,Nhanh,Rất cao,Nhiều luyến
855,Chèo,cheo/audio_8_092.wav,2,Rất mạnh,Thấp,Trầm,Trung bình,Nhanh,Thấp,Vừa
856,Chèo,cheo/audio_3_171.wav,1,Rất mạnh,Thấp,Trung,Trung bình,Chậm,Rất thấp,Nhiều luyến
857,Chèo,cheo/audio_3_171.wav,2,Vừa,Thấp,Trầm,Trung bình,Chậm,Rất thấp,Vừa
858,Chèo,cheo/audio_1_180.wav,1,Yếu,Thấp,Trung,Trung bình,Nhanh,Trung bình,Nhiều luyến
859,Chèo,cheo/audio_1_180.wav,2,Yếu,Thấp,Rất cao,Trung bình,Chậm,Rất cao,Nhiều luyến
860,Chèo,cheo/audio_0_043.wav,1,Vừa,Thấp,Rất cao,Trung bình,Vừa,Rất cao,Nhiều luyến
861,Chèo,cheo/audio_0_043.wav,2,Mạnh,Thấp,Trầm,Trung bình,Chậm,Thấp,Nhiều luyến
862,Chèo,cheo/audio_7_117.wav,1,Rất mạnh,Thấp,Trung,Trung bình,Nhanh,Rất thấp,Vừa
863,Chèo,cheo/audio_7_117.wav,2,Rất mạnh,Cao,Trầm,Trung bình,Chậm,Rất thấp,Ít luyến
864,Chèo,cheo/audio_12_043.wav,1,Mạnh,Thấp,Trầm,Cao,Chậm,Rất thấp,Ít luyến
865,Chèo,cheo/audio_12_043.wav,2,Mạnh,Thấp,Trầm,Cao,Chậm,Thấp,Ít luyến
866,Chèo,cheo/audio_6_175.wav,1,Rất yếu,Cao,Rất trầm,Thấp,Vừa,Rất thấp,Vừa
867,Chèo,cheo/audio_6_175.wav,2,Vừa,Cao,Trầm,Trung bình,Chậm,Rất thấp,Ít luyến
868,Chèo,cheo/audio_4_157.wav,1,Rất yếu,Cao,Cao,Cao,Vừa,Rất cao,Nhiều luyến
869,Chèo,cheo/audio_4_157.wav,2,Rất yếu,Cao,Trung,Trung bình,Vừa,Rất cao,Nhiều luyến
870,Chèo,cheo/audio_1_150.wav,1,Vừa,Cao,Rất trầm,Thấp,Chậm,Rất thấp,Vừa
871,Chèo,cheo/audio_1_150.wav,2,Vừa,Trung bình,Rất trầm,Thấp,Vừa,Rất thấp,Vừa
872,Chèo,cheo/audio_8_036.wav,1,Mạnh,Thấp,Trung,Trung bình,Chậm,Trung bình,Nhiều luyến
873,Chèo,cheo/audio_8_036.wav,2,Rất mạnh,Thấp,Trung,Trung bình,Chậm,Rất cao,Nhiều luyến
874,Chèo,cheo/audio_0_003.wav,1,Yếu,Thấp,Rất trầm,Thấp,Chậm,Thấp,Ít luyến
875,Chèo,cheo/audio_0_003.wav,2,Mạnh,Thấp,Trung,Thấp,Chậm,Cao,Nhiều luyến
876,Chèo,cheo/audio_7_112.wav,1,Rất mạnh,Thấp,Trầm,Trung bình,Vừa,Rất cao,Vừa
877,Chèo,cheo/audio_7_112.wav,2,Rất mạnh,Thấp,Trầm,Trung bình,Nhanh,Rất thấp,Vừa
878,Chèo,cheo/audio_1_139.wav,1,Rất yếu,Cao,Trung,Trung bình,Vừa,Rất thấp,Nhiều luyến
879,Chèo,cheo/audio_1_139.wav,2,Vừa,Cao,Trung,Trung bình,Nhanh,Trung bình,Vừa
880,Chèo,cheo/audio_7_024.wav,1,Mạnh,Cao,Rất trầm,Trung bình,Nhanh,Thấp,Ít luyến
881,Chèo,cheo/audio_7_024.wav,2,Vừa,Thấp,Trung,Thấp,Vừa,Rất cao,Ít luyến
882,Chèo,cheo/audio_3_081.wav,1,Yếu,Cao,Trung,Trung bình,Nhanh,Rất thấp,Vừa
883,Chèo,cheo/audio_3_081.wav,2,Vừa,Cao,Trung,Trung bình,Nhanh,Rất thấp,Vừa
884,Chèo,cheo/audio_0_051.wav,1,Vừa,Thấp,Rất trầm,Thấp,Nhanh,Rất cao,Ít luyến
885,Chèo,cheo/audio_0_051.wav,2,Yếu,Thấp,Rất trầm,Thấp,Chậm,Rất cao,Ít luyến
886,Chèo,cheo/audio_8_061.wav,1,Mạnh,Thấp,Trung,Trung bình,Nhanh,Cao,Nhiều luyến
887,Chèo,cheo/audio_8_061.wav,2,Yếu,Thấp,Trầm,Trung bình,Nhanh,Thấp,Vừa
888,Chèo,cheo/audio_0_081.wav,1,Vừa,Thấp,Trung,Trung bình,Nhanh,Thấp,Vừa
889,Chèo,cheo/audio_0_081.wav,2,Vừa,Cao,Trung,Cao,Chậm,Cao,Vừa
890,Chèo,cheo/audio_1_178.wav,1,Rất yếu,Cao,Cao,Thấp,Chậm,Rất thấp,Vừa
891,Chèo,cheo/audio_1_178.wav,2,Vừa,Cao,Trầm,Trung bình,Chậm,Rất thấp,Vừa
892,Chèo,cheo/audio_0_025.wav,1,Mạnh,Cao,Trung,Trung bình,Nhanh,Rất thấp,Nhiều luyến
893,Chèo,cheo/audio_0_025.wav,2,Mạnh,Cao,Trầm,Trung bình,Chậm,Thấp,Nhiều luyến
894,Chèo,cheo/audio_3_230.wav,1,Rất yếu,Cao,Rất trầm,Trung bình,Nhanh,Rất cao,Ít luyến
895,Chèo,cheo/audio_3_230.wav,2,Rất yếu,Cao,Rất trầm,Cao,Chậm,Rất cao,Ít luyến
896,Chèo,cheo/audio_7_043.wav,1,Rất mạnh,Thấp,Rất trầm,Trung bình,Chậm,Cao,Ít luyến
897,Chèo,cheo/audio_7_043.wav,2,Rất mạnh,Thấp,Rất trầm,Trung bình,Chậm,Cao,Ít luyến
898,Chèo,cheo/audio_3_198.wav,1,Rất yếu,Cao,Rất trầm,Trung bình,Vừa,Rất thấp,Ít luyến
899,Chèo,cheo/audio_3_198.wav,2,Yếu,Cao,Cao,Trung bình,Vừa,Rất thấp,Vừa
900,Chèo,cheo/audio_4_013.wav,1,Vừa,Trung bình,Trầm,Thấp,Nhanh,Rất thấp,Vừa
901,Chèo,cheo/audio_4_013.wav,2,Rất yếu,Cao,Trầm,Trung bình,Vừa,Rất thấp,Vừa
902,Chèo,cheo/audio_6_127.wav,1,Vừa,Cao,Trung,Trung bình,Vừa,Rất thấp,Vừa
903,Chèo,cheo/audio_6_127.wav,2,Rất yếu,Cao,Trung,Trung bình,Nhanh,Trung bình,Nhiều luyến
904,Chèo,cheo/audio_12_071.wav,1,Yếu,Thấp,Trầm,Trung bình,Vừa,Rất thấp,Ít luyến
905,Chèo,cheo/audio_12_071.wav,2,Rất yếu,Thấp,Rất trầm,Trung bình,Nhanh,Rất thấp,Ít luyến
906,Chèo,cheo/audio_7_017.wav,1,Mạnh,Thấp,Trầm,Thấp,Vừa,Rất cao,Ít luyến
907,Chèo,cheo/audio_7_017.wav,2,Mạnh,Thấp,Trung,Trung bình,Nhanh,Cao,Vừa
908,Chèo,cheo/audio_8_019.wav,1,Rất mạnh,Thấp,Trầm,Trung bình,Chậm,Cao,Nhiều luyến
909,Chèo,cheo/audio_8_019.wav,2,Rất mạnh,Thấp,Trung,Trung bình,Nhanh,Rất cao,Nhiều luyến
910,Chèo,cheo/audio_10_004.wav,1,Yếu,Thấp,Trung,Trung bình,Chậm,Cao,Ít luyến
911,Chèo,cheo/audio_10_004.wav,2,Mạnh,Thấp,Rất trầm,Trung bình,Chậm,Rất thấp,Ít luyến
912,Chèo,cheo/audio_1_069.wav,1,Rất yếu,Cao,Rất trầm,Thấp,Nhanh,Rất thấp,Vừa
913,Chèo,cheo/audio_1_069.wav,2,Vừa,Trung bình,Cao,Cao,Chậm,Rất thấp,Ít luyến
914,Chèo,cheo/audio_7_090.wav,1,Rất mạnh,Thấp,Trung,Trung bình,Chậm,Thấp,Ít luyến
915,Chèo,cheo/audio_7_090.wav,2,Rất mạnh,Thấp,Trung,Trung bình,Nhanh,Rất thấp,Ít luyến
916,Chèo,cheo/audio_8_052.wav,1,Mạnh,Thấp,Trung,Trung bình,Chậm,Cao,Nhiều luyến
917,Chèo,cheo/audio_8_052.wav,2,Yếu,Thấp,Trung,Trung bình,Nhanh,Trung bình,Vừa
918,Chèo,cheo/audio_5_062.wav,1,Yếu,Thấp,Trầm,Cao,Nhanh,Rất cao,Ít luyến
919,Chèo,cheo/audio_5_062.wav,2,Mạnh,Thấp,Rất trầm,Cao,Chậm,Cao,Ít luyến
920,Chèo,cheo/audio_6_002.wav,1,Vừa,Thấp,Rất cao,Cao,Nhanh,Trung bình,Nhiều luyến
921,Chèo,cheo/audio_6_002.wav,2,Yếu,Thấp,Rất cao,Cao,Nhanh,Thấp,Nhiều luyến
922,Chèo,cheo/audio_0_094.wav,1,Rất mạnh,Thấp,Rất trầm,Cao,Chậm,Trung bình,Ít luyến
923,Chèo,cheo/audio_0_094.wav,2,Rất mạnh,Thấp,Trầm,Cao,Nhanh,Trung bình,Ít luyến
924,Chèo,cheo/audio_8_081.wav,1,Rất mạnh,Thấp,Trung,Trung bình,Chậm,Trung bình,Nhiều luyến
925,Chèo,cheo/audio_8_081.wav,2,Mạnh,Thấp,Trung,Trung bình,Chậm,Cao,Nhiều luyến
926,Chèo,cheo/audio_4_068.wav,1,Rất yếu,Cao,Trầm,Cao,Vừa,Thấp,Vừa
927,Chèo,cheo/audio_4_068.wav,2,Vừa,Thấp,Trầm,Trung bình,Chậm,Thấp,Vừa
928,Chèo,cheo/audio_1_145.wav,1,Rất yếu,Cao,Trầm,Trung bình,Chậm,Rất thấp,Vừa
929,Chèo,cheo/audio_1_145.wav,2,Vừa,Cao,Rất trầm,Trung bình,Chậm,Rất thấp,Vừa
930,Chèo,cheo/audio_3_142.wav,1,Vừa,Cao,Trầm,Trung bình,Vừa,Rất thấp,Nhiều luyến
931,Chèo,cheo/audio_3_142.wav,2,Rất mạnh,Thấp,Trung,Trung bình,Chậm,Rất thấp,Nhiều luyến
932,Chèo,cheo/audio_0_075.wav,1,Mạnh,Thấp,Rất cao,Trung bình,Nhanh,Cao,Vừa
933,Chèo,cheo/audio_0_075.wav,2,Mạnh,Thấp,Trầm,Trung bình,Nhanh,Rất thấp,Vừa
934,Chèo,cheo/audio_4_161.wav,1,Rất yếu,Cao,Trầm,Trung bình,Chậm,Rất thấp,Nhiều luyến
935,Chèo,cheo/audio_4_161.wav,2,Vừa,Cao,Trung,Trung bình,Chậm,Rất cao,Nhiều luyến
936,Chèo,cheo/audio_3_043.wav,1,Rất yếu,Cao,Trầm,Trung bình,Chậm,Rất thấp,Vừa
937,Chèo,cheo/audio_3_043.wav,2,Rất yếu,Cao,Trầm,Trung bình,Vừa,Rất thấp,Vừa
938,Chèo,cheo/audio_12_086.wav,1,Mạnh,Cao,Trầm,Cao,Nhanh,Trung bình,Ít luyến
939,Chèo,cheo/audio_12_086.wav,2,Yếu,Thấp,Trung,Cao,Nhanh,Thấp,Ít luyến
940,Chèo,cheo/audio_8_068.wav,1,Yếu,Thấp,Trung,Trung bình,Vừa,Rất cao,Nhiều luyến
941,Chèo,cheo/audio_8_068.wav,2,Mạnh,Trung bình,Trung,Trung bình,Nhanh,Rất thấp,Ít luyến
942,Chèo,cheo/audio_6_171.wav,1,Rất yếu,Cao,Rất trầm,Trung bình,Vừa,Rất thấp,Vừa
943,Chèo,cheo/audio_6_171.wav,2,Rất yếu,Cao,Rất trầm,Trung bình,Nhanh,Rất thấp,Vừa
944,Chèo,cheo/audio_8_053.wav,1,Vừa,Thấp,Trầm,Cao,Vừa,Rất cao,Ít luyến
945,Chèo,cheo/audio_8_053.wav,2,Mạnh,Thấp,Trung,Trung bình,Vừa,Rất cao,Vừa
946,Chèo,cheo/audio_6_122.wav,1,Vừa,Cao,Trầm,Trung bình,Chậm,Rất thấp,Nhiều luyến
947,Chèo,cheo/audio_6_122.wav,2,Vừa,Cao,Trung,Trung bình,Chậm,Rất thấp,Nhiều luyến
948,Chèo,cheo/audio_3_052.wav,1,Vừa,Thấp,Cao,Cao,Chậm,Rất thấp,Vừa
949,Chèo,cheo/audio_3_052.wav,2,Vừa,Cao,Trung,Trung bình,Vừa,Rất thấp,Nhiều luyến
950,Chèo,cheo/audio_6_176.wav,1,Rất yếu,Cao,Rất trầm,Trung bình,Nhanh,Rất thấp,Ít luyến
951,Chèo,cheo/audio_6_176.wav,2,Yếu,Trung bình,Trung,Trung bình,Vừa,Rất cao,Vừa
952,Chèo,cheo/audio_0_066.wav,1,Yếu,Thấp,Rất trầm,Trung bình,Vừa,Rất thấp,Ít luyến
953,Chèo,cheo/audio_0_066.wav,2,Vừa,Thấp,Trung,Trung bình,Vừa,Rất thấp,Vừa
954,Chèo,cheo/audio_0_062.wav,1,Yếu,Cao,Trung,Trung bình,Chậm,Rất thấp,Vừa
955,Chèo,cheo/audio_0_062.wav,2,Yếu,Cao,Trung,Trung bình,Chậm,Rất thấp,Ít luyến
956,Chèo,cheo/audio_5_012.wav,1,Mạnh,Thấp,Trung,Trung bình,Vừa,Trung bình,Nhiều luyến
957,Chèo,cheo/audio_5_012.wav,2,Mạnh,Thấp,Trung,Trung bình,Nhanh,Rất cao,Ít luyến
958,Chèo,cheo/audio_4_109.wav,1,Yếu,Cao,Trung,Trung bình,Chậm,Cao,Vừa
959,Chèo,cheo/audio_4_109.wav,2,Vừa,Cao,Trung,Trung bình,Nhanh,Cao,Vừa
960,Chèo,cheo/audio_6_150.wav,1,Vừa,Cao,Rất trầm,Thấp,Chậm,Rất thấp,Vừa
961,Chèo,cheo/audio_6_150.wav,2,Vừa,Trung bình,Rất trầm,Thấp,Vừa,Rất thấp,Vừa
962,Chèo,cheo/audio_8_046.wav,1,Mạnh,Thấp,Trung,Trung bình,Nhanh,Cao,Nhiều luyến
963,Chèo,cheo/audio_8_046.wav,2,Mạnh,Thấp,Trung,Trung bình,Chậm,Rất cao,Nhiều luyến
964,Chèo,cheo/audio_0_012.wav,1,Yếu,Thấp,Rất trầm,Thấp,Nhanh,Cao,Ít luyến
965,Chèo,cheo/audio_0_012.wav,2,Mạnh,Thấp,Trung,Trung bình,Vừa,Cao,Vừa
966,Chèo,cheo/audio_8_045.wav,1,Mạnh,Thấp,Trung,Trung bình,Nhanh,Cao,Nhiều luyến
967,Chèo,cheo/audio_8_045.wav,2,Yếu,Thấp,Trầm,Trung bình,Nhanh,Thấp,Vừa
968,Chèo,cheo/audio_1_100.wav,1,Vừa,Thấp,Trung,Thấp,Vừa,Rất thấp,Ít luyến
969,Chèo,cheo/audio_1_100.wav,2,Rất yếu,Thấp,Rất trầm,Thấp,Vừa,Rất thấp,Vừa
970,Chèo,cheo/audio_1_064.wav,1,Rất yếu,Cao,Trung,Trung bình,Chậm,Rất thấp,Ít luyến
971,Chèo,cheo/audio_1_064.wav,2,Rất yếu,Cao,Trầm,Trung bình,Chậm,Rất thấp,Ít luyến
972,Chèo,cheo/audio_3_008.wav,1,Vừa,Cao,Trầm,Trung bình,Chậm,Trung bình,Nhiều luyến
973,Chèo,cheo/audio_3_008.wav,2,Vừa,Cao,Trung,Trung bình,Nhanh,Rất thấp,Nhiều luyến
974,Chèo,cheo/audio_4_180.wav,1,Rất yếu,Thấp,Cao,Cao,Vừa,Thấp,Vừa
975,Chèo,cheo/audio_4_180.wav,2,Yếu,Cao,Rất trầm,Cao,Vừa,Trung bình,Ít luyến
976,Chèo,cheo/audio_6_174.wav,1,Rất yếu,Cao,Trầm,Trung bình,Nhanh,Rất thấp,Vừa
977,Chèo,cheo/audio_6_174.wav,2,Rất yếu,Cao,Rất trầm,Trung bình,Chậm,Rất thấp,Vừa
978,Chèo,cheo/audio_12_088.wav,1,Rất mạnh,Cao,Trầm,Trung bình,Nhanh,Thấp,Ít luyến
979,Chèo,cheo/audio_12_088.wav,2,Mạnh,Cao,Rất trầm,Trung bình,Chậm,Rất thấp,Ít luyến
980,Chèo,cheo/audio_6_079.wav,1,Rất yếu,Cao,Trầm,Trung bình,Vừa,Trung bình,Vừa
981,Chèo,cheo/audio_6_079.wav,2,Rất yếu,Cao,Trung,Trung bình,Vừa,Rất thấp,Nhiều luyến
982,Chèo,cheo/audio_3_206.wav,1,Yếu,Trung bình,Trầm,Thấp,Chậm,Rất thấp,Nhiều luyến
983,Chèo,cheo/audio_3_206.wav,2,Vừa,Cao,Trung,Thấp,Nhanh,Rất thấp,Nhiều luyến
984,Chèo,cheo/audio_6_005.wav,1,Rất yếu,Trung bình,Trầm,Trung bình,Vừa,Rất thấp,Vừa
985,Chèo,cheo/audio_6_005.wav,2,Vừa,Thấp,Trung,Trung bình,Vừa,Rất thấp,Ít luyến
986,Chèo,cheo/audio_3_019.wav,1,Vừa,Cao,Trung,Trung bình,Vừa,Rất thấp,Nhiều luyến
987,Chèo,cheo/audio_3_019.wav,2,Vừa,Cao,Rất trầm,Trung bình,Vừa,Rất thấp,Nhiều luyến
988,Chèo,cheo/audio_8_011.wav,1,Mạnh,Trung bình,Rất trầm,Trung bình,Chậm,Rất thấp,Vừa
989,Chèo,cheo/audio_8_011.wav,2,Mạnh,Thấp,Trầm,Trung bình,Vừa,Rất thấp,Vừa
990,Chèo,cheo/audio_6_116.wav,1,Vừa,Cao,Trầm,Trung bình,Vừa,Rất thấp,Nhiều luyến
991,Chèo,cheo/audio_6_116.wav,2,Rất yếu,Trung bình,Trầm,Trung bình,Chậm,Rất thấp,Nhiều luyến
992,Chèo,cheo/audio_1_103.wav,1,Vừa,Cao,Cao,Trung bình,Chậm,Rất thấp,Ít luyến
993,Chèo,cheo/audio_1_103.wav,2,Rất yếu,Cao,Trung,Thấp,Chậm,Rất thấp,Nhiều luyến
994,Chèo,cheo/audio_6_155.wav,1,Vừa,Thấp,Trung,Trung bình,Chậm,Rất thấp,Vừa
995,Chèo,cheo/audio_6_155.wav,2,Vừa,Thấp,Cao,Trung bình,Chậm,Rất thấp,Nhiều luyến
996,Chèo,cheo/audio_3_087.wav,1,Yếu,Cao,Trung,Cao,Chậm,Rất thấp,Vừa
997,Chèo,cheo/audio_3_087.wav,2,Yếu,Cao,Trầm,Cao,Chậm,Rất thấp,Ít luyến
998,Chèo,cheo/audio_4_200.wav,1,Vừa,Trung bình,Cao,Trung bình,Chậm,Cao,Vừa
999,Chèo,cheo/audio_4_200.wav,2,Vừa,Cao,Cao,Trung bình,Vừa,Rất thấp,Nhiều luyến
1000,Chèo,cheo/audio_4_231.wav,1,Rất yếu,Cao,Trung,Thấp,Chậm,Rất thấp,Nhiều luyến
1001,Chèo,cheo/audio_4_231.wav,2,Rất yếu,Thấp,Cao,Thấp,Nhanh,Cao,Ít luyến
1002,Chèo,cheo/audio_4_069.wav,1,Rất yếu,Cao,Trung,Trung bình,Nhanh,Cao,Nhiều luyến
1003,Chèo,cheo/audio_4_069.wav,2,Vừa,Thấp,Rất cao,Cao,Nhanh,Rất cao,Nhiều luyến
1004,Chèo,cheo/audio_3_029.wav,1,Vừa,Cao,Trung,Trung bình,Vừa,Rất thấp,Nhiều luyến
1005,Chèo,cheo/audio_3_029.wav,2,Vừa,Cao,Trung,Trung bình,Chậm,Rất thấp,Nhiều luyến
1006,Chèo,cheo/audio_6_115.wav,1,Rất yếu,Cao,Trung,Trung bình,Vừa,Rất thấp,Nhiều luyến
1007,Chèo,cheo/audio_6_115.wav,2,Yếu,Cao,Trung,Cao,Nhanh,Rất cao,Vừa
1008,Chèo,cheo/audio_6_111.wav,1,Rất yếu,Cao,Trầm,Trung bình,Chậm,Rất thấp,Ít luyến
1009,Chèo,cheo/audio_6_111.wav,2,Yếu,Thấp,Trung,Trung bình,Chậm,Rất thấp,Vừa
1010,Chèo,cheo/audio_8_066.wav,1,Mạnh,Cao,Rất trầm,Trung bình,Nhanh,Thấp,Ít luyến
1011,Chèo,cheo/audio_8_066.wav,2,Mạnh,Thấp,Trung,Trung bình,Vừa,Rất thấp,Vừa
1012,Chèo,cheo/audio_1_006.wav,1,Vừa,Cao,Trung,Trung bình,Chậm,Rất thấp,Vừa
1013,Chèo,cheo/audio_1_006.wav,2,Vừa,Cao,Trầm,Trung bình,Vừa,Rất thấp,Vừa
1014,Chèo,cheo/audio_12_090.wav,1,Rất mạnh,Cao,Trung,Cao,Vừa,Trung bình,Nhiều luyến
1015,Chèo,cheo/audio_12_090.wav,2,Mạnh,Cao,Trung,Trung bình,Chậm,Thấp,Ít luyến
1016,Chèo,cheo/audio_3_077.wav,1,Rất yếu,Cao,Trung,Trung bình,Chậm,Rất thấp,Vừa
1017,Chèo,cheo/audio_3_077.wav,2,Vừa,Thấp,Trung,Trung bình,Vừa,Rất thấp,Nhiều luyến
1018,Chèo,cheo/audio_3_037.wav,1,Yếu,Cao,Trung,Cao,Chậm,Rất thấp,Vừa
1019,Chèo,cheo/audio_3_037.wav,2,Yếu,Cao,Cao,Cao,Nhanh,Rất thấp,Ít luyến
1020,Chèo,cheo/audio_12_045.wav,1,Mạnh,Thấp,Rất cao,Cao,Chậm,Rất thấp,Vừa
1021,Chèo,cheo/audio_12_045.wav,2,Mạnh,Thấp,Rất trầm,Cao,Chậm,Rất thấp,Ít luyến
1022,Chèo,cheo/audio_3_083.wav,1,Yếu,Cao,Rất cao,Cao,Vừa,Trung bình,Nhiều luyến
1023,Chèo,cheo/audio_3_083.wav,2,Rất yếu,Cao,Cao,Cao,Vừa,Rất thấp,Vừa
1024,Chèo,cheo/audio_0_056.wav,1,Vừa,Thấp,Trầm,Trung bình,Nhanh,Cao,Vừa
1025,Chèo,cheo/audio_0_056.wav,2,Yếu,Cao,Rất cao,Trung bình,Nhanh,Rất thấp,Nhiều luyến
1026,Chèo,cheo/audio_6_138.wav,1,Vừa,Cao,Trầm,Thấp,Chậm,Rất thấp,Vừa
1027,Chèo,cheo/audio_6_138.wav,2,Rất yếu,Cao,Trung,Thấp,Chậm,Rất thấp,Vừa
1028,Chèo,cheo/audio_3_205.wav,1,Rất yếu,Cao,Trầm,Thấp,Vừa,Rất thấp,Vừa
1029,Chèo,cheo/audio_3_205.wav,2,Rất yếu,Cao,Rất trầm,Trung bình,Chậm,Rất thấp,Ít luyến
1030,Chèo,cheo/audio_4_121.wav,1,Yếu,Trung bình,Trung,Trung bình,Nhanh,Rất cao,Ít luyến
1031,Chèo,cheo/audio_4_121.wav,2,Yếu,Cao,Trầm,Trung bình,Nhanh,Cao,Vừa
1032,Chèo,cheo/audio_1_130.wav,1,Vừa,Cao,Trung,Cao,Vừa,Rất thấp,Nhiều luyến
1033,Chèo,cheo/audio_1_130.wav,2,Rất yếu,Cao,Trung,Trung bình,Chậm,Rất thấp,Vừa
1034,Chèo,cheo/audio_6_103.wav,1,Vừa,Cao,Cao,Trung bình,Chậm,Rất thấp,Ít luyến
1035,Chèo,cheo/audio_6_103.wav,2,Rất yếu,Cao,Trung,Thấp,Chậm,Rất thấp,Vừa
1036,Chèo,cheo/audio_4_172.wav,1,Vừa,Thấp,Trầm,Cao,Chậm,Rất thấp,Vừa
1037,Chèo,cheo/audio_4_172.wav,2,Rất yếu,Thấp,Trung,Trung bình,Chậm,Rất cao,Vừa
1038,Chèo,cheo/audio_4_058.wav,1,Vừa,Thấp,Trung,Trung bình,Chậm,Rất thấp,Ít luyến
1039,Chèo,cheo/audio_4_058.wav,2,Vừa,Cao,Rất cao,Cao,Chậm,Thấp,Nhiều luyến
1040,Chèo,cheo/audio_0_027.wav,1,Mạnh,Thấp,Trung,Thấp,Nhanh,Trung bình,Vừa
1041,Chèo,cheo/audio_0_027.wav,2,Mạnh,Thấp,Trung,Thấp,Chậm,Rất thấp,Vừa
1042,Chèo,cheo/audio_6_003.wav,1,Yếu,Thấp,Rất cao,Cao,Nhanh,Cao,Nhiều luyến
1043,Chèo,cheo/audio_6_003.wav,2,Yếu,Cao,Trung,Trung bình,Chậm,Cao,Ít luyến
1044,Chèo,cheo/audio_3_160.wav,1,Vừa,Thấp,Trầm,Trung bình,Chậm,Rất thấp,Nhiều luyến
1045,Chèo,cheo/audio_3_160.wav,2,Rất yếu,Cao,Trung,Trung bình,Vừa,Rất thấp,Vừa
1046,Chèo,cheo/audio_6_020.wav,1,Vừa,Thấp,Trung,Trung bình,Vừa,Rất thấp,Nhiều luyến
1047,Chèo,cheo/audio_6_020.wav,2,Vừa,Cao,Trầm,Cao,Chậm,Rất thấp,Vừa
1048,Chèo,cheo/audio_1_083.wav,1,Vừa,Cao,Trầm,Trung bình,Vừa,Rất thấp,Vừa
1049,Chèo,cheo/audio_1_083.wav,2,Vừa,Cao,Trung,Trung bình,Nhanh,Rất thấp,Nhiều luyến
1050,Chèo,cheo/audio_0_076.wav,1,Yếu,Thấp,Trung,Trung bình,Chậm,Rất thấp,Vừa
1051,Chèo,cheo/audio_0_076.wav,2,Yếu,Thấp,Rất cao,Trung bình,Nhanh,Rất thấp,Nhiều luyến
1052,Chèo,cheo/audio_12_078.wav,1,Mạnh,Thấp,Trung,Trung bình,Chậm,Rất thấp,Nhiều luyến
1053,Chèo,cheo/audio_12_078.wav,2,Mạnh,Thấp,Trung,Cao,Chậm,Rất thấp,Nhiều luyến
1054,Chèo,cheo/audio_6_066.wav,1,Rất yếu,Cao,Trầm,Trung bình,Nhanh,Rất thấp,Ít luyến
1055,Chèo,cheo/audio_6_066.wav,2,Rất yếu,Cao,Trầm,Thấp,Nhanh,Rất thấp,Vừa
1056,Chèo,cheo/audio_12_089.wav,1,Rất mạnh,Cao,Trung,Cao,Chậm,Thấp,Vừa
1057,Chèo,cheo/audio_12_089.wav,2,Rất mạnh,Cao,Trầm,Trung bình,Chậm,Rất thấp,Ít luyến
1058,Chèo,cheo/audio_5_075.wav,1,Mạnh,Cao,Trầm,Trung bình,Chậm,Cao,Ít luyến
1059,Chèo,cheo/audio_5_075.wav,2,Mạnh,Cao,Trầm,Trung bình,Chậm,Thấp,Ít luyến
1060,Chèo,cheo/audio_0_103.wav,1,Yếu,Thấp,Trầm,Trung bình,Nhanh,Rất thấp,Ít luyến
1061,Chèo,cheo/audio_0_103.wav,2,Yếu,Thấp,Trầm,Trung bình,Nhanh,Rất thấp,Ít luyến
1062,Chèo,cheo/audio_6_110.wav,1,Vừa,Trung bình,Trung,Trung bình,Chậm,Rất thấp,Ít luyến
1063,Chèo,cheo/audio_6_110.wav,2,Vừa,Trung bình,Trung,Trung bình,Chậm,Rất thấp,Vừa
1064,Chèo,cheo/audio_0_078.wav,1,Yếu,Thấp,Cao,Trung bình,Nhanh,Rất thấp,Vừa
1065,Chèo,cheo/audio_0_078.wav,2,Mạnh,Thấp,Cao,Trung bình,Nhanh,Trung bình,Vừa
1066,Chèo,cheo/audio_6_172.wav,1,Rất yếu,Cao,Rất trầm,Trung bình,Chậm,Rất thấp,Ít luyến
1067,Chèo,cheo/audio_6_172.wav,2,Rất yếu,Cao,Rất trầm,Trung bình,Chậm,Rất thấp,Vừa
1068,Chèo,cheo/audio_0_077.wav,1,Mạnh,Thấp,Rất cao,Trung bình,Nhanh,Trung bình,Nhiều luyến
1069,Chèo,cheo/audio_0_077.wav,2,Yếu,Thấp,Rất cao,Trung bình,Nhanh,Rất thấp,Vừa
1070,Chèo,cheo/audio_7_062.wav,1,Rất mạnh,Thấp,Trung,Trung bình,Chậm,Thấp,Ít luyến
1071,Chèo,cheo/audio_7_062.wav,2,Rất mạnh,Thấp,Trung,Trung bình,Chậm,Rất thấp,Vừa
1072,Chèo,cheo/audio_3_060.wav,1,Vừa,Cao,Trung,Trung bình,Chậm,Rất thấp,Nhiều luyến
1073,Chèo,cheo/audio_3_060.wav,2,Vừa,Cao,Trung,Trung bình,Chậm,Rất thấp,Nhiều luyến
1074,Chèo,cheo/audio_5_008.wav,1,Vừa,Thấp,Rất cao,Trung bình,Vừa,Rất cao,Vừa
1075,Chèo,cheo/audio_5_008.wav,2,Mạnh,Thấp,Trung,Trung bình,Vừa,Rất cao,Ít luyến
1076,Chèo,cheo/audio_7_098.wav,1,Rất mạnh,Thấp,Trung,Trung bình,Chậm,Rất thấp,Ít luyến
1077,Chèo,cheo/audio_7_098.wav,2,Mạnh,Thấp,Trầm,Trung bình,Chậm,Thấp,Ít luyến
1078,Chèo,cheo/audio_6_165.wav,1,Vừa,Thấp,Cao,Thấp,Vừa,Rất thấp,Vừa
1079,Chèo,cheo/audio_6_165.wav,2,Rất yếu,Cao,Rất trầm,Thấp,Chậm,Rất thấp,Ít luyến
1080,Chèo,cheo/audio_1_079.wav,1,Rất yếu,Cao,Trầm,Trung bình,Vừa,Trung bình,Vừa
1081,Chèo,cheo/audio_1_079.wav,2,Rất yếu,Cao,Trung,Trung bình,Vừa,Rất thấp,Vừa
1082,Chèo,cheo/audio_1_034.wav,1,Rất yếu,Cao,Trầm,Trung bình,Chậm,Rất thấp,Vừa
1083,Chèo,cheo/audio_1_034.wav,2,Rất yếu,Cao,Rất trầm,Trung bình,Vừa,Rất thấp,Ít luyến
1084,Chèo,cheo/audio_4_094.wav,1,Yếu,Cao,Trầm,Trung bình,Chậm,Cao,Vừa
1085,Chèo,cheo/audio_4_094.wav,2,Vừa,Cao,Trung,Trung bình,Vừa,Rất cao,Vừa
1086,Chèo,cheo/audio_3_125.wav,1,Vừa,Cao,Trung,Trung bình,Chậm,Rất thấp,Vừa
1087,Chèo,cheo/audio_3_125.wav,2,Vừa,Cao,Trung,Cao,Nhanh,Rất thấp,Vừa
1088,Chèo,cheo/audio_3_032.wav,1,Vừa,Cao,Rất cao,Cao,Nhanh,Rất thấp,Nhiều luyến
1089,Chèo,cheo/audio_3_032.wav,2,Vừa,Cao,Trung,Trung bình,Nhanh,Rất thấp,Vừa
1090,Chèo,cheo/audio_8_043.wav,1,Vừa,Thấp,Trầm,Thấp,Chậm,Trung bình,Vừa
1091,Chèo,cheo/audio_8_043.wav,2,Mạnh,Thấp,Trung,Trung bình,Vừa,Rất cao,Vừa
1092,Chèo,cheo/audio_0_106.wav,1,Vừa,Cao,Trầm,Thấp,Vừa,Rất thấp,Ít luyến
1093,Chèo,cheo/audio_0_106.wav,2,Vừa,Cao,Cao,Trung bình,Nhanh,Rất thấp,Vừa
1094,Chèo,cheo/audio_5_027.wav,1,Yếu,Thấp,Rất trầm,Cao,Nhanh,Thấp,Ít luyến
1095,Chèo,cheo/audio_5_027.wav,2,Yếu,Thấp,Rất trầm,Trung bình,Nhanh,Thấp,Vừa
1096,Chèo,cheo/audio_7_035.wav,1,Rất mạnh,Thấp,Rất trầm,Trung bình,Nhanh,Rất thấp,Ít luyến
1097,Chèo,cheo/audio_7_035.wav,2,Vừa,Thấp,Trầm,Trung bình,Chậm,Rất cao,Ít luyến
1098,Chèo,cheo/audio_3_014.wav,1,Vừa,Cao,Trầm,Trung bình,Vừa,Rất thấp,Nhiều luyến
1099,Chèo,cheo/audio_3_014.wav,2,Vừa,Cao,Trầm,Trung bình,Vừa,Rất thấp,Vừa
1100,Chèo,cheo/audio_6_007.wav,1,Vừa,Thấp,Cao,Trung bình,Chậm,Rất thấp,Nhiều luyến
1101,Chèo,cheo/audio_6_007.wav,2,Vừa,Thấp,Trung,Trung bình,Chậm,Rất thấp,Ít luyến
1102,Chèo,cheo/audio_12_064.wav,1,Mạnh,Thấp,Trầm,Cao,Chậm,Cao,Vừa
1103,Chèo,cheo/audio_12_064.wav,2,Mạnh,Thấp,Trung,Cao,Chậm,Cao,Vừa
1104,Chèo,cheo/audio_6_132.wav,1,Rất yếu,Trung bình,Trung,Trung bình,Vừa,Trung bình,Nhiều luyến
1105,Chèo,cheo/audio_6_132.wav,2,Rất yếu,Cao,Trung,Cao,Vừa,Thấp,Vừa
1106,Chèo,cheo/audio_7_154.wav,1,Rất mạnh,Thấp,Trầm,Trung bình,Chậm,Rất thấp,Ít luyến
1107,Chèo,cheo/audio_7_154.wav,2,Mạnh,Thấp,Trầm,Trung bình,Chậm,Rất thấp,Ít luyến
1108,Chèo,cheo/audio_4_244.wav,1,Mạnh,Cao,Trầm,Thấp,Vừa,Rất thấp,Ít luyến
1109,Chèo,cheo/audio_4_244.wav,2,Mạnh,Cao,Trầm,Thấp,Vừa,Rất thấp,Ít luyến
1110,Chèo,cheo/audio_3_107.wav,1,Vừa,Cao,Trung,Cao,Vừa,Rất thấp,Nhiều luyến
1111,Chèo,cheo/audio_3_107.wav,2,Vừa,Cao,Trung,Trung bình,Vừa,Rất thấp,Nhiều luyến
1112,Chèo,cheo/audio_8_048.wav,1,Mạnh,Thấp,Trung,Trung bình,Nhanh,Cao,Nhiều luyến
1113,Chèo,cheo/audio_8_048.wav,2,Mạnh,Thấp,Trầm,Trung bình,Nhanh,Cao,Nhiều luyến
1114,Chèo,cheo/audio_1_003.wav,1,Yếu,Thấp,Rất cao,Cao,Nhanh,Cao,Nhiều luyến
1115,Chèo,cheo/audio_1_003.wav,2,Yếu,Cao,Trung,Trung bình,Chậm,Cao,Ít luyến
1116,Chèo,cheo/audio_1_068.wav,1,Vừa,Trung bình,Rất trầm,Thấp,Chậm,Rất thấp,Vừa
1117,Chèo,cheo/audio_1_068.wav,2,Vừa,Trung bình,Trầm,Thấp,Nhanh,Rất thấp,Vừa
1118,Chèo,cheo/audio_12_081.wav,1,Mạnh,Thấp,Trung,Cao,Nhanh,Rất cao,Nhiều luyến
1119,Chèo,cheo/audio_12_081.wav,2,Mạnh,Cao,Trầm,Cao,Nhanh,Cao,Ít luyến
1120,Chèo,cheo/audio_4_011.wav,1,Vừa,Thấp,Cao,Cao,Vừa,Rất cao,Ít luyến
1121,Chèo,cheo/audio_4_011.wav,2,Vừa,Cao,Trung,Trung bình,Chậm,Rất thấp,Vừa
1122,Chèo,cheo/audio_3_202.wav,1,Rất yếu,Cao,Trung,Trung bình,Nhanh,Rất thấp,Vừa
1123,Chèo,cheo/audio_3_202.wav,2,Vừa,Cao,Trung,Trung bình,Nhanh,Rất thấp,Nhiều luyến
1124,Chèo,cheo/audio_4_154.wav,1,Vừa,Cao,Trầm,Trung bình,Nhanh,Rất thấp,Vừa
1125,Chèo,cheo/audio_4_154.wav,2,Vừa,Trung bình,Trung,Trung bình,Chậm,Cao,Nhiều luyến
1126,Chèo,cheo/audio_6_113.wav,1,Rất yếu,Cao,Trầm,Trung bình,Vừa,Rất thấp,Vừa
1127,Chèo,cheo/audio_6_113.wav,2,Vừa,Cao,Trung,Trung bình,Chậm,Rất thấp,Vừa
1128,Chèo,cheo/audio_1_144.wav,1,Rất yếu,Cao,Trầm,Trung bình,Nhanh,Rất thấp,Vừa
1129,Chèo,cheo/audio_1_144.wav,2,Rất yếu,Thấp,Trung,Trung bình,Vừa,Trung bình,Nhiều luyến
1130,Chèo,cheo/audio_4_239.wav,1,Rất yếu,Thấp,Rất trầm,Thấp,Chậm,Rất cao,Ít luyến
1131,Chèo,cheo/audio_4_239.wav,2,Vừa,Cao,Rất trầm,Trung bình,Chậm,Trung bình,Ít luyến
1132,Chèo,cheo/audio_12_024.wav,1,Rất mạnh,Cao,Trầm,Trung bình,Chậm,Rất cao,Vừa
1133,Chèo,cheo/audio_12_024.wav,2,Rất mạnh,Cao,Trầm,Trung bình,Chậm,Rất cao,Ít luyến
1134,Chèo,cheo/audio_1_181.wav,1,Mạnh,Thấp,Cao,Cao,Vừa,Rất cao,Nhiều luyến
1135,Chèo,cheo/audio_1_181.wav,2,Mạnh,Thấp,Cao,Cao,Vừa,Rất cao,Nhiều luyến
1136,Chèo,cheo/audio_0_036.wav,1,Mạnh,Thấp,Trung,Trung bình,Chậm,Rất cao,Nhiều luyến
1137,Chèo,cheo/audio_0_036.wav,2,Mạnh,Trung bình,Trầm,Trung bình,Chậm,Cao,Vừa
1138,Chèo,cheo/audio_5_023.wav,1,Mạnh,Cao,Rất trầm,Trung bình,Vừa,Rất cao,Ít luyến
1139,Chèo,cheo/audio_5_023.wav,2,Mạnh,Cao,Rất trầm,Trung bình,Vừa,Cao,Ít luyến
1140,Chèo,cheo/audio_7_070.wav,1,Rất mạnh,Thấp,Trung,Cao,Nhanh,Cao,Vừa
1141,Chèo,cheo/audio_7_070.wav,2,Mạnh,Cao,Trung,Trung bình,Nhanh,Trung bình,Vừa
1142,Chèo,cheo/audio_5_049.wav,1,Rất mạnh,Thấp,Trung,Trung bình,Chậm,Rất thấp,Nhiều luyến
1143,Chèo,cheo/audio_5_049.wav,2,Mạnh,Thấp,Rất trầm,Cao,Nhanh,Rất thấp,Vừa
1144,Chèo,cheo/audio_6_106.wav,1,Rất yếu,Cao,Trầm,Trung bình,Vừa,Rất thấp,Vừa
1145,Chèo,cheo/audio_6_106.wav,2,Vừa,Cao,Cao,Trung bình,Vừa,Cao,Nhiều luyến
1146,Chèo,cheo/audio_1_000.wav,1,Vừa,Thấp,Cao,Trung bình,Nhanh,Trung bình,Nhiều luyến
1147,Chèo,cheo/audio_1_000.wav,2,Yếu,Thấp,Rất trầm,Trung bình,Vừa,Rất thấp,Vừa
1148,Chèo,cheo/audio_8_054.wav,1,Mạnh,Thấp,Cao,Trung bình,Vừa,Cao,Nhiều luyến
1149,Chèo,cheo/audio_8_054.wav,2,Yếu,Thấp,Trung,Trung bình,Chậm,Cao,Nhiều luyến
1150,Chèo,cheo/audio_5_029.wav,1,Mạnh,Thấp,Trung,Trung bình,Chậm,Thấp,Vừa
1151,Chèo,cheo/audio_5_029.wav,2,Rất mạnh,Thấp,Trung,Trung bình,Chậm,Cao,Nhiều luyến
1152,Chèo,cheo/audio_6_154.wav,1,Vừa,Cao,Trung,Trung bình,Chậm,Rất thấp,Nhiều luyến
1153,Chèo,cheo/audio_6_154.wav,2,Rất yếu,Cao,Rất cao,Cao,Nhanh,Rất thấp,Vừa
1154,Chèo,cheo/audio_4_156.wav,1,Yếu,Cao,Trung,Cao,Chậm,Trung bình,Nhiều luyến
1155,Chèo,cheo/audio_4_156.wav,2,Rất yếu,Cao,Trầm,Trung bình,Vừa,Trung bình,Nhiều luyến
1156,Chèo,cheo/audio_1_031.wav,1,Rất yếu,Cao,Trầm,Trung bình,Vừa,Rất thấp,Vừa
1157,Chèo,cheo/audio_1_031.wav,2,Rất yếu,Cao,Trung,Trung bình,Vừa,Rất thấp,Vừa
1158,Chèo,cheo/audio_3_159.wav,1,Vừa,Cao,Trầm,Trung bình,Nhanh,Rất thấp,Nhiều luyến
1159,Chèo,cheo/audio_3_159.wav,2,Vừa,Cao,Trung,Trung bình,Chậm,Rất thấp,Vừa
1160,Chèo,cheo/audio_7_077.wav,1,Rất mạnh,Thấp,Trung,Trung bình,Nhanh,Thấp,Vừa
1161,Chèo,cheo/audio_7_077.wav,2,Rất mạnh,Thấp,Trầm,Trung bình,Nhanh,Trung bình,Vừa
1162,Chèo,cheo/audio_7_119.wav,1,Rất mạnh,Thấp,Trầm,Trung bình,Nhanh,Thấp,Ít luyến
1163,Chèo,cheo/audio_7_119.wav,2,Rất mạnh,Cao,Trầm,Trung bình,Vừa,Trung bình,Ít luyến
1164,Chèo,cheo/audio_4_199.wav,1,Vừa,Trung bình,Trầm,Trung bình,Chậm,Rất thấp,Vừa
1165,Chèo,cheo/audio_4_199.wav,2,Vừa,Cao,Trầm,Cao,Chậm,Rất thấp,Vừa
1166,Chèo,cheo/audio_1_019.wav,1,Vừa,Cao,Trung,Trung bình,Nhanh,Rất thấp,Vừa
1167,Chèo,cheo/audio_1_019.wav,2,Rất yếu,Cao,Trung,Trung bình,Vừa,Rất thấp,Vừa
1168,Chèo,cheo/audio_3_056.wav,1,Vừa,Cao,Trung,Trung bình,Vừa,Rất thấp,Nhiều luyến
1169,Chèo,cheo/audio_3_056.wav,2,Vừa,Cao,Trung,Trung bình,Chậm,Rất thấp,Nhiều luyến
1170,Chèo,cheo/audio_7_054.wav,1,Rất mạnh,Thấp,Rất cao,Trung bình,Chậm,Cao,Vừa
1171,Chèo,cheo/audio_7_054.wav,2,Mạnh,Thấp,Rất trầm,Trung bình,Chậm,Rất cao,Ít luyến
1172,Chèo,cheo/audio_3_174.wav,1,Vừa,Cao,Cao,Trung bình,Chậm,Rất thấp,Ít luyến
1173,Chèo,cheo/audio_3_174.wav,2,Rất yếu,Cao,Rất trầm,Trung bình,Nhanh,Rất thấp,Vừa
1174,Chèo,cheo/audio_0_086.wav,1,Mạnh,Cao,Trung,Cao,Chậm,Cao,Vừa
1175,Chèo,cheo/audio_0_086.wav,2,Mạnh,Cao,Rất trầm,Cao,Nhanh,Thấp,Ít luyến
1176,Chèo,cheo/audio_3_141.wav,1,Vừa,Cao,Trung,Cao,Vừa,Rất thấp,Nhiều luyến
1177,Chèo,cheo/audio_3_141.wav,2,Vừa,Cao,Cao,Cao,Nhanh,Rất thấp,Nhiều luyến
1178,Chèo,cheo/audio_6_170.wav,1,Vừa,Trung bình,Trầm,Thấp,Chậm,Rất thấp,Vừa
1179,Chèo,cheo/audio_6_170.wav,2,Rất yếu,Cao,Rất trầm,Trung bình,Vừa,Rất thấp,Vừa
1180,Chèo,cheo/audio_8_083.wav,1,Rất mạnh,Cao,Trung,Trung bình,Chậm,Cao,Nhiều luyến
1181,Chèo,cheo/audio_8_083.wav,2,Mạnh,Thấp,Trung,Trung bình,Vừa,Rất thấp,Nhiều luyến
1182,Chèo,cheo/audio_0_099.wav,1,Yếu,Thấp,Trầm,Trung bình,Vừa,Rất thấp,Ít luyến
1183,Chèo,cheo/audio_0_099.wav,2,Rất yếu,Thấp,Trung,Trung bình,Nhanh,Rất thấp,Vừa
1184,Chèo,cheo/audio_7_075.wav,1,Rất mạnh,Thấp,Rất trầm,Thấp,Chậm,Cao,Ít luyến
1185,Chèo,cheo/audio_7_075.wav,2,Rất mạnh,Thấp,Rất trầm,Trung bình,Nhanh,Cao,Ít luyến
1186,Chèo,cheo/audio_12_016.wav,1,Mạnh,Thấp,Trung,Cao,Nhanh,Rất cao,Ít luyến
1187,Chèo,cheo/audio_12_016.wav,2,Rất mạnh,Thấp,Trung,Cao,Nhanh,Rất cao,Nhiều luyến
1188,Chèo,cheo/audio_6_019.wav,1,Vừa,Cao,Trung,Trung bình,Nhanh,Rất thấp,Vừa
1189,Chèo,cheo/audio_6_019.wav,2,Rất yếu,Cao,Trung,Trung bình,Vừa,Rất thấp,Vừa
1190,Chèo,cheo/audio_0_030.wav,1,Yếu,Thấp,Trung,Thấp,Chậm,Thấp,Ít luyến
1191,Chèo,cheo/audio_0_030.wav,2,Yếu,Thấp,Trầm,Thấp,Chậm,Thấp,Ít luyến
1192,Chèo,cheo/audio_5_072.wav,1,Mạnh,Trung bình,Trung,Trung bình,Chậm,Rất cao,Nhiều luyến
1193,Chèo,cheo/audio_5_072.wav,2,Mạnh,Trung bình,Trung,Cao,Chậm,Rất cao,Nhiều luyến
1194,Chèo,cheo/audio_4_181.wav,1,Vừa,Cao,Trầm,Cao,Vừa,Rất thấp,Ít luyến
1195,Chèo,cheo/audio_4_181.wav,2,Rất yếu,Cao,Trầm,Thấp,Vừa,Rất cao,Vừa
1196,Chèo,cheo/audio_4_037.wav,1,Vừa,Cao,Trung,Trung bình,Nhanh,Thấp,Vừa
1197,Chèo,cheo/audio_4_037.wav,2,Mạnh,Thấp,Trung,Trung bình,Nhanh,Rất thấp,Vừa
1198,Chèo,cheo/audio_1_047.wav,1,Rất yếu,Cao,Rất trầm,Trung bình,Chậm,Rất thấp,Ít luyến
1199,Chèo,cheo/audio_1_047.wav,2,Vừa,Thấp,Trầm,Thấp,Nhanh,Rất thấp,Nhiều luyến
1200,Chầu văn,chau_van/audio_7_225.wav,1,Mạnh,Thấp,Rất trầm,Trung bình,Nhanh,Rất cao,Ít luyến
1201,Chầu văn,chau_van/audio_7_225.wav,2,Mạnh,Thấp,Rất cao,Trung bình,Nhanh,Rất cao,Nhiều luyến
1202,Chầu văn,chau_van/audio_5_287.wav,1,Mạnh,Cao,Rất trầm,Cao,Vừa,Rất cao,Ít luyến
1203,Chầu văn,chau_van/audio_5_287.wav,2,Mạnh,Cao,Rất trầm,Cao,Vừa,Rất cao,Ít luyến
1204,Chầu văn,chau_van/audio_5_185.wav,1,Mạnh,Thấp,Rất trầm,Cao,Vừa,Rất cao,Ít luyến
1205,Chầu văn,chau_van/audio_5_185.wav,2,Mạnh,Cao,Rất trầm,Cao,Vừa,Rất cao,Ít luyến
1206,Chầu văn,chau_van/audio_1_079.wav,1,Rất yếu,Thấp,Rất cao,Cao,Nhanh,Rất thấp,Nhiều luyến
1207,Chầu văn,chau_van/audio_1_079.wav,2,Yếu,Thấp,Rất cao,Trung bình,Nhanh,Rất thấp,Nhiều luyến
1208,Chầu văn,chau_van/audio_2_072.wav,1,Yếu,Cao,Rất cao,Trung bình,Nhanh,Rất cao,Ít luyến
1209,Chầu văn,chau_van/audio_2_072.wav,2,Yếu,Cao,Trung,Trung bình,Nhanh,Rất cao,Vừa
1210,Chầu văn,chau_van/audio_7_319.wav,1,Vừa,Thấp,Trầm,Trung bình,Vừa,Rất thấp,Vừa
1211,Chầu văn,chau_van/audio_7_319.wav,2,Yếu,Thấp,Rất cao,Cao,Vừa,Rất thấp,Vừa
1212,Chầu văn,chau_van/audio_5_372.wav,1,Yếu,Cao,Cao,Trung bình,Vừa,Rất cao,Ít luyến
1213,Chầu văn,chau_van/audio_5_372.wav,2,Yếu,Cao,Rất trầm,Trung bình,Vừa,Rất cao,Ít luyến
1214,Chầu văn,chau_van/audio_3_005.wav,1,Yếu,Cao,Trầm,Cao,Chậm,Rất cao,Ít luyến
1215,Chầu văn,chau_van/audio_3_005.wav,2,Yếu,Thấp,Rất cao,Cao,Chậm,Rất cao,Vừa
1216,Chầu văn,chau_van/audio_7_383.wav,1,Vừa,Thấp,Trầm,Cao,Chậm,Cao,Ít luyến
1217,Chầu văn,chau_van/audio_7_383.wav,2,Mạnh,Thấp,Trầm,Cao,Nhanh,Rất thấp,Vừa
1218,Chầu văn,chau_van/audio_5_528.wav,1,Yếu,Cao,Rất trầm,Trung bình,Nhanh,Thấp,Ít luyến
1219,Chầu văn,chau_van/audio_5_528.wav,2,Yếu,Cao,Trầm,Cao,Nhanh,Rất thấp,Vừa
1220,Chầu văn,chau_van/audio_5_723.wav,1,Vừa,Cao,Rất trầm,Trung bình,Chậm,Rất thấp,Ít luyến
1221,Chầu văn,chau_van/audio_5_723.wav,2,Yếu,Cao,Trung,Cao,Chậm,Rất thấp,Ít luyến
1222,Chầu văn,chau_van/audio_7_469.wav,1,Rất mạnh,Thấp,Cao,Cao,Nhanh,Rất cao,Ít luyến
1223,Chầu văn,chau_van/audio_7_469.wav,2,Mạnh,Thấp,Rất trầm,Cao,Vừa,Rất cao,Ít luyến
1224,Chầu văn,chau_van/audio_4_013.wav,1,Vừa,Cao,Rất trầm,Cao,Vừa,Rất cao,Ít luyến
1225,Chầu văn,chau_van/audio_4_013.wav,2,Yếu,Cao,Rất trầm,Trung bình,Vừa,Rất cao,Ít luyến
1226,Chầu văn,chau_van/audio_2_081.wav,1,Yếu,Cao,Rất trầm,Cao,Nhanh,Rất cao,Ít luyến
1227,Chầu văn,chau_van/audio_2_081.wav,2,Yếu,Cao,Rất trầm,Cao,Chậm,Cao,Ít luyến
1228,Chầu văn,chau_van/audio_5_429.wav,1,Mạnh,Thấp,Rất trầm,Trung bình,Vừa,Rất cao,Ít luyến
1229,Chầu văn,chau_van/audio_5_429.wav,2,Yếu,Thấp,Rất trầm,Trung bình,Vừa,Rất cao,Ít luyến
1230,Chầu văn,chau_van/audio_7_175.wav,1,Rất mạnh,Cao,Rất trầm,Cao,Vừa,Rất cao,Ít luyến
1231,Chầu văn,chau_van/audio_7_175.wav,2,Mạnh,Thấp,Rất trầm,Trung bình,Nhanh,Cao,Ít luyến
1232,Chầu văn,chau_van/audio_5_246.wav,1,Mạnh,Thấp,Trầm,Cao,Vừa,Trung bình,Vừa
1233,Chầu văn,chau_van/audio_5_246.wav,2,Mạnh,Thấp,Rất trầm,Cao,Vừa,Thấp,Ít luyến
1234,Chầu văn,chau_van/audio_0_105.wav,1,Vừa,Cao,Rất trầm,Cao,Chậm,Rất thấp,Ít luyến
1235,Chầu văn,chau_van/audio_0_105.wav,2,Vừa,Cao,Rất trầm,Trung bình,Vừa,Rất thấp,Ít luyến
1236,Chầu văn,chau_van/audio_5_348.wav,1,Yếu,Cao,Cao,Trung bình,Vừa,Cao,Ít luyến
1237,Chầu văn,chau_van/audio_5_348.wav,2,Yếu,Cao,Trầm,Trung bình,Vừa,Rất cao,Vừa
1238,Chầu văn,chau_van/audio_2_038.wav,1,Yếu,Cao,Rất trầm,Trung bình,Vừa,Rất cao,Ít luyến
1239,Chầu văn,chau_van/audio_2_038.wav,2,Yếu,Cao,Rất trầm,Trung bình,Vừa,Cao,Ít luyến
1240,Chầu văn,chau_van/audio_5_704.wav,1,Vừa,Cao,Rất trầm,Thấp,Vừa,Thấp,Ít luyến
1241,Chầu văn,chau_van/audio_5_704.wav,2,Yếu,Cao,Trầm,Trung bình,Vừa,Rất thấp,Ít luyến
1242,Chầu văn,chau_van/audio_2_116.wav,1,Yếu,Cao,Rất trầm,Cao,Vừa,Rất cao,Ít luyến
1243,Chầu văn,chau_van/audio_2_116.wav,2,Rất yếu,Cao,Rất trầm,Cao,Nhanh,Rất cao,Ít luyến
1244,Chầu văn,chau_van/audio_7_347.wav,1,Rất mạnh,Thấp,Rất trầm,Trung bình,Chậm,Rất cao,Ít luyến
1245,Chầu văn,chau_van/audio_7_347.wav,2,Mạnh,Thấp,Cao,Trung bình,Nhanh,Cao,Ít luyến
1246,Chầu văn,chau_van/audio_7_052.wav,1,Vừa,Thấp,Rất trầm,Trung bình,Vừa,Rất cao,Ít luyến
1247,Chầu văn,chau_van/audio_7_052.wav,2,Mạnh,Thấp,Rất cao,Trung bình,Chậm,Rất cao,Vừa
1248,Chầu văn,chau_van/audio_5_189.wav,1,Mạnh,Cao,Rất trầm,Cao,Chậm,Rất cao,Ít luyến
1249,Chầu văn,chau_van/audio_5_189.wav,2,Rất mạnh,Cao,Rất trầm,Cao,Vừa,Cao,Ít luyến
1250,Chầu văn,chau_van/audio_2_009.wav,1,Yếu,Cao,Cao,Trung bình,Vừa,Rất cao,Ít luyến
1251,Chầu văn,chau_van/audio_2_009.wav,2,Yếu,Cao,Trung,Thấp,Vừa,Rất cao,Vừa
1252,Chầu văn,chau_van/audio_5_744.wav,1,Rất yếu,Thấp,Trầm,Cao,Chậm,Rất cao,Vừa
1253,Chầu văn,chau_van/audio_5_744.wav,2,Rất yếu,Cao,Cao,Cao,Nhanh,Rất cao,Ít luyến
1254,Chầu văn,chau_van/audio_7_299.wav,1,Mạnh,Thấp,Rất trầm,Trung bình,Nhanh,Cao,Vừa
1255,Chầu văn,chau_van/audio_7_299.wav,2,Mạnh,Thấp,Trầm,Trung bình,Nhanh,Cao,Ít luyến
1256,Chầu văn,chau_van/audio_7_020.wav,1,Mạnh,Thấp,Trầm,Trung bình,Vừa,Rất thấp,Vừa
1257,Chầu văn,chau_van/audio_7_020.wav,2,Mạnh,Thấp,Trầm,Cao,Vừa,Rất thấp,Vừa
1258,Chầu văn,chau_van/audio_0_104.wav,1,Yếu,Cao,Rất cao,Trung bình,Vừa,Thấp,Nhiều luyến
1259,Chầu văn,chau_van/audio_0_104.wav,2,Vừa,Cao,Rất trầm,Trung bình,Vừa,Rất thấp,Ít luyến
1260,Chầu văn,chau_van/audio_7_459.wav,1,Mạnh,Thấp,Trầm,Trung bình,Chậm,Rất thấp,Vừa
1261,Chầu văn,chau_van/audio_7_459.wav,2,Yếu,Thấp,Trung,Cao,Chậm,Rất thấp,Vừa
1262,Chầu văn,chau_van/audio_7_337.wav,1,Vừa,Thấp,Cao,Cao,Vừa,Thấp,Vừa
1263,Chầu văn,chau_van/audio_7_337.wav,2,Mạnh,Thấp,Rất cao,Trung bình,Vừa,Cao,Ít luyến
1264,Chầu văn,chau_van/audio_2_051.wav,1,Yếu,Cao,Rất trầm,Trung bình,Chậm,Rất cao,Ít luyến
1265,Chầu văn,chau_van/audio_2_051.wav,2,Yếu,Cao,Rất cao,Trung bình,Chậm,Rất cao,Vừa
1266,Chầu văn,chau_van/audio_5_144.wav,1,Yếu,Cao,Rất trầm,Thấp,Nhanh,Rất cao,Ít luyến
1267,Chầu văn,chau_van/audio_5_144.wav,2,Yếu,Cao,Rất trầm,Thấp,Nhanh,Rất cao,Ít luyến
1268,Chầu văn,chau_van/audio_5_481.wav,1,Yếu,Cao,Rất trầm,Trung bình,Vừa,Rất cao,Ít luyến
1269,Chầu văn,chau_van/audio_5_481.wav,2,Yếu,Cao,Rất trầm,Trung bình,Vừa,Rất cao,Ít luyến
1270,Chầu văn,chau_van/audio_5_591.wav,1,Mạnh,Cao,Rất trầm,Trung bình,Nhanh,Rất cao,Ít luyến
1271,Chầu văn,chau_van/audio_5_591.wav,2,Yếu,Cao,Rất trầm,Trung bình,Chậm,Rất cao,Ít luyến
1272,Chầu văn,chau_van/audio_7_362.wav,1,Yếu,Thấp,Rất trầm,Trung bình,Nhanh,Rất cao,Vừa
1273,Chầu văn,chau_van/audio_7_362.wav,2,Mạnh,Thấp,Trầm,Trung bình,Chậm,Cao,Ít luyến
1274,Chầu văn,chau_van/audio_7_136.wav,1,Mạnh,Cao,Rất trầm,Trung bình,Nhanh,Cao,Ít luyến
1275,Chầu văn,chau_van/audio_7_136.wav,2,Mạnh,Thấp,Trầm,Trung bình,Nhanh,Rất cao,Vừa
1276,Chầu văn,chau_van/audio_7_241.wav,1,Mạnh,Thấp,Trầm,Trung bình,Nhanh,Rất cao,Ít luyến
1277,Chầu văn,chau_van/audio_7_241.wav,2,Rất mạnh,Cao,Trầm,Trung bình,Nhanh,Trung bình,Ít luyến
1278,Chầu văn,chau_van/audio_2_041.wav,1,Yếu,Cao,Rất trầm,Trung bình,Vừa,Rất cao,Ít luyến
1279,Chầu văn,chau_van/audio_2_041.wav,2,Yếu,Cao,Trung,Trung bình,Vừa,Rất cao,Vừa
1280,Chầu văn,chau_van/audio_7_354.wav,1,Mạnh,Thấp,Rất trầm,Trung bình,Nhanh,Cao,Ít luyến
1281,Chầu văn,chau_van/audio_7_354.wav,2,Mạnh,Thấp,Rất trầm,Trung bình,Nhanh,Cao,Ít luyến
1282,Chầu văn,chau_van/audio_2_124.wav,1,Yếu,Cao,Rất cao,Cao,Chậm,Rất cao,Vừa
1283,Chầu văn,chau_van/audio_2_124.wav,2,Yếu,Cao,Rất trầm,Cao,Nhanh,Rất cao,Ít luyến
1284,Chầu văn,chau_van/audio_0_046.wav,1,Yếu,Trung bình,Rất trầm,Thấp,Nhanh,Rất cao,Ít luyến
1285,Chầu văn,chau_van/audio_0_046.wav,2,Yếu,Cao,Rất trầm,Trung bình,Nhanh,Rất cao,Ít luyến
1286,Chầu văn,chau_van/audio_7_465.wav,1,Mạnh,Thấp,Rất trầm,Cao,Nhanh,Rất cao,Ít luyến
1287,Chầu văn,chau_van/audio_7_465.wav,2,Mạnh,Thấp,Rất cao,Cao,Nhanh,Rất cao,Nhiều luyến
1288,Chầu văn,chau_van/audio_5_600.wav,1,Mạnh,Thấp,Rất trầm,Cao,Vừa,Rất thấp,Ít luyến
1289,Chầu văn,chau_van/audio_5_600.wav,2,Mạnh,Cao,Trầm,Cao,Vừa,Rất thấp,Ít luyến
1290,Chầu văn,chau_van/audio_5_708.wav,1,Yếu,Cao,Rất cao,Trung bình,Nhanh,Trung bình,Vừa
1291,Chầu văn,chau_van/audio_5_708.wav,2,Vừa,Cao,Cao,Trung bình,Chậm,Rất thấp,Vừa
1292,Chầu văn,chau_van/audio_7_095.wav,1,Vừa,Thấp,Cao,Cao,Chậm,Rất cao,Ít luyến
1293,Chầu văn,chau_van/audio_7_095.wav,2,Rất mạnh,Thấp,Rất trầm,Trung bình,Chậm,Rất cao,Ít luyến
1294,Chầu văn,chau_van/audio_5_727.wav,1,Yếu,Cao,Rất trầm,Trung bình,Chậm,Trung bình,Ít luyến
1295,Chầu văn,chau_van/audio_5_727.wav,2,Yếu,Cao,Rất trầm,Trung bình,Chậm,Rất thấp,Ít luyến
1296,Chầu văn,chau_van/audio_3_000.wav,1,Mạnh,Thấp,Rất cao,Cao,Chậm,Trung bình,Nhiều luyến
1297,Chầu văn,chau_van/audio_3_000.wav,2,Mạnh,Thấp,Trầm,Cao,Chậm,Trung bình,Ít luyến
1298,Chầu văn,chau_van/audio_7_265.wav,1,Mạnh,Thấp,Rất trầm,Trung bình,Vừa,Rất thấp,Vừa
1299,Chầu văn,chau_van/audio_7_265.wav,2,Yếu,Thấp,Rất trầm,Trung bình,Chậm,Cao,Ít luyến
1300,Chầu văn,chau_van/audio_5_501.wav,1,Yếu,Cao,Rất trầm,Cao,Nhanh,Rất cao,Ít luyến
1301,Chầu văn,chau_van/audio_5_501.wav,2,Yếu,Thấp,Rất trầm,Trung bình,Nhanh,Rất cao,Ít luyến
1302,Chầu văn,chau_van/audio_3_046.wav,1,Mạnh,Cao,Trung,Trung bình,Chậm,Rất thấp,Vừa
1303,Chầu văn,chau_van/audio_3_046.wav,2,Rất mạnh,Trung bình,Cao,Trung bình,Vừa,Rất thấp,Vừa
1304,Chầu văn,chau_van/audio_5_742.wav,1,Rất yếu,Thấp,Rất trầm,Trung bình,Nhanh,Rất cao,Ít luyến
1305,Chầu văn,chau_van/audio_5_742.wav,2,Rất yếu,Thấp,Trung,Cao,Nhanh,Rất cao,Vừa
1306,Chầu văn,chau_van/audio_2_050.wav,1,Yếu,Cao,Rất trầm,Trung bình,Vừa,Rất cao,Ít luyến
1307,Chầu văn,chau_van/audio_2_050.wav,2,Yếu,Cao,Trung,Trung bình,Nhanh,Rất cao,Vừa
1308,Chầu văn,chau_van/audio_5_515.wav,1,Yếu,Cao,Trung,Cao,Nhanh,Rất cao,Ít luyến
1309,Chầu văn,chau_van/audio_5_515.wav,2,Yếu,Thấp,Rất trầm,Cao,Nhanh,Cao,Ít luyến
1310,Chầu văn,chau_van/audio_1_013.wav,1,Vừa,Thấp,Rất cao,Cao,Vừa,Rất cao,Nhiều luyến
1311,Chầu văn,chau_van/audio_1_013.wav,2,Yếu,Thấp,Trầm,Cao,Nhanh,Rất thấp,Vừa
1312,Chầu văn,chau_van/audio_5_092.wav,1,Yếu,Cao,Rất trầm,Thấp,Vừa,Rất cao,Ít luyến
1313,Chầu văn,chau_van/audio_5_092.wav,2,Yếu,Cao,Rất trầm,Trung bình,Nhanh,Rất cao,Ít luyến
1314,Chầu văn,chau_van/audio_2_146.wav,1,Yếu,Cao,Rất trầm,Trung bình,Chậm,Rất cao,Ít luyến
1315,Chầu văn,chau_van/audio_2_146.wav,2,Yếu,Cao,Trầm,Trung bình,Chậm,Rất cao,Ít luyến
1316,Chầu văn,chau_van/audio_1_039.wav,1,Yếu,Thấp,Cao,Trung bình,Vừa,Rất thấp,Vừa
1317,Chầu văn,chau_van/audio_1_039.wav,2,Mạnh,Thấp,Trầm,Cao,Chậm,Thấp,Vừa
1318,Chầu văn,chau_van/audio_5_647.wav,1,Yếu,Cao,Rất cao,Trung bình,Chậm,Thấp,Vừa
1319,Chầu văn,chau_van/audio_5_647.wav,2,Yếu,Cao,Cao,Trung bình,Chậm,Cao,Vừa
1320,Chầu văn,chau_van/audio_7_369.wav,1,Yếu,Thấp,Rất trầm,Cao,Vừa,Rất thấp,Ít luyến
1321,Chầu văn,chau_van/audio_7_369.wav,2,Yếu,Thấp,Trung,Cao,Chậm,Rất thấp,Ít luyến
1322,Chầu văn,chau_van/audio_5_109.wav,1,Yếu,Cao,Rất trầm,Thấp,Vừa,Rất cao,Ít luyến
1323,Chầu văn,chau_van/audio_5_109.wav,2,Yếu,Cao,Rất trầm,Thấp,Vừa,Rất cao,Ít luyến
1324,Chầu văn,chau_van/audio_4_003.wav,1,Rất yếu,Cao,Rất trầm,Trung bình,Vừa,Rất cao,Ít luyến
1325,Chầu văn,chau_van/audio_4_003.wav,2,Yếu,Cao,Rất trầm,Trung bình,Vừa,Rất cao,Ít luyến
1326,Chầu văn,chau_van/audio_7_029.wav,1,Mạnh,Thấp,Cao,Cao,Vừa,Rất thấp,Vừa
1327,Chầu văn,chau_van/audio_7_029.wav,2,Yếu,Thấp,Cao,Cao,Nhanh,Rất thấp,Nhiều luyến
1328,Chầu văn,chau_van/audio_5_266.wav,1,Mạnh,Thấp,Rất trầm,Cao,Vừa,Trung bình,Ít luyến
1329,Chầu văn,chau_van/audio_5_266.wav,2,Mạnh,Cao,Rất trầm,Cao,Chậm,Rất cao,Ít luyến
1330,Chầu văn,chau_van/audio_7_423.wav,1,Mạnh,Thấp,Trầm,Trung bình,Nhanh,Cao,Ít luyến
1331,Chầu văn,chau_van/audio_7_423.wav,2,Mạnh,Thấp,Rất trầm,Trung bình,Chậm,Cao,Ít luyến
1332,Chầu văn,chau_van/audio_7_263.wav,1,Mạnh,Thấp,Trầm,Trung bình,Chậm,Rất thấp,Vừa
1333,Chầu văn,chau_van/audio_7_263.wav,2,Yếu,Thấp,Cao,Cao,Nhanh,Thấp,Vừa
1334,Chầu văn,chau_van/audio_5_426.wav,1,Yếu,Thấp,Rất trầm,Trung bình,Vừa,Rất cao,Ít luyến
1335,Chầu văn,chau_van/audio_5_426.wav,2,Yếu,Thấp,Trung,Trung bình,Vừa,Rất cao,Vừa
1336,Chầu văn,chau_van/audio_5_567.wav,1,Yếu,Cao,Rất trầm,Cao,Vừa,Trung bình,Ít luyến
1337,Chầu văn,chau_van/audio_5_567.wav,2,Yếu,Cao,Rất trầm,Cao,Vừa,Thấp,Ít luyến
1338,Chầu văn,chau_van/audio_5_401.wav,1,Yếu,Cao,Trung,Thấp,Vừa,Rất cao,Vừa
1339,Chầu văn,chau_van/audio_5_401.wav,2,Yếu,Cao,Trầm,Trung bình,Vừa,Rất cao,Ít luyến
1340,Chầu văn,chau_van/audio_5_323.wav,1,Yếu,Thấp,Rất trầm,Cao,Nhanh,Thấp,Vừa
1341,Chầu văn,chau_van/audio_5_323.wav,2,Rất mạnh,Thấp,Rất cao,Cao,Nhanh,Trung bình,Ít luyến
1342,Chầu văn,chau_van/audio_0_041.wav,1,Yếu,Thấp,Trung,Trung bình,Vừa,Rất cao,Vừa
1343,Chầu văn,chau_van/audio_0_041.wav,2,Yếu,Trung bình,Rất trầm,Thấp,Nhanh,Rất cao,Ít luyến
1344,Chầu văn,chau_van/audio_0_086.wav,1,Yếu,Cao,Cao,Trung bình,Chậm,Thấp,Vừa
1345,Chầu văn,chau_van/audio_0_086.wav,2,Yếu,Cao,Cao,Trung bình,Vừa,Rất cao,Vừa
1346,Chầu văn,chau_van/audio_1_050.wav,1,Rất mạnh,Thấp,Rất cao,Trung bình,Chậm,Rất cao,Nhiều luyến
1347,Chầu văn,chau_van/audio_1_050.wav,2,Rất mạnh,Cao,Trung,Trung bình,Nhanh,Rất cao,Ít luyến
1348,Chầu văn,chau_van/audio_5_254.wav,1,Mạnh,Cao,Trầm,Cao,Nhanh,Rất thấp,Vừa
1349,Chầu văn,chau_van/audio_5_254.wav,2,Mạnh,Cao,Rất trầm,Cao,Nhanh,Rất thấp,Ít luyến
1350,Chầu văn,chau_van/audio_5_417.wav,1,Yếu,Trung bình,Rất trầm,Trung bình,Chậm,Rất cao,Ít luyến
1351,Chầu văn,chau_van/audio_5_417.wav,2,Vừa,Thấp,Rất trầm,Trung bình,Vừa,Rất cao,Ít luyến
1352,Chầu văn,chau_van/audio_7_146.wav,1,Mạnh,Thấp,Rất trầm,Trung bình,Nhanh,Cao,Ít luyến
1353,Chầu văn,chau_van/audio_7_146.wav,2,Mạnh,Thấp,Rất trầm,Cao,Nhanh,Rất cao,Ít luyến
1354,Chầu văn,chau_van/audio_5_295.wav,1,Mạnh,Cao,Rất trầm,Cao,Nhanh,Thấp,Ít luyến
1355,Chầu văn,chau_van/audio_5_295.wav,2,Mạnh,Cao,Rất trầm,Cao,Chậm,Rất thấp,Ít luyến
1356,Chầu văn,chau_van/audio_5_014.wav,1,Yếu,Cao,Rất trầm,Thấp,Vừa,Rất cao,Ít luyến
1357,Chầu văn,chau_van/audio_5_014.wav,2,Yếu,Cao,Rất trầm,Thấp,Vừa,Rất cao,Ít luyến
1358,Chầu văn,chau_van/audio_1_003.wav,1,Rất yếu,Thấp,Trầm,Trung bình,Nhanh,Rất thấp,Vừa
1359,Chầu văn,chau_van/audio_1_003.wav,2,Yếu,Thấp,Trầm,Trung bình,Nhanh,Rất thấp,Vừa
1360,Chầu văn,chau_van/audio_5_376.wav,1,Yếu,Cao,Rất cao,Thấp,Nhanh,Rất cao,Nhiều luyến
1361,Chầu văn,chau_van/audio_5_376.wav,2,Yếu,Cao,Rất trầm,Thấp,Nhanh,Rất cao,Ít luyến
1362,Chầu văn,chau_van/audio_5_176.wav,1,Mạnh,Cao,Rất trầm,Cao,Nhanh,Rất thấp,Ít luyến
1363,Chầu văn,chau_van/audio_5_176.wav,2,Yếu,Thấp,Rất trầm,Cao,Nhanh,Rất thấp,Ít luyến
1364,Chầu văn,chau_van/audio_7_403.wav,1,Rất mạnh,Thấp,Rất trầm,Trung bình,Vừa,Rất cao,Ít luyến
1365,Chầu văn,chau_van/audio_7_403.wav,2,Yếu,Thấp,Trung,Cao,Vừa,Thấp,Vừa
1366,Chầu văn,chau_van/audio_5_249.wav,1,Mạnh,Thấp,Rất trầm,Cao,Chậm,Thấp,Vừa
1367,Chầu văn,chau_van/audio_5_249.wav,2,Mạnh,Thấp,Rất cao,Cao,Nhanh,Trung bình,Ít luyến
1368,Chầu văn,chau_van/audio_7_075.wav,1,Yếu,Thấp,Rất trầm,Cao,Vừa,Rất thấp,Ít luyến
1369,Chầu văn,chau_van/audio_7_075.wav,2,Mạnh,Thấp,Rất cao,Cao,Vừa,Thấp,Vừa
1370,Chầu văn,chau_van/audio_6_044.wav,1,Mạnh,Cao,Rất trầm,Trung bình,Nhanh,Rất cao,Ít luyến
1371,Chầu văn,chau_van/audio_6_044.wav,2,Yếu,Cao,Rất trầm,Trung bình,Chậm,Rất cao,Ít luyến
1372,Chầu văn,chau_van/audio_5_023.wav,1,Rất yếu,Cao,Rất trầm,Thấp,Vừa,Rất cao,Ít luyến
1373,Chầu văn,chau_van/audio_5_023.wav,2,Yếu,Cao,Trung,Thấp,Vừa,Rất thấp,Vừa
1374,Chầu văn,chau_van/audio_7_220.wav,1,Mạnh,Thấp,Rất cao,Trung bình,Nhanh,Rất cao,Vừa
1375,Chầu văn,chau_van/audio_7_220.wav,2,Mạnh,Thấp,Rất trầm,Trung bình,Chậm,Rất cao,Ít luyến
1376,Chầu văn,chau_van/audio_6_001.wav,1,Yếu,Cao,Rất trầm,Trung bình,Chậm,Rất cao,Ít luyến
1377,Chầu văn,chau_van/audio_6_001.wav,2,Yếu,Cao,Rất cao,Trung bình,Chậm,Rất cao,Nhiều luyến
1378,Chầu văn,chau_van/audio_5_468.wav,1,Yếu,Cao,Rất trầm,Cao,Vừa,Rất cao,Ít luyến
1379,Chầu văn,chau_van/audio_5_468.wav,2,Yếu,Cao,Trung,Trung bình,Vừa,Rất cao,Ít luyến
1380,Chầu văn,chau_van/audio_6_006.wav,1,Yếu,Cao,Rất trầm,Thấp,Vừa,Rất cao,Ít luyến
1381,Chầu văn,chau_van/audio_6_006.wav,2,Yếu,Cao,Rất trầm,Trung bình,Vừa,Rất cao,Ít luyến
1382,Chầu văn,chau_van/audio_7_184.wav,1,Mạnh,Thấp,Rất trầm,Trung bình,Nhanh,Rất cao,Vừa
1383,Chầu văn,chau_van/audio_7_184.wav,2,Mạnh,Thấp,Rất trầm,Trung bình,Chậm,Cao,Ít luyến
1384,Chầu văn,chau_van/audio_5_636.wav,1,Yếu,Trung bình,Rất trầm,Cao,Vừa,Rất cao,Ít luyến
1385,Chầu văn,chau_van/audio_5_636.wav,2,Mạnh,Cao,Rất trầm,Trung bình,Vừa,Rất cao,Ít luyến
1386,Chầu văn,chau_van/audio_5_080.wav,1,Yếu,Cao,Rất trầm,Thấp,Vừa,Rất cao,Ít luyến
1387,Chầu văn,chau_van/audio_5_080.wav,2,Yếu,Cao,Rất trầm,Thấp,Vừa,Rất cao,Ít luyến
1388,Chầu văn,chau_van/audio_7_267.wav,1,Rất mạnh,Cao,Cao,Trung bình,Chậm,Rất thấp,Vừa
1389,Chầu văn,chau_van/audio_7_267.wav,2,Vừa,Thấp,Trầm,Cao,Nhanh,Rất thấp,Vừa
1390,Chầu văn,chau_van/audio_7_398.wav,1,Yếu,Thấp,Cao,Trung bình,Nhanh,Cao,Vừa
1391,Chầu văn,chau_van/audio_7_398.wav,2,Mạnh,Cao,Trầm,Trung bình,Nhanh,Cao,Vừa
1392,Chầu văn,chau_van/audio_7_187.wav,1,Mạnh,Thấp,Rất trầm,Trung bình,Nhanh,Cao,Ít luyến
1393,Chầu văn,chau_van/audio_7_187.wav,2,Rất mạnh,Thấp,Rất trầm,Cao,Vừa,Rất cao,Ít luyến
1394,Chầu văn,chau_van/audio_3_013.wav,1,Rất mạnh,Thấp,Rất trầm,Cao,Nhanh,Trung bình,Ít luyến
1395,Chầu văn,chau_van/audio_3_013.wav,2,Rất mạnh,Thấp,Trầm,Cao,Nhanh,Rất cao,Vừa
1396,Chầu văn,chau_van/audio_5_215.wav,1,Mạnh,Cao,Rất trầm,Cao,Vừa,Rất cao,Ít luyến
1397,Chầu văn,chau_van/audio_5_215.wav,2,Mạnh,Cao,Rất trầm,Cao,Chậm,Cao,Ít luyến
1398,Chầu văn,chau_van/audio_6_046.wav,1,Vừa,Cao,Rất trầm,Trung bình,Nhanh,Rất cao,Ít luyến
1399,Chầu văn,chau_van/audio_6_046.wav,2,Yếu,Cao,Rất trầm,Thấp,Nhanh,Rất cao,Ít luyến
1400,Chầu văn,chau_van/audio_5_725.wav,1,Yếu,Cao,Trung,Thấp,Chậm,Rất thấp,Ít luyến
1401,Chầu văn,chau_van/audio_5_725.wav,2,Yếu,Cao,Rất trầm,Trung bình,Chậm,Rất thấp,Ít luyến
1402,Chầu văn,chau_van/audio_5_284.wav,1,Yếu,Cao,Rất trầm,Cao,Nhanh,Thấp,Ít luyến
1403,Chầu văn,chau_van/audio_5_284.wav,2,Mạnh,Cao,Rất cao,Cao,Chậm,Thấp,Vừa
1404,Chầu văn,chau_van/audio_5_175.wav,1,Mạnh,Cao,Rất trầm,Cao,Nhanh,Rất thấp,Ít luyến
1405,Chầu văn,chau_van/audio_5_175.wav,2,Mạnh,Cao,Rất trầm,Cao,Nhanh,Rất thấp,Ít luyến
1406,Chầu văn,chau_van/audio_1_054.wav,1,Yếu,Thấp,Rất cao,Cao,Nhanh,Cao,Ít luyến
1407,Chầu văn,chau_van/audio_1_054.wav,2,Mạnh,Thấp,Rất cao,Cao,Nhanh,Cao,Nhiều luyến
1408,Chầu văn,chau_van/audio_5_259.wav,1,Mạnh,Cao,Trầm,Cao,Nhanh,Trung bình,Ít luyến
1409,Chầu văn,chau_van/audio_5_259.wav,2,Mạnh,Cao,Trầm,Cao,Nhanh,Thấp,Ít luyến
1410,Chầu văn,chau_van/audio_2_053.wav,1,Yếu,Cao,Trung,Trung bình,Vừa,Rất cao,Ít luyến
1411,Chầu văn,chau_van/audio_2_053.wav,2,Yếu,Cao,Rất trầm,Cao,Vừa,Rất cao,Ít luyến
1412,Chầu văn,chau_van/audio_5_035.wav,1,Yếu,Cao,Rất trầm,Thấp,Chậm,Rất cao,Ít luyến
1413,Chầu văn,chau_van/audio_5_035.wav,2,Yếu,Cao,Rất trầm,Thấp,Chậm,Rất cao,Ít luyến
1414,Chầu văn,chau_van/audio_5_353.wav,1,Yếu,Cao,Rất trầm,Cao,Vừa,Rất cao,Ít luyến
1415,Chầu văn,chau_van/audio_5_353.wav,2,Yếu,Cao,Trung,Trung bình,Vừa,Rất cao,Ít luyến
1416,Chầu văn,chau_van/audio_6_015.wav,1,Mạnh,Cao,Rất trầm,Thấp,Vừa,Rất cao,Ít luyến
1417,Chầu văn,chau_van/audio_6_015.wav,2,Yếu,Cao,Rất trầm,Trung bình,Vừa,Rất cao,Ít luyến
1418,Chầu văn,chau_van/audio_5_500.wav,1,Yếu,Cao,Rất trầm,Trung bình,Nhanh,Rất cao,Ít luyến
1419,Chầu văn,chau_van/audio_5_500.wav,2,Yếu,Cao,Cao,Cao,Nhanh,Rất cao,Vừa
1420,Chầu văn,chau_van/audio_7_394.wav,1,Mạnh,Thấp,Rất trầm,Cao,Vừa,Rất cao,Ít luyến
1421,Chầu văn,chau_van/audio_7_394.wav,2,Mạnh,Thấp,Rất trầm,Cao,Vừa,Rất cao,Ít luyến
1422,Chầu văn,chau_van/audio_5_371.wav,1,Yếu,Cao,Rất trầm,Trung bình,Vừa,Rất cao,Ít luyến
1423,Chầu văn,chau_van/audio_5_371.wav,2,Yếu,Cao,Rất trầm,Trung bình,Vừa,Rất cao,Ít luyến
1424,Chầu văn,chau_van/audio_7_062.wav,1,Vừa,Thấp,Rất cao,Cao,Nhanh,Thấp,Ít luyến
1425,Chầu văn,chau_van/audio_7_062.wav,2,Yếu,Thấp,Rất trầm,Cao,Nhanh,Rất thấp,Ít luyến
1426,Chầu văn,chau_van/audio_5_020.wav,1,Yếu,Cao,Rất trầm,Thấp,Vừa,Rất thấp,Ít luyến
1427,Chầu văn,chau_van/audio_5_020.wav,2,Yếu,Cao,Rất trầm,Thấp,Nhanh,Rất thấp,Ít luyến
1428,Chầu văn,chau_van/audio_7_404.wav,1,Mạnh,Thấp,Trung,Cao,Vừa,Rất thấp,Vừa
1429,Chầu văn,chau_van/audio_7_404.wav,2,Vừa,Thấp,Trầm,Cao,Vừa,Trung bình,Vừa
1430,Chầu văn,chau_van/audio_7_119.wav,1,Mạnh,Thấp,Cao,Trung bình,Nhanh,Cao,Ít luyến
1431,Chầu văn,chau_van/audio_7_119.wav,2,Mạnh,Thấp,Trầm,Trung bình,Chậm,Cao,Vừa
1432,Chầu văn,chau_van/audio_2_139.wav,1,Yếu,Cao,Rất trầm,Cao,Vừa,Rất cao,Ít luyến
1433,Chầu văn,chau_van/audio_2_139.wav,2,Mạnh,Cao,Rất trầm,Trung bình,Vừa,Rất cao,Ít luyến
1434,Chầu văn,chau_van/audio_5_709.wav,1,Yếu,Cao,Cao,Thấp,Chậm,Thấp,Ít luyến
1435,Chầu văn,chau_van/audio_5_709.wav,2,Vừa,Cao,Trung,Trung bình,Chậm,Rất thấp,Vừa
1436,Chầu văn,chau_van/audio_7_164.wav,1,Vừa,Thấp,Rất cao,Trung bình,Nhanh,Rất cao,Vừa
1437,Chầu văn,chau_van/audio_7_164.wav,2,Mạnh,Thấp,Rất trầm,Trung bình,Chậm,Cao,Ít luyến
1438,Chầu văn,chau_van/audio_2_083.wav,1,Yếu,Cao,Rất trầm,Trung bình,Chậm,Rất cao,Vừa
1439,Chầu văn,chau_van/audio_2_083.wav,2,Yếu,Cao,Rất trầm,Trung bình,Nhanh,Rất cao,Ít luyến
1440,Chầu văn,chau_van/audio_5_389.wav,1,Yếu,Cao,Trung,Thấp,Nhanh,Rất cao,Vừa
1441,Chầu văn,chau_van/audio_5_389.wav,2,Yếu,Cao,Rất trầm,Trung bình,Nhanh,Rất cao,Ít luyến
1442,Chầu văn,chau_van/audio_7_009.wav,1,Yếu,Thấp,Rất trầm,Cao,Vừa,Rất thấp,Ít luyến
1443,Chầu văn,chau_van/audio_7_009.wav,2,Yếu,Thấp,Trung,Cao,Vừa,Rất thấp,Ít luyến
1444,Chầu văn,chau_van/audio_7_057.wav,1,Vừa,Thấp,Rất trầm,Cao,Vừa,Rất thấp,Ít luyến
1445,Chầu văn,chau_van/audio_7_057.wav,2,Yếu,Thấp,Rất trầm,Cao,Vừa,Rất thấp,Ít luyến
1446,Chầu văn,chau_van/audio_7_417.wav,1,Yếu,Thấp,Trầm,Cao,Vừa,Thấp,Vừa
1447,Chầu văn,chau_van/audio_7_417.wav,2,Yếu,Thấp,Rất trầm,Cao,Nhanh,Rất thấp,Vừa
1448,Chầu văn,chau_van/audio_5_173.wav,1,Mạnh,Cao,Rất trầm,Cao,Nhanh,Rất thấp,Vừa
1449,Chầu văn,chau_van/audio_5_173.wav,2,Mạnh,Cao,Rất trầm,Cao,Nhanh,Thấp,Ít luyến
1450,Chầu văn,chau_van/audio_5_383.wav,1,Yếu,Cao,Rất cao,Trung bình,Chậm,Rất cao,Nhiều luyến
1451,Chầu văn,chau_van/audio_5_383.wav,2,Yếu,Cao,Trầm,Trung bình,Vừa,Rất cao,Ít luyến
1452,Chầu văn,chau_van/audio_7_385.wav,1,Mạnh,Cao,Rất trầm,Cao,Nhanh,Rất thấp,Ít luyến
1453,Chầu văn,chau_van/audio_7_385.wav,2,Vừa,Thấp,Cao,Cao,Chậm,Cao,Vừa
1454,Chầu văn,chau_van/audio_4_022.wav,1,Yếu,Cao,Cao,Trung bình,Chậm,Rất cao,Ít luyến
1455,Chầu văn,chau_van/audio_4_022.wav,2,Yếu,Cao,Rất trầm,Cao,Vừa,Rất cao,Ít luyến
1456,Chầu văn,chau_van/audio_7_359.wav,1,Mạnh,Thấp,Trung,Trung bình,Vừa,Rất cao,Ít luyến
1457,Chầu văn,chau_van/audio_7_359.wav,2,Mạnh,Cao,Trầm,Trung bình,Nhanh,Cao,Ít luyến
1458,Chầu văn,chau_van/audio_6_041.wav,1,Vừa,Cao,Rất trầm,Trung bình,Nhanh,Rất cao,Ít luyến
1459,Chầu văn,chau_van/audio_6_041.wav,2,Yếu,Cao,Rất trầm,Trung bình,Nhanh,Rất cao,Ít luyến
1460,Chầu văn,chau_van/audio_1_075.wav,1,Yếu,Thấp,Rất cao,Trung bình,Vừa,Rất thấp,Nhiều luyến
1461,Chầu văn,chau_van/audio_1_075.wav,2,Yếu,Thấp,Cao,Trung bình,Nhanh,Rất thấp,Vừa
1462,Chầu văn,chau_van/audio_0_103.wav,1,Yếu,Cao,Rất trầm,Trung bình,Vừa,Cao,Ít luyến
1463,Chầu văn,chau_van/audio_0_103.wav,2,Yếu,Cao,Cao,Trung bình,Vừa,Rất cao,Vừa
1464,Chầu văn,chau_van/audio_5_214.wav,1,Mạnh,Cao,Rất trầm,Cao,Vừa,Rất cao,Ít luyến
1465,Chầu văn,chau_van/audio_5_214.wav,2,Mạnh,Cao,Trung,Cao,Chậm,Rất cao,Ít luyến
1466,Chầu văn,chau_van/audio_5_653.wav,1,Yếu,Cao,Rất cao,Trung bình,Vừa,Rất cao,Vừa
1467,Chầu văn,chau_van/audio_5_653.wav,2,Yếu,Cao,Rất trầm,Trung bình,Vừa,Cao,Ít luyến
1468,Chầu văn,chau_van/audio_7_399.wav,1,Mạnh,Thấp,Rất trầm,Trung bình,Chậm,Trung bình,Vừa
1469,Chầu văn,chau_van/audio_7_399.wav,2,Mạnh,Thấp,Trầm,Trung bình,Nhanh,Cao,Ít luyến
1470,Chầu văn,chau_van/audio_5_337.wav,1,Yếu,Cao,Trung,Thấp,Vừa,Rất cao,Ít luyến
1471,Chầu văn,chau_van/audio_5_337.wav,2,Yếu,Cao,Trung,Trung bình,Vừa,Rất cao,Vừa
1472,Chầu văn,chau_van/audio_5_526.wav,1,Yếu,Cao,Rất trầm,Cao,Nhanh,Rất thấp,Ít luyến
1473,Chầu văn,chau_van/audio_5_526.wav,2,Yếu,Cao,Rất trầm,Cao,Chậm,Cao,Vừa
1474,Chầu văn,chau_van/audio_7_323.wav,1,Vừa,Thấp,Rất trầm,Trung bình,Chậm,Rất thấp,Ít luyến
1475,Chầu văn,chau_van/audio_7_323.wav,2,Vừa,Thấp,Trầm,Trung bình,Chậm,Thấp,Ít luyến
1476,Chầu văn,chau_van/audio_5_380.wav,1,Yếu,Cao,Rất trầm,Trung bình,Nhanh,Rất cao,Ít luyến
1477,Chầu văn,chau_van/audio_5_380.wav,2,Yếu,Cao,Rất cao,Trung bình,Nhanh,Rất cao,Nhiều luyến
1478,Chầu văn,chau_van/audio_5_467.wav,1,Yếu,Cao,Rất trầm,Trung bình,Vừa,Rất cao,Ít luyến
1479,Chầu văn,chau_van/audio_5_467.wav,2,Yếu,Cao,Rất trầm,Cao,Vừa,Rất cao,Ít luyến
1480,Chầu văn,chau_van/audio_5_058.wav,1,Yếu,Cao,Rất trầm,Thấp,Vừa,Rất cao,Ít luyến
1481,Chầu văn,chau_van/audio_5_058.wav,2,Yếu,Cao,Rất trầm,Thấp,Vừa,Rất cao,Ít luyến
1482,Chầu văn,chau_van/audio_0_076.wav,1,Yếu,Cao,Rất trầm,Trung bình,Chậm,Cao,Ít luyến
1483,Chầu văn,chau_van/audio_0_076.wav,2,Yếu,Cao,Rất trầm,Trung bình,Chậm,Rất cao,Ít luyến
1484,Chầu văn,chau_van/audio_5_088.wav,1,Yếu,Cao,Rất trầm,Thấp,Nhanh,Rất cao,Ít luyến
1485,Chầu văn,chau_van/audio_5_088.wav,2,Yếu,Cao,Rất trầm,Thấp,Nhanh,Rất cao,Ít luyến
1486,Chầu văn,chau_van/audio_7_324.wav,1,Yếu,Thấp,Trung,Cao,Vừa,Cao,Vừa
1487,Chầu văn,chau_van/audio_7_324.wav,2,Yếu,Thấp,Rất trầm,Thấp,Chậm,Rất thấp,Ít luyến
1488,Chầu văn,chau_van/audio_5_341.wav,1,Yếu,Cao,Rất trầm,Cao,Vừa,Rất cao,Ít luyến
1489,Chầu văn,chau_van/audio_5_341.wav,2,Yếu,Cao,Trung,Cao,Vừa,Rất cao,Ít luyến
1490,Chầu văn,chau_van/audio_5_686.wav,1,Rất yếu,Cao,Rất trầm,Cao,Vừa,Rất thấp,Ít luyến
1491,Chầu văn,chau_van/audio_5_686.wav,2,Yếu,Cao,Rất trầm,Trung bình,Vừa,Rất thấp,Ít luyến
1492,Chầu văn,chau_van/audio_5_416.wav,1,Mạnh,Thấp,Rất trầm,Trung bình,Chậm,Rất thấp,Ít luyến
1493,Chầu văn,chau_van/audio_5_416.wav,2,Yếu,Cao,Rất trầm,Trung bình,Vừa,Rất cao,Ít luyến
1494,Chầu văn,chau_van/audio_5_015.wav,1,Yếu,Cao,Rất trầm,Thấp,Vừa,Rất cao,Ít luyến
1495,Chầu văn,chau_van/audio_5_015.wav,2,Yếu,Cao,Rất trầm,Trung bình,Chậm,Rất cao,Ít luyến
1496,Chầu văn,chau_van/audio_5_665.wav,1,Yếu,Cao,Rất cao,Trung bình,Vừa,Rất cao,Nhiều luyến
1497,Chầu văn,chau_van/audio_5_665.wav,2,Vừa,Cao,Rất trầm,Trung bình,Vừa,Rất thấp,Ít luyến
1498,Chầu văn,chau_van/audio_1_019.wav,1,Yếu,Thấp,Rất trầm,Cao,Nhanh,Cao,Ít luyến
1499,Chầu văn,chau_van/audio_1_019.wav,2,Mạnh,Thấp,Rất trầm,Cao,Nhanh,Trung bình,Ít luyến
1500,Chầu văn,chau_van/audio_5_396.wav,1,Yếu,Cao,Rất trầm,Trung bình,Vừa,Rất cao,Ít luyến
1501,Chầu văn,chau_van/audio_5_396.wav,2,Yếu,Cao,Rất cao,Thấp,Chậm,Rất cao,Nhiều luyến
1502,Chầu văn,chau_van/audio_5_096.wav,1,Yếu,Cao,Rất trầm,Thấp,Nhanh,Rất cao,Ít luyến
1503,Chầu văn,chau_van/audio_5_096.wav,2,Yếu,Cao,Rất trầm,Thấp,Nhanh,Rất cao,Ít luyến
1504,Chầu văn,chau_van/audio_5_089.wav,1,Yếu,Cao,Rất trầm,Thấp,Nhanh,Rất cao,Ít luyến
1505,Chầu văn,chau_van/audio_5_089.wav,2,Yếu,Cao,Rất trầm,Thấp,Nhanh,Rất cao,Ít luyến
1506,Chầu văn,chau_van/audio_7_375.wav,1,Mạnh,Thấp,Rất trầm,Trung bình,Chậm,Rất thấp,Vừa
1507,Chầu văn,chau_van/audio_7_375.wav,2,Vừa,Thấp,Rất trầm,Trung bình,Chậm,Thấp,Ít luyến
1508,Chầu văn,chau_van/audio_3_021.wav,1,Rất mạnh,Thấp,Rất trầm,Cao,Vừa,Rất cao,Ít luyến
1509,Chầu văn,chau_van/audio_3_021.wav,2,Vừa,Thấp,Rất trầm,Trung bình,Vừa,Rất cao,Ít luyến
1510,Chầu văn,chau_van/audio_1_072.wav,1,Mạnh,Thấp,Rất trầm,Cao,Vừa,Rất cao,Ít luyến
1511,Chầu văn,chau_van/audio_1_072.wav,2,Vừa,Thấp,Rất trầm,Trung bình,Nhanh,Cao,Ít luyến
1512,Chầu văn,chau_van/audio_5_641.wav,1,Rất yếu,Cao,Rất trầm,Thấp,Vừa,Rất cao,Ít luyến
1513,Chầu văn,chau_van/audio_5_641.wav,2,Vừa,Cao,Rất trầm,Thấp,Chậm,Rất thấp,Ít luyến
1514,Chầu văn,chau_van/audio_5_433.wav,1,Mạnh,Thấp,Trung,Trung bình,Vừa,Rất cao,Ít luyến
1515,Chầu văn,chau_van/audio_5_433.wav,2,Yếu,Cao,Rất trầm,Trung bình,Vừa,Rất cao,Ít luyến
1516,Chầu văn,chau_van/audio_5_390.wav,1,Yếu,Cao,Rất trầm,Trung bình,Vừa,Rất cao,Ít luyến
1517,Chầu văn,chau_van/audio_5_390.wav,2,Yếu,Cao,Cao,Thấp,Nhanh,Rất cao,Vừa
1518,Chầu văn,chau_van/audio_5_683.wav,1,Rất yếu,Cao,Rất trầm,Cao,Vừa,Rất thấp,Ít luyến
1519,Chầu văn,chau_van/audio_5_683.wav,2,Yếu,Cao,Rất trầm,Cao,Vừa,Rất thấp,Ít luyến
1520,Chầu văn,chau_van/audio_5_351.wav,1,Rất yếu,Cao,Rất trầm,Trung bình,Vừa,Cao,Ít luyến
1521,Chầu văn,chau_van/audio_5_351.wav,2,Yếu,Cao,Cao,Thấp,Vừa,Rất cao,Vừa
1522,Chầu văn,chau_van/audio_3_045.wav,1,Mạnh,Cao,Trung,Trung bình,Vừa,Rất thấp,Vừa
1523,Chầu văn,chau_van/audio_3_045.wav,2,Mạnh,Cao,Trầm,Cao,Vừa,Rất thấp,Vừa
1524,Chầu văn,chau_van/audio_7_145.wav,1,Mạnh,Thấp,Rất trầm,Trung bình,Nhanh,Cao,Vừa
1525,Chầu văn,chau_van/audio_7_145.wav,2,Mạnh,Thấp,Rất trầm,Cao,Nhanh,Rất cao,Ít luyến
1526,Chầu văn,chau_van/audio_0_014.wav,1,Yếu,Thấp,Rất trầm,Trung bình,Vừa,Rất cao,Ít luyến
1527,Chầu văn,chau_van/audio_0_014.wav,2,Yếu,Thấp,Trung,Thấp,Vừa,Rất cao,Ít luyến
1528,Chầu văn,chau_van/audio_5_693.wav,1,Rất yếu,Cao,Rất cao,Trung bình,Chậm,Thấp,Vừa
1529,Chầu văn,chau_van/audio_5_693.wav,2,Rất yếu,Cao,Rất trầm,Cao,Vừa,Trung bình,Ít luyến
1530,Chầu văn,chau_van/audio_2_144.wav,1,Yếu,Cao,Trung,Trung bình,Vừa,Rất cao,Ít luyến
1531,Chầu văn,chau_van/audio_2_144.wav,2,Vừa,Cao,Rất trầm,Trung bình,Vừa,Rất cao,Ít luyến
1532,Chầu văn,chau_van/audio_7_137.wav,1,Mạnh,Thấp,Rất trầm,Trung bình,Nhanh,Cao,Ít luyến
1533,Chầu văn,chau_van/audio_7_137.wav,2,Rất mạnh,Thấp,Trầm,Cao,Vừa,Rất cao,Ít luyến
1534,Chầu văn,chau_van/audio_1_046.wav,1,Yếu,Thấp,Cao,Cao,Nhanh,Rất thấp,Vừa
1535,Chầu văn,chau_van/audio_1_046.wav,2,Mạnh,Thấp,Trầm,Cao,Nhanh,Rất thấp,Ít luyến
1536,Chầu văn,chau_van/audio_2_063.wav,1,Yếu,Cao,Trung,Thấp,Nhanh,Rất cao,Ít luyến
1537,Chầu văn,chau_van/audio_2_063.wav,2,Yếu,Cao,Rất cao,Trung bình,Nhanh,Rất cao,Vừa
1538,Chầu văn,chau_van/audio_2_007.wav,1,Rất yếu,Cao,Cao,Trung bình,Vừa,Rất cao,Ít luyến
1539,Chầu văn,chau_van/audio_2_007.wav,2,Yếu,Cao,Rất trầm,Thấp,Vừa,Rất cao,Ít luyến
1540,Chầu văn,chau_van/audio_5_643.wav,1,Yếu,Cao,Rất trầm,Trung bình,Chậm,Cao,Ít luyến
1541,Chầu văn,chau_van/audio_5_643.wav,2,Yếu,Cao,Rất cao,Trung bình,Chậm,Rất cao,Vừa
1542,Chầu văn,chau_van/audio_5_381.wav,1,Yếu,Cao,Cao,Trung bình,Nhanh,Rất cao,Vừa
1543,Chầu văn,chau_van/audio_5_381.wav,2,Yếu,Cao,Rất trầm,Trung bình,Nhanh,Rất cao,Ít luyến
1544,Chầu văn,chau_van/audio_0_013.wav,1,Yếu,Thấp,Trầm,Trung bình,Vừa,Rất cao,Ít luyến
1545,Chầu văn,chau_van/audio_0_013.wav,2,Yếu,Cao,Rất trầm,Trung bình,Vừa,Rất cao,Ít luyến
1546,Chầu văn,chau_van/audio_3_020.wav,1,Rất mạnh,Thấp,Rất cao,Cao,Nhanh,Rất cao,Nhiều luyến
1547,Chầu văn,chau_van/audio_3_020.wav,2,Rất mạnh,Thấp,Trầm,Cao,Nhanh,Rất cao,Ít luyến
1548,Chầu văn,chau_van/audio_5_680.wav,1,Rất yếu,Trung bình,Rất cao,Trung bình,Chậm,Thấp,Vừa
1549,Chầu văn,chau_van/audio_5_680.wav,2,Rất yếu,Cao,Rất cao,Trung bình,Chậm,Thấp,Vừa
1550,Chầu văn,chau_van/audio_5_463.wav,1,Yếu,Cao,Rất trầm,Trung bình,Vừa,Rất thấp,Ít luyến
1551,Chầu văn,chau_van/audio_5_463.wav,2,Yếu,Cao,Trung,Trung bình,Vừa,Rất cao,Ít luyến
1552,Chầu văn,chau_van/audio_5_617.wav,1,Mạnh,Thấp,Trầm,Cao,Vừa,Rất thấp,Vừa
1553,Chầu văn,chau_van/audio_5_617.wav,2,Rất mạnh,Thấp,Rất trầm,Cao,Vừa,Rất thấp,Ít luyến
1554,Chầu văn,chau_van/audio_5_338.wav,1,Yếu,Cao,Rất trầm,Trung bình,Vừa,Rất cao,Ít luyến
1555,Chầu văn,chau_van/audio_5_338.wav,2,Yếu,Cao,Rất trầm,Trung bình,Vừa,Rất cao,Ít luyến
1556,Chầu văn,chau_van/audio_7_190.wav,1,Rất mạnh,Thấp,Rất trầm,Cao,Chậm,Rất cao,Ít luyến
1557,Chầu văn,chau_van/audio_7_190.wav,2,Rất mạnh,Thấp,Rất trầm,Trung bình,Vừa,Rất cao,Ít luyến
1558,Chầu văn,chau_van/audio_5_511.wav,1,Vừa,Thấp,Rất trầm,Trung bình,Vừa,Rất cao,Ít luyến
1559,Chầu văn,chau_van/audio_5_511.wav,2,Yếu,Cao,Rất trầm,Trung bình,Vừa,Rất cao,Ít luyến
1560,Chầu văn,chau_van/audio_7_382.wav,1,Vừa,Thấp,Trung,Cao,Nhanh,Trung bình,Vừa
1561,Chầu văn,chau_van/audio_7_382.wav,2,Mạnh,Thấp,Rất trầm,Cao,Nhanh,Rất thấp,Vừa
1562,Chầu văn,chau_van/audio_7_017.wav,1,Mạnh,Thấp,Rất trầm,Cao,Vừa,Rất thấp,Ít luyến
1563,Chầu văn,chau_van/audio_7_017.wav,2,Vừa,Thấp,Cao,Cao,Vừa,Rất thấp,Nhiều luyến
1564,Chầu văn,chau_van/audio_7_457.wav,1,Vừa,Thấp,Cao,Trung bình,Chậm,Rất thấp,Nhiều luyến
1565,Chầu văn,chau_van/audio_7_457.wav,2,Mạnh,Thấp,Trầm,Trung bình,Chậm,Rất thấp,Vừa
1566,Chầu văn,chau_van/audio_5_334.wav,1,Mạnh,Cao,Rất trầm,Trung bình,Chậm,Rất thấp,Ít luyến
1567,Chầu văn,chau_van/audio_5_334.wav,2,Rất mạnh,Cao,Rất trầm,Trung bình,Nhanh,Rất thấp,Ít luyến
1568,Chầu văn,chau_van/audio_5_399.wav,1,Yếu,Cao,Rất cao,Thấp,Nhanh,Rất cao,Nhiều luyến
1569,Chầu văn,chau_van/audio_5_399.wav,2,Yếu,Cao,Rất cao,Trung bình,Nhanh,Rất cao,Vừa
1570,Chầu văn,chau_van/audio_7_284.wav,1,Yếu,Thấp,Rất cao,Cao,Chậm,Thấp,Vừa
1571,Chầu văn,chau_van/audio_7_284.wav,2,Yếu,Thấp,Trầm,Trung bình,Vừa,Rất thấp,Vừa
1572,Chầu văn,chau_van/audio_0_042.wav,1,Yếu,Cao,Trung,Thấp,Nhanh,Rất cao,Ít luyến
1573,Chầu văn,chau_van/audio_0_042.wav,2,Yếu,Trung bình,Rất trầm,Thấp,Nhanh,Rất cao,Ít luyến
1574,Chầu văn,chau_van/audio_5_360.wav,1,Yếu,Cao,Rất trầm,Trung bình,Vừa,Rất cao,Ít luyến
1575,Chầu văn,chau_van/audio_5_360.wav,2,Yếu,Cao,Cao,Trung bình,Vừa,Rất cao,Ít luyến
1576,Chầu văn,chau_van/audio_5_733.wav,1,Yếu,Trung bình,Rất cao,Trung bình,Nhanh,Rất cao,Nhiều luyến
1577,Chầu văn,chau_van/audio_5_733.wav,2,Rất yếu,Thấp,Rất trầm,Thấp,Nhanh,Rất cao,Ít luyến
1578,Chầu văn,chau_van/audio_6_019.wav,1,Yếu,Thấp,Rất trầm,Trung bình,Vừa,Rất cao,Ít luyến
1579,Chầu văn,chau_van/audio_6_019.wav,2,Yếu,Cao,Rất trầm,Trung bình,Vừa,Rất cao,Ít luyến
1580,Chầu văn,chau_van/audio_5_449.wav,1,Yếu,Cao,Rất trầm,Trung bình,Vừa,Rất cao,Ít luyến
1581,Chầu văn,chau_van/audio_5_449.wav,2,Rất yếu,Cao,Rất trầm,Trung bình,Vừa,Rất cao,Ít luyến
1582,Chầu văn,chau_van/audio_7_283.wav,1,Rất yếu,Thấp,Trầm,Cao,Chậm,Rất thấp,Vừa
1583,Chầu văn,chau_van/audio_7_283.wav,2,Vừa,Thấp,Rất trầm,Trung bình,Chậm,Rất thấp,Ít luyến
1584,Chầu văn,chau_van/audio_5_484.wav,1,Yếu,Cao,Trung,Trung bình,Vừa,Rất cao,Vừa
1585,Chầu văn,chau_van/audio_5_484.wav,2,Yếu,Cao,Rất trầm,Cao,Vừa,Rất cao,Ít luyến
1586,Chầu văn,chau_van/audio_3_077.wav,1,Mạnh,Cao,Rất trầm,Cao,Nhanh,Rất thấp,Vừa
1587,Chầu văn,chau_van/audio_3_077.wav,2,Mạnh,Cao,Rất trầm,Cao,Nhanh,Rất thấp,Vừa
1588,Chầu văn,chau_van/audio_5_734.wav,1,Rất yếu,Thấp,Trung,Trung bình,Nhanh,Rất cao,Ít luyến
1589,Chầu văn,chau_van/audio_5_734.wav,2,Rất yếu,Thấp,Cao,Trung bình,Nhanh,Rất cao,Nhiều luyến
1590,Chầu văn,chau_van/audio_3_073.wav,1,Mạnh,Cao,Rất trầm,Cao,Nhanh,Rất thấp,Ít luyến
1591,Chầu văn,chau_van/audio_3_073.wav,2,Yếu,Cao,Trung,Cao,Nhanh,Rất thấp,Ít luyến
1592,Chầu văn,chau_van/audio_7_271.wav,1,Yếu,Thấp,Trung,Cao,Chậm,Thấp,Ít luyến
1593,Chầu văn,chau_van/audio_7_271.wav,2,Yếu,Thấp,Rất trầm,Trung bình,Vừa,Rất thấp,Ít luyến
1594,Chầu văn,chau_van/audio_7_028.wav,1,Mạnh,Thấp,Trầm,Cao,Nhanh,Rất thấp,Ít luyến
1595,Chầu văn,chau_van/audio_7_028.wav,2,Vừa,Thấp,Cao,Cao,Chậm,Thấp,Nhiều luyến
1596,Chầu văn,chau_van/audio_5_453.wav,1,Rất yếu,Cao,Rất trầm,Cao,Vừa,Rất cao,Ít luyến
1597,Chầu văn,chau_van/audio_5_453.wav,2,Vừa,Cao,Rất trầm,Trung bình,Vừa,Rất cao,Ít luyến
1598,Chầu văn,chau_van/audio_5_486.wav,1,Yếu,Cao,Rất cao,Trung bình,Vừa,Rất cao,Vừa
1599,Chầu văn,chau_van/audio_5_486.wav,2,Yếu,Cao,Rất trầm,Trung bình,Vừa,Rất cao,Ít luyến
1600,Chầu văn,chau_van/audio_5_344.wav,1,Yếu,Cao,Rất trầm,Trung bình,Vừa,Rất cao,Ít luyến
1601,Chầu văn,chau_van/audio_5_344.wav,2,Yếu,Cao,Rất cao,Trung bình,Vừa,Rất cao,Vừa
1602,Chầu văn,chau_van/audio_5_495.wav,1,Yếu,Cao,Rất trầm,Trung bình,Nhanh,Rất cao,Ít luyến
1603,Chầu văn,chau_van/audio_5_495.wav,2,Rất yếu,Cao,Rất trầm,Cao,Nhanh,Rất cao,Ít luyến
1604,Chầu văn,chau_van/audio_0_061.wav,1,Mạnh,Thấp,Rất trầm,Cao,Vừa,Rất thấp,Ít luyến
1605,Chầu văn,chau_van/audio_0_061.wav,2,Mạnh,Thấp,Trầm,Cao,Vừa,Rất thấp,Ít luyến
1606,Chầu văn,chau_van/audio_7_340.wav,1,Yếu,Thấp,Rất cao,Cao,Vừa,Rất cao,Vừa
1607,Chầu văn,chau_van/audio_7_340.wav,2,Mạnh,Thấp,Rất cao,Cao,Vừa,Cao,Vừa
1608,Chầu văn,chau_van/audio_7_140.wav,1,Mạnh,Thấp,Rất trầm,Cao,Chậm,Rất cao,Ít luyến
1609,Chầu văn,chau_van/audio_7_140.wav,2,Mạnh,Thấp,Rất trầm,Trung bình,Nhanh,Cao,Vừa
1610,Chầu văn,chau_van/audio_5_362.wav,1,Yếu,Cao,Trung,Thấp,Vừa,Rất cao,Ít luyến
1611,Chầu văn,chau_van/audio_5_362.wav,2,Yếu,Cao,Trung,Thấp,Vừa,Rất cao,Ít luyến
1612,Chầu văn,chau_van/audio_1_034.wav,1,Vừa,Thấp,Rất cao,Cao,Chậm,Trung bình,Nhiều luyến
1613,Chầu văn,chau_van/audio_1_034.wav,2,Yếu,Thấp,Rất trầm,Trung bình,Chậm,Cao,Ít luyến
1614,Chầu văn,chau_van/audio_5_654.wav,1,Yếu,Cao,Cao,Trung bình,Vừa,Thấp,Vừa
1615,Chầu văn,chau_van/audio_5_654.wav,2,Yếu,Cao,Cao,Trung bình,Vừa,Rất thấp,Vừa
1616,Chầu văn,chau_van/audio_5_640.wav,1,Mạnh,Thấp,Rất trầm,Trung bình,Vừa,Rất cao,Ít luyến
1617,Chầu văn,chau_van/audio_5_640.wav,2,Yếu,Cao,Rất trầm,Trung bình,Vừa,Rất cao,Ít luyến
1618,Chầu văn,chau_van/audio_5_324.wav,1,Mạnh,Thấp,Rất trầm,Cao,Nhanh,Trung bình,Ít luyến
1619,Chầu văn,chau_van/audio_5_324.wav,2,Mạnh,Thấp,Rất trầm,Cao,Nhanh,Thấp,Ít luyến
1620,Chầu văn,chau_van/audio_7_329.wav,1,Vừa,Thấp,Trầm,Trung bình,Chậm,Rất thấp,Ít luyến
1621,Chầu văn,chau_van/audio_7_329.wav,2,Yếu,Thấp,Rất cao,Cao,Chậm,Rất thấp,Vừa
1622,Chầu văn,chau_van/audio_7_185.wav,1,Mạnh,Thấp,Rất trầm,Trung bình,Nhanh,Cao,Ít luyến
1623,Chầu văn,chau_van/audio_7_185.wav,2,Mạnh,Thấp,Rất trầm,Trung bình,Nhanh,Rất cao,Ít luyến
1624,Chầu văn,chau_van/audio_5_236.wav,1,Mạnh,Cao,Trung,Cao,Nhanh,Rất thấp,Ít luyến
1625,Chầu văn,chau_van/audio_5_236.wav,2,Mạnh,Cao,Rất trầm,Cao,Nhanh,Rất thấp,Ít luyến
1626,Chầu văn,chau_van/audio_7_430.wav,1,Rất mạnh,Thấp,Rất trầm,Cao,Chậm,Rất cao,Ít luyến
1627,Chầu văn,chau_van/audio_7_430.wav,2,Rất mạnh,Thấp,Rất trầm,Cao,Vừa,Rất cao,Ít luyến
1628,Chầu văn,chau_van/audio_5_412.wav,1,Yếu,Cao,Trầm,Trung bình,Vừa,Rất cao,Vừa
1629,Chầu văn,chau_van/audio_5_412.wav,2,Yếu,Cao,Trung,Trung bình,Vừa,Rất cao,Nhiều luyến
1630,Chầu văn,chau_van/audio_7_328.wav,1,Mạnh,Thấp,Trầm,Trung bình,Vừa,Rất thấp,Vừa
1631,Chầu văn,chau_van/audio_7_328.wav,2,Vừa,Thấp,Rất trầm,Trung bình,Chậm,Rất thấp,Ít luyến
1632,Chầu văn,chau_van/audio_5_155.wav,1,Yếu,Cao,Rất trầm,Thấp,Nhanh,Rất cao,Ít luyến
1633,Chầu văn,chau_van/audio_5_155.wav,2,Yếu,Cao,Rất trầm,Trung bình,Nhanh,Rất cao,Ít luyến
1634,Chầu văn,chau_van/audio_5_613.wav,1,Mạnh,Thấp,Rất trầm,Cao,Vừa,Rất thấp,Ít luyến
1635,Chầu văn,chau_van/audio_5_613.wav,2,Yếu,Cao,Trung,Cao,Chậm,Trung bình,Vừa
1636,Chầu văn,chau_van/audio_7_004.wav,1,Vừa,Thấp,Rất trầm,Trung bình,Vừa,Trung bình,Ít luyến
1637,Chầu văn,chau_van/audio_7_004.wav,2,Mạnh,Thấp,Rất trầm,Trung bình,Vừa,Thấp,Ít luyến
1638,Chầu văn,chau_van/audio_5_418.wav,1,Yếu,Trung bình,Cao,Trung bình,Vừa,Rất cao,Ít luyến
1639,Chầu văn,chau_van/audio_5_418.wav,2,Yếu,Thấp,Rất trầm,Trung bình,Vừa,Rất cao,Ít luyến
1640,Chầu văn,chau_van/audio_5_044.wav,1,Rất yếu,Cao,Rất trầm,Thấp,Vừa,Cao,Ít luyến
1641,Chầu văn,chau_van/audio_5_044.wav,2,Yếu,Cao,Cao,Thấp,Vừa,Cao,Ít luyến
1642,Chầu văn,chau_van/audio_5_595.wav,1,Yếu,Cao,Rất trầm,Trung bình,Vừa,Trung bình,Ít luyến
1643,Chầu văn,chau_van/audio_5_595.wav,2,Yếu,Trung bình,Cao,Trung bình,Chậm,Rất cao,Nhiều luyến
1644,Chầu văn,chau_van/audio_7_289.wav,1,Mạnh,Thấp,Trầm,Cao,Chậm,Rất thấp,Vừa
1645,Chầu văn,chau_van/audio_7_289.wav,2,Vừa,Thấp,Rất trầm,Cao,Vừa,Thấp,Vừa
1646,Chầu văn,chau_van/audio_5_465.wav,1,Yếu,Cao,Rất trầm,Trung bình,Vừa,Rất cao,Ít luyến
1647,Chầu văn,chau_van/audio_5_465.wav,2,Yếu,Cao,Trung,Trung bình,Vừa,Cao,Vừa
1648,Chầu văn,chau_van/audio_7_072.wav,1,Vừa,Thấp,Rất cao,Cao,Nhanh,Rất thấp,Vừa
1649,Chầu văn,chau_van/audio_7_072.wav,2,Vừa,Thấp,Rất trầm,Cao,Chậm,Rất thấp,Ít luyến
1650,Chầu văn,chau_van/audio_2_089.wav,1,Rất yếu,Cao,Trung,Trung bình,Vừa,Rất cao,Ít luyến
1651,Chầu văn,chau_van/audio_2_089.wav,2,Yếu,Cao,Rất trầm,Cao,Chậm,Cao,Ít luyến
1652,Chầu văn,chau_van/audio_5_656.wav,1,Yếu,Cao,Rất trầm,Cao,Nhanh,Rất thấp,Ít luyến
1653,Chầu văn,chau_van/audio_5_656.wav,2,Yếu,Cao,Cao,Trung bình,Vừa,Rất thấp,Nhiều luyến
1654,Chầu văn,chau_van/audio_6_049.wav,1,Vừa,Cao,Rất trầm,Trung bình,Vừa,Rất cao,Ít luyến
1655,Chầu văn,chau_van/audio_6_049.wav,2,Vừa,Cao,Rất trầm,Trung bình,Vừa,Rất cao,Ít luyến
1656,Chầu văn,chau_van/audio_7_005.wav,1,Yếu,Thấp,Rất trầm,Trung bình,Chậm,Thấp,Ít luyến
1657,Chầu văn,chau_van/audio_7_005.wav,2,Yếu,Thấp,Trầm,Cao,Vừa,Thấp,Ít luyến
1658,Chầu văn,chau_van/audio_5_233.wav,1,Mạnh,Cao,Trung,Cao,Nhanh,Rất thấp,Ít luyến
1659,Chầu văn,chau_van/audio_5_233.wav,2,Mạnh,Cao,Rất trầm,Cao,Nhanh,Rất thấp,Ít luyến
1660,Chầu văn,chau_van/audio_0_022.wav,1,Yếu,Thấp,Rất trầm,Trung bình,Chậm,Rất thấp,Ít luyến
1661,Chầu văn,chau_van/audio_0_022.wav,2,Vừa,Thấp,Trầm,Thấp,Chậm,Rất thấp,Vừa
1662,Chầu văn,chau_van/audio_3_022.wav,1,Rất mạnh,Thấp,Trầm,Cao,Nhanh,Trung bình,Vừa
1663,Chầu văn,chau_van/audio_3_022.wav,2,Mạnh,Thấp,Rất trầm,Trung bình,Nhanh,Cao,Ít luyến
1664,Chầu văn,chau_van/audio_7_011.wav,1,Mạnh,Thấp,Cao,Cao,Vừa,Rất thấp,Vừa
1665,Chầu văn,chau_van/audio_7_011.wav,2,Mạnh,Thấp,Rất trầm,Cao,Nhanh,Thấp,Ít luyến
1666,Chầu văn,chau_van/audio_5_159.wav,1,Yếu,Cao,Rất trầm,Thấp,Nhanh,Rất cao,Ít luyến
1667,Chầu văn,chau_van/audio_5_159.wav,2,Yếu,Cao,Rất trầm,Thấp,Chậm,Rất cao,Ít luyến
1668,Chầu văn,chau_van/audio_7_036.wav,1,Rất mạnh,Thấp,Rất cao,Cao,Vừa,Rất thấp,Nhiều luyến
1669,Chầu văn,chau_van/audio_7_036.wav,2,Mạnh,Thấp,Rất cao,Cao,Chậm,Rất thấp,Nhiều luyến
1670,Chầu văn,chau_van/audio_5_333.wav,1,Yếu,Cao,Rất trầm,Trung bình,Vừa,Rất cao,Ít luyến
1671,Chầu văn,chau_van/audio_5_333.wav,2,Vừa,Cao,Rất trầm,Cao,Vừa,Rất cao,Ít luyến
1672,Chầu văn,chau_van/audio_1_036.wav,1,Mạnh,Thấp,Rất trầm,Trung bình,Nhanh,Cao,Vừa
1673,Chầu văn,chau_van/audio_1_036.wav,2,Yếu,Thấp,Trầm,Cao,Nhanh,Rất thấp,Vừa
1674,Chầu văn,chau_van/audio_5_672.wav,1,Yếu,Cao,Rất cao,Trung bình,Vừa,Cao,Vừa
1675,Chầu văn,chau_van/audio_5_672.wav,2,Yếu,Cao,Rất trầm,Trung bình,Vừa,Rất thấp,Ít luyến
1676,Chầu văn,chau_van/audio_5_206.wav,1,Mạnh,Cao,Rất trầm,Cao,Nhanh,Rất thấp,Ít luyến
1677,Chầu văn,chau_van/audio_5_206.wav,2,Yếu,Cao,Rất trầm,Cao,Chậm,Thấp,Ít luyến
1678,Chầu văn,chau_van/audio_3_029.wav,1,Mạnh,Thấp,Rất trầm,Trung bình,Chậm,Rất cao,Ít luyến
1679,Chầu văn,chau_van/audio_3_029.wav,2,Mạnh,Cao,Rất trầm,Trung bình,Nhanh,Rất cao,Ít luyến
1680,Chầu văn,chau_van/audio_5_662.wav,1,Yếu,Cao,Cao,Trung bình,Vừa,Cao,Vừa
1681,Chầu văn,chau_van/audio_5_662.wav,2,Yếu,Cao,Rất trầm,Trung bình,Vừa,Cao,Ít luyến
1682,Chầu văn,chau_van/audio_5_745.wav,1,Rất yếu,Thấp,Rất trầm,Trung bình,Chậm,Rất cao,Ít luyến
1683,Chầu văn,chau_van/audio_5_745.wav,2,Yếu,Cao,Trung,Cao,Nhanh,Rất cao,Ít luyến
1684,Chầu văn,chau_van/audio_5_625.wav,1,Yếu,Thấp,Rất trầm,Trung bình,Nhanh,Rất cao,Ít luyến
1685,Chầu văn,chau_van/audio_5_625.wav,2,Yếu,Cao,Cao,Trung bình,Nhanh,Rất cao,Ít luyến
1686,Chầu văn,chau_van/audio_5_545.wav,1,Yếu,Thấp,Trung,Cao,Nhanh,Trung bình,Ít luyến
1687,Chầu văn,chau_van/audio_5_545.wav,2,Rất yếu,Thấp,Trầm,Cao,Nhanh,Trung bình,Ít luyến
1688,Chầu văn,chau_van/audio_0_069.wav,1,Rất mạnh,Cao,Trầm,Cao,Vừa,Rất thấp,Vừa
1689,Chầu văn,chau_van/audio_0_069.wav,2,Mạnh,Thấp,Rất trầm,Cao,Vừa,Rất thấp,Ít luyến
1690,Chầu văn,chau_van/audio_7_381.wav,1,Vừa,Thấp,Trầm,Cao,Chậm,Cao,Ít luyến
1691,Chầu văn,chau_van/audio_7_381.wav,2,Mạnh,Thấp,Rất trầm,Cao,Chậm,Thấp,Vừa
1692,Chầu văn,chau_van/audio_5_226.wav,1,Mạnh,Cao,Trung,Cao,Vừa,Rất thấp,Ít luyến
1693,Chầu văn,chau_van/audio_5_226.wav,2,Rất mạnh,Cao,Rất trầm,Cao,Vừa,Thấp,Ít luyến
1694,Chầu văn,chau_van/audio_0_064.wav,1,Mạnh,Cao,Rất trầm,Cao,Vừa,Rất thấp,Ít luyến
1695,Chầu văn,chau_van/audio_0_064.wav,2,Mạnh,Thấp,Trầm,Cao,Vừa,Rất thấp,Ít luyến
1696,Chầu văn,chau_van/audio_7_092.wav,1,Yếu,Thấp,Rất trầm,Cao,Vừa,Rất thấp,Ít luyến
1697,Chầu văn,chau_van/audio_7_092.wav,2,Yếu,Thấp,Rất trầm,Cao,Vừa,Rất thấp,Ít luyến
1698,Chầu văn,chau_van/audio_7_038.wav,1,Mạnh,Thấp,Rất cao,Cao,Vừa,Rất cao,Vừa
1699,Chầu văn,chau_van/audio_7_038.wav,2,Rất mạnh,Thấp,Rất trầm,Trung bình,Nhanh,Rất cao,Ít luyến
1700,Chầu văn,chau_van/audio_5_610.wav,1,Mạnh,Cao,Trầm,Cao,Chậm,Rất thấp,Vừa
1701,Chầu văn,chau_van/audio_5_610.wav,2,Mạnh,Thấp,Trầm,Cao,Chậm,Rất thấp,Ít luyến
1702,Chầu văn,chau_van/audio_7_025.wav,1,Mạnh,Thấp,Rất trầm,Cao,Vừa,Rất thấp,Vừa
1703,Chầu văn,chau_van/audio_7_025.wav,2,Yếu,Thấp,Trầm,Cao,Vừa,Rất thấp,Ít luyến
1704,Chầu văn,chau_van/audio_0_066.wav,1,Mạnh,Cao,Rất trầm,Cao,Chậm,Rất thấp,Ít luyến
1705,Chầu văn,chau_van/audio_0_066.wav,2,Rất mạnh,Thấp,Trầm,Cao,Vừa,Rất thấp,Ít luyến
1706,Chầu văn,chau_van/audio_7_409.wav,1,Mạnh,Thấp,Rất trầm,Cao,Vừa,Rất cao,Ít luyến
1707,Chầu văn,chau_van/audio_7_409.wav,2,Mạnh,Thấp,Rất trầm,Cao,Chậm,Rất cao,Ít luyến
1708,Chầu văn,chau_van/audio_5_009.wav,1,Yếu,Cao,Rất trầm,Thấp,Vừa,Rất cao,Ít luyến
1709,Chầu văn,chau_van/audio_5_009.wav,2,Yếu,Cao,Rất trầm,Thấp,Vừa,Rất cao,Ít luyến
1710,Chầu văn,chau_van/audio_7_427.wav,1,Yếu,Thấp,Rất trầm,Trung bình,Chậm,Cao,Ít luyến
1711,Chầu văn,chau_van/audio_7_427.wav,2,Mạnh,Thấp,Rất trầm,Trung bình,Nhanh,Trung bình,Ít luyến
1712,Chầu văn,chau_van/audio_5_164.wav,1,Yếu,Cao,Rất trầm,Thấp,Nhanh,Rất cao,Ít luyến
1713,Chầu văn,chau_van/audio_5_164.wav,2,Yếu,Cao,Rất trầm,Thấp,Chậm,Rất cao,Ít luyến
1714,Chầu văn,chau_van/audio_5_695.wav,1,Rất yếu,Cao,Rất trầm,Trung bình,Vừa,Thấp,Ít luyến
1715,Chầu văn,chau_van/audio_5_695.wav,2,Rất yếu,Cao,Rất cao,Cao,Vừa,Rất thấp,Vừa
1716,Chầu văn,chau_van/audio_0_114.wav,1,Yếu,Cao,Rất trầm,Trung bình,Vừa,Rất thấp,Vừa
1717,Chầu văn,chau_van/audio_0_114.wav,2,Yếu,Cao,Rất trầm,Trung bình,Vừa,Cao,Ít luyến
1718,Chầu văn,chau_van/audio_5_242.wav,1,Mạnh,Cao,Rất trầm,Cao,Chậm,Rất cao,Ít luyến
1719,Chầu văn,chau_van/audio_5_242.wav,2,Mạnh,Thấp,Rất trầm,Cao,Chậm,Rất cao,Ít luyến
1720,Chầu văn,chau_van/audio_5_063.wav,1,Yếu,Cao,Rất trầm,Thấp,Vừa,Rất cao,Ít luyến
1721,Chầu văn,chau_van/audio_5_063.wav,2,Yếu,Cao,Rất trầm,Thấp,Vừa,Rất cao,Ít luyến
1722,Chầu văn,chau_van/audio_0_056.wav,1,Mạnh,Thấp,Rất trầm,Cao,Vừa,Rất thấp,Ít luyến
1723,Chầu văn,chau_van/audio_0_056.wav,2,Mạnh,Thấp,Rất trầm,Cao,Vừa,Rất thấp,Ít luyến
1724,Chầu văn,chau_van/audio_5_556.wav,1,Yếu,Cao,Rất trầm,Cao,Vừa,Thấp,Ít luyến
1725,Chầu văn,chau_van/audio_5_556.wav,2,Rất yếu,Cao,Rất trầm,Trung bình,Vừa,Thấp,Ít luyến
1726,Chầu văn,chau_van/audio_7_461.wav,1,Mạnh,Thấp,Trầm,Trung bình,Nhanh,Rất thấp,Vừa
1727,Chầu văn,chau_van/audio_7_461.wav,2,Mạnh,Thấp,Rất trầm,Cao,Nhanh,Rất thấp,Ít luyến
1728,Chầu văn,chau_van/audio_7_054.wav,1,Yếu,Thấp,Cao,Cao,Nhanh,Rất thấp,Ít luyến
1729,Chầu văn,chau_van/audio_7_054.wav,2,Vừa,Thấp,Cao,Cao,Nhanh,Rất thấp,Vừa
1730,Chầu văn,chau_van/audio_7_236.wav,1,Mạnh,Thấp,Rất trầm,Trung bình,Nhanh,Cao,Ít luyến
1731,Chầu văn,chau_van/audio_7_236.wav,2,Rất mạnh,Thấp,Trầm,Trung bình,Nhanh,Cao,Ít luyến
1732,Chầu văn,chau_van/audio_0_031.wav,1,Yếu,Thấp,Rất trầm,Thấp,Chậm,Rất cao,Ít luyến
1733,Chầu văn,chau_van/audio_0_031.wav,2,Yếu,Thấp,Rất trầm,Trung bình,Chậm,Rất cao,Ít luyến
1734,Chầu văn,chau_van/audio_2_147.wav,1,Vừa,Cao,Rất trầm,Cao,Vừa,Rất cao,Ít luyến
1735,Chầu văn,chau_van/audio_2_147.wav,2,Mạnh,Cao,Rất trầm,Cao,Vừa,Rất cao,Ít luyến
1736,Chầu văn,chau_van/audio_5_330.wav,1,Rất yếu,Trung bình,Rất cao,Thấp,Vừa,Rất cao,Nhiều luyến
1737,Chầu văn,chau_van/audio_5_330.wav,2,Yếu,Cao,Rất trầm,Thấp,Chậm,Rất cao,Ít luyến
1738,Chầu văn,chau_van/audio_5_377.wav,1,Yếu,Cao,Rất trầm,Trung bình,Nhanh,Rất cao,Ít luyến
1739,Chầu văn,chau_van/audio_5_377.wav,2,Yếu,Cao,Rất cao,Thấp,Nhanh,Rất cao,Vừa
1740,Chầu văn,chau_van/audio_1_015.wav,1,Yếu,Thấp,Rất trầm,Cao,Chậm,Rất thấp,Ít luyến
1741,Chầu văn,chau_van/audio_1_015.wav,2,Yếu,Thấp,Trung,Cao,Chậm,Rất thấp,Nhiều luyến
1742,Chầu văn,chau_van/audio_5_188.wav,1,Mạnh,Cao,Rất trầm,Cao,Chậm,Cao,Ít luyến
1743,Chầu văn,chau_van/audio_5_188.wav,2,Mạnh,Thấp,Rất trầm,Cao,Chậm,Cao,Vừa
1744,Chầu văn,chau_van/audio_7_355.wav,1,Mạnh,Thấp,Trầm,Trung bình,Nhanh,Cao,Vừa
1745,Chầu văn,chau_van/audio_7_355.wav,2,Mạnh,Thấp,Rất trầm,Trung bình,Chậm,Cao,Ít luyến
1746,Chầu văn,chau_van/audio_5_583.wav,1,Yếu,Cao,Trầm,Trung bình,Vừa,Trung bình,Ít luyến
1747,Chầu văn,chau_van/audio_5_583.wav,2,Rất yếu,Cao,Rất trầm,Cao,Vừa,Trung bình,Ít luyến
1748,Chầu văn,chau_van/audio_5_580.wav,1,Yếu,Cao,Rất trầm,Cao,Vừa,Thấp,Ít luyến
1749,Chầu văn,chau_van/audio_5_580.wav,2,Yếu,Cao,Cao,Trung bình,Vừa,Trung bình,Vừa
1750,Chầu văn,chau_van/audio_3_081.wav,1,Rất mạnh,Thấp,Trung,Cao,Vừa,Rất thấp,Ít luyến
1751,Chầu văn,chau_van/audio_3_081.wav,2,Rất mạnh,Thấp,Rất trầm,Cao,Vừa,Rất thấp,Ít luyến
1752,Chầu văn,chau_van/audio_3_023.wav,1,Mạnh,Thấp,Trung,Trung bình,Nhanh,Trung bình,Vừa
1753,Chầu văn,chau_van/audio_3_023.wav,2,Mạnh,Thấp,Trầm,Trung bình,Chậm,Rất thấp,Vừa
1754,Chầu văn,chau_van/audio_7_105.wav,1,Vừa,Thấp,Rất trầm,Cao,Vừa,Rất thấp,Ít luyến
1755,Chầu văn,chau_van/audio_7_105.wav,2,Yếu,Thấp,Rất cao,Trung bình,Chậm,Thấp,Nhiều luyến
1756,Chầu văn,chau_van/audio_7_082.wav,1,Mạnh,Thấp,Trầm,Cao,Vừa,Rất thấp,Ít luyến
1757,Chầu văn,chau_van/audio_7_082.wav,2,Yếu,Thấp,Rất cao,Cao,Vừa,Rất thấp,Nhiều luyến
1758,Chầu văn,chau_van/audio_7_391.wav,1,Mạnh,Thấp,Trầm,Trung bình,Chậm,Cao,Ít luyến
1759,Chầu văn,chau_van/audio_7_391.wav,2,Mạnh,Thấp,Rất trầm,Trung bình,Chậm,Cao,Ít luyến
1760,Chầu văn,chau_van/audio_7_276.wav,1,Yếu,Thấp,Rất trầm,Cao,Nhanh,Thấp,Ít luyến
1761,Chầu văn,chau_van/audio_7_276.wav,2,Yếu,Thấp,Rất cao,Cao,Nhanh,Thấp,Vừa
1762,Chầu văn,chau_van/audio_3_002.wav,1,Mạnh,Thấp,Rất trầm,Cao,Chậm,Cao,Ít luyến
1763,Chầu văn,chau_van/audio_3_002.wav,2,Yếu,Cao,Trầm,Cao,Chậm,Thấp,Vừa
1764,Chầu văn,chau_van/audio_5_211.wav,1,Mạnh,Cao,Rất trầm,Cao,Nhanh,Rất thấp,Ít luyến
1765,Chầu văn,chau_van/audio_5_211.wav,2,Yếu,Cao,Rất trầm,Cao,Nhanh,Thấp,Ít luyến
1766,Chầu văn,chau_van/audio_5_224.wav,1,Mạnh,Cao,Rất trầm,Cao,Chậm,Cao,Ít luyến
1767,Chầu văn,chau_van/audio_5_224.wav,2,Mạnh,Cao,Trầm,Cao,Vừa,Cao,Ít luyến
1768,Chầu văn,chau_van/audio_3_044.wav,1,Rất mạnh,Cao,Rất trầm,Cao,Vừa,Rất thấp,Vừa
1769,Chầu văn,chau_van/audio_3_044.wav,2,Vừa,Cao,Trầm,Trung bình,Chậm,Rất thấp,Vừa
1770,Chầu văn,chau_van/audio_5_055.wav,1,Yếu,Cao,Rất trầm,Thấp,Vừa,Rất cao,Ít luyến
1771,Chầu văn,chau_van/audio_5_055.wav,2,Yếu,Cao,Rất trầm,Thấp,Vừa,Rất cao,Ít luyến
1772,Chầu văn,chau_van/audio_5_306.wav,1,Mạnh,Cao,Rất trầm,Cao,Nhanh,Rất thấp,Ít luyến
1773,Chầu văn,chau_van/audio_5_306.wav,2,Mạnh,Thấp,Rất trầm,Cao,Vừa,Rất cao,Ít luyến
1774,Chầu văn,chau_van/audio_5_357.wav,1,Rất yếu,Cao,Rất trầm,Trung bình,Vừa,Trung bình,Ít luyến
1775,Chầu văn,chau_van/audio_5_357.wav,2,Yếu,Cao,Cao,Trung bình,Vừa,Rất cao,Ít luyến
1776,Chầu văn,chau_van/audio_5_210.wav,1,Mạnh,Cao,Trung,Cao,Chậm,Thấp,Ít luyến
1777,Chầu văn,chau_van/audio_5_210.wav,2,Mạnh,Cao,Rất trầm,Cao,Chậm,Rất thấp,Ít luyến
1778,Chầu văn,chau_van/audio_7_302.wav,1,Mạnh,Thấp,Rất cao,Cao,Nhanh,Rất cao,Nhiều luyến
1779,Chầu văn,chau_van/audio_7_302.wav,2,Mạnh,Thấp,Trầm,Cao,Nhanh,Rất cao,Ít luyến
1780,Chầu văn,chau_van/audio_7_413.wav,1,Vừa,Thấp,Trầm,Cao,Nhanh,Rất thấp,Vừa
1781,Chầu văn,chau_van/audio_7_413.wav,2,Mạnh,Thấp,Trầm,Cao,Nhanh,Rất thấp,Vừa
1782,Chầu văn,chau_van/audio_2_062.wav,1,Yếu,Cao,Trung,Thấp,Nhanh,Rất cao,Vừa
1783,Chầu văn,chau_van/audio_2_062.wav,2,Yếu,Cao,Rất trầm,Trung bình,Nhanh,Rất cao,Ít luyến
1784,Chầu văn,chau_van/audio_7_216.wav,1,Mạnh,Thấp,Trung,Trung bình,Nhanh,Cao,Nhiều luyến
1785,Chầu văn,chau_van/audio_7_216.wav,2,Mạnh,Thấp,Trầm,Cao,Nhanh,Cao,Vừa
1786,Chầu văn,chau_van/audio_0_092.wav,1,Yếu,Cao,Rất trầm,Trung bình,Vừa,Rất thấp,Ít luyến
1787,Chầu văn,chau_van/audio_0_092.wav,2,Rất yếu,Cao,Rất trầm,Trung bình,Vừa,Rất thấp,Ít luyến
1788,Chầu văn,chau_van/audio_3_030.wav,1,Mạnh,Cao,Rất trầm,Trung bình,Nhanh,Rất cao,Ít luyến
1789,Chầu văn,chau_van/audio_3_030.wav,2,Mạnh,Cao,Rất trầm,Trung bình,Nhanh,Rất cao,Ít luyến
1790,Chầu văn,chau_van/audio_5_608.wav,1,Mạnh,Cao,Rất trầm,Cao,Chậm,Rất thấp,Ít luyến
1791,Chầu văn,chau_van/audio_5_608.wav,2,Mạnh,Cao,Trầm,Cao,Vừa,Rất thấp,Vừa
1792,Chầu văn,chau_van/audio_1_068.wav,1,Mạnh,Thấp,Rất cao,Trung bình,Nhanh,Rất cao,Nhiều luyến
1793,Chầu văn,chau_van/audio_1_068.wav,2,Mạnh,Thấp,Rất cao,Cao,Nhanh,Cao,Vừa
1794,Chầu văn,chau_van/audio_5_420.wav,1,Yếu,Thấp,Trầm,Trung bình,Vừa,Rất cao,Ít luyến
1795,Chầu văn,chau_van/audio_5_420.wav,2,Yếu,Thấp,Rất trầm,Trung bình,Vừa,Rất cao,Ít luyến
1796,Chầu văn,chau_van/audio_7_039.wav,1,Mạnh,Thấp,Rất trầm,Trung bình,Nhanh,Rất cao,Ít luyến
1797,Chầu văn,chau_van/audio_7_039.wav,2,Mạnh,Thấp,Rất trầm,Trung bình,Chậm,Rất thấp,Ít luyến
1798,Chầu văn,chau_van/audio_0_118.wav,1,Yếu,Cao,Rất trầm,Trung bình,Vừa,Cao,Ít luyến
1799,Chầu văn,chau_van/audio_0_118.wav,2,Yếu,Cao,Rất trầm,Trung bình,Chậm,Cao,Ít luyến
1800,Cải lương,cailuong/audio_0_064.wav,1,Vừa,Cao,Trầm,Thấp,Vừa,Rất cao,Vừa
1801,Cải lương,cailuong/audio_0_064.wav,2,Rất yếu,Cao,Rất trầm,Thấp,Vừa,Rất cao,Ít luyến
1802,Cải lương,cailuong/audio_11_065.wav,1,Yếu,Cao,Trung,Cao,Vừa,Rất cao,Vừa
1803,Cải lương,cailuong/audio_11_065.wav,2,Yếu,Thấp,Trầm,Cao,Chậm,Rất cao,Vừa
1804,Cải lương,cailuong/audio_6_065.wav,1,Rất yếu,Thấp,Trầm,Cao,Nhanh,Rất thấp,Ít luyến
1805,Cải lương,cailuong/audio_6_065.wav,2,Rất yếu,Thấp,Rất trầm,Cao,Chậm,Rất thấp,Ít luyến
1806,Cải lương,cailuong/audio_4_097.wav,1,Vừa,Cao,Rất trầm,Trung bình,Chậm,Rất cao,Ít luyến
1807,Cải lương,cailuong/audio_4_097.wav,2,Vừa,Thấp,Trầm,Thấp,Vừa,Rất cao,Vừa
1808,Cải lương,cailuong/audio_8_215.wav,1,Rất yếu,Cao,Rất trầm,Cao,Vừa,Rất cao,Ít luyến
1809,Cải lương,cailuong/audio_8_215.wav,2,Rất yếu,Cao,Trầm,Cao,Nhanh,Rất cao,Ít luyến
1810,Cải lương,cailuong/audio_24_017.wav,1,Yếu,Cao,Trầm,Cao,Chậm,Rất cao,Vừa
1811,Cải lương,cailuong/audio_24_017.wav,2,Vừa,Cao,Trung,Trung bình,Chậm,Rất cao,Vừa
1812,Cải lương,cailuong/audio_4_303.wav,1,Yếu,Cao,Rất trầm,Thấp,Chậm,Trung bình,Vừa
1813,Cải lương,cailuong/audio_4_303.wav,2,Yếu,Cao,Trầm,Thấp,Chậm,Cao,Ít luyến
1814,Cải lương,cailuong/audio_21_010.wav,1,Vừa,Cao,Trung,Trung bình,Nhanh,Rất cao,Ít luyến
1815,Cải lương,cailuong/audio_21_010.wav,2,Rất yếu,Thấp,Trầm,Trung bình,Vừa,Rất cao,Vừa
1816,Cải lương,cailuong/audio_17_162.wav,1,Rất mạnh,Thấp,Trầm,Cao,Nhanh,Rất cao,Nhiều luyến
1817,Cải lương,cailuong/audio_17_162.wav,2,Vừa,Thấp,Trầm,Cao,Nhanh,Thấp,Vừa
1818,Cải lương,cailuong/audio_8_062.wav,1,Rất yếu,Cao,Rất trầm,Trung bình,Vừa,Cao,Vừa
1819,Cải lương,cailuong/audio_8_062.wav,2,Vừa,Cao,Rất trầm,Trung bình,Nhanh,Rất cao,Ít luyến
1820,Cải lương,cailuong/audio_23_224.wav,1,Mạnh,Cao,Trung,Trung bình,Vừa,Rất cao,Vừa
1821,Cải lương,cailuong/audio_23_224.wav,2,Vừa,Cao,Trung,Cao,Vừa,Rất cao,Nhiều luyến
1822,Cải lương,cailuong/audio_8_131.wav,1,Yếu,Cao,Trầm,Thấp,Nhanh,Rất thấp,Vừa
1823,Cải lương,cailuong/audio_8_131.wav,2,Yếu,Cao,Trầm,Thấp,Chậm,Thấp,Vừa
1824,Cải lương,cailuong/audio_19_223.wav,1,Rất yếu,Cao,Trầm,Thấp,Vừa,Rất cao,Vừa
1825,Cải lương,cailuong/audio_19_223.wav,2,Rất yếu,Cao,Rất trầm,Thấp,Vừa,Rất cao,Ít luyến
1826,Cải lương,cailuong/audio_15_132.wav,1,Mạnh,Cao,Trầm,Cao,Nhanh,Cao,Vừa
1827,Cải lương,cailuong/audio_15_132.wav,2,Mạnh,Cao,Trung,Cao,Chậm,Cao,Vừa
1828,Cải lương,cailuong/audio_6_156.wav,1,Rất yếu,Thấp,Trầm,Trung bình,Vừa,Rất cao,Ít luyến
1829,Cải lương,cailuong/audio_6_156.wav,2,Yếu,Thấp,Trung,Cao,Vừa,Cao,Vừa
1830,Cải lương,cailuong/audio_8_108.wav,1,Vừa,Thấp,Trầm,Trung bình,Chậm,Rất cao,Vừa
1831,Cải lương,cailuong/audio_8_108.wav,2,Rất yếu,Thấp,Trầm,Trung bình,Vừa,Rất cao,Vừa
1832,Cải lương,cailuong/audio_8_017.wav,1,Rất yếu,Cao,Trầm,Trung bình,Vừa,Rất cao,Vừa
1833,Cải lương,cailuong/audio_8_017.wav,2,Rất yếu,Cao,Trung,Trung bình,Chậm,Rất cao,Vừa
1834,Cải lương,cailuong/audio_4_262.wav,1,Yếu,Cao,Trầm,Trung bình,Vừa,Cao,Vừa
1835,Cải lương,cailuong/audio_4_262.wav,2,Yếu,Cao,Trầm,Thấp,Chậm,Rất cao,Vừa
1836,Cải lương,cailuong/audio_1_029.wav,1,Rất mạnh,Cao,Trung,Trung bình,Vừa,Rất thấp,Vừa
1837,Cải lương,cailuong/audio_1_029.wav,2,Rất mạnh,Cao,Trầm,Thấp,Vừa,Cao,Vừa
1838,Cải lương,cailuong/audio_18_151.wav,1,Yếu,Cao,Trầm,Thấp,Chậm,Rất thấp,Vừa
1839,Cải lương,cailuong/audio_18_151.wav,2,Rất yếu,Cao,Trầm,Thấp,Nhanh,Rất thấp,Vừa
1840,Cải lương,cailuong/audio_14_139.wav,1,Yếu,Cao,Rất trầm,Thấp,Vừa,Rất cao,Ít luyến
1841,Cải lương,cailuong/audio_14_139.wav,2,Vừa,Cao,Rất trầm,Thấp,Vừa,Rất cao,Ít luyến
1842,Cải lương,cailuong/audio_9_159.wav,1,Vừa,Cao,Trung,Thấp,Vừa,Trung bình,Vừa
1843,Cải lương,cailuong/audio_9_159.wav,2,Vừa,Cao,Trầm,Thấp,Vừa,Rất cao,Ít luyến
1844,Cải lương,cailuong/audio_20_184.wav,1,Vừa,Thấp,Trầm,Thấp,Vừa,Rất cao,Vừa
1845,Cải lương,cailuong/audio_20_184.wav,2,Yếu,Cao,Rất trầm,Thấp,Vừa,Rất cao,Ít luyến
1846,Cải lương,cailuong/audio_6_200.wav,1,Vừa,Cao,Trung,Trung bình,Vừa,Rất cao,Nhiều luyến
1847,Cải lương,cailuong/audio_6_200.wav,2,Rất yếu,Cao,Trầm,Trung bình,Vừa,Rất cao,Ít luyến
1848,Cải lương,cailuong/audio_10_016.wav,1,Vừa,Cao,Trung,Thấp,Chậm,Rất cao,Vừa
1849,Cải lương,cailuong/audio_10_016.wav,2,Vừa,Cao,Trầm,Thấp,Nhanh,Cao,Vừa
1850,Cải lương,cailuong/audio_15_079.wav,1,Rất yếu,Cao,Rất trầm,Trung bình,Chậm,Rất cao,Ít luyến
1851,Cải lương,cailuong/audio_15_079.wav,2,Yếu,Cao,Trầm,Cao,Vừa,Rất cao,Nhiều luyến
1852,Cải lương,cailuong/audio_4_020.wav,1,Mạnh,Cao,Rất trầm,Thấp,Vừa,Rất cao,Ít luyến
1853,Cải lương,cailuong/audio_4_020.wav,2,Mạnh,Cao,Trầm,Trung bình,Chậm,Rất cao,Ít luyến
1854,Cải lương,cailuong/audio_6_147.wav,1,Vừa,Thấp,Trung,Cao,Chậm,Rất cao,Vừa
1855,Cải lương,cailuong/audio_6_147.wav,2,Rất yếu,Cao,Cao,Cao,Vừa,Rất cao,Nhiều luyến
1856,Cải lương,cailuong/audio_13_037.wav,1,Yếu,Cao,Rất trầm,Cao,Chậm,Rất cao,Vừa
1857,Cải lương,cailuong/audio_13_037.wav,2,Vừa,Cao,Trầm,Cao,Chậm,Rất cao,Vừa
1858,Cải lương,cailuong/audio_3_132.wav,1,Yếu,Cao,Trầm,Trung bình,Chậm,Rất cao,Vừa
1859,Cải lương,cailuong/audio_3_132.wav,2,Yếu,Cao,Trầm,Trung bình,Vừa,Rất cao,Vừa
1860,Cải lương,cailuong/audio_20_073.wav,1,Yếu,Cao,Trầm,Trung bình,Vừa,Rất cao,Ít luyến
1861,Cải lương,cailuong/audio_20_073.wav,2,Vừa,Cao,Trầm,Trung bình,Nhanh,Rất cao,Ít luyến
1862,Cải lương,cailuong/audio_10_034.wav,1,Vừa,Cao,Trung,Trung bình,Nhanh,Rất cao,Vừa
1863,Cải lương,cailuong/audio_10_034.wav,2,Vừa,Cao,Trung,Cao,Vừa,Rất cao,Nhiều luyến
1864,Cải lương,cailuong/audio_7_135.wav,1,Rất yếu,Cao,Rất trầm,Cao,Nhanh,Rất cao,Ít luyến
1865,Cải lương,cailuong/audio_7_135.wav,2,Vừa,Cao,Rất trầm,Cao,Vừa,Rất cao,Ít luyến
1866,Cải lương,cailuong/audio_23_035.wav,1,Yếu,Cao,Trung,Cao,Chậm,Rất cao,Nhiều luyến
1867,Cải lương,cailuong/audio_23_035.wav,2,Yếu,Cao,Trầm,Cao,Chậm,Cao,Vừa
1868,Cải lương,cailuong/audio_2_172.wav,1,Yếu,Trung bình,Trầm,Cao,Nhanh,Rất cao,Ít luyến
1869,Cải lương,cailuong/audio_2_172.wav,2,Yếu,Cao,Rất trầm,Cao,Nhanh,Rất cao,Ít luyến
1870,Cải lương,cailuong/audio_3_064.wav,1,Yếu,Cao,Trầm,Cao,Vừa,Rất cao,Vừa
1871,Cải lương,cailuong/audio_3_064.wav,2,Yếu,Cao,Trung,Cao,Chậm,Rất cao,Ít luyến
1872,Cải lương,cailuong/audio_17_121.wav,1,Vừa,Cao,Rất trầm,Cao,Nhanh,Trung bình,Ít luyến
1873,Cải lương,cailuong/audio_17_121.wav,2,Rất yếu,Cao,Rất trầm,Cao,Vừa,Cao,Ít luyến
1874,Cải lương,cailuong/audio_23_294.wav,1,Vừa,Cao,Trung,Cao,Nhanh,Rất cao,Nhiều luyến
1875,Cải lương,cailuong/audio_23_294.wav,2,Vừa,Cao,Trung,Trung bình,Chậm,Rất cao,Vừa
1876,Cải lương,cailuong/audio_14_157.wav,1,Vừa,Thấp,Cao,Trung bình,Chậm,Rất cao,Vừa
1877,Cải lương,cailuong/audio_14_157.wav,2,Mạnh,Thấp,Trầm,Thấp,Vừa,Rất cao,Vừa
1878,Cải lương,cailuong/audio_19_255.wav,1,Rất yếu,Cao,Trung,Trung bình,Vừa,Rất cao,Vừa
1879,Cải lương,cailuong/audio_19_255.wav,2,Yếu,Cao,Trầm,Cao,Chậm,Cao,Vừa
1880,Cải lương,cailuong/audio_1_081.wav,1,Rất mạnh,Trung bình,Trung,Cao,Vừa,Cao,Nhiều luyến
1881,Cải lương,cailuong/audio_1_081.wav,2,Rất mạnh,Cao,Trầm,Trung bình,Vừa,Rất cao,Vừa
1882,Cải lương,cailuong/audio_8_156.wav,1,Rất yếu,Cao,Trầm,Trung bình,Vừa,Cao,Ít luyến
1883,Cải lương,cailuong/audio_8_156.wav,2,Yếu,Cao,Trung,Trung bình,Vừa,Cao,Vừa
1884,Cải lương,cailuong/audio_10_172.wav,1,Vừa,Cao,Trầm,Trung bình,Chậm,Trung bình,Vừa
1885,Cải lương,cailuong/audio_10_172.wav,2,Vừa,Cao,Trầm,Thấp,Vừa,Cao,Ít luyến
1886,Cải lương,cailuong/audio_12_092.wav,1,Yếu,Cao,Trầm,Thấp,Chậm,Rất cao,Vừa
1887,Cải lương,cailuong/audio_12_092.wav,2,Mạnh,Cao,Rất trầm,Trung bình,Chậm,Rất cao,Ít luyến
1888,Cải lương,cailuong/audio_2_107.wav,1,Vừa,Cao,Trầm,Trung bình,Chậm,Rất cao,Vừa
1889,Cải lương,cailuong/audio_2_107.wav,2,Vừa,Cao,Trung,Trung bình,Chậm,Rất cao,Vừa
1890,Cải lương,cailuong/audio_8_093.wav,1,Rất yếu,Cao,Rất trầm,Trung bình,Vừa,Rất cao,Ít luyến
1891,Cải lương,cailuong/audio_8_093.wav,2,Rất yếu,Cao,Rất trầm,Thấp,Nhanh,Rất cao,Ít luyến
1892,Cải lương,cailuong/audio_9_064.wav,1,Rất yếu,Thấp,Cao,Thấp,Nhanh,Rất cao,Vừa
1893,Cải lương,cailuong/audio_9_064.wav,2,Vừa,Cao,Trầm,Thấp,Vừa,Rất thấp,Vừa
1894,Cải lương,cailuong/audio_24_122.wav,1,Rất yếu,Cao,Rất trầm,Cao,Nhanh,Rất cao,Ít luyến
1895,Cải lương,cailuong/audio_24_122.wav,2,Vừa,Thấp,Trầm,Trung bình,Chậm,Rất cao,Ít luyến
1896,Cải lương,cailuong/audio_17_316.wav,1,Rất yếu,Thấp,Rất trầm,Thấp,Chậm,Rất cao,Ít luyến
1897,Cải lương,cailuong/audio_17_316.wav,2,Rất yếu,Thấp,Rất trầm,Thấp,Chậm,Rất cao,Ít luyến
1898,Cải lương,cailuong/audio_5_151.wav,1,Yếu,Thấp,Rất trầm,Thấp,Vừa,Rất cao,Ít luyến
1899,Cải lương,cailuong/audio_5_151.wav,2,Vừa,Thấp,Rất trầm,Thấp,Nhanh,Rất cao,Ít luyến
1900,Cải lương,cailuong/audio_7_132.wav,1,Yếu,Cao,Rất trầm,Cao,Chậm,Rất cao,Ít luyến
1901,Cải lương,cailuong/audio_7_132.wav,2,Rất yếu,Cao,Rất trầm,Cao,Chậm,Rất cao,Ít luyến
1902,Cải lương,cailuong/audio_6_188.wav,1,Rất yếu,Cao,Rất cao,Trung bình,Chậm,Rất cao,Nhiều luyến
1903,Cải lương,cailuong/audio_6_188.wav,2,Rất yếu,Thấp,Trầm,Trung bình,Vừa,Trung bình,Vừa
1904,Cải lương,cailuong/audio_20_179.wav,1,Vừa,Trung bình,Trầm,Thấp,Vừa,Rất cao,Vừa
1905,Cải lương,cailuong/audio_20_179.wav,2,Yếu,Cao,Trầm,Thấp,Chậm,Rất cao,Vừa
1906,Cải lương,cailuong/audio_16_236.wav,1,Rất yếu,Cao,Trầm,Trung bình,Chậm,Rất cao,Vừa
1907,Cải lương,cailuong/audio_16_236.wav,2,Yếu,Cao,Trầm,Trung bình,Chậm,Cao,Vừa
1908,Cải lương,cailuong/audio_10_100.wav,1,Mạnh,Cao,Trầm,Thấp,Vừa,Rất cao,Vừa
1909,Cải lương,cailuong/audio_10_100.wav,2,Yếu,Cao,Rất trầm,Thấp,Chậm,Rất cao,Ít luyến
1910,Cải lương,cailuong/audio_4_082.wav,1,Vừa,Cao,Trung,Thấp,Nhanh,Rất cao,Ít luyến
1911,Cải lương,cailuong/audio_4_082.wav,2,Vừa,Cao,Rất trầm,Thấp,Nhanh,Trung bình,Ít luyến
1912,Cải lương,cailuong/audio_18_012.wav,1,Vừa,Trung bình,Trầm,Trung bình,Vừa,Rất thấp,Vừa
1913,Cải lương,cailuong/audio_18_012.wav,2,Vừa,Cao,Trầm,Trung bình,Nhanh,Rất thấp,Vừa
1914,Cải lương,cailuong/audio_11_220.wav,1,Rất yếu,Trung bình,Trầm,Trung bình,Nhanh,Rất cao,Vừa
1915,Cải lương,cailuong/audio_11_220.wav,2,Vừa,Cao,Trầm,Trung bình,Chậm,Cao,Vừa
1916,Cải lương,cailuong/audio_4_033.wav,1,Vừa,Thấp,Trầm,Thấp,Nhanh,Trung bình,Vừa
1917,Cải lương,cailuong/audio_4_033.wav,2,Yếu,Thấp,Cao,Thấp,Vừa,Cao,Vừa
1918,Cải lương,cailuong/audio_0_153.wav,1,Rất yếu,Cao,Rất trầm,Thấp,Vừa,Rất cao,Ít luyến
1919,Cải lương,cailuong/audio_0_153.wav,2,Rất yếu,Cao,Rất trầm,Thấp,Vừa,Rất cao,Ít luyến
1920,Cải lương,cailuong/audio_19_129.wav,1,Rất yếu,Cao,Rất trầm,Trung bình,Chậm,Rất cao,Ít luyến
1921,Cải lương,cailuong/audio_19_129.wav,2,Rất yếu,Cao,Trầm,Trung bình,Chậm,Cao,Ít luyến
1922,Cải lương,cailuong/audio_8_011.wav,1,Rất yếu,Cao,Trầm,Trung bình,Vừa,Cao,Vừa
1923,Cải lương,cailuong/audio_8_011.wav,2,Rất yếu,Cao,Trung,Trung bình,Vừa,Rất cao,Ít luyến
1924,Cải lương,cailuong/audio_20_209.wav,1,Yếu,Cao,Trung,Thấp,Chậm,Cao,Vừa
1925,Cải lương,cailuong/audio_20_209.wav,2,Yếu,Cao,Trung,Trung bình,Chậm,Cao,Nhiều luyến
1926,Cải lương,cailuong/audio_14_017.wav,1,Vừa,Cao,Cao,Thấp,Vừa,Rất cao,Vừa
1927,Cải lương,cailuong/audio_14_017.wav,2,Yếu,Cao,Rất trầm,Thấp,Vừa,Rất cao,Ít luyến
1928,Cải lương,cailuong/audio_4_286.wav,1,Vừa,Cao,Rất trầm,Thấp,Vừa,Rất cao,Vừa
1929,Cải lương,cailuong/audio_4_286.wav,2,Yếu,Cao,Trầm,Trung bình,Vừa,Trung bình,Vừa
1930,Cải lương,cailuong/audio_19_104.wav,1,Yếu,Cao,Trầm,Trung bình,Chậm,Thấp,Ít luyến
1931,Cải lương,cailuong/audio_19_104.wav,2,Yếu,Cao,Trầm,Trung bình,Nhanh,Thấp,Vừa
1932,Cải lương,cailuong/audio_15_024.wav,1,Vừa,Thấp,Trung,Trung bình,Chậm,Rất cao,Vừa
1933,Cải lương,cailuong/audio_15_024.wav,2,Yếu,Thấp,Trung,Trung bình,Chậm,Rất cao,Nhiều luyến
1934,Cải lương,cailuong/audio_25_055.wav,1,Vừa,Thấp,Trầm,Trung bình,Chậm,Rất cao,Vừa
1935,Cải lương,cailuong/audio_25_055.wav,2,Vừa,Cao,Trầm,Trung bình,Vừa,Rất cao,Ít luyến
1936,Cải lương,cailuong/audio_18_143.wav,1,Yếu,Cao,Trầm,Thấp,Vừa,Rất thấp,Vừa
1937,Cải lương,cailuong/audio_18_143.wav,2,Yếu,Cao,Trầm,Thấp,Nhanh,Rất thấp,Ít luyến
1938,Cải lương,cailuong/audio_8_182.wav,1,Yếu,Cao,Trầm,Trung bình,Chậm,Cao,Vừa
1939,Cải lương,cailuong/audio_8_182.wav,2,Vừa,Cao,Trầm,Trung bình,Chậm,Trung bình,Vừa
1940,Cải lương,cailuong/audio_17_155.wav,1,Vừa,Cao,Trầm,Cao,Nhanh,Trung bình,Ít luyến
1941,Cải lương,cailuong/audio_17_155.wav,2,Vừa,Thấp,Trung,Cao,Vừa,Thấp,Vừa
1942,Cải lương,cailuong/audio_20_207.wav,1,Yếu,Cao,Trầm,Trung bình,Nhanh,Rất cao,Vừa
1943,Cải lương,cailuong/audio_20_207.wav,2,Mạnh,Cao,Rất trầm,Trung bình,Nhanh,Thấp,Vừa
1944,Cải lương,cailuong/audio_5_212.wav,1,Vừa,Cao,Trầm,Thấp,Chậm,Cao,Vừa
1945,Cải lương,cailuong/audio_5_212.wav,2,Vừa,Cao,Trung,Cao,Vừa,Rất cao,Vừa
1946,Cải lương,cailuong/audio_26_013.wav,1,Yếu,Cao,Trầm,Trung bình,Nhanh,Rất cao,Ít luyến
1947,Cải lương,cailuong/audio_26_013.wav,2,Rất yếu,Cao,Rất trầm,Cao,Vừa,Rất cao,Vừa
1948,Cải lương,cailuong/audio_11_161.wav,1,Rất yếu,Cao,Trầm,Trung bình,Vừa,Rất cao,Ít luyến
1949,Cải lương,cailuong/audio_11_161.wav,2,Yếu,Trung bình,Trung,Trung bình,Chậm,Rất cao,Nhiều luyến
1950,Cải lương,cailuong/audio_18_198.wav,1,Yếu,Cao,Rất trầm,Thấp,Chậm,Rất thấp,Ít luyến
1951,Cải lương,cailuong/audio_18_198.wav,2,Rất yếu,Cao,Rất trầm,Thấp,Vừa,Rất cao,Ít luyến
1952,Cải lương,cailuong/audio_21_242.wav,1,Rất yếu,Cao,Rất trầm,Trung bình,Vừa,Rất cao,Ít luyến
1953,Cải lương,cailuong/audio_21_242.wav,2,Rất yếu,Cao,Rất trầm,Trung bình,Chậm,Rất cao,Ít luyến
1954,Cải lương,cailuong/audio_22_101.wav,1,Yếu,Cao,Trầm,Thấp,Nhanh,Cao,Ít luyến
1955,Cải lương,cailuong/audio_22_101.wav,2,Yếu,Cao,Trầm,Thấp,Chậm,Cao,Ít luyến
1956,Cải lương,cailuong/audio_6_154.wav,1,Rất yếu,Thấp,Trung,Trung bình,Vừa,Rất cao,Vừa
1957,Cải lương,cailuong/audio_6_154.wav,2,Rất yếu,Thấp,Trung,Trung bình,Vừa,Cao,Vừa
1958,Cải lương,cailuong/audio_4_318.wav,1,Rất yếu,Cao,Rất trầm,Thấp,Chậm,Rất cao,Ít luyến
1959,Cải lương,cailuong/audio_4_318.wav,2,Yếu,Cao,Trầm,Thấp,Chậm,Rất cao,Vừa
1960,Cải lương,cailuong/audio_0_176.wav,1,Vừa,Cao,Trung,Thấp,Chậm,Rất cao,Vừa
1961,Cải lương,cailuong/audio_0_176.wav,2,Yếu,Cao,Trầm,Thấp,Vừa,Cao,Nhiều luyến
1962,Cải lương,cailuong/audio_12_140.wav,1,Mạnh,Cao,Trầm,Cao,Chậm,Rất thấp,Vừa
1963,Cải lương,cailuong/audio_12_140.wav,2,Mạnh,Cao,Trầm,Thấp,Chậm,Trung bình,Ít luyến
1964,Cải lương,cailuong/audio_0_286.wav,1,Vừa,Cao,Trung,Trung bình,Vừa,Rất cao,Vừa
1965,Cải lương,cailuong/audio_0_286.wav,2,Rất yếu,Cao,Trung,Trung bình,Nhanh,Rất cao,Vừa
1966,Cải lương,cailuong/audio_2_170.wav,1,Mạnh,Cao,Rất trầm,Cao,Chậm,Rất cao,Ít luyến
1967,Cải lương,cailuong/audio_2_170.wav,2,Rất yếu,Cao,Trầm,Cao,Vừa,Rất cao,Vừa
1968,Cải lương,cailuong/audio_24_004.wav,1,Yếu,Cao,Trầm,Cao,Vừa,Rất cao,Ít luyến
1969,Cải lương,cailuong/audio_24_004.wav,2,Vừa,Trung bình,Trầm,Trung bình,Chậm,Rất cao,Ít luyến
1970,Cải lương,cailuong/audio_16_044.wav,1,Vừa,Thấp,Cao,Thấp,Nhanh,Rất cao,Nhiều luyến
1971,Cải lương,cailuong/audio_16_044.wav,2,Vừa,Cao,Rất cao,Trung bình,Chậm,Rất cao,Nhiều luyến
1972,Cải lương,cailuong/audio_3_220.wav,1,Yếu,Cao,Trầm,Cao,Chậm,Rất cao,Ít luyến
1973,Cải lương,cailuong/audio_3_220.wav,2,Yếu,Cao,Trung,Cao,Chậm,Rất cao,Vừa
1974,Cải lương,cailuong/audio_10_125.wav,1,Vừa,Cao,Trầm,Thấp,Vừa,Rất cao,Vừa
1975,Cải lương,cailuong/audio_10_125.wav,2,Mạnh,Cao,Trầm,Trung bình,Chậm,Thấp,Vừa
1976,Cải lương,cailuong/audio_23_181.wav,1,Mạnh,Cao,Rất trầm,Thấp,Chậm,Rất cao,Ít luyến
1977,Cải lương,cailuong/audio_23_181.wav,2,Vừa,Cao,Trầm,Cao,Chậm,Rất cao,Vừa
1978,Cải lương,cailuong/audio_17_195.wav,1,Yếu,Thấp,Trầm,Cao,Chậm,Rất cao,Ít luyến
1979,Cải lương,cailuong/audio_17_195.wav,2,Mạnh,Thấp,Trầm,Cao,Nhanh,Thấp,Vừa
1980,Cải lương,cailuong/audio_24_125.wav,1,Mạnh,Cao,Trầm,Cao,Chậm,Rất cao,Vừa
1981,Cải lương,cailuong/audio_24_125.wav,2,Yếu,Cao,Trầm,Cao,Chậm,Trung bình,Vừa
1982,Cải lương,cailuong/audio_16_173.wav,1,Vừa,Cao,Trầm,Thấp,Nhanh,Rất cao,Vừa
1983,Cải lương,cailuong/audio_16_173.wav,2,Rất yếu,Cao,Trầm,Thấp,Chậm,Rất cao,Vừa
1984,Cải lương,cailuong/audio_17_077.wav,1,Vừa,Thấp,Trầm,Trung bình,Vừa,Rất cao,Vừa
1985,Cải lương,cailuong/audio_17_077.wav,2,Vừa,Cao,Rất trầm,Thấp,Nhanh,Trung bình,Ít luyến
1986,Cải lương,cailuong/audio_26_158.wav,1,Yếu,Cao,Rất trầm,Trung bình,Vừa,Cao,Ít luyến
1987,Cải lương,cailuong/audio_26_158.wav,2,Rất yếu,Thấp,Trầm,Trung bình,Chậm,Rất cao,Vừa
1988,Cải lương,cailuong/audio_0_128.wav,1,Rất yếu,Cao,Trầm,Thấp,Nhanh,Rất cao,Ít luyến
1989,Cải lương,cailuong/audio_0_128.wav,2,Rất yếu,Cao,Trầm,Thấp,Vừa,Rất cao,Ít luyến
1990,Cải lương,cailuong/audio_5_059.wav,1,Mạnh,Trung bình,Rất trầm,Thấp,Chậm,Rất cao,Ít luyến
1991,Cải lương,cailuong/audio_5_059.wav,2,Yếu,Cao,Rất trầm,Thấp,Chậm,Rất cao,Ít luyến
1992,Cải lương,cailuong/audio_21_017.wav,1,Vừa,Cao,Rất trầm,Trung bình,Nhanh,Rất cao,Ít luyến
1993,Cải lương,cailuong/audio_21_017.wav,2,Vừa,Cao,Trầm,Trung bình,Vừa,Trung bình,Vừa
1994,Cải lương,cailuong/audio_26_023.wav,1,Mạnh,Cao,Rất trầm,Cao,Chậm,Cao,Ít luyến
1995,Cải lương,cailuong/audio_26_023.wav,2,Vừa,Trung bình,Trầm,Trung bình,Vừa,Rất cao,Ít luyến
1996,Cải lương,cailuong/audio_0_034.wav,1,Vừa,Cao,Trầm,Thấp,Nhanh,Rất cao,Vừa
1997,Cải lương,cailuong/audio_0_034.wav,2,Vừa,Cao,Trầm,Thấp,Chậm,Rất cao,Vừa
1998,Cải lương,cailuong/audio_11_171.wav,1,Vừa,Cao,Trầm,Cao,Chậm,Rất cao,Nhiều luyến
1999,Cải lương,cailuong/audio_11_171.wav,2,Yếu,Cao,Trầm,Cao,Nhanh,Rất cao,Vừa
2000,Cải lương,cailuong/audio_16_089.wav,1,Yếu,Cao,Trung,Trung bình,Vừa,Rất cao,Vừa
2001,Cải lương,cailuong/audio_16_089.wav,2,Yếu,Cao,Trầm,Thấp,Vừa,Rất cao,Vừa
2002,Cải lương,cailuong/audio_24_118.wav,1,Yếu,Cao,Trầm,Thấp,Nhanh,Rất cao,Ít luyến
2003,Cải lương,cailuong/audio_24_118.wav,2,Rất yếu,Thấp,Trầm,Thấp,Vừa,Rất cao,Ít luyến
2004,Cải lương,cailuong/audio_11_175.wav,1,Rất yếu,Cao,Cao,Cao,Chậm,Rất cao,Vừa
2005,Cải lương,cailuong/audio_11_175.wav,2,Rất yếu,Thấp,Trung,Trung bình,Chậm,Rất cao,Vừa
2006,Cải lương,cailuong/audio_19_217.wav,1,Yếu,Cao,Trầm,Trung bình,Chậm,Thấp,Ít luyến
2007,Cải lương,cailuong/audio_19_217.wav,2,Yếu,Cao,Rất trầm,Trung bình,Chậm,Thấp,Ít luyến
2008,Cải lương,cailuong/audio_24_171.wav,1,Yếu,Cao,Trầm,Cao,Chậm,Rất cao,Vừa
2009,Cải lương,cailuong/audio_24_171.wav,2,Yếu,Cao,Cao,Cao,Nhanh,Rất cao,Vừa
2010,Cải lương,cailuong/audio_6_089.wav,1,Rất yếu,Thấp,Trung,Trung bình,Chậm,Rất cao,Vừa
2011,Cải lương,cailuong/audio_6_089.wav,2,Rất yếu,Thấp,Rất trầm,Trung bình,Vừa,Rất cao,Ít luyến
2012,Cải lương,cailuong/audio_4_171.wav,1,Mạnh,Thấp,Trầm,Thấp,Vừa,Cao,Nhiều luyến
2013,Cải lương,cailuong/audio_4_171.wav,2,Mạnh,Thấp,Trung,Thấp,Chậm,Rất cao,Nhiều luyến
2014,Cải lương,cailuong/audio_14_144.wav,1,Mạnh,Cao,Rất trầm,Thấp,Chậm,Rất cao,Ít luyến
2015,Cải lương,cailuong/audio_14_144.wav,2,Yếu,Cao,Rất trầm,Thấp,Chậm,Rất cao,Ít luyến
2016,Cải lương,cailuong/audio_12_009.wav,1,Mạnh,Cao,Trầm,Trung bình,Vừa,Rất thấp,Ít luyến
2017,Cải lương,cailuong/audio_12_009.wav,2,Vừa,Cao,Rất trầm,Trung bình,Chậm,Rất cao,Ít luyến
2018,Cải lương,cailuong/audio_19_189.wav,1,Rất yếu,Thấp,Rất trầm,Trung bình,Vừa,Rất cao,Ít luyến
2019,Cải lương,cailuong/audio_19_189.wav,2,Rất yếu,Thấp,Trầm,Trung bình,Vừa,Rất cao,Vừa
2020,Cải lương,cailuong/audio_24_059.wav,1,Yếu,Cao,Trung,Trung bình,Vừa,Rất cao,Ít luyến
2021,Cải lương,cailuong/audio_24_059.wav,2,Yếu,Cao,Trầm,Trung bình,Nhanh,Rất cao,Ít luyến
2022,Cải lương,cailuong/audio_16_070.wav,1,Vừa,Thấp,Trầm,Trung bình,Vừa,Rất cao,Ít luyến
2023,Cải lương,cailuong/audio_16_070.wav,2,Vừa,Cao,Rất trầm,Trung bình,Vừa,Rất cao,Vừa
2024,Cải lương,cailuong/audio_6_140.wav,1,Rất yếu,Thấp,Trung,Trung bình,Vừa,Rất cao,Vừa
2025,Cải lương,cailuong/audio_6_140.wav,2,Rất yếu,Thấp,Trung,Cao,Vừa,Rất cao,Vừa
2026,Cải lương,cailuong/audio_21_209.wav,1,Rất yếu,Cao,Trung,Cao,Vừa,Rất cao,Vừa
2027,Cải lương,cailuong/audio_21_209.wav,2,Vừa,Cao,Trầm,Trung bình,Chậm,Rất cao,Ít luyến
2028,Cải lương,cailuong/audio_10_004.wav,1,Vừa,Thấp,Trung,Thấp,Vừa,Rất cao,Nhiều luyến
2029,Cải lương,cailuong/audio_10_004.wav,2,Vừa,Cao,Trầm,Thấp,Vừa,Rất cao,Ít luyến
2030,Cải lương,cailuong/audio_4_199.wav,1,Yếu,Cao,Trung,Trung bình,Vừa,Cao,Vừa
2031,Cải lương,cailuong/audio_4_199.wav,2,Yếu,Cao,Trầm,Trung bình,Chậm,Rất cao,Vừa
2032,Cải lương,cailuong/audio_17_172.wav,1,Rất yếu,Cao,Rất trầm,Cao,Vừa,Rất cao,Ít luyến
2033,Cải lương,cailuong/audio_17_172.wav,2,Vừa,Cao,Trầm,Trung bình,Chậm,Cao,Ít luyến
2034,Cải lương,cailuong/audio_26_034.wav,1,Vừa,Cao,Trung,Cao,Vừa,Cao,Nhiều luyến
2035,Cải lương,cailuong/audio_26_034.wav,2,Vừa,Cao,Trung,Trung bình,Chậm,Thấp,Nhiều luyến
2036,Cải lương,cailuong/audio_26_159.wav,1,Vừa,Cao,Trầm,Trung bình,Vừa,Cao,Vừa
2037,Cải lương,cailuong/audio_26_159.wav,2,Vừa,Cao,Rất cao,Trung bình,Nhanh,Rất cao,Ít luyến
2038,Cải lương,cailuong/audio_8_164.wav,1,Vừa,Cao,Trầm,Trung bình,Vừa,Rất cao,Vừa
2039,Cải lương,cailuong/audio_8_164.wav,2,Rất yếu,Cao,Trầm,Trung bình,Nhanh,Rất cao,Vừa
2040,Cải lương,cailuong/audio_12_179.wav,1,Vừa,Cao,Rất trầm,Thấp,Chậm,Cao,Ít luyến
2041,Cải lương,cailuong/audio_12_179.wav,2,Mạnh,Trung bình,Trung,Thấp,Nhanh,Rất cao,Ít luyến
2042,Cải lương,cailuong/audio_6_093.wav,1,Yếu,Cao,Rất trầm,Trung bình,Chậm,Cao,Ít luyến
2043,Cải lương,cailuong/audio_6_093.wav,2,Yếu,Trung bình,Trầm,Cao,Chậm,Cao,Vừa
2044,Cải lương,cailuong/audio_25_210.wav,1,Vừa,Cao,Trầm,Cao,Nhanh,Rất cao,Vừa
2045,Cải lương,cailuong/audio_25_210.wav,2,Vừa,Cao,Trầm,Cao,Nhanh,Rất cao,Vừa
2046,Cải lương,cailuong/audio_15_078.wav,1,Mạnh,Cao,Trung,Cao,Vừa,Rất cao,Vừa
2047,Cải lương,cailuong/audio_15_078.wav,2,Mạnh,Cao,Trầm,Cao,Vừa,Rất cao,Ít luyến
2048,Cải lương,cailuong/audio_5_010.wav,1,Mạnh,Cao,Rất trầm,Thấp,Vừa,Rất cao,Ít luyến
2049,Cải lương,cailuong/audio_5_010.wav,2,Rất mạnh,Thấp,Cao,Trung bình,Vừa,Rất cao,Ít luyến
2050,Cải lương,cailuong/audio_8_040.wav,1,Rất yếu,Cao,Trầm,Trung bình,Vừa,Rất cao,Vừa
2051,Cải lương,cailuong/audio_8_040.wav,2,Rất yếu,Cao,Cao,Thấp,Nhanh,Rất cao,Nhiều luyến
2052,Cải lương,cailuong/audio_17_102.wav,1,Vừa,Cao,Rất trầm,Thấp,Chậm,Cao,Ít luyến
2053,Cải lương,cailuong/audio_17_102.wav,2,Vừa,Thấp,Rất trầm,Thấp,Vừa,Rất cao,Vừa
2054,Cải lương,cailuong/audio_0_024.wav,1,Yếu,Cao,Trầm,Thấp,Nhanh,Cao,Vừa
2055,Cải lương,cailuong/audio_0_024.wav,2,Vừa,Cao,Cao,Trung bình,Nhanh,Rất cao,Nhiều luyến
2056,Cải lương,cailuong/audio_0_152.wav,1,Rất yếu,Cao,Rất trầm,Thấp,Nhanh,Rất cao,Ít luyến
2057,Cải lương,cailuong/audio_0_152.wav,2,Vừa,Cao,Rất trầm,Thấp,Vừa,Rất cao,Ít luyến
2058,Cải lương,cailuong/audio_24_283.wav,1,Yếu,Cao,Trầm,Cao,Vừa,Rất cao,Vừa
2059,Cải lương,cailuong/audio_24_283.wav,2,Yếu,Cao,Trầm,Trung bình,Chậm,Rất cao,Vừa
2060,Cải lương,cailuong/audio_16_018.wav,1,Rất yếu,Cao,Trầm,Thấp,Vừa,Rất cao,Vừa
2061,Cải lương,cailuong/audio_16_018.wav,2,Rất yếu,Cao,Trầm,Thấp,Vừa,Rất thấp,Nhiều luyến
2062,Cải lương,cailuong/audio_11_005.wav,1,Yếu,Cao,Trầm,Cao,Chậm,Rất cao,Nhiều luyến
2063,Cải lương,cailuong/audio_11_005.wav,2,Yếu,Thấp,Trầm,Trung bình,Vừa,Rất cao,Ít luyến
2064,Cải lương,cailuong/audio_4_149.wav,1,Mạnh,Cao,Trầm,Thấp,Vừa,Cao,Vừa
2065,Cải lương,cailuong/audio_4_149.wav,2,Yếu,Cao,Rất trầm,Thấp,Vừa,Cao,Ít luyến
2066,Cải lương,cailuong/audio_1_142.wav,1,Rất mạnh,Cao,Trầm,Trung bình,Chậm,Rất cao,Ít luyến
2067,Cải lương,cailuong/audio_1_142.wav,2,Rất mạnh,Cao,Trầm,Trung bình,Chậm,Rất cao,Ít luyến
2068,Cải lương,cailuong/audio_26_090.wav,1,Mạnh,Cao,Trầm,Trung bình,Chậm,Thấp,Nhiều luyến
2069,Cải lương,cailuong/audio_26_090.wav,2,Vừa,Cao,Trầm,Thấp,Chậm,Rất cao,Vừa
2070,Cải lương,cailuong/audio_14_094.wav,1,Vừa,Thấp,Trung,Thấp,Vừa,Rất cao,Vừa
2071,Cải lương,cailuong/audio_14_094.wav,2,Mạnh,Cao,Trung,Thấp,Chậm,Rất cao,Vừa
2072,Cải lương,cailuong/audio_9_121.wav,1,Yếu,Cao,Trầm,Thấp,Vừa,Rất thấp,Vừa
2073,Cải lương,cailuong/audio_9_121.wav,2,Vừa,Cao,Trầm,Trung bình,Vừa,Cao,Vừa
2074,Cải lương,cailuong/audio_5_005.wav,1,Vừa,Thấp,Trung,Thấp,Nhanh,Rất cao,Vừa
2075,Cải lương,cailuong/audio_5_005.wav,2,Vừa,Thấp,Trung,Trung bình,Chậm,Rất cao,Vừa
2076,Cải lương,cailuong/audio_8_048.wav,1,Rất yếu,Cao,Trầm,Trung bình,Nhanh,Rất cao,Ít luyến
2077,Cải lương,cailuong/audio_8_048.wav,2,Rất yếu,Cao,Trầm,Trung bình,Chậm,Cao,Vừa
2078,Cải lương,cailuong/audio_20_079.wav,1,Yếu,Cao,Trầm,Trung bình,Vừa,Rất cao,Vừa
2079,Cải lương,cailuong/audio_20_079.wav,2,Vừa,Trung bình,Trầm,Trung bình,Nhanh,Rất cao,Vừa
2080,Cải lương,cailuong/audio_7_258.wav,1,Rất yếu,Cao,Rất trầm,Trung bình,Vừa,Rất cao,Ít luyến
2081,Cải lương,cailuong/audio_7_258.wav,2,Rất yếu,Cao,Rất trầm,Trung bình,Chậm,Rất cao,Ít luyến
2082,Cải lương,cailuong/audio_13_081.wav,1,Yếu,Cao,Trầm,Cao,Nhanh,Cao,Vừa
2083,Cải lương,cailuong/audio_13_081.wav,2,Yếu,Cao,Rất trầm,Cao,Nhanh,Rất cao,Ít luyến
2084,Cải lương,cailuong/audio_9_152.wav,1,Mạnh,Cao,Trầm,Thấp,Chậm,Rất thấp,Vừa
2085,Cải lương,cailuong/audio_9_152.wav,2,Vừa,Cao,Cao,Thấp,Chậm,Thấp,Nhiều luyến
2086,Cải lương,cailuong/audio_8_214.wav,1,Rất yếu,Cao,Rất trầm,Trung bình,Vừa,Rất cao,Ít luyến
2087,Cải lương,cailuong/audio_8_214.wav,2,Rất yếu,Cao,Rất trầm,Cao,Nhanh,Rất cao,Ít luyến
2088,Cải lương,cailuong/audio_20_036.wav,1,Vừa,Cao,Trung,Trung bình,Nhanh,Cao,Vừa
2089,Cải lương,cailuong/audio_20_036.wav,2,Yếu,Cao,Trầm,Trung bình,Vừa,Trung bình,Ít luyến
2090,Cải lương,cailuong/audio_19_198.wav,1,Yếu,Cao,Trầm,Trung bình,Nhanh,Rất thấp,Vừa
2091,Cải lương,cailuong/audio_19_198.wav,2,Yếu,Cao,Trầm,Trung bình,Chậm,Thấp,Vừa
2092,Cải lương,cailuong/audio_6_236.wav,1,Rất yếu,Cao,Rất trầm,Thấp,Vừa,Cao,Ít luyến
2093,Cải lương,cailuong/audio_6_236.wav,2,Rất yếu,Trung bình,Trung,Trung bình,Vừa,Rất cao,Vừa
2094,Cải lương,cailuong/audio_18_160.wav,1,Vừa,Cao,Trầm,Thấp,Vừa,Rất thấp,Vừa
2095,Cải lương,cailuong/audio_18_160.wav,2,Yếu,Cao,Rất trầm,Thấp,Chậm,Thấp,Ít luyến
2096,Cải lương,cailuong/audio_8_151.wav,1,Rất yếu,Cao,Trầm,Trung bình,Nhanh,Trung bình,Ít luyến
2097,Cải lương,cailuong/audio_8_151.wav,2,Yếu,Cao,Rất trầm,Trung bình,Chậm,Cao,Ít luyến
2098,Cải lương,cailuong/audio_3_073.wav,1,Yếu,Cao,Cao,Thấp,Vừa,Rất cao,Ít luyến
2099,Cải lương,cailuong/audio_3_073.wav,2,Yếu,Cao,Trầm,Trung bình,Vừa,Rất cao,Vừa
2100,Cải lương,cailuong/audio_10_097.wav,1,Vừa,Cao,Cao,Thấp,Chậm,Cao,Vừa
2101,Cải lương,cailuong/audio_10_097.wav,2,Mạnh,Cao,Cao,Thấp,Vừa,Cao,Nhiều luyến
2102,Cải lương,cailuong/audio_18_248.wav,1,Rất yếu,Cao,Trung,Cao,Vừa,Thấp,Nhiều luyến
2103,Cải lương,cailuong/audio_18_248.wav,2,Vừa,Cao,Trầm,Trung bình,Vừa,Rất cao,Vừa
2104,Cải lương,cailuong/audio_7_153.wav,1,Rất yếu,Cao,Rất trầm,Thấp,Chậm,Rất cao,Ít luyến
2105,Cải lương,cailuong/audio_7_153.wav,2,Rất yếu,Thấp,Trầm,Trung bình,Chậm,Rất cao,Vừa
2106,Cải lương,cailuong/audio_11_206.wav,1,Yếu,Trung bình,Trầm,Cao,Vừa,Rất cao,Ít luyến
2107,Cải lương,cailuong/audio_11_206.wav,2,Yếu,Thấp,Trung,Cao,Chậm,Rất cao,Vừa
2108,Cải lương,cailuong/audio_21_155.wav,1,Yếu,Cao,Trầm,Cao,Nhanh,Thấp,Vừa
2109,Cải lương,cailuong/audio_21_155.wav,2,Rất yếu,Cao,Rất trầm,Cao,Chậm,Rất thấp,Vừa
2110,Cải lương,cailuong/audio_13_085.wav,1,Rất yếu,Cao,Trầm,Cao,Vừa,Rất cao,Ít luyến
2111,Cải lương,cailuong/audio_13_085.wav,2,Rất yếu,Cao,Rất trầm,Cao,Chậm,Rất cao,Ít luyến
2112,Cải lương,cailuong/audio_17_164.wav,1,Yếu,Thấp,Rất trầm,Cao,Nhanh,Rất cao,Ít luyến
2113,Cải lương,cailuong/audio_17_164.wav,2,Vừa,Thấp,Trầm,Cao,Nhanh,Rất cao,Vừa
2114,Cải lương,cailuong/audio_24_151.wav,1,Yếu,Cao,Trầm,Cao,Vừa,Cao,Ít luyến
2115,Cải lương,cailuong/audio_24_151.wav,2,Yếu,Cao,Rất trầm,Cao,Vừa,Rất cao,Ít luyến
2116,Cải lương,cailuong/audio_15_181.wav,1,Yếu,Cao,Trung,Trung bình,Chậm,Rất cao,Vừa
2117,Cải lương,cailuong/audio_15_181.wav,2,Yếu,Cao,Trầm,Trung bình,Chậm,Rất cao,Ít luyến
2118,Cải lương,cailuong/audio_6_197.wav,1,Vừa,Cao,Trung,Cao,Nhanh,Rất cao,Nhiều luyến
2119,Cải lương,cailuong/audio_6_197.wav,2,Rất yếu,Thấp,Trầm,Cao,Vừa,Rất cao,Vừa
2120,Cải lương,cailuong/audio_20_003.wav,1,Yếu,Cao,Rất trầm,Thấp,Chậm,Rất cao,Ít luyến
2121,Cải lương,cailuong/audio_20_003.wav,2,Yếu,Cao,Trung,Trung bình,Chậm,Rất cao,Nhiều luyến
2122,Cải lương,cailuong/audio_13_110.wav,1,Rất yếu,Cao,Rất trầm,Cao,Vừa,Rất cao,Ít luyến
2123,Cải lương,cailuong/audio_13_110.wav,2,Rất yếu,Cao,Trầm,Cao,Vừa,Rất cao,Vừa
2124,Cải lương,cailuong/audio_20_128.wav,1,Rất yếu,Cao,Cao,Trung bình,Vừa,Rất cao,Nhiều luyến
2125,Cải lương,cailuong/audio_20_128.wav,2,Vừa,Thấp,Trung,Trung bình,Nhanh,Rất cao,Nhiều luyến
2126,Cải lương,cailuong/audio_22_106.wav,1,Yếu,Thấp,Cao,Trung bình,Chậm,Rất cao,Vừa
2127,Cải lương,cailuong/audio_22_106.wav,2,Mạnh,Cao,Rất trầm,Thấp,Vừa,Rất cao,Ít luyến
2128,Cải lương,cailuong/audio_19_038.wav,1,Yếu,Trung bình,Rất trầm,Thấp,Chậm,Rất cao,Ít luyến
2129,Cải lương,cailuong/audio_19_038.wav,2,Rất yếu,Cao,Trung,Trung bình,Nhanh,Rất cao,Vừa
2130,Cải lương,cailuong/audio_17_179.wav,1,Vừa,Thấp,Trầm,Trung bình,Vừa,Trung bình,Vừa
2131,Cải lương,cailuong/audio_17_179.wav,2,Yếu,Thấp,Trầm,Cao,Chậm,Rất thấp,Nhiều luyến
2132,Cải lương,cailuong/audio_24_140.wav,1,Yếu,Cao,Trung,Cao,Chậm,Rất cao,Vừa
2133,Cải lương,cailuong/audio_24_140.wav,2,Mạnh,Cao,Trầm,Cao,Chậm,Cao,Vừa
2134,Cải lương,cailuong/audio_25_104.wav,1,Rất yếu,Cao,Trầm,Cao,Vừa,Rất cao,Ít luyến
2135,Cải lương,cailuong/audio_25_104.wav,2,Rất yếu,Trung bình,Trung,Trung bình,Vừa,Rất cao,Ít luyến
2136,Cải lương,cailuong/audio_12_083.wav,1,Mạnh,Cao,Rất trầm,Trung bình,Nhanh,Rất cao,Ít luyến
2137,Cải lương,cailuong/audio_12_083.wav,2,Vừa,Cao,Rất trầm,Thấp,Vừa,Rất cao,Ít luyến
2138,Cải lương,cailuong/audio_4_101.wav,1,Vừa,Cao,Trầm,Thấp,Vừa,Cao,Ít luyến
2139,Cải lương,cailuong/audio_4_101.wav,2,Yếu,Cao,Rất trầm,Thấp,Vừa,Rất cao,Vừa
2140,Cải lương,cailuong/audio_20_005.wav,1,Yếu,Cao,Trầm,Trung bình,Chậm,Cao,Vừa
2141,Cải lương,cailuong/audio_20_005.wav,2,Vừa,Cao,Trung,Trung bình,Nhanh,Rất cao,Vừa
2142,Cải lương,cailuong/audio_14_069.wav,1,Vừa,Cao,Trung,Trung bình,Chậm,Rất cao,Ít luyến
2143,Cải lương,cailuong/audio_14_069.wav,2,Vừa,Cao,Rất trầm,Trung bình,Nhanh,Rất cao,Ít luyến
2144,Cải lương,cailuong/audio_12_147.wav,1,Vừa,Thấp,Trầm,Trung bình,Vừa,Cao,Vừa
2145,Cải lương,cailuong/audio_12_147.wav,2,Mạnh,Thấp,Trầm,Thấp,Nhanh,Cao,Vừa
2146,Cải lương,cailuong/audio_4_081.wav,1,Mạnh,Cao,Rất trầm,Thấp,Chậm,Thấp,Ít luyến
2147,Cải lương,cailuong/audio_4_081.wav,2,Yếu,Cao,Rất trầm,Thấp,Chậm,Cao,Ít luyến
2148,Cải lương,cailuong/audio_10_053.wav,1,Mạnh,Cao,Trung,Trung bình,Chậm,Rất cao,Ít luyến
2149,Cải lương,cailuong/audio_10_053.wav,2,Mạnh,Cao,Trung,Trung bình,Nhanh,Rất cao,Ít luyến
2150,Cải lương,cailuong/audio_7_011.wav,1,Rất yếu,Cao,Trung,Cao,Chậm,Rất cao,Ít luyến
2151,Cải lương,cailuong/audio_7_011.wav,2,Rất yếu,Thấp,Trầm,Trung bình,Nhanh,Rất cao,Ít luyến
2152,Cải lương,cailuong/audio_18_114.wav,1,Yếu,Thấp,Trung,Thấp,Vừa,Rất cao,Vừa
2153,Cải lương,cailuong/audio_18_114.wav,2,Rất yếu,Thấp,Trầm,Thấp,Chậm,Cao,Ít luyến
2154,Cải lương,cailuong/audio_24_186.wav,1,Yếu,Thấp,Rất trầm,Thấp,Chậm,Rất cao,Ít luyến
2155,Cải lương,cailuong/audio_24_186.wav,2,Mạnh,Cao,Trầm,Trung bình,Vừa,Rất cao,Ít luyến
2156,Cải lương,cailuong/audio_15_040.wav,1,Yếu,Cao,Trầm,Trung bình,Nhanh,Rất cao,Vừa
2157,Cải lương,cailuong/audio_15_040.wav,2,Yếu,Cao,Rất trầm,Thấp,Nhanh,Rất cao,Ít luyến
2158,Cải lương,cailuong/audio_21_049.wav,1,Rất yếu,Cao,Trầm,Trung bình,Chậm,Rất cao,Vừa
2159,Cải lương,cailuong/audio_21_049.wav,2,Vừa,Cao,Trung,Trung bình,Nhanh,Rất cao,Vừa
2160,Cải lương,cailuong/audio_12_171.wav,1,Vừa,Cao,Trầm,Thấp,Chậm,Rất cao,Vừa
2161,Cải lương,cailuong/audio_12_171.wav,2,Mạnh,Cao,Rất trầm,Thấp,Vừa,Rất cao,Ít luyến
2162,Cải lương,cailuong/audio_8_179.wav,1,Rất yếu,Cao,Trung,Trung bình,Chậm,Rất cao,Vừa
2163,Cải lương,cailuong/audio_8_179.wav,2,Yếu,Cao,Trầm,Cao,Chậm,Cao,Vừa
2164,Cải lương,cailuong/audio_9_151.wav,1,Vừa,Cao,Trầm,Thấp,Nhanh,Rất thấp,Vừa
2165,Cải lương,cailuong/audio_9_151.wav,2,Mạnh,Cao,Trung,Thấp,Nhanh,Rất thấp,Vừa
2166,Cải lương,cailuong/audio_23_135.wav,1,Yếu,Cao,Trung,Trung bình,Nhanh,Rất cao,Vừa
2167,Cải lương,cailuong/audio_23_135.wav,2,Yếu,Cao,Rất trầm,Cao,Vừa,Rất cao,Ít luyến
2168,Cải lương,cailuong/audio_8_159.wav,1,Rất yếu,Cao,Trung,Trung bình,Chậm,Rất cao,Vừa
2169,Cải lương,cailuong/audio_8_159.wav,2,Yếu,Cao,Trầm,Trung bình,Chậm,Thấp,Nhiều luyến
2170,Cải lương,cailuong/audio_20_018.wav,1,Rất yếu,Cao,Trầm,Thấp,Vừa,Cao,Vừa
2171,Cải lương,cailuong/audio_20_018.wav,2,Yếu,Cao,Rất trầm,Trung bình,Vừa,Rất cao,Ít luyến
2172,Cải lương,cailuong/audio_2_027.wav,1,Mạnh,Cao,Trầm,Cao,Chậm,Rất cao,Nhiều luyến
2173,Cải lương,cailuong/audio_2_027.wav,2,Mạnh,Cao,Trung,Cao,Vừa,Rất cao,Vừa
2174,Cải lương,cailuong/audio_8_122.wav,1,Vừa,Cao,Cao,Trung bình,Nhanh,Rất cao,Nhiều luyến
2175,Cải lương,cailuong/audio_8_122.wav,2,Rất yếu,Cao,Cao,Trung bình,Nhanh,Rất cao,Nhiều luyến
2176,Cải lương,cailuong/audio_20_004.wav,1,Yếu,Cao,Trầm,Trung bình,Chậm,Trung bình,Vừa
2177,Cải lương,cailuong/audio_20_004.wav,2,Yếu,Cao,Rất trầm,Trung bình,Chậm,Rất thấp,Vừa
2178,Cải lương,cailuong/audio_26_120.wav,1,Vừa,Trung bình,Trầm,Trung bình,Nhanh,Cao,Vừa
2179,Cải lương,cailuong/audio_26_120.wav,2,Vừa,Cao,Trầm,Trung bình,Nhanh,Rất cao,Vừa
2180,Cải lương,cailuong/audio_3_058.wav,1,Yếu,Cao,Trung,Trung bình,Vừa,Rất cao,Vừa
2181,Cải lương,cailuong/audio_3_058.wav,2,Yếu,Cao,Cao,Cao,Vừa,Rất cao,Vừa
2182,Cải lương,cailuong/audio_5_030.wav,1,Vừa,Cao,Trung,Thấp,Nhanh,Rất cao,Vừa
2183,Cải lương,cailuong/audio_5_030.wav,2,Vừa,Thấp,Trầm,Thấp,Chậm,Rất cao,Vừa
2184,Cải lương,cailuong/audio_18_135.wav,1,Rất yếu,Cao,Trầm,Thấp,Vừa,Trung bình,Ít luyến
2185,Cải lương,cailuong/audio_18_135.wav,2,Rất yếu,Thấp,Cao,Thấp,Vừa,Cao,Vừa
2186,Cải lương,cailuong/audio_5_166.wav,1,Yếu,Cao,Trung,Trung bình,Chậm,Rất cao,Vừa
2187,Cải lương,cailuong/audio_5_166.wav,2,Vừa,Cao,Trung,Trung bình,Chậm,Rất cao,Vừa
2188,Cải lương,cailuong/audio_22_094.wav,1,Yếu,Cao,Trung,Thấp,Vừa,Rất cao,Vừa
2189,Cải lương,cailuong/audio_22_094.wav,2,Yếu,Thấp,Trầm,Thấp,Chậm,Trung bình,Vừa
2190,Cải lương,cailuong/audio_17_135.wav,1,Mạnh,Trung bình,Trầm,Trung bình,Chậm,Cao,Vừa
2191,Cải lương,cailuong/audio_17_135.wav,2,Yếu,Thấp,Rất trầm,Cao,Nhanh,Rất cao,Ít luyến
2192,Cải lương,cailuong/audio_11_164.wav,1,Vừa,Thấp,Trầm,Trung bình,Vừa,Rất cao,Ít luyến
2193,Cải lương,cailuong/audio_11_164.wav,2,Vừa,Cao,Trung,Trung bình,Nhanh,Rất cao,Ít luyến
2194,Cải lương,cailuong/audio_17_096.wav,1,Rất mạnh,Thấp,Trầm,Cao,Nhanh,Rất thấp,Vừa
2195,Cải lương,cailuong/audio_17_096.wav,2,Vừa,Thấp,Rất trầm,Trung bình,Vừa,Rất cao,Ít luyến
2196,Cải lương,cailuong/audio_17_023.wav,1,Yếu,Thấp,Trầm,Cao,Chậm,Rất thấp,Vừa
2197,Cải lương,cailuong/audio_17_023.wav,2,Yếu,Thấp,Rất trầm,Cao,Chậm,Rất thấp,Ít luyến
2198,Cải lương,cailuong/audio_4_002.wav,1,Vừa,Thấp,Trầm,Thấp,Nhanh,Rất cao,Vừa
2199,Cải lương,cailuong/audio_4_002.wav,2,Vừa,Cao,Trầm,Thấp,Vừa,Rất cao,Vừa
2200,Cải lương,cailuong/audio_7_015.wav,1,Yếu,Cao,Trầm,Cao,Vừa,Rất cao,Ít luyến
2201,Cải lương,cailuong/audio_7_015.wav,2,Rất yếu,Cao,Trầm,Cao,Vừa,Rất cao,Ít luyến
2202,Cải lương,cailuong/audio_8_256.wav,1,Rất yếu,Trung bình,Trầm,Cao,Chậm,Rất cao,Ít luyến
2203,Cải lương,cailuong/audio_8_256.wav,2,Vừa,Cao,Rất trầm,Trung bình,Vừa,Rất cao,Ít luyến
2204,Cải lương,cailuong/audio_4_216.wav,1,Yếu,Cao,Rất trầm,Thấp,Chậm,Rất cao,Ít luyến
2205,Cải lương,cailuong/audio_4_216.wav,2,Vừa,Cao,Trầm,Thấp,Chậm,Rất cao,Vừa
2206,Cải lương,cailuong/audio_18_132.wav,1,Yếu,Cao,Rất trầm,Thấp,Nhanh,Rất thấp,Ít luyến
2207,Cải lương,cailuong/audio_18_132.wav,2,Vừa,Thấp,Trầm,Thấp,Chậm,Trung bình,Vừa
2208,Cải lương,cailuong/audio_15_154.wav,1,Vừa,Cao,Trầm,Thấp,Nhanh,Rất cao,Vừa
2209,Cải lương,cailuong/audio_15_154.wav,2,Yếu,Cao,Trầm,Thấp,Nhanh,Rất cao,Ít luyến
2210,Cải lương,cailuong/audio_20_120.wav,1,Yếu,Cao,Trung,Trung bình,Vừa,Rất cao,Nhiều luyến
2211,Cải lương,cailuong/audio_20_120.wav,2,Yếu,Cao,Trầm,Cao,Nhanh,Rất cao,Vừa
2212,Cải lương,cailuong/audio_13_072.wav,1,Mạnh,Cao,Trầm,Cao,Chậm,Rất cao,Vừa
2213,Cải lương,cailuong/audio_13_072.wav,2,Yếu,Cao,Trầm,Cao,Nhanh,Rất cao,Vừa
2214,Cải lương,cailuong/audio_15_004.wav,1,Vừa,Cao,Trầm,Thấp,Nhanh,Rất cao,Nhiều luyến
2215,Cải lương,cailuong/audio_15_004.wav,2,Vừa,Cao,Trầm,Thấp,Nhanh,Rất cao,Nhiều luyến
2216,Cải lương,cailuong/audio_26_032.wav,1,Vừa,Cao,Trầm,Cao,Chậm,Cao,Nhiều luyến
2217,Cải lương,cailuong/audio_26_032.wav,2,Vừa,Cao,Trầm,Cao,Nhanh,Trung bình,Nhiều luyến
2218,Cải lương,cailuong/audio_8_036.wav,1,Rất yếu,Cao,Rất trầm,Trung bình,Vừa,Rất cao,Ít luyến
2219,Cải lương,cailuong/audio_8_036.wav,2,Rất yếu,Cao,Rất trầm,Trung bình,Vừa,Rất cao,Ít luyến
2220,Cải lương,cailuong/audio_4_019.wav,1,Yếu,Cao,Rất trầm,Thấp,Vừa,Rất cao,Ít luyến
2221,Cải lương,cailuong/audio_4_019.wav,2,Yếu,Cao,Rất trầm,Trung bình,Vừa,Rất cao,Ít luyến
2222,Cải lương,cailuong/audio_20_154.wav,1,Yếu,Cao,Trầm,Trung bình,Vừa,Rất cao,Vừa
2223,Cải lương,cailuong/audio_20_154.wav,2,Yếu,Cao,Trầm,Trung bình,Vừa,Rất cao,Vừa
2224,Cải lương,cailuong/audio_21_132.wav,1,Yếu,Cao,Rất trầm,Trung bình,Vừa,Rất cao,Ít luyến
2225,Cải lương,cailuong/audio_21_132.wav,2,Vừa,Cao,Trung,Trung bình,Vừa,Rất cao,Ít luyến
2226,Cải lương,cailuong/audio_26_055.wav,1,Vừa,Cao,Rất trầm,Trung bình,Vừa,Rất thấp,Vừa
2227,Cải lương,cailuong/audio_26_055.wav,2,Vừa,Cao,Trầm,Cao,Nhanh,Rất thấp,Vừa
2228,Cải lương,cailuong/audio_26_059.wav,1,Vừa,Cao,Trầm,Trung bình,Nhanh,Thấp,Vừa
2229,Cải lương,cailuong/audio_26_059.wav,2,Vừa,Cao,Trung,Trung bình,Chậm,Thấp,Vừa
2230,Cải lương,cailuong/audio_12_150.wav,1,Vừa,Cao,Rất trầm,Trung bình,Chậm,Rất cao,Ít luyến
2231,Cải lương,cailuong/audio_12_150.wav,2,Rất mạnh,Cao,Trầm,Cao,Chậm,Thấp,Vừa
2232,Cải lương,cailuong/audio_19_270.wav,1,Vừa,Cao,Trầm,Trung bình,Chậm,Cao,Ít luyến
2233,Cải lương,cailuong/audio_19_270.wav,2,Yếu,Cao,Trầm,Trung bình,Chậm,Rất thấp,Vừa
2234,Cải lương,cailuong/audio_16_123.wav,1,Vừa,Cao,Trầm,Trung bình,Chậm,Cao,Nhiều luyến
2235,Cải lương,cailuong/audio_16_123.wav,2,Vừa,Cao,Cao,Thấp,Vừa,Rất cao,Nhiều luyến
2236,Cải lương,cailuong/audio_21_062.wav,1,Vừa,Cao,Trầm,Trung bình,Vừa,Rất cao,Ít luyến
2237,Cải lương,cailuong/audio_21_062.wav,2,Rất yếu,Cao,Rất trầm,Trung bình,Vừa,Rất cao,Ít luyến
2238,Cải lương,cailuong/audio_17_000.wav,1,Vừa,Cao,Trầm,Trung bình,Vừa,Trung bình,Ít luyến
2239,Cải lương,cailuong/audio_17_000.wav,2,Vừa,Cao,Trung,Trung bình,Chậm,Rất thấp,Vừa
2240,Cải lương,cailuong/audio_25_109.wav,1,Vừa,Thấp,Trầm,Cao,Chậm,Rất cao,Vừa
2241,Cải lương,cailuong/audio_25_109.wav,2,Vừa,Cao,Trầm,Cao,Chậm,Rất cao,Vừa
2242,Cải lương,cailuong/audio_15_053.wav,1,Yếu,Cao,Trung,Trung bình,Nhanh,Rất cao,Ít luyến
2243,Cải lương,cailuong/audio_15_053.wav,2,Yếu,Cao,Trầm,Trung bình,Chậm,Rất cao,Vừa
2244,Cải lương,cailuong/audio_6_121.wav,1,Rất yếu,Thấp,Trung,Cao,Vừa,Rất cao,Ít luyến
2245,Cải lương,cailuong/audio_6_121.wav,2,Rất yếu,Thấp,Trung,Cao,Nhanh,Rất cao,Ít luyến
2246,Cải lương,cailuong/audio_6_194.wav,1,Rất yếu,Cao,Trầm,Trung bình,Vừa,Rất cao,Vừa
2247,Cải lương,cailuong/audio_6_194.wav,2,Yếu,Thấp,Trầm,Cao,Chậm,Cao,Vừa
2248,Cải lương,cailuong/audio_19_080.wav,1,Rất yếu,Cao,Rất trầm,Thấp,Vừa,Rất cao,Ít luyến
2249,Cải lương,cailuong/audio_19_080.wav,2,Rất yếu,Cao,Rất trầm,Trung bình,Vừa,Rất cao,Ít luyến
2250,Cải lương,cailuong/audio_25_043.wav,1,Rất yếu,Trung bình,Trung,Trung bình,Chậm,Rất cao,Vừa
2251,Cải lương,cailuong/audio_25_043.wav,2,Rất yếu,Thấp,Rất trầm,Trung bình,Vừa,Rất cao,Ít luyến
2252,Cải lương,cailuong/audio_0_093.wav,1,Vừa,Cao,Trầm,Thấp,Vừa,Thấp,Vừa
2253,Cải lương,cailuong/audio_0_093.wav,2,Vừa,Thấp,Rất trầm,Thấp,Chậm,Cao,Vừa
2254,Cải lương,cailuong/audio_22_182.wav,1,Yếu,Cao,Trầm,Thấp,Vừa,Rất cao,Ít luyến
2255,Cải lương,cailuong/audio_22_182.wav,2,Mạnh,Cao,Trầm,Thấp,Chậm,Rất cao,Ít luyến
2256,Cải lương,cailuong/audio_11_227.wav,1,Rất yếu,Thấp,Rất trầm,Thấp,Nhanh,Rất cao,Ít luyến
2257,Cải lương,cailuong/audio_11_227.wav,2,Yếu,Thấp,Rất trầm,Thấp,Vừa,Rất cao,Ít luyến
2258,Cải lương,cailuong/audio_5_111.wav,1,Mạnh,Thấp,Trung,Thấp,Chậm,Rất cao,Ít luyến
2259,Cải lương,cailuong/audio_5_111.wav,2,Mạnh,Thấp,Trung,Thấp,Vừa,Rất cao,Vừa
2260,Cải lương,cailuong/audio_2_035.wav,1,Mạnh,Cao,Trầm,Cao,Vừa,Rất cao,Nhiều luyến
2261,Cải lương,cailuong/audio_2_035.wav,2,Mạnh,Cao,Trung,Cao,Nhanh,Rất cao,Nhiều luyến
2262,Cải lương,cailuong/audio_17_127.wav,1,Mạnh,Thấp,Trầm,Cao,Chậm,Rất cao,Vừa
2263,Cải lương,cailuong/audio_17_127.wav,2,Mạnh,Thấp,Trầm,Cao,Chậm,Rất cao,Vừa
2264,Cải lương,cailuong/audio_7_282.wav,1,Rất yếu,Cao,Rất trầm,Trung bình,Vừa,Rất cao,Ít luyến
2265,Cải lương,cailuong/audio_7_282.wav,2,Rất yếu,Thấp,Rất trầm,Thấp,Chậm,Rất cao,Ít luyến
2266,Cải lương,cailuong/audio_26_080.wav,1,Vừa,Cao,Cao,Trung bình,Nhanh,Rất cao,Nhiều luyến
2267,Cải lương,cailuong/audio_26_080.wav,2,Vừa,Cao,Trầm,Thấp,Nhanh,Cao,Vừa
2268,Cải lương,cailuong/audio_21_144.wav,1,Yếu,Cao,Trung,Trung bình,Vừa,Rất cao,Ít luyến
2269,Cải lương,cailuong/audio_21_144.wav,2,Vừa,Cao,Trầm,Cao,Chậm,Cao,Vừa
2270,Cải lương,cailuong/audio_25_166.wav,1,Vừa,Cao,Rất trầm,Cao,Nhanh,Rất cao,Vừa
2271,Cải lương,cailuong/audio_25_166.wav,2,Rất yếu,Cao,Trầm,Trung bình,Nhanh,Rất cao,Vừa
2272,Cải lương,cailuong/audio_24_173.wav,1,Yếu,Thấp,Rất trầm,Trung bình,Vừa,Rất cao,Vừa
2273,Cải lương,cailuong/audio_24_173.wav,2,Yếu,Cao,Trầm,Trung bình,Vừa,Rất cao,Vừa
2274,Cải lương,cailuong/audio_17_293.wav,1,Mạnh,Thấp,Rất trầm,Cao,Nhanh,Cao,Ít luyến
2275,Cải lương,cailuong/audio_17_293.wav,2,Mạnh,Thấp,Trầm,Cao,Nhanh,Cao,Vừa
2276,Cải lương,cailuong/audio_7_063.wav,1,Rất yếu,Cao,Rất trầm,Cao,Nhanh,Rất cao,Ít luyến
2277,Cải lương,cailuong/audio_7_063.wav,2,Rất yếu,Cao,Trung,Cao,Vừa,Rất cao,Ít luyến
2278,Cải lương,cailuong/audio_15_106.wav,1,Yếu,Cao,Trầm,Cao,Chậm,Rất cao,Vừa
2279,Cải lương,cailuong/audio_15_106.wav,2,Yếu,Cao,Trầm,Cao,Chậm,Rất cao,Vừa
2280,Cải lương,cailuong/audio_4_154.wav,1,Mạnh,Cao,Trầm,Trung bình,Vừa,Thấp,Vừa
2281,Cải lương,cailuong/audio_4_154.wav,2,Vừa,Cao,Trung,Thấp,Chậm,Rất cao,Vừa
2282,Cải lương,cailuong/audio_2_021.wav,1,Vừa,Cao,Trầm,Trung bình,Vừa,Rất cao,Vừa
2283,Cải lương,cailuong/audio_2_021.wav,2,Yếu,Cao,Trung,Trung bình,Chậm,Rất cao,Nhiều luyến
2284,Cải lương,cailuong/audio_7_110.wav,1,Yếu,Cao,Rất trầm,Cao,Vừa,Rất cao,Ít luyến
2285,Cải lương,cailuong/audio_7_110.wav,2,Rất yếu,Cao,Rất trầm,Cao,Nhanh,Rất cao,Ít luyến
2286,Cải lương,cailuong/audio_2_153.wav,1,Vừa,Cao,Rất trầm,Trung bình,Vừa,Rất cao,Ít luyến
2287,Cải lương,cailuong/audio_2_153.wav,2,Mạnh,Cao,Rất trầm,Cao,Vừa,Rất cao,Ít luyến
2288,Cải lương,cailuong/audio_9_125.wav,1,Vừa,Cao,Cao,Thấp,Chậm,Rất cao,Nhiều luyến
2289,Cải lương,cailuong/audio_9_125.wav,2,Vừa,Cao,Rất trầm,Thấp,Vừa,Rất cao,Ít luyến
2290,Cải lương,cailuong/audio_3_145.wav,1,Yếu,Cao,Trầm,Cao,Chậm,Rất cao,Ít luyến
2291,Cải lương,cailuong/audio_3_145.wav,2,Mạnh,Cao,Trung,Cao,Nhanh,Rất cao,Vừa
2292,Cải lương,cailuong/audio_23_169.wav,1,Mạnh,Cao,Trầm,Cao,Nhanh,Cao,Vừa
2293,Cải lương,cailuong/audio_23_169.wav,2,Yếu,Cao,Trầm,Cao,Chậm,Rất cao,Vừa
2294,Cải lương,cailuong/audio_18_238.wav,1,Yếu,Cao,Trầm,Thấp,Nhanh,Rất thấp,Vừa
2295,Cải lương,cailuong/audio_18_238.wav,2,Yếu,Cao,Trung,Thấp,Chậm,Rất thấp,Nhiều luyến
2296,Cải lương,cailuong/audio_26_064.wav,1,Vừa,Cao,Trung,Trung bình,Vừa,Rất cao,Vừa
2297,Cải lương,cailuong/audio_26_064.wav,2,Vừa,Cao,Trung,Trung bình,Chậm,Rất cao,Nhiều luyến
2298,Cải lương,cailuong/audio_9_116.wav,1,Mạnh,Cao,Trung,Trung bình,Chậm,Rất thấp,Nhiều luyến
2299,Cải lương,cailuong/audio_9_116.wav,2,Mạnh,Cao,Trầm,Thấp,Vừa,Rất thấp,Vừa
2300,Cải lương,cailuong/audio_13_076.wav,1,Yếu,Cao,Trung,Cao,Chậm,Rất cao,Nhiều luyến
2301,Cải lương,cailuong/audio_13_076.wav,2,Vừa,Cao,Trầm,Cao,Vừa,Rất cao,Vừa
2302,Cải lương,cailuong/audio_24_260.wav,1,Vừa,Thấp,Rất trầm,Thấp,Nhanh,Rất cao,Ít luyến
2303,Cải lương,cailuong/audio_24_260.wav,2,Rất yếu,Cao,Cao,Thấp,Chậm,Rất cao,Ít luyến
2304,Cải lương,cailuong/audio_12_087.wav,1,Vừa,Cao,Trầm,Cao,Chậm,Trung bình,Vừa
2305,Cải lương,cailuong/audio_12_087.wav,2,Mạnh,Cao,Rất trầm,Cao,Chậm,Trung bình,Ít luyến
2306,Cải lương,cailuong/audio_15_168.wav,1,Vừa,Cao,Trung,Thấp,Chậm,Rất cao,Vừa
2307,Cải lương,cailuong/audio_15_168.wav,2,Vừa,Cao,Trung,Trung bình,Chậm,Rất cao,Vừa
2308,Cải lương,cailuong/audio_9_156.wav,1,Mạnh,Cao,Trầm,Trung bình,Chậm,Thấp,Ít luyến
2309,Cải lương,cailuong/audio_9_156.wav,2,Vừa,Cao,Trầm,Trung bình,Chậm,Thấp,Vừa
2310,Cải lương,cailuong/audio_23_067.wav,1,Vừa,Cao,Trung,Trung bình,Vừa,Rất cao,Vừa
2311,Cải lương,cailuong/audio_23_067.wav,2,Yếu,Cao,Trung,Cao,Chậm,Rất cao,Vừa
2312,Cải lương,cailuong/audio_11_103.wav,1,Rất yếu,Cao,Trầm,Cao,Vừa,Rất cao,Ít luyến
2313,Cải lương,cailuong/audio_11_103.wav,2,Vừa,Trung bình,Trung,Trung bình,Chậm,Rất cao,Nhiều luyến
2314,Cải lương,cailuong/audio_1_035.wav,1,Rất mạnh,Cao,Trầm,Thấp,Nhanh,Cao,Vừa
2315,Cải lương,cailuong/audio_1_035.wav,2,Rất mạnh,Cao,Trầm,Thấp,Vừa,Thấp,Vừa
2316,Cải lương,cailuong/audio_0_005.wav,1,Vừa,Thấp,Trung,Thấp,Chậm,Rất cao,Vừa
2317,Cải lương,cailuong/audio_0_005.wav,2,Rất yếu,Cao,Trầm,Trung bình,Chậm,Rất cao,Vừa
2318,Cải lương,cailuong/audio_23_295.wav,1,Yếu,Cao,Trung,Trung bình,Chậm,Cao,Ít luyến
2319,Cải lương,cailuong/audio_23_295.wav,2,Yếu,Cao,Trầm,Trung bình,Nhanh,Cao,Vừa
2320,Cải lương,cailuong/audio_22_188.wav,1,Mạnh,Cao,Trầm,Thấp,Chậm,Cao,Vừa
2321,Cải lương,cailuong/audio_22_188.wav,2,Yếu,Thấp,Trầm,Thấp,Vừa,Trung bình,Ít luyến
2322,Cải lương,cailuong/audio_2_102.wav,1,Vừa,Cao,Trầm,Trung bình,Vừa,Rất cao,Vừa
2323,Cải lương,cailuong/audio_2_102.wav,2,Vừa,Cao,Trung,Cao,Chậm,Rất cao,Vừa
2324,Cải lương,cailuong/audio_26_165.wav,1,Yếu,Cao,Trầm,Trung bình,Chậm,Rất cao,Ít luyến
2325,Cải lương,cailuong/audio_26_165.wav,2,Mạnh,Cao,Trầm,Trung bình,Nhanh,Rất cao,Ít luyến
2326,Cải lương,cailuong/audio_3_043.wav,1,Yếu,Cao,Trầm,Trung bình,Nhanh,Rất cao,Ít luyến
2327,Cải lương,cailuong/audio_3_043.wav,2,Yếu,Thấp,Trầm,Trung bình,Vừa,Rất cao,Ít luyến
2328,Cải lương,cailuong/audio_22_145.wav,1,Yếu,Cao,Trầm,Thấp,Chậm,Rất cao,Vừa
2329,Cải lương,cailuong/audio_22_145.wav,2,Yếu,Cao,Trầm,Thấp,Chậm,Thấp,Vừa
2330,Cải lương,cailuong/audio_7_041.wav,1,Rất yếu,Cao,Trung,Cao,Chậm,Rất cao,Ít luyến
2331,Cải lương,cailuong/audio_7_041.wav,2,Rất yếu,Cao,Trầm,Cao,Chậm,Rất cao,Ít luyến
2332,Cải lương,cailuong/audio_7_028.wav,1,Rất yếu,Cao,Rất trầm,Cao,Vừa,Rất cao,Ít luyến
2333,Cải lương,cailuong/audio_7_028.wav,2,Yếu,Cao,Trung,Cao,Nhanh,Rất cao,Ít luyến
2334,Cải lương,cailuong/audio_18_178.wav,1,Rất yếu,Cao,Trầm,Thấp,Chậm,Trung bình,Vừa
2335,Cải lương,cailuong/audio_18_178.wav,2,Yếu,Cao,Trầm,Thấp,Chậm,Rất thấp,Vừa
2336,Cải lương,cailuong/audio_20_145.wav,1,Mạnh,Cao,Trầm,Cao,Nhanh,Cao,Vừa
2337,Cải lương,cailuong/audio_20_145.wav,2,Vừa,Cao,Trầm,Trung bình,Nhanh,Cao,Vừa
2338,Cải lương,cailuong/audio_14_180.wav,1,Mạnh,Cao,Trầm,Trung bình,Vừa,Rất cao,Vừa
2339,Cải lương,cailuong/audio_14_180.wav,2,Mạnh,Cao,Trầm,Trung bình,Nhanh,Cao,Ít luyến
2340,Cải lương,cailuong/audio_18_218.wav,1,Rất yếu,Trung bình,Rất trầm,Thấp,Chậm,Trung bình,Ít luyến
2341,Cải lương,cailuong/audio_18_218.wav,2,Yếu,Thấp,Trầm,Thấp,Chậm,Rất thấp,Vừa
2342,Cải lương,cailuong/audio_2_079.wav,1,Vừa,Cao,Trung,Cao,Chậm,Rất cao,Nhiều luyến
2343,Cải lương,cailuong/audio_2_079.wav,2,Vừa,Thấp,Cao,Cao,Vừa,Rất cao,Nhiều luyến
2344,Cải lương,cailuong/audio_1_036.wav,1,Rất mạnh,Cao,Trầm,Trung bình,Vừa,Rất thấp,Vừa
2345,Cải lương,cailuong/audio_1_036.wav,2,Rất mạnh,Cao,Trầm,Trung bình,Vừa,Cao,Ít luyến
2346,Cải lương,cailuong/audio_15_174.wav,1,Yếu,Cao,Trầm,Cao,Nhanh,Cao,Vừa
2347,Cải lương,cailuong/audio_15_174.wav,2,Mạnh,Cao,Trầm,Trung bình,Nhanh,Rất cao,Ít luyến
2348,Cải lương,cailuong/audio_3_051.wav,1,Yếu,Cao,Rất trầm,Cao,Vừa,Rất cao,Ít luyến
2349,Cải lương,cailuong/audio_3_051.wav,2,Yếu,Cao,Rất trầm,Cao,Nhanh,Rất cao,Ít luyến
2350,Cải lương,cailuong/audio_11_178.wav,1,Rất yếu,Cao,Cao,Trung bình,Vừa,Rất cao,Vừa
2351,Cải lương,cailuong/audio_11_178.wav,2,Rất yếu,Thấp,Trầm,Trung bình,Nhanh,Rất cao,Ít luyến
2352,Cải lương,cailuong/audio_17_066.wav,1,Rất yếu,Thấp,Rất trầm,Cao,Chậm,Cao,Ít luyến
2353,Cải lương,cailuong/audio_17_066.wav,2,Mạnh,Thấp,Rất trầm,Cao,Vừa,Thấp,Ít luyến
2354,Cải lương,cailuong/audio_17_063.wav,1,Vừa,Cao,Trầm,Thấp,Chậm,Rất cao,Ít luyến
2355,Cải lương,cailuong/audio_17_063.wav,2,Vừa,Thấp,Rất trầm,Thấp,Chậm,Rất cao,Ít luyến
2356,Cải lương,cailuong/audio_16_222.wav,1,Vừa,Cao,Trầm,Trung bình,Nhanh,Rất cao,Ít luyến
2357,Cải lương,cailuong/audio_16_222.wav,2,Rất yếu,Cao,Rất trầm,Trung bình,Vừa,Rất cao,Ít luyến
2358,Cải lương,cailuong/audio_4_103.wav,1,Mạnh,Thấp,Trầm,Thấp,Chậm,Rất thấp,Vừa
2359,Cải lương,cailuong/audio_4_103.wav,2,Mạnh,Cao,Trầm,Thấp,Vừa,Rất cao,Vừa
2360,Cải lương,cailuong/audio_24_180.wav,1,Yếu,Cao,Trầm,Trung bình,Chậm,Cao,Ít luyến
2361,Cải lương,cailuong/audio_24_180.wav,2,Vừa,Cao,Trầm,Cao,Chậm,Cao,Vừa
2362,Cải lương,cailuong/audio_8_053.wav,1,Vừa,Cao,Trầm,Trung bình,Nhanh,Cao,Vừa
2363,Cải lương,cailuong/audio_8_053.wav,2,Yếu,Cao,Trung,Trung bình,Nhanh,Rất cao,Vừa
2364,Cải lương,cailuong/audio_0_186.wav,1,Vừa,Cao,Trung,Thấp,Vừa,Rất cao,Vừa
2365,Cải lương,cailuong/audio_0_186.wav,2,Vừa,Cao,Rất trầm,Thấp,Vừa,Rất cao,Ít luyến
2366,Cải lương,cailuong/audio_14_085.wav,1,Yếu,Cao,Trầm,Trung bình,Chậm,Rất cao,Ít luyến
2367,Cải lương,cailuong/audio_14_085.wav,2,Mạnh,Cao,Rất trầm,Trung bình,Chậm,Rất cao,Ít luyến
2368,Cải lương,cailuong/audio_6_227.wav,1,Yếu,Trung bình,Trầm,Trung bình,Chậm,Cao,Vừa
2369,Cải lương,cailuong/audio_6_227.wav,2,Yếu,Trung bình,Trầm,Trung bình,Chậm,Cao,Vừa
2370,Cải lương,cailuong/audio_17_129.wav,1,Vừa,Thấp,Cao,Thấp,Chậm,Rất thấp,Nhiều luyến
2371,Cải lương,cailuong/audio_17_129.wav,2,Vừa,Thấp,Trung,Thấp,Vừa,Thấp,Vừa
2372,Cải lương,cailuong/audio_21_165.wav,1,Yếu,Cao,Rất trầm,Trung bình,Chậm,Trung bình,Vừa
2373,Cải lương,cailuong/audio_21_165.wav,2,Vừa,Cao,Trầm,Cao,Vừa,Trung bình,Vừa
2374,Cải lương,cailuong/audio_17_146.wav,1,Vừa,Thấp,Rất trầm,Thấp,Chậm,Rất cao,Ít luyến
2375,Cải lương,cailuong/audio_17_146.wav,2,Vừa,Thấp,Trầm,Trung bình,Vừa,Rất cao,Vừa
2376,Cải lương,cailuong/audio_15_019.wav,1,Rất yếu,Cao,Rất cao,Trung bình,Vừa,Rất cao,Nhiều luyến
2377,Cải lương,cailuong/audio_15_019.wav,2,Yếu,Cao,Rất trầm,Trung bình,Nhanh,Rất cao,Ít luyến
2378,Cải lương,cailuong/audio_25_108.wav,1,Vừa,Cao,Trầm,Cao,Vừa,Rất cao,Vừa
2379,Cải lương,cailuong/audio_25_108.wav,2,Vừa,Cao,Trầm,Cao,Chậm,Rất cao,Ít luyến
2380,Cải lương,cailuong/audio_0_029.wav,1,Vừa,Cao,Trầm,Thấp,Chậm,Trung bình,Nhiều luyến
2381,Cải lương,cailuong/audio_0_029.wav,2,Vừa,Cao,Trầm,Thấp,Chậm,Thấp,Nhiều luyến
2382,Cải lương,cailuong/audio_2_165.wav,1,Yếu,Cao,Rất trầm,Trung bình,Nhanh,Rất cao,Ít luyến
2383,Cải lương,cailuong/audio_2_165.wav,2,Mạnh,Cao,Trung,Cao,Chậm,Rất cao,Ít luyến
2384,Cải lương,cailuong/audio_2_092.wav,1,Rất yếu,Cao,Rất trầm,Cao,Nhanh,Rất cao,Ít luyến
2385,Cải lương,cailuong/audio_2_092.wav,2,Yếu,Cao,Rất trầm,Cao,Vừa,Rất cao,Ít luyến
2386,Cải lương,cailuong/audio_3_070.wav,1,Yếu,Cao,Trung,Trung bình,Vừa,Rất cao,Vừa
2387,Cải lương,cailuong/audio_3_070.wav,2,Yếu,Cao,Trầm,Trung bình,Chậm,Rất cao,Ít luyến
2388,Cải lương,cailuong/audio_3_217.wav,1,Yếu,Cao,Cao,Trung bình,Chậm,Rất cao,Vừa
2389,Cải lương,cailuong/audio_3_217.wav,2,Yếu,Cao,Cao,Trung bình,Vừa,Rất cao,Vừa
2390,Cải lương,cailuong/audio_6_129.wav,1,Rất yếu,Cao,Trầm,Trung bình,Nhanh,Cao,Ít luyến
2391,Cải lương,cailuong/audio_6_129.wav,2,Rất yếu,Thấp,Trầm,Trung bình,Chậm,Cao,Vừa
2392,Cải lương,cailuong/audio_2_091.wav,1,Vừa,Cao,Rất cao,Cao,Vừa,Rất cao,Vừa
2393,Cải lương,cailuong/audio_2_091.wav,2,Vừa,Cao,Rất trầm,Cao,Nhanh,Rất cao,Ít luyến
2394,Cải lương,cailuong/audio_22_063.wav,1,Yếu,Cao,Trầm,Thấp,Chậm,Trung bình,Vừa
2395,Cải lương,cailuong/audio_22_063.wav,2,Yếu,Cao,Trầm,Thấp,Nhanh,Rất cao,Ít luyến
2396,Cải lương,cailuong/audio_7_221.wav,1,Rất yếu,Cao,Trầm,Trung bình,Vừa,Rất cao,Ít luyến
2397,Cải lương,cailuong/audio_7_221.wav,2,Rất yếu,Cao,Trầm,Trung bình,Chậm,Rất cao,Ít luyến
2398,Cải lương,cailuong/audio_16_298.wav,1,Rất yếu,Cao,Rất trầm,Thấp,Vừa,Cao,Ít luyến
2399,Cải lương,cailuong/audio_16_298.wav,2,Vừa,Thấp,Trầm,Trung bình,Chậm,Rất cao,Ít luyến
2400,Hát xẩm,hat_xam/audio_2_052.wav,1,Rất mạnh,Thấp,Trung,Trung bình,Chậm,Rất thấp,Vừa
2401,Hát xẩm,hat_xam/audio_2_052.wav,2,Vừa,Thấp,Trầm,Trung bình,Nhanh,Thấp,Ít luyến
2402,Hát xẩm,hat_xam/audio_7_070.wav,1,Mạnh,Thấp,Trầm,Thấp,Nhanh,Rất thấp,Vừa
2403,Hát xẩm,hat_xam/audio_7_070.wav,2,Yếu,Thấp,Trầm,Thấp,Vừa,Rất thấp,Vừa
2404,Hát xẩm,hat_xam/audio_4_000.wav,1,Yếu,Cao,Trầm,Trung bình,Vừa,Rất cao,Ít luyến
2405,Hát xẩm,hat_xam/audio_4_000.wav,2,Yếu,Cao,Trầm,Trung bình,Vừa,Rất cao,Vừa
2406,Hát xẩm,hat_xam/audio_5_003.wav,1,Mạnh,Cao,Rất trầm,Cao,Chậm,Rất cao,Ít luyến
2407,Hát xẩm,hat_xam/audio_5_003.wav,2,Mạnh,Cao,Rất trầm,Cao,Chậm,Rất cao,Ít luyến
2408,Hát xẩm,hat_xam/audio_2_073.wav,1,Vừa,Thấp,Rất trầm,Thấp,Vừa,Rất thấp,Ít luyến
2409,Hát xẩm,hat_xam/audio_2_073.wav,2,Rất mạnh,Thấp,Rất trầm,Trung bình,Nhanh,Rất thấp,Ít luyến
2410,Hát xẩm,hat_xam/audio_2_082.wav,1,Rất mạnh,Thấp,Trầm,Thấp,Nhanh,Rất thấp,Vừa
2411,Hát xẩm,hat_xam/audio_2_082.wav,2,Rất mạnh,Thấp,Trầm,Trung bình,Chậm,Rất thấp,Ít luyến
2412,Hát xẩm,hat_xam/audio_2_064.wav,1,Mạnh,Thấp,Trầm,Trung bình,Vừa,Rất thấp,Vừa
2413,Hát xẩm,hat_xam/audio_2_064.wav,2,Vừa,Thấp,Trung,Cao,Chậm,Rất thấp,Nhiều luyến
2414,Hát xẩm,hat_xam/audio_7_011.wav,1,Rất yếu,Thấp,Trầm,Trung bình,Vừa,Cao,Ít luyến
2415,Hát xẩm,hat_xam/audio_7_011.wav,2,Rất yếu,Cao,Trầm,Trung bình,Vừa,Rất cao,Ít luyến
2416,Hát xẩm,hat_xam/audio_2_049.wav,1,Rất mạnh,Thấp,Trung,Trung bình,Chậm,Rất thấp,Nhiều luyến
2417,Hát xẩm,hat_xam/audio_2_049.wav,2,Rất mạnh,Thấp,Trung,Cao,Chậm,Rất thấp,Nhiều luyến
2418,Hát xẩm,hat_xam/audio_7_027.wav,1,Mạnh,Thấp,Rất trầm,Trung bình,Nhanh,Thấp,Ít luyến
2419,Hát xẩm,hat_xam/audio_7_027.wav,2,Vừa,Thấp,Rất trầm,Trung bình,Nhanh,Trung bình,Ít luyến
2420,Hát xẩm,hat_xam/audio_2_003.wav,1,Mạnh,Cao,Trầm,Cao,Nhanh,Rất thấp,Nhiều luyến
2421,Hát xẩm,hat_xam/audio_2_003.wav,2,Vừa,Cao,Trung,Cao,Nhanh,Rất thấp,Nhiều luyến
2422,Hát xẩm,hat_xam/audio_2_106.wav,1,Rất mạnh,Thấp,Trung,Thấp,Nhanh,Rất thấp,Nhiều luyến
2423,Hát xẩm,hat_xam/audio_2_106.wav,2,Mạnh,Thấp,Trung,Thấp,Chậm,Rất thấp,Vừa
2424,Hát xẩm,hat_xam/audio_8_004.wav,1,Rất yếu,Thấp,Trầm,Trung bình,Nhanh,Rất thấp,Vừa
2425,Hát xẩm,hat_xam/audio_8_004.wav,2,Yếu,Thấp,Trầm,Trung bình,Chậm,Rất thấp,Vừa
2426,Hát xẩm,hat_xam/audio_6_004.wav,1,Yếu,Cao,Trầm,Trung bình,Nhanh,Rất thấp,Vừa
2427,Hát xẩm,hat_xam/audio_6_004.wav,2,Yếu,Cao,Trầm,Thấp,Nhanh,Rất thấp,Vừa
2428,Hát xẩm,hat_xam/audio_2_021.wav,1,Rất mạnh,Thấp,Trầm,Trung bình,Nhanh,Thấp,Ít luyến
2429,Hát xẩm,hat_xam/audio_2_021.wav,2,Rất mạnh,Thấp,Trầm,Trung bình,Vừa,Rất thấp,Vừa
2430,Hát xẩm,hat_xam/audio_3_013.wav,1,Vừa,Thấp,Trầm,Cao,Nhanh,Rất thấp,Vừa
2431,Hát xẩm,hat_xam/audio_3_013.wav,2,Rất yếu,Thấp,Rất trầm,Trung bình,Nhanh,Rất thấp,Ít luyến
2432,Hát xẩm,hat_xam/audio_1_006.wav,1,Mạnh,Cao,Trầm,Trung bình,Nhanh,Cao,Ít luyến
2433,Hát xẩm,hat_xam/audio_1_006.wav,2,Yếu,Thấp,Rất trầm,Trung bình,Vừa,Rất cao,Ít luyến
2434,Hát xẩm,hat_xam/audio_2_060.wav,1,Mạnh,Thấp,Trầm,Trung bình,Chậm,Rất thấp,Vừa
2435,Hát xẩm,hat_xam/audio_2_060.wav,2,Rất mạnh,Thấp,Trầm,Trung bình,Nhanh,Rất thấp,Vừa
2436,Hát xẩm,hat_xam/audio_7_006.wav,1,Yếu,Thấp,Trầm,Cao,Vừa,Trung bình,Vừa
2437,Hát xẩm,hat_xam/audio_7_006.wav,2,Yếu,Thấp,Trầm,Cao,Vừa,Thấp,Ít luyến
2438,Hát xẩm,hat_xam/audio_7_025.wav,1,Yếu,Thấp,Rất trầm,Cao,Nhanh,Thấp,Ít luyến
2439,Hát xẩm,hat_xam/audio_7_025.wav,2,Yếu,Thấp,Rất trầm,Cao,Nhanh,Rất thấp,Ít luyến
2440,Hát xẩm,hat_xam/audio_4_003.wav,1,Vừa,Cao,Trầm,Trung bình,Vừa,Rất cao,Vừa
2441,Hát xẩm,hat_xam/audio_4_003.wav,2,Yếu,Cao,Trầm,Trung bình,Vừa,Rất cao,Ít luyến
2442,Hát xẩm,hat_xam/audio_2_015.wav,1,Rất mạnh,Thấp,Trầm,Thấp,Vừa,Thấp,Ít luyến
2443,Hát xẩm,hat_xam/audio_2_015.wav,2,Rất mạnh,Trung bình,Trung,Trung bình,Nhanh,Thấp,Vừa
2444,Hát xẩm,hat_xam/audio_2_098.wav,1,Rất mạnh,Thấp,Trầm,Cao,Nhanh,Rất thấp,Nhiều luyến
2445,Hát xẩm,hat_xam/audio_2_098.wav,2,Rất mạnh,Thấp,Trầm,Trung bình,Nhanh,Rất thấp,Nhiều luyến
2446,Hát xẩm,hat_xam/audio_7_034.wav,1,Vừa,Thấp,Rất trầm,Trung bình,Vừa,Cao,Ít luyến
2447,Hát xẩm,hat_xam/audio_7_034.wav,2,Vừa,Thấp,Trầm,Cao,Vừa,Trung bình,Nhiều luyến
2448,Hát xẩm,hat_xam/audio_2_055.wav,1,Mạnh,Thấp,Trung,Trung bình,Chậm,Rất thấp,Vừa
2449,Hát xẩm,hat_xam/audio_2_055.wav,2,Rất mạnh,Thấp,Trầm,Trung bình,Chậm,Rất thấp,Ít luyến
2450,Hát xẩm,hat_xam/audio_2_096.wav,1,Rất mạnh,Thấp,Trung,Trung bình,Nhanh,Rất thấp,Nhiều luyến
2451,Hát xẩm,hat_xam/audio_2_096.wav,2,Rất mạnh,Thấp,Trung,Cao,Vừa,Rất thấp,Nhiều luyến
2452,Hát xẩm,hat_xam/audio_2_124.wav,1,Yếu,Thấp,Trung,Cao,Chậm,Rất thấp,Vừa
2453,Hát xẩm,hat_xam/audio_2_124.wav,2,Rất yếu,Thấp,Trầm,Cao,Chậm,Rất thấp,Vừa
2454,Hát xẩm,hat_xam/audio_7_030.wav,1,Yếu,Cao,Trầm,Cao,Nhanh,Thấp,Vừa
2455,Hát xẩm,hat_xam/audio_7_030.wav,2,Yếu,Thấp,Rất trầm,Cao,Nhanh,Thấp,Vừa
2456,Hát xẩm,hat_xam/audio_2_085.wav,1,Rất mạnh,Trung bình,Rất trầm,Thấp,Vừa,Rất thấp,Ít luyến
2457,Hát xẩm,hat_xam/audio_2_085.wav,2,Rất mạnh,Thấp,Rất trầm,Thấp,Vừa,Rất thấp,Ít luyến
2458,Hát xẩm,hat_xam/audio_3_001.wav,1,Rất yếu,Thấp,Rất trầm,Trung bình,Vừa,Rất thấp,Ít luyến
2459,Hát xẩm,hat_xam/audio_3_001.wav,2,Vừa,Thấp,Trầm,Cao,Nhanh,Rất thấp,Ít luyến
2460,Hát xẩm,hat_xam/audio_7_055.wav,1,Rất yếu,Thấp,Trầm,Trung bình,Vừa,Rất thấp,Ít luyến
2461,Hát xẩm,hat_xam/audio_7_055.wav,2,Rất yếu,Thấp,Trung,Trung bình,Vừa,Rất thấp,Vừa
2462,Hát xẩm,hat_xam/audio_2_040.wav,1,Rất mạnh,Thấp,Trầm,Trung bình,Vừa,Rất thấp,Ít luyến
2463,Hát xẩm,hat_xam/audio_2_040.wav,2,Rất mạnh,Thấp,Trung,Trung bình,Vừa,Rất thấp,Vừa
2464,Hát xẩm,hat_xam/audio_7_035.wav,1,Rất yếu,Thấp,Trầm,Trung bình,Chậm,Cao,Ít luyến
2465,Hát xẩm,hat_xam/audio_7_035.wav,2,Yếu,Cao,Rất trầm,Cao,Vừa,Trung bình,Ít luyến
2466,Hát xẩm,hat_xam/audio_3_015.wav,1,Vừa,Thấp,Rất trầm,Cao,Nhanh,Rất thấp,Ít luyến
2467,Hát xẩm,hat_xam/audio_3_015.wav,2,Vừa,Thấp,Trầm,Cao,Nhanh,Rất thấp,Vừa
2468,Hát xẩm,hat_xam/audio_2_113.wav,1,Vừa,Thấp,Cao,Thấp,Vừa,Rất thấp,Nhiều luyến
2469,Hát xẩm,hat_xam/audio_2_113.wav,2,Yếu,Thấp,Trung,Trung bình,Nhanh,Rất thấp,Nhiều luyến
2470,Hát xẩm,hat_xam/audio_0_009.wav,1,Vừa,Cao,Trầm,Thấp,Chậm,Rất cao,Vừa
2471,Hát xẩm,hat_xam/audio_0_009.wav,2,Vừa,Cao,Trầm,Thấp,Chậm,Rất cao,Vừa
2472,Hát xẩm,hat_xam/audio_2_028.wav,1,Rất mạnh,Cao,Trầm,Trung bình,Vừa,Rất thấp,Vừa
2473,Hát xẩm,hat_xam/audio_2_028.wav,2,Mạnh,Thấp,Trầm,Trung bình,Vừa,Rất thấp,Vừa
2474,Hát xẩm,hat_xam/audio_2_017.wav,1,Rất mạnh,Cao,Trầm,Thấp,Nhanh,Rất thấp,Ít luyến
2475,Hát xẩm,hat_xam/audio_2_017.wav,2,Rất mạnh,Thấp,Trung,Thấp,Vừa,Cao,Vừa
2476,Hát xẩm,hat_xam/audio_2_023.wav,1,Rất mạnh,Thấp,Trầm,Trung bình,Nhanh,Trung bình,Ít luyến
2477,Hát xẩm,hat_xam/audio_2_023.wav,2,Rất mạnh,Thấp,Trung,Trung bình,Chậm,Thấp,Nhiều luyến
2478,Hát xẩm,hat_xam/audio_7_076.wav,1,Rất mạnh,Thấp,Rất trầm,Thấp,Nhanh,Thấp,Vừa
2479,Hát xẩm,hat_xam/audio_7_076.wav,2,Rất mạnh,Thấp,Trung,Thấp,Nhanh,Rất thấp,Vừa
2480,Hát xẩm,hat_xam/audio_1_007.wav,1,Mạnh,Cao,Trung,Trung bình,Vừa,Rất cao,Ít luyến
2481,Hát xẩm,hat_xam/audio_1_007.wav,2,Mạnh,Cao,Rất trầm,Cao,Chậm,Rất cao,Ít luyến
2482,Hát xẩm,hat_xam/audio_7_057.wav,1,Vừa,Trung bình,Trầm,Trung bình,Vừa,Rất thấp,Vừa
2483,Hát xẩm,hat_xam/audio_7_057.wav,2,Rất yếu,Trung bình,Trầm,Trung bình,Chậm,Rất thấp,Ít luyến
2484,Hát xẩm,hat_xam/audio_2_016.wav,1,Rất mạnh,Cao,Rất trầm,Thấp,Nhanh,Rất thấp,Ít luyến
2485,Hát xẩm,hat_xam/audio_2_016.wav,2,Rất mạnh,Trung bình,Trung,Thấp,Vừa,Thấp,Vừa
2486,Hát xẩm,hat_xam/audio_10_007.wav,1,Rất mạnh,Cao,Rất trầm,Cao,Chậm,Rất cao,Ít luyến
2487,Hát xẩm,hat_xam/audio_10_007.wav,2,Vừa,Cao,Trung,Trung bình,Vừa,Rất cao,Ít luyến
2488,Hát xẩm,hat_xam/audio_2_136.wav,1,Rất mạnh,Cao,Rất trầm,Thấp,Vừa,Cao,Ít luyến
2489,Hát xẩm,hat_xam/audio_2_136.wav,2,Rất mạnh,Trung bình,Rất trầm,Thấp,Nhanh,Cao,Ít luyến
2490,Hát xẩm,hat_xam/audio_2_002.wav,1,Mạnh,Cao,Trung,Cao,Nhanh,Rất thấp,Vừa
2491,Hát xẩm,hat_xam/audio_2_002.wav,2,Yếu,Cao,Trung,Cao,Nhanh,Rất thấp,Nhiều luyến
2492,Hát xẩm,hat_xam/audio_5_006.wav,1,Rất mạnh,Thấp,Rất trầm,Cao,Chậm,Rất cao,Ít luyến
2493,Hát xẩm,hat_xam/audio_5_006.wav,2,Rất mạnh,Cao,Rất trầm,Cao,Vừa,Rất cao,Ít luyến
2494,Hát xẩm,hat_xam/audio_2_110.wav,1,Rất mạnh,Trung bình,Trung,Trung bình,Nhanh,Rất thấp,Vừa
2495,Hát xẩm,hat_xam/audio_2_110.wav,2,Rất mạnh,Thấp,Trung,Trung bình,Vừa,Rất thấp,Vừa
2496,Hát xẩm,hat_xam/audio_7_077.wav,1,Rất mạnh,Thấp,Trầm,Thấp,Nhanh,Rất thấp,Vừa
2497,Hát xẩm,hat_xam/audio_7_077.wav,2,Rất mạnh,Thấp,Trung,Thấp,Nhanh,Thấp,Nhiều luyến
2498,Hát xẩm,hat_xam/audio_4_001.wav,1,Yếu,Cao,Rất trầm,Trung bình,Vừa,Rất cao,Ít luyến
2499,Hát xẩm,hat_xam/audio_4_001.wav,2,Yếu,Cao,Trầm,Trung bình,Vừa,Rất cao,Ít luyến
2500,Hát xẩm,hat_xam/audio_9_008.wav,1,Rất mạnh,Cao,Rất trầm,Trung bình,Chậm,Rất cao,Ít luyến
2501,Hát xẩm,hat_xam/audio_9_008.wav,2,Mạnh,Thấp,Rất trầm,Trung bình,Chậm,Rất cao,Ít luyến
2502,Hát xẩm,hat_xam/audio_7_013.wav,1,Vừa,Cao,Trầm,Trung bình,Vừa,Cao,Ít luyến
2503,Hát xẩm,hat_xam/audio_7_013.wav,2,Vừa,Cao,Trung,Trung bình,Vừa,Cao,Ít luyến
2504,Hát xẩm,hat_xam/audio_2_101.wav,1,Rất mạnh,Thấp,Trầm,Trung bình,Vừa,Rất thấp,Vừa
2505,Hát xẩm,hat_xam/audio_2_101.wav,2,Rất mạnh,Thấp,Trầm,Trung bình,Nhanh,Rất thấp,Vừa
2506,Hát xẩm,hat_xam/audio_3_022.wav,1,Vừa,Thấp,Rất trầm,Trung bình,Nhanh,Rất thấp,Ít luyến
2507,Hát xẩm,hat_xam/audio_3_022.wav,2,Rất yếu,Thấp,Trầm,Cao,Nhanh,Rất thấp,Ít luyến
2508,Hát xẩm,hat_xam/audio_7_060.wav,1,Yếu,Cao,Rất trầm,Trung bình,Nhanh,Rất thấp,Ít luyến
2509,Hát xẩm,hat_xam/audio_7_060.wav,2,Vừa,Thấp,Trầm,Trung bình,Nhanh,Rất thấp,Vừa
2510,Hát xẩm,hat_xam/audio_1_003.wav,1,Mạnh,Cao,Cao,Cao,Chậm,Rất cao,Vừa
2511,Hát xẩm,hat_xam/audio_1_003.wav,2,Mạnh,Cao,Trầm,Cao,Chậm,Rất thấp,Vừa
2512,Hát xẩm,hat_xam/audio_2_086.wav,1,Rất mạnh,Thấp,Rất trầm,Thấp,Chậm,Rất thấp,Ít luyến
2513,Hát xẩm,hat_xam/audio_2_086.wav,2,Rất mạnh,Thấp,Rất trầm,Thấp,Vừa,Rất thấp,Ít luyến
2514,Hát xẩm,hat_xam/audio_7_074.wav,1,Rất mạnh,Thấp,Rất trầm,Thấp,Nhanh,Rất thấp,Vừa
2515,Hát xẩm,hat_xam/audio_7_074.wav,2,Rất mạnh,Thấp,Rất trầm,Thấp,Nhanh,Thấp,Vừa
2516,Hát xẩm,hat_xam/audio_2_011.wav,1,Rất mạnh,Thấp,Rất trầm,Thấp,Chậm,Rất thấp,Ít luyến
2517,Hát xẩm,hat_xam/audio_2_011.wav,2,Rất mạnh,Thấp,Trung,Thấp,Nhanh,Thấp,Vừa
2518,Hát xẩm,hat_xam/audio_2_037.wav,1,Rất mạnh,Thấp,Trung,Cao,Nhanh,Rất thấp,Vừa
2519,Hát xẩm,hat_xam/audio_2_037.wav,2,Rất mạnh,Thấp,Rất trầm,Trung bình,Nhanh,Rất thấp,Vừa
2520,Hát xẩm,hat_xam/audio_6_006.wav,1,Yếu,Cao,Trầm,Trung bình,Nhanh,Rất thấp,Vừa
2521,Hát xẩm,hat_xam/audio_6_006.wav,2,Yếu,Cao,Trầm,Trung bình,Nhanh,Rất thấp,Vừa
2522,Hát xẩm,hat_xam/audio_10_006.wav,1,Yếu,Cao,Rất trầm,Thấp,Vừa,Rất cao,Ít luyến
2523,Hát xẩm,hat_xam/audio_10_006.wav,2,Rất mạnh,Cao,Rất trầm,Trung bình,Chậm,Rất cao,Ít luyến
2524,Hát xẩm,hat_xam/audio_2_031.wav,1,Rất mạnh,Thấp,Trung,Thấp,Vừa,Rất thấp,Vừa
2525,Hát xẩm,hat_xam/audio_2_031.wav,2,Rất mạnh,Thấp,Trầm,Thấp,Nhanh,Rất thấp,Vừa
2526,Hát xẩm,hat_xam/audio_10_004.wav,1,Mạnh,Cao,Rất trầm,Thấp,Vừa,Rất cao,Ít luyến
2527,Hát xẩm,hat_xam/audio_10_004.wav,2,Mạnh,Cao,Rất trầm,Thấp,Vừa,Rất cao,Ít luyến
2528,Hát xẩm,hat_xam/audio_3_014.wav,1,Rất yếu,Thấp,Rất trầm,Cao,Nhanh,Rất thấp,Ít luyến
2529,Hát xẩm,hat_xam/audio_3_014.wav,2,Rất yếu,Thấp,Rất trầm,Trung bình,Nhanh,Rất thấp,Ít luyến
2530,Hát xẩm,hat_xam/audio_2_068.wav,1,Rất mạnh,Thấp,Rất trầm,Trung bình,Chậm,Rất thấp,Ít luyến
2531,Hát xẩm,hat_xam/audio_2_068.wav,2,Vừa,Thấp,Trung,Cao,Chậm,Rất thấp,Nhiều luyến
2532,Hát xẩm,hat_xam/audio_2_014.wav,1,Rất mạnh,Thấp,Trầm,Thấp,Nhanh,Rất thấp,Ít luyến
2533,Hát xẩm,hat_xam/audio_2_014.wav,2,Rất mạnh,Thấp,Trung,Thấp,Vừa,Trung bình,Vừa
2534,Hát xẩm,hat_xam/audio_5_004.wav,1,Mạnh,Thấp,Trung,Cao,Chậm,Rất cao,Ít luyến
2535,Hát xẩm,hat_xam/audio_5_004.wav,2,Mạnh,Thấp,Rất trầm,Cao,Chậm,Rất cao,Ít luyến
2536,Hát xẩm,hat_xam/audio_6_010.wav,1,Rất yếu,Cao,Rất trầm,Thấp,Nhanh,Rất thấp,Vừa
2537,Hát xẩm,hat_xam/audio_6_010.wav,2,Yếu,Cao,Trầm,Thấp,Nhanh,Rất thấp,Vừa
2538,Hát xẩm,hat_xam/audio_6_015.wav,1,Yếu,Cao,Trầm,Thấp,Nhanh,Rất thấp,Vừa
2539,Hát xẩm,hat_xam/audio_6_015.wav,2,Rất yếu,Cao,Trầm,Trung bình,Vừa,Rất thấp,Vừa
2540,Hát xẩm,hat_xam/audio_2_062.wav,1,Vừa,Thấp,Trầm,Trung bình,Chậm,Rất thấp,Vừa
2541,Hát xẩm,hat_xam/audio_2_062.wav,2,Rất mạnh,Thấp,Trung,Thấp,Chậm,Rất thấp,Vừa
2542,Hát xẩm,hat_xam/audio_8_002.wav,1,Rất yếu,Thấp,Trầm,Trung bình,Nhanh,Trung bình,Vừa
2543,Hát xẩm,hat_xam/audio_8_002.wav,2,Yếu,Thấp,Trầm,Trung bình,Nhanh,Thấp,Vừa
2544,Hát xẩm,hat_xam/audio_7_042.wav,1,Vừa,Cao,Trung,Cao,Vừa,Rất thấp,Nhiều luyến
2545,Hát xẩm,hat_xam/audio_7_042.wav,2,Vừa,Thấp,Rất trầm,Thấp,Chậm,Rất cao,Ít luyến
2546,Hát xẩm,hat_xam/audio_7_002.wav,1,Yếu,Thấp,Trung,Cao,Vừa,Cao,Nhiều luyến
2547,Hát xẩm,hat_xam/audio_7_002.wav,2,Yếu,Thấp,Trung,Cao,Nhanh,Cao,Vừa
2548,Hát xẩm,hat_xam/audio_2_071.wav,1,Vừa,Thấp,Trung,Cao,Chậm,Rất thấp,Nhiều luyến
2549,Hát xẩm,hat_xam/audio_2_071.wav,2,Mạnh,Thấp,Rất trầm,Trung bình,Chậm,Rất thấp,Ít luyến
2550,Hát xẩm,hat_xam/audio_7_010.wav,1,Vừa,Cao,Trầm,Trung bình,Vừa,Cao,Vừa
2551,Hát xẩm,hat_xam/audio_7_010.wav,2,Rất yếu,Cao,Trầm,Trung bình,Vừa,Cao,Vừa
2552,Hát xẩm,hat_xam/audio_2_022.wav,1,Rất mạnh,Thấp,Trung,Thấp,Vừa,Thấp,Vừa
2553,Hát xẩm,hat_xam/audio_2_022.wav,2,Rất mạnh,Thấp,Trầm,Trung bình,Chậm,Rất thấp,Vừa
2554,Hát xẩm,hat_xam/audio_2_084.wav,1,Rất mạnh,Thấp,Rất trầm,Thấp,Chậm,Rất thấp,Ít luyến
2555,Hát xẩm,hat_xam/audio_2_084.wav,2,Rất mạnh,Cao,Rất trầm,Thấp,Nhanh,Rất thấp,Ít luyến
2556,Hát xẩm,hat_xam/audio_2_045.wav,1,Rất mạnh,Thấp,Trầm,Trung bình,Chậm,Rất thấp,Nhiều luyến
2557,Hát xẩm,hat_xam/audio_2_045.wav,2,Rất mạnh,Thấp,Trầm,Trung bình,Nhanh,Rất thấp,Nhiều luyến
2558,Hát xẩm,hat_xam/audio_2_032.wav,1,Vừa,Thấp,Trầm,Thấp,Vừa,Rất thấp,Vừa
2559,Hát xẩm,hat_xam/audio_2_032.wav,2,Rất mạnh,Thấp,Trầm,Thấp,Vừa,Rất thấp,Vừa
2560,Hát xẩm,hat_xam/audio_2_083.wav,1,Rất mạnh,Thấp,Trầm,Trung bình,Chậm,Rất thấp,Vừa
2561,Hát xẩm,hat_xam/audio_2_083.wav,2,Rất mạnh,Thấp,Trầm,Thấp,Chậm,Rất thấp,Vừa
2562,Hát xẩm,hat_xam/audio_7_048.wav,1,Mạnh,Cao,Trung,Trung bình,Chậm,Rất cao,Nhiều luyến
2563,Hát xẩm,hat_xam/audio_7_048.wav,2,Mạnh,Cao,Rất trầm,Trung bình,Nhanh,Rất cao,Vừa
2564,Hát xẩm,hat_xam/audio_8_005.wav,1,Yếu,Thấp,Trầm,Trung bình,Nhanh,Rất thấp,Vừa
2565,Hát xẩm,hat_xam/audio_8_005.wav,2,Yếu,Thấp,Trầm,Trung bình,Vừa,Rất thấp,Vừa
2566,Hát xẩm,hat_xam/audio_2_126.wav,1,Rất yếu,Thấp,Trầm,Cao,Vừa,Rất thấp,Nhiều luyến
2567,Hát xẩm,hat_xam/audio_2_126.wav,2,Vừa,Thấp,Trầm,Trung bình,Chậm,Rất thấp,Vừa
2568,Hát xẩm,hat_xam/audio_0_006.wav,1,Rất mạnh,Cao,Trung,Thấp,Nhanh,Rất cao,Vừa
2569,Hát xẩm,hat_xam/audio_0_006.wav,2,Rất mạnh,Thấp,Trầm,Thấp,Chậm,Rất cao,Ít luyến
2570,Hát xẩm,hat_xam/audio_6_018.wav,1,Yếu,Cao,Rất trầm,Thấp,Vừa,Rất thấp,Vừa
2571,Hát xẩm,hat_xam/audio_6_018.wav,2,Vừa,Cao,Trầm,Thấp,Nhanh,Rất thấp,Vừa
2572,Hát xẩm,hat_xam/audio_2_020.wav,1,Rất mạnh,Thấp,Trầm,Trung bình,Vừa,Rất thấp,Vừa
2573,Hát xẩm,hat_xam/audio_2_020.wav,2,Vừa,Thấp,Trung,Trung bình,Chậm,Rất thấp,Vừa
2574,Hát xẩm,hat_xam/audio_3_006.wav,1,Vừa,Thấp,Rất trầm,Trung bình,Nhanh,Rất thấp,Ít luyến
2575,Hát xẩm,hat_xam/audio_3_006.wav,2,Rất yếu,Thấp,Trầm,Trung bình,Nhanh,Rất thấp,Vừa
2576,Hát xẩm,hat_xam/audio_6_017.wav,1,Yếu,Cao,Trầm,Thấp,Vừa,Rất thấp,Nhiều luyến
2577,Hát xẩm,hat_xam/audio_6_017.wav,2,Vừa,Cao,Trầm,Thấp,Chậm,Rất thấp,Vừa
2578,Hát xẩm,hat_xam/audio_7_036.wav,1,Yếu,Thấp,Rất trầm,Cao,Vừa,Trung bình,Ít luyến
2579,Hát xẩm,hat_xam/audio_7_036.wav,2,Yếu,Thấp,Trầm,Cao,Vừa,Thấp,Ít luyến
2580,Hát xẩm,hat_xam/audio_9_005.wav,1,Rất mạnh,Cao,Rất trầm,Trung bình,Nhanh,Rất cao,Ít luyến
2581,Hát xẩm,hat_xam/audio_9_005.wav,2,Rất mạnh,Cao,Rất trầm,Trung bình,Nhanh,Rất cao,Ít luyến
2582,Hát xẩm,hat_xam/audio_2_095.wav,1,Rất mạnh,Thấp,Trung,Trung bình,Chậm,Rất thấp,Vừa
2583,Hát xẩm,hat_xam/audio_2_095.wav,2,Rất mạnh,Thấp,Trung,Trung bình,Vừa,Rất thấp,Vừa
2584,Hát xẩm,hat_xam/audio_7_014.wav,1,Vừa,Cao,Trầm,Trung bình,Vừa,Cao,Vừa
2585,Hát xẩm,hat_xam/audio_7_014.wav,2,Vừa,Cao,Trầm,Trung bình,Vừa,Cao,Ít luyến
2586,Hát xẩm,hat_xam/audio_2_066.wav,1,Mạnh,Thấp,Rất trầm,Trung bình,Vừa,Rất thấp,Vừa
2587,Hát xẩm,hat_xam/audio_2_066.wav,2,Mạnh,Thấp,Trung,Trung bình,Vừa,Rất thấp,Nhiều luyến
2588,Hát xẩm,hat_xam/audio_10_009.wav,1,Rất yếu,Cao,Rất trầm,Cao,Chậm,Rất cao,Ít luyến
2589,Hát xẩm,hat_xam/audio_10_009.wav,2,Rất yếu,Cao,Rất trầm,Cao,Chậm,Rất cao,Ít luyến
2590,Hát xẩm,hat_xam/audio_9_001.wav,1,Mạnh,Thấp,Trung,Trung bình,Chậm,Rất cao,Ít luyến
2591,Hát xẩm,hat_xam/audio_9_001.wav,2,Mạnh,Cao,Rất trầm,Trung bình,Nhanh,Rất cao,Ít luyến
2592,Hát xẩm,hat_xam/audio_8_003.wav,1,Rất yếu,Thấp,Trầm,Trung bình,Nhanh,Thấp,Nhiều luyến
2593,Hát xẩm,hat_xam/audio_8_003.wav,2,Yếu,Thấp,Trầm,Trung bình,Nhanh,Thấp,Vừa
2594,Hát xẩm,hat_xam/audio_2_047.wav,1,Rất mạnh,Thấp,Trầm,Trung bình,Chậm,Rất thấp,Vừa
2595,Hát xẩm,hat_xam/audio_2_047.wav,2,Rất mạnh,Thấp,Trung,Trung bình,Chậm,Rất thấp,Nhiều luyến
2596,Hát xẩm,hat_xam/audio_2_042.wav,1,Rất mạnh,Thấp,Rất trầm,Trung bình,Nhanh,Rất thấp,Vừa
2597,Hát xẩm,hat_xam/audio_2_042.wav,2,Rất mạnh,Thấp,Trầm,Cao,Chậm,Rất thấp,Vừa
2598,Hát xẩm,hat_xam/audio_2_050.wav,1,Rất mạnh,Thấp,Trung,Trung bình,Chậm,Rất thấp,Vừa
2599,Hát xẩm,hat_xam/audio_2_050.wav,2,Rất mạnh,Thấp,Trung,Trung bình,Chậm,Rất thấp,Nhiều luyến
2600,Hát xẩm,hat_xam/audio_7_023.wav,1,Yếu,Thấp,Rất trầm,Cao,Vừa,Thấp,Ít luyến
2601,Hát xẩm,hat_xam/audio_7_023.wav,2,Yếu,Cao,Trầm,Trung bình,Vừa,Thấp,Vừa
2602,Hát xẩm,hat_xam/audio_2_137.wav,1,Rất mạnh,Thấp,Trầm,Thấp,Vừa,Rất thấp,Vừa
2603,Hát xẩm,hat_xam/audio_2_137.wav,2,Rất mạnh,Cao,Trầm,Thấp,Chậm,Rất thấp,Vừa
2604,Hát xẩm,hat_xam/audio_3_004.wav,1,Rất yếu,Thấp,Trầm,Cao,Nhanh,Rất thấp,Vừa
2605,Hát xẩm,hat_xam/audio_3_004.wav,2,Vừa,Thấp,Rất trầm,Trung bình,Nhanh,Rất thấp,Ít luyến
2606,Hát xẩm,hat_xam/audio_2_129.wav,1,Mạnh,Thấp,Trầm,Trung bình,Chậm,Rất thấp,Nhiều luyến
2607,Hát xẩm,hat_xam/audio_2_129.wav,2,Mạnh,Trung bình,Trầm,Trung bình,Chậm,Rất thấp,Nhiều luyến
2608,Hát xẩm,hat_xam/audio_7_061.wav,1,Yếu,Trung bình,Rất trầm,Trung bình,Nhanh,Rất thấp,Vừa
2609,Hát xẩm,hat_xam/audio_7_061.wav,2,Vừa,Cao,Trầm,Trung bình,Nhanh,Rất thấp,Vừa
2610,Hát xẩm,hat_xam/audio_2_088.wav,1,Rất mạnh,Trung bình,Trầm,Thấp,Chậm,Rất thấp,Ít luyến
2611,Hát xẩm,hat_xam/audio_2_088.wav,2,Rất mạnh,Thấp,Rất trầm,Trung bình,Nhanh,Rất thấp,Ít luyến
2612,Hát xẩm,hat_xam/audio_2_059.wav,1,Rất mạnh,Thấp,Trầm,Trung bình,Chậm,Rất thấp,Vừa
2613,Hát xẩm,hat_xam/audio_2_059.wav,2,Rất mạnh,Thấp,Trung,Trung bình,Chậm,Rất thấp,Vừa
2614,Hát xẩm,hat_xam/audio_2_030.wav,1,Rất mạnh,Thấp,Trung,Trung bình,Vừa,Rất thấp,Vừa
2615,Hát xẩm,hat_xam/audio_2_030.wav,2,Rất mạnh,Thấp,Trung,Thấp,Nhanh,Rất thấp,Vừa
2616,Hát xẩm,hat_xam/audio_7_050.wav,1,Yếu,Cao,Trung,Trung bình,Vừa,Rất cao,Ít luyến
2617,Hát xẩm,hat_xam/audio_7_050.wav,2,Rất mạnh,Thấp,Trung,Trung bình,Chậm,Rất cao,Vừa
2618,Hát xẩm,hat_xam/audio_3_002.wav,1,Vừa,Thấp,Rất trầm,Trung bình,Vừa,Rất thấp,Ít luyến
2619,Hát xẩm,hat_xam/audio_3_002.wav,2,Rất yếu,Thấp,Trầm,Cao,Nhanh,Rất thấp,Vừa
2620,Hát xẩm,hat_xam/audio_2_065.wav,1,Mạnh,Thấp,Rất trầm,Thấp,Vừa,Rất thấp,Ít luyến
2621,Hát xẩm,hat_xam/audio_2_065.wav,2,Vừa,Thấp,Trung,Cao,Nhanh,Rất thấp,Vừa
2622,Hát xẩm,hat_xam/audio_7_019.wav,1,Yếu,Cao,Rất trầm,Thấp,Nhanh,Rất cao,Ít luyến
2623,Hát xẩm,hat_xam/audio_7_019.wav,2,Yếu,Cao,Rất trầm,Thấp,Nhanh,Rất cao,Ít luyến
2624,Hát xẩm,hat_xam/audio_2_093.wav,1,Rất mạnh,Thấp,Trầm,Trung bình,Vừa,Rất thấp,Nhiều luyến
2625,Hát xẩm,hat_xam/audio_2_093.wav,2,Rất mạnh,Thấp,Trầm,Thấp,Chậm,Rất thấp,Ít luyến
2626,Hát xẩm,hat_xam/audio_8_006.wav,1,Yếu,Thấp,Trung,Trung bình,Vừa,Rất thấp,Vừa
2627,Hát xẩm,hat_xam/audio_8_006.wav,2,Yếu,Cao,Trung,Cao,Vừa,Rất thấp,Vừa
2628,Hát xẩm,hat_xam/audio_2_019.wav,1,Mạnh,Thấp,Rất trầm,Thấp,Chậm,Rất thấp,Ít luyến
2629,Hát xẩm,hat_xam/audio_2_019.wav,2,Rất mạnh,Thấp,Trầm,Trung bình,Chậm,Rất thấp,Vừa
2630,Hát xẩm,hat_xam/audio_7_004.wav,1,Mạnh,Thấp,Trầm,Thấp,Chậm,Thấp,Vừa
2631,Hát xẩm,hat_xam/audio_7_004.wav,2,Mạnh,Thấp,Trầm,Thấp,Chậm,Thấp,Vừa
2632,Hát xẩm,hat_xam/audio_7_046.wav,1,Mạnh,Cao,Trung,Trung bình,Vừa,Rất cao,Nhiều luyến
2633,Hát xẩm,hat_xam/audio_7_046.wav,2,Yếu,Thấp,Rất trầm,Trung bình,Nhanh,Rất cao,Vừa
2634,Hát xẩm,hat_xam/audio_7_058.wav,1,Rất yếu,Cao,Trầm,Cao,Vừa,Rất thấp,Vừa
2635,Hát xẩm,hat_xam/audio_7_058.wav,2,Yếu,Cao,Trầm,Trung bình,Nhanh,Rất thấp,Vừa
2636,Hát xẩm,hat_xam/audio_7_051.wav,1,Mạnh,Cao,Trung,Trung bình,Nhanh,Rất cao,Vừa
2637,Hát xẩm,hat_xam/audio_7_051.wav,2,Vừa,Cao,Trầm,Trung bình,Vừa,Rất cao,Ít luyến
2638,Hát xẩm,hat_xam/audio_2_132.wav,1,Mạnh,Cao,Trầm,Thấp,Chậm,Rất thấp,Ít luyến
2639,Hát xẩm,hat_xam/audio_2_132.wav,2,Rất mạnh,Cao,Rất trầm,Thấp,Chậm,Rất thấp,Vừa
2640,Hát xẩm,hat_xam/audio_7_012.wav,1,Vừa,Cao,Trung,Trung bình,Vừa,Cao,Vừa
2641,Hát xẩm,hat_xam/audio_7_012.wav,2,Vừa,Cao,Trầm,Trung bình,Vừa,Cao,Ít luyến
2642,Hát xẩm,hat_xam/audio_7_073.wav,1,Rất mạnh,Thấp,Trầm,Thấp,Nhanh,Thấp,Vừa
2643,Hát xẩm,hat_xam/audio_7_073.wav,2,Rất mạnh,Thấp,Trầm,Thấp,Nhanh,Rất thấp,Nhiều luyến
2644,Hát xẩm,hat_xam/audio_1_000.wav,1,Vừa,Cao,Cao,Cao,Vừa,Cao,Vừa
2645,Hát xẩm,hat_xam/audio_1_000.wav,2,Mạnh,Thấp,Trung,Cao,Vừa,Rất thấp,Vừa
2646,Hát xẩm,hat_xam/audio_5_005.wav,1,Rất mạnh,Thấp,Rất trầm,Cao,Chậm,Rất cao,Ít luyến
2647,Hát xẩm,hat_xam/audio_5_005.wav,2,Mạnh,Thấp,Rất trầm,Cao,Chậm,Rất cao,Ít luyến
2648,Hát xẩm,hat_xam/audio_6_007.wav,1,Yếu,Cao,Trầm,Trung bình,Nhanh,Rất thấp,Vừa
2649,Hát xẩm,hat_xam/audio_6_007.wav,2,Yếu,Cao,Trầm,Trung bình,Nhanh,Rất thấp,Vừa
2650,Hát xẩm,hat_xam/audio_2_135.wav,1,Rất mạnh,Thấp,Trầm,Thấp,Chậm,Rất thấp,Vừa
2651,Hát xẩm,hat_xam/audio_2_135.wav,2,Rất mạnh,Cao,Rất trầm,Thấp,Nhanh,Trung bình,Ít luyến
2652,Hát xẩm,hat_xam/audio_7_007.wav,1,Yếu,Thấp,Trầm,Cao,Vừa,Cao,Ít luyến
2653,Hát xẩm,hat_xam/audio_7_007.wav,2,Yếu,Thấp,Trầm,Cao,Vừa,Cao,Ít luyến
2654,Hát xẩm,hat_xam/audio_7_059.wav,1,Yếu,Cao,Trung,Trung bình,Nhanh,Rất thấp,Ít luyến
2655,Hát xẩm,hat_xam/audio_7_059.wav,2,Yếu,Cao,Trầm,Cao,Nhanh,Rất thấp,Ít luyến
2656,Hát xẩm,hat_xam/audio_7_021.wav,1,Yếu,Thấp,Trầm,Thấp,Chậm,Rất cao,Ít luyến
2657,Hát xẩm,hat_xam/audio_7_021.wav,2,Mạnh,Thấp,Trầm,Trung bình,Nhanh,Rất thấp,Vừa
2658,Hát xẩm,hat_xam/audio_7_047.wav,1,Yếu,Cao,Trung,Trung bình,Chậm,Rất cao,Ít luyến
2659,Hát xẩm,hat_xam/audio_7_047.wav,2,Vừa,Thấp,Trung,Trung bình,Nhanh,Rất cao,Vừa
2660,Hát xẩm,hat_xam/audio_2_012.wav,1,Rất mạnh,Thấp,Trung,Thấp,Vừa,Cao,Vừa
2661,Hát xẩm,hat_xam/audio_2_012.wav,2,Rất mạnh,Thấp,Trung,Thấp,Vừa,Rất thấp,Vừa
2662,Hát xẩm,hat_xam/audio_3_017.wav,1,Rất yếu,Thấp,Rất trầm,Trung bình,Nhanh,Rất thấp,Ít luyến
2663,Hát xẩm,hat_xam/audio_3_017.wav,2,Vừa,Thấp,Rất trầm,Trung bình,Nhanh,Rất thấp,Ít luyến
2664,Hát xẩm,hat_xam/audio_7_018.wav,1,Yếu,Thấp,Trầm,Thấp,Vừa,Rất thấp,Vừa
2665,Hát xẩm,hat_xam/audio_7_018.wav,2,Yếu,Thấp,Trầm,Thấp,Chậm,Rất cao,Vừa
2666,Hát xẩm,hat_xam/audio_7_037.wav,1,Vừa,Thấp,Trung,Trung bình,Chậm,Trung bình,Vừa
2667,Hát xẩm,hat_xam/audio_7_037.wav,2,Vừa,Cao,Trung,Trung bình,Nhanh,Rất thấp,Nhiều luyến
2668,Hát xẩm,hat_xam/audio_2_041.wav,1,Rất mạnh,Thấp,Trầm,Trung bình,Nhanh,Rất thấp,Vừa
2669,Hát xẩm,hat_xam/audio_2_041.wav,2,Rất mạnh,Thấp,Trung,Cao,Chậm,Rất thấp,Vừa
2670,Hát xẩm,hat_xam/audio_3_009.wav,1,Rất yếu,Thấp,Trầm,Cao,Nhanh,Rất thấp,Vừa
2671,Hát xẩm,hat_xam/audio_3_009.wav,2,Vừa,Thấp,Rất trầm,Trung bình,Nhanh,Rất thấp,Ít luyến
2672,Hát xẩm,hat_xam/audio_7_068.wav,1,Yếu,Cao,Trầm,Thấp,Vừa,Rất thấp,Vừa
2673,Hát xẩm,hat_xam/audio_7_068.wav,2,Mạnh,Trung bình,Trầm,Trung bình,Chậm,Rất thấp,Vừa
2674,Hát xẩm,hat_xam/audio_2_044.wav,1,Rất mạnh,Thấp,Rất trầm,Thấp,Chậm,Rất thấp,Ít luyến
2675,Hát xẩm,hat_xam/audio_2_044.wav,2,Rất mạnh,Thấp,Trung,Trung bình,Vừa,Rất thấp,Nhiều luyến
2676,Hát xẩm,hat_xam/audio_6_019.wav,1,Yếu,Cao,Trầm,Thấp,Chậm,Rất thấp,Vừa
2677,Hát xẩm,hat_xam/audio_6_019.wav,2,Rất yếu,Cao,Rất trầm,Thấp,Chậm,Rất thấp,Vừa
2678,Hát xẩm,hat_xam/audio_7_039.wav,1,Vừa,Thấp,Trung,Trung bình,Vừa,Rất thấp,Nhiều luyến
2679,Hát xẩm,hat_xam/audio_7_039.wav,2,Rất yếu,Thấp,Trung,Trung bình,Vừa,Thấp,Nhiều luyến
2680,Hát xẩm,hat_xam/audio_2_061.wav,1,Rất mạnh,Thấp,Trầm,Trung bình,Nhanh,Rất thấp,Vừa
2681,Hát xẩm,hat_xam/audio_2_061.wav,2,Rất mạnh,Thấp,Trầm,Trung bình,Chậm,Rất thấp,Nhiều luyến
2682,Hát xẩm,hat_xam/audio_2_080.wav,1,Rất mạnh,Thấp,Trầm,Trung bình,Chậm,Rất thấp,Ít luyến
2683,Hát xẩm,hat_xam/audio_2_080.wav,2,Rất mạnh,Thấp,Trầm,Thấp,Nhanh,Rất thấp,Vừa
2684,Hát xẩm,hat_xam/audio_3_011.wav,1,Rất yếu,Thấp,Rất trầm,Cao,Chậm,Rất thấp,Ít luyến
2685,Hát xẩm,hat_xam/audio_3_011.wav,2,Yếu,Thấp,Trầm,Cao,Nhanh,Rất thấp,Ít luyến
2686,Hát xẩm,hat_xam/audio_6_011.wav,1,Rất yếu,Cao,Trầm,Trung bình,Vừa,Rất thấp,Vừa
2687,Hát xẩm,hat_xam/audio_6_011.wav,2,Yếu,Cao,Trầm,Trung bình,Vừa,Rất thấp,Vừa
2688,Hát xẩm,hat_xam/audio_6_000.wav,1,Vừa,Cao,Rất trầm,Trung bình,Vừa,Rất thấp,Ít luyến
2689,Hát xẩm,hat_xam/audio_6_000.wav,2,Vừa,Cao,Trầm,Thấp,Chậm,Rất thấp,Vừa
2690,Hát xẩm,hat_xam/audio_2_099.wav,1,Rất mạnh,Thấp,Trung,Trung bình,Vừa,Rất thấp,Nhiều luyến
2691,Hát xẩm,hat_xam/audio_2_099.wav,2,Rất mạnh,Thấp,Trầm,Trung bình,Nhanh,Rất thấp,Vừa
2692,Hát xẩm,hat_xam/audio_6_009.wav,1,Yếu,Cao,Trầm,Trung bình,Nhanh,Rất thấp,Vừa
2693,Hát xẩm,hat_xam/audio_6_009.wav,2,Yếu,Cao,Trầm,Thấp,Nhanh,Rất thấp,Vừa
2694,Hát xẩm,hat_xam/audio_2_114.wav,1,Yếu,Thấp,Trung,Thấp,Vừa,Rất thấp,Nhiều luyến
2695,Hát xẩm,hat_xam/audio_2_114.wav,2,Vừa,Thấp,Cao,Trung bình,Chậm,Rất thấp,Nhiều luyến
2696,Hát xẩm,hat_xam/audio_2_133.wav,1,Rất mạnh,Thấp,Rất trầm,Trung bình,Chậm,Rất thấp,Vừa
2697,Hát xẩm,hat_xam/audio_2_133.wav,2,Rất mạnh,Cao,Trầm,Thấp,Vừa,Rất thấp,Vừa
2698,Hát xẩm,hat_xam/audio_2_039.wav,1,Rất mạnh,Thấp,Rất trầm,Trung bình,Nhanh,Rất thấp,Vừa
2699,Hát xẩm,hat_xam/audio_2_039.wav,2,Rất mạnh,Thấp,Trung,Cao,Nhanh,Rất thấp,Vừa
2700,Hát xẩm,hat_xam/audio_7_065.wav,1,Vừa,Cao,Trầm,Cao,Nhanh,Rất thấp,Vừa
2701,Hát xẩm,hat_xam/audio_7_065.wav,2,Vừa,Cao,Trầm,Trung bình,Chậm,Rất thấp,Ít luyến
2702,Hát xẩm,hat_xam/audio_3_019.wav,1,Vừa,Thấp,Rất trầm,Trung bình,Chậm,Rất thấp,Ít luyến
2703,Hát xẩm,hat_xam/audio_3_019.wav,2,Vừa,Thấp,Trầm,Cao,Nhanh,Rất thấp,Ít luyến
2704,Hát xẩm,hat_xam/audio_9_004.wav,1,Rất mạnh,Cao,Rất trầm,Thấp,Nhanh,Rất cao,Ít luyến
2705,Hát xẩm,hat_xam/audio_9_004.wav,2,Rất mạnh,Cao,Rất trầm,Thấp,Nhanh,Rất cao,Ít luyến
2706,Hát xẩm,hat_xam/audio_2_089.wav,1,Rất mạnh,Thấp,Trầm,Thấp,Nhanh,Rất thấp,Vừa
2707,Hát xẩm,hat_xam/audio_2_089.wav,2,Rất mạnh,Cao,Rất trầm,Cao,Nhanh,Rất thấp,Ít luyến
2708,Hát xẩm,hat_xam/audio_2_027.wav,1,Vừa,Thấp,Trung,Cao,Vừa,Rất thấp,Nhiều luyến
2709,Hát xẩm,hat_xam/audio_2_027.wav,2,Yếu,Thấp,Trầm,Thấp,Vừa,Rất thấp,Vừa
2710,Hát xẩm,hat_xam/audio_2_054.wav,1,Rất mạnh,Thấp,Trầm,Trung bình,Vừa,Rất thấp,Vừa
2711,Hát xẩm,hat_xam/audio_2_054.wav,2,Rất mạnh,Thấp,Trầm,Trung bình,Chậm,Rất thấp,Vừa
2712,Hát xẩm,hat_xam/audio_7_016.wav,1,Yếu,Thấp,Rất trầm,Trung bình,Nhanh,Rất thấp,Ít luyến
2713,Hát xẩm,hat_xam/audio_7_016.wav,2,Mạnh,Thấp,Rất trầm,Thấp,Chậm,Rất thấp,Vừa
2714,Hát xẩm,hat_xam/audio_4_002.wav,1,Yếu,Cao,Trầm,Trung bình,Vừa,Rất cao,Vừa
2715,Hát xẩm,hat_xam/audio_4_002.wav,2,Yếu,Cao,Trầm,Trung bình,Vừa,Rất cao,Ít luyến
2716,Hát xẩm,hat_xam/audio_2_038.wav,1,Rất mạnh,Thấp,Trung,Cao,Chậm,Rất thấp,Nhiều luyến
2717,Hát xẩm,hat_xam/audio_2_038.wav,2,Rất mạnh,Thấp,Trung,Cao,Chậm,Rất thấp,Nhiều luyến
2718,Hát xẩm,hat_xam/audio_2_123.wav,1,Rất yếu,Cao,Trầm,Cao,Chậm,Rất thấp,Vừa
2719,Hát xẩm,hat_xam/audio_2_123.wav,2,Rất yếu,Cao,Trầm,Cao,Chậm,Rất thấp,Ít luyến
2720,Hát xẩm,hat_xam/audio_2_092.wav,1,Rất mạnh,Thấp,Trầm,Trung bình,Chậm,Rất thấp,Vừa
2721,Hát xẩm,hat_xam/audio_2_092.wav,2,Rất mạnh,Thấp,Trầm,Trung bình,Vừa,Rất thấp,Vừa
2722,Hát xẩm,hat_xam/audio_2_111.wav,1,Rất mạnh,Thấp,Trầm,Trung bình,Nhanh,Rất thấp,Vừa
2723,Hát xẩm,hat_xam/audio_2_111.wav,2,Mạnh,Thấp,Trung,Thấp,Vừa,Rất thấp,Vừa
2724,Hát xẩm,hat_xam/audio_0_008.wav,1,Rất mạnh,Cao,Trung,Thấp,Chậm,Rất cao,Ít luyến
2725,Hát xẩm,hat_xam/audio_0_008.wav,2,Rất mạnh,Thấp,Trung,Thấp,Nhanh,Rất cao,Nhiều luyến
2726,Hát xẩm,hat_xam/audio_2_033.wav,1,Rất mạnh,Thấp,Trung,Thấp,Vừa,Rất thấp,Vừa
2727,Hát xẩm,hat_xam/audio_2_033.wav,2,Rất mạnh,Thấp,Rất trầm,Thấp,Nhanh,Rất thấp,Vừa
2728,Hát xẩm,hat_xam/audio_2_024.wav,1,Rất mạnh,Thấp,Trầm,Trung bình,Vừa,Rất thấp,Vừa
2729,Hát xẩm,hat_xam/audio_2_024.wav,2,Rất mạnh,Cao,Trầm,Trung bình,Nhanh,Thấp,Vừa
2730,Hát xẩm,hat_xam/audio_2_138.wav,1,Rất mạnh,Cao,Trầm,Thấp,Vừa,Rất thấp,Vừa
2731,Hát xẩm,hat_xam/audio_2_138.wav,2,Rất mạnh,Cao,Rất trầm,Thấp,Chậm,Rất thấp,Ít luyến
2732,Hát xẩm,hat_xam/audio_4_005.wav,1,Yếu,Cao,Trầm,Trung bình,Vừa,Rất cao,Ít luyến
2733,Hát xẩm,hat_xam/audio_4_005.wav,2,Yếu,Cao,Trầm,Trung bình,Vừa,Cao,Ít luyến
2734,Hát xẩm,hat_xam/audio_7_067.wav,1,Mạnh,Cao,Rất trầm,Thấp,Nhanh,Thấp,Vừa
2735,Hát xẩm,hat_xam/audio_7_067.wav,2,Yếu,Cao,Rất trầm,Thấp,Chậm,Cao,Vừa
2736,Hát xẩm,hat_xam/audio_0_000.wav,1,Rất mạnh,Trung bình,Trung,Thấp,Nhanh,Rất cao,Vừa
2737,Hát xẩm,hat_xam/audio_0_000.wav,2,Rất mạnh,Trung bình,Trung,Thấp,Nhanh,Rất cao,Nhiều luyến
2738,Hát xẩm,hat_xam/audio_6_012.wav,1,Rất yếu,Cao,Rất trầm,Thấp,Vừa,Rất thấp,Ít luyến
2739,Hát xẩm,hat_xam/audio_6_012.wav,2,Rất yếu,Cao,Rất trầm,Thấp,Vừa,Rất thấp,Vừa
2740,Hát xẩm,hat_xam/audio_10_001.wav,1,Rất mạnh,Cao,Rất trầm,Thấp,Chậm,Rất cao,Ít luyến
2741,Hát xẩm,hat_xam/audio_10_001.wav,2,Rất mạnh,Thấp,Rất trầm,Thấp,Chậm,Rất cao,Ít luyến
2742,Hát xẩm,hat_xam/audio_6_003.wav,1,Yếu,Thấp,Trầm,Trung bình,Nhanh,Rất thấp,Vừa
2743,Hát xẩm,hat_xam/audio_6_003.wav,2,Yếu,Cao,Trầm,Thấp,Nhanh,Rất thấp,Vừa
2744,Hát xẩm,hat_xam/audio_2_104.wav,1,Mạnh,Thấp,Trung,Thấp,Nhanh,Rất thấp,Nhiều luyến
2745,Hát xẩm,hat_xam/audio_2_104.wav,2,Mạnh,Thấp,Trầm,Trung bình,Vừa,Thấp,Ít luyến
2746,Hát xẩm,hat_xam/audio_2_081.wav,1,Rất mạnh,Thấp,Trầm,Trung bình,Chậm,Rất thấp,Vừa
2747,Hát xẩm,hat_xam/audio_2_081.wav,2,Rất mạnh,Trung bình,Rất trầm,Trung bình,Chậm,Rất thấp,Ít luyến
2748,Hát xẩm,hat_xam/audio_3_016.wav,1,Rất yếu,Thấp,Rất trầm,Trung bình,Vừa,Rất thấp,Ít luyến
2749,Hát xẩm,hat_xam/audio_3_016.wav,2,Rất yếu,Thấp,Trầm,Cao,Nhanh,Rất thấp,Vừa
2750,Hát xẩm,hat_xam/audio_2_034.wav,1,Rất mạnh,Thấp,Trầm,Thấp,Chậm,Rất thấp,Vừa
2751,Hát xẩm,hat_xam/audio_2_034.wav,2,Rất mạnh,Thấp,Trầm,Thấp,Nhanh,Rất thấp,Vừa
2752,Hát xẩm,hat_xam/audio_7_043.wav,1,Vừa,Thấp,Trung,Trung bình,Nhanh,Rất cao,Nhiều luyến
2753,Hát xẩm,hat_xam/audio_7_043.wav,2,Vừa,Thấp,Trầm,Trung bình,Chậm,Rất cao,Vừa
2754,Hát xẩm,hat_xam/audio_2_010.wav,1,Rất mạnh,Thấp,Trầm,Thấp,Chậm,Rất thấp,Vừa
2755,Hát xẩm,hat_xam/audio_2_010.wav,2,Rất mạnh,Thấp,Trầm,Cao,Chậm,Rất thấp,Ít luyến
2756,Hát xẩm,hat_xam/audio_2_026.wav,1,Rất mạnh,Thấp,Trầm,Trung bình,Nhanh,Rất thấp,Vừa
2757,Hát xẩm,hat_xam/audio_2_026.wav,2,Yếu,Thấp,Trầm,Trung bình,Vừa,Rất thấp,Nhiều luyến
2758,Hát xẩm,hat_xam/audio_2_074.wav,1,Vừa,Thấp,Trung,Trung bình,Chậm,Rất thấp,Nhiều luyến
2759,Hát xẩm,hat_xam/audio_2_074.wav,2,Mạnh,Thấp,Trầm,Thấp,Vừa,Rất thấp,Ít luyến
2760,Hát xẩm,hat_xam/audio_9_007.wav,1,Vừa,Thấp,Trung,Trung bình,Chậm,Rất thấp,Vừa
2761,Hát xẩm,hat_xam/audio_9_007.wav,2,Rất mạnh,Cao,Rất trầm,Trung bình,Nhanh,Rất cao,Ít luyến
2762,Hát xẩm,hat_xam/audio_2_103.wav,1,Rất mạnh,Thấp,Trung,Trung bình,Nhanh,Rất thấp,Vừa
2763,Hát xẩm,hat_xam/audio_2_103.wav,2,Rất mạnh,Thấp,Trầm,Trung bình,Vừa,Rất thấp,Vừa
2764,Hát xẩm,hat_xam/audio_2_079.wav,1,Rất mạnh,Thấp,Trầm,Thấp,Chậm,Rất thấp,Ít luyến
2765,Hát xẩm,hat_xam/audio_2_079.wav,2,Rất mạnh,Thấp,Trầm,Thấp,Chậm,Rất thấp,Vừa
2766,Hát xẩm,hat_xam/audio_10_000.wav,1,Yếu,Thấp,Trung,Thấp,Chậm,Rất thấp,Vừa
2767,Hát xẩm,hat_xam/audio_10_000.wav,2,Mạnh,Cao,Rất trầm,Thấp,Chậm,Rất cao,Ít luyến
2768,Hát xẩm,hat_xam/audio_0_005.wav,1,Rất mạnh,Trung bình,Trung,Thấp,Nhanh,Rất cao,Vừa
2769,Hát xẩm,hat_xam/audio_0_005.wav,2,Rất mạnh,Cao,Trung,Thấp,Chậm,Rất cao,Vừa
2770,Hát xẩm,hat_xam/audio_7_071.wav,1,Yếu,Thấp,Trầm,Thấp,Vừa,Rất thấp,Vừa
2771,Hát xẩm,hat_xam/audio_7_071.wav,2,Rất mạnh,Thấp,Trầm,Thấp,Vừa,Trung bình,Ít luyến
2772,Hát xẩm,hat_xam/audio_7_049.wav,1,Mạnh,Thấp,Trung,Trung bình,Chậm,Rất cao,Vừa
2773,Hát xẩm,hat_xam/audio_7_049.wav,2,Vừa,Thấp,Trung,Trung bình,Nhanh,Rất cao,Vừa
2774,Hát xẩm,hat_xam/audio_7_054.wav,1,Rất yếu,Trung bình,Trầm,Thấp,Chậm,Rất thấp,Vừa
2775,Hát xẩm,hat_xam/audio_7_054.wav,2,Vừa,Thấp,Trầm,Cao,Vừa,Rất thấp,Vừa
2776,Hát xẩm,hat_xam/audio_5_000.wav,1,Yếu,Thấp,Rất trầm,Trung bình,Nhanh,Rất thấp,Ít luyến
2777,Hát xẩm,hat_xam/audio_5_000.wav,2,Mạnh,Thấp,Rất trầm,Trung bình,Vừa,Rất cao,Ít luyến
2778,Hát xẩm,hat_xam/audio_2_025.wav,1,Rất mạnh,Thấp,Trầm,Trung bình,Nhanh,Trung bình,Vừa
2779,Hát xẩm,hat_xam/audio_2_025.wav,2,Rất mạnh,Trung bình,Trầm,Trung bình,Chậm,Rất thấp,Ít luyến
2780,Hát xẩm,hat_xam/audio_7_062.wav,1,Rất yếu,Cao,Trầm,Thấp,Nhanh,Rất thấp,Ít luyến
2781,Hát xẩm,hat_xam/audio_7_062.wav,2,Rất yếu,Cao,Rất trầm,Thấp,Vừa,Rất thấp,Ít luyến
2782,Hát xẩm,hat_xam/audio_4_006.wav,1,Yếu,Cao,Rất trầm,Trung bình,Vừa,Cao,Ít luyến
2783,Hát xẩm,hat_xam/audio_4_006.wav,2,Yếu,Cao,Trầm,Trung bình,Vừa,Rất cao,Ít luyến
2784,Hát xẩm,hat_xam/audio_2_118.wav,1,Yếu,Thấp,Trung,Trung bình,Nhanh,Rất thấp,Nhiều luyến
2785,Hát xẩm,hat_xam/audio_2_118.wav,2,Yếu,Thấp,Trầm,Trung bình,Vừa,Rất thấp,Vừa
2786,Hát xẩm,hat_xam/audio_7_015.wav,1,Vừa,Thấp,Rất trầm,Trung bình,Vừa,Cao,Vừa
2787,Hát xẩm,hat_xam/audio_7_015.wav,2,Yếu,Cao,Trầm,Thấp,Nhanh,Thấp,Vừa
2788,Hát xẩm,hat_xam/audio_2_035.wav,1,Rất mạnh,Thấp,Trầm,Thấp,Vừa,Cao,Vừa
2789,Hát xẩm,hat_xam/audio_2_035.wav,2,Rất mạnh,Thấp,Trầm,Cao,Nhanh,Rất thấp,Nhiều luyến
2790,Hát xẩm,hat_xam/audio_9_002.wav,1,Mạnh,Thấp,Rất trầm,Thấp,Nhanh,Rất cao,Ít luyến
2791,Hát xẩm,hat_xam/audio_9_002.wav,2,Rất mạnh,Cao,Trầm,Trung bình,Chậm,Rất cao,Ít luyến
2792,Hát xẩm,hat_xam/audio_2_121.wav,1,Rất mạnh,Thấp,Rất trầm,Thấp,Nhanh,Rất thấp,Ít luyến
2793,Hát xẩm,hat_xam/audio_2_121.wav,2,Rất mạnh,Thấp,Trầm,Thấp,Vừa,Rất thấp,Vừa
2794,Hát xẩm,hat_xam/audio_2_125.wav,1,Rất yếu,Cao,Trung,Cao,Chậm,Rất thấp,Vừa
2795,Hát xẩm,hat_xam/audio_2_125.wav,2,Rất yếu,Thấp,Trầm,Cao,Vừa,Rất thấp,Vừa
2796,Hát xẩm,hat_xam/audio_7_069.wav,1,Mạnh,Cao,Trầm,Trung bình,Nhanh,Rất thấp,Vừa
2797,Hát xẩm,hat_xam/audio_7_069.wav,2,Yếu,Thấp,Trầm,Trung bình,Nhanh,Rất thấp,Vừa
2798,Hát xẩm,hat_xam/audio_7_081.wav,1,Rất mạnh,Thấp,Trầm,Thấp,Nhanh,Thấp,Vừa
2799,Hát xẩm,hat_xam/audio_7_081.wav,2,Rất mạnh,Thấp,Trầm,Thấp,Vừa,Thấp,Ít luyến
2800,Hát xẩm,hat_xam/audio_4_004.wav,1,Yếu,Cao,Trầm,Trung bình,Vừa,Cao,Ít luyến
2801,Hát xẩm,hat_xam/audio_4_004.wav,2,Yếu,Cao,Trầm,Trung bình,Vừa,Rất cao,Vừa
2802,Hát xẩm,hat_xam/audio_7_020.wav,1,Yếu,Cao,Rất trầm,Thấp,Nhanh,Rất cao,Ít luyến
2803,Hát xẩm,hat_xam/audio_7_020.wav,2,Yếu,Cao,Rất trầm,Thấp,Nhanh,Rất cao,Ít luyến
2804,Hát xẩm,hat_xam/audio_2_043.wav,1,Rất mạnh,Thấp,Trung,Cao,Chậm,Rất thấp,Nhiều luyến
2805,Hát xẩm,hat_xam/audio_2_043.wav,2,Rất mạnh,Thấp,Trung,Trung bình,Chậm,Rất thấp,Vừa
2806,Hát xẩm,hat_xam/audio_2_075.wav,1,Rất mạnh,Thấp,Trầm,Trung bình,Chậm,Rất thấp,Ít luyến
2807,Hát xẩm,hat_xam/audio_2_075.wav,2,Rất mạnh,Thấp,Rất trầm,Cao,Chậm,Rất thấp,Ít luyến
2808,Hát xẩm,hat_xam/audio_2_115.wav,1,Yếu,Thấp,Trung,Thấp,Nhanh,Rất thấp,Nhiều luyến
2809,Hát xẩm,hat_xam/audio_2_115.wav,2,Vừa,Thấp,Trung,Trung bình,Nhanh,Rất thấp,Nhiều luyến
2810,Hát xẩm,hat_xam/audio_3_008.wav,1,Rất yếu,Thấp,Trầm,Cao,Nhanh,Rất thấp,Ít luyến
2811,Hát xẩm,hat_xam/audio_3_008.wav,2,Rất yếu,Thấp,Rất trầm,Trung bình,Vừa,Rất thấp,Ít luyến
2812,Hát xẩm,hat_xam/audio_7_079.wav,1,Rất mạnh,Thấp,Trầm,Thấp,Nhanh,Rất thấp,Vừa
2813,Hát xẩm,hat_xam/audio_7_079.wav,2,Rất mạnh,Thấp,Trầm,Thấp,Chậm,Rất thấp,Vừa
2814,Hát xẩm,hat_xam/audio_7_028.wav,1,Vừa,Thấp,Trầm,Trung bình,Nhanh,Trung bình,Vừa
2815,Hát xẩm,hat_xam/audio_7_028.wav,2,Vừa,Cao,Trầm,Cao,Nhanh,Thấp,Vừa
2816,Hát xẩm,hat_xam/audio_7_041.wav,1,Yếu,Thấp,Trung,Trung bình,Nhanh,Cao,Nhiều luyến
2817,Hát xẩm,hat_xam/audio_7_041.wav,2,Vừa,Cao,Trung,Trung bình,Vừa,Trung bình,Vừa
2818,Hát xẩm,hat_xam/audio_7_022.wav,1,Yếu,Thấp,Trầm,Trung bình,Nhanh,Rất thấp,Ít luyến
2819,Hát xẩm,hat_xam/audio_7_022.wav,2,Yếu,Thấp,Rất trầm,Cao,Vừa,Trung bình,Ít luyến
2820,Hát xẩm,hat_xam/audio_7_008.wav,1,Rất yếu,Cao,Cao,Trung bình,Vừa,Cao,Vừa
2821,Hát xẩm,hat_xam/audio_7_008.wav,2,Yếu,Cao,Trung,Trung bình,Vừa,Trung bình,Nhiều luyến
2822,Hát xẩm,hat_xam/audio_7_044.wav,1,Rất yếu,Thấp,Rất trầm,Trung bình,Vừa,Rất cao,Vừa
2823,Hát xẩm,hat_xam/audio_7_044.wav,2,Rất yếu,Thấp,Rất trầm,Trung bình,Vừa,Rất cao,Ít luyến
2824,Hát xẩm,hat_xam/audio_7_026.wav,1,Vừa,Thấp,Trung,Cao,Nhanh,Thấp,Ít luyến
2825,Hát xẩm,hat_xam/audio_7_026.wav,2,Vừa,Thấp,Trầm,Cao,Nhanh,Thấp,Vừa
2826,Hát xẩm,hat_xam/audio_2_056.wav,1,Mạnh,Thấp,Trung,Trung bình,Chậm,Trung bình,Ít luyến
2827,Hát xẩm,hat_xam/audio_2_056.wav,2,Rất mạnh,Thấp,Trung,Trung bình,Chậm,Rất thấp,Vừa
2828,Hát xẩm,hat_xam/audio_3_012.wav,1,Vừa,Thấp,Rất trầm,Trung bình,Nhanh,Rất thấp,Ít luyến
2829,Hát xẩm,hat_xam/audio_3_012.wav,2,Vừa,Thấp,Rất trầm,Trung bình,Vừa,Rất thấp,Ít luyến
2830,Hát xẩm,hat_xam/audio_5_002.wav,1,Mạnh,Thấp,Trung,Cao,Chậm,Rất cao,Nhiều luyến
2831,Hát xẩm,hat_xam/audio_5_002.wav,2,Mạnh,Cao,Rất trầm,Cao,Chậm,Rất cao,Ít luyến
2832,Hát xẩm,hat_xam/audio_2_005.wav,1,Vừa,Cao,Trung,Trung bình,Vừa,Rất thấp,Nhiều luyến
2833,Hát xẩm,hat_xam/audio_2_005.wav,2,Yếu,Cao,Trầm,Trung bình,Chậm,Rất thấp,Vừa
2834,Hát xẩm,hat_xam/audio_2_007.wav,1,Rất mạnh,Cao,Trung,Thấp,Nhanh,Trung bình,Vừa
2835,Hát xẩm,hat_xam/audio_2_007.wav,2,Rất mạnh,Thấp,Rất trầm,Thấp,Vừa,Rất thấp,Ít luyến
2836,Hát xẩm,hat_xam/audio_2_009.wav,1,Rất mạnh,Cao,Trung,Thấp,Nhanh,Rất thấp,Vừa
2837,Hát xẩm,hat_xam/audio_2_009.wav,2,Rất mạnh,Thấp,Trầm,Thấp,Vừa,Rất thấp,Vừa
2838,Hát xẩm,hat_xam/audio_8_001.wav,1,Yếu,Thấp,Trầm,Trung bình,Nhanh,Rất thấp,Vừa
2839,Hát xẩm,hat_xam/audio_8_001.wav,2,Yếu,Thấp,Trầm,Trung bình,Nhanh,Thấp,Vừa
2840,Hát xẩm,hat_xam/audio_2_058.wav,1,Mạnh,Thấp,Trầm,Trung bình,Chậm,Cao,Ít luyến
2841,Hát xẩm,hat_xam/audio_2_058.wav,2,Rất mạnh,Thấp,Trầm,Trung bình,Nhanh,Rất thấp,Vừa
2842,Hát xẩm,hat_xam/audio_6_008.wav,1,Yếu,Cao,Trầm,Trung bình,Nhanh,Rất thấp,Vừa
2843,Hát xẩm,hat_xam/audio_6_008.wav,2,Yếu,Cao,Trầm,Trung bình,Nhanh,Rất thấp,Vừa
2844,Hát xẩm,hat_xam/audio_2_057.wav,1,Rất mạnh,Thấp,Trầm,Trung bình,Chậm,Rất thấp,Ít luyến
2845,Hát xẩm,hat_xam/audio_2_057.wav,2,Rất mạnh,Thấp,Trầm,Trung bình,Chậm,Rất thấp,Vừa
2846,Hát xẩm,hat_xam/audio_7_038.wav,1,Rất yếu,Thấp,Trung,Trung bình,Nhanh,Rất thấp,Nhiều luyến
2847,Hát xẩm,hat_xam/audio_7_038.wav,2,Rất yếu,Thấp,Trầm,Cao,Chậm,Rất thấp,Nhiều luyến
2848,Hát xẩm,hat_xam/audio_2_067.wav,1,Rất mạnh,Thấp,Rất trầm,Trung bình,Vừa,Rất thấp,Ít luyến
2849,Hát xẩm,hat_xam/audio_2_067.wav,2,Vừa,Thấp,Trầm,Trung bình,Chậm,Rất thấp,Vừa
2850,Hát xẩm,hat_xam/audio_2_116.wav,1,Vừa,Thấp,Trung,Trung bình,Vừa,Rất thấp,Vừa
2851,Hát xẩm,hat_xam/audio_2_116.wav,2,Rất yếu,Thấp,Trung,Thấp,Chậm,Rất thấp,Nhiều luyến
2852,Hát xẩm,hat_xam/audio_2_087.wav,1,Rất mạnh,Thấp,Rất trầm,Trung bình,Chậm,Rất thấp,Ít luyến
2853,Hát xẩm,hat_xam/audio_2_087.wav,2,Rất mạnh,Thấp,Trầm,Trung bình,Nhanh,Rất thấp,Vừa
2854,Hát xẩm,hat_xam/audio_1_008.wav,1,Rất mạnh,Cao,Rất trầm,Cao,Vừa,Rất cao,Ít luyến
2855,Hát xẩm,hat_xam/audio_1_008.wav,2,Mạnh,Cao,Cao,Cao,Nhanh,Rất cao,Nhiều luyến
2856,Hát xẩm,hat_xam/audio_7_064.wav,1,Rất yếu,Cao,Trầm,Thấp,Chậm,Rất thấp,Vừa
2857,Hát xẩm,hat_xam/audio_7_064.wav,2,Vừa,Trung bình,Trung,Cao,Chậm,Rất thấp,Vừa
2858,Hát xẩm,hat_xam/audio_0_001.wav,1,Rất mạnh,Thấp,Trung,Thấp,Nhanh,Rất cao,Nhiều luyến
2859,Hát xẩm,hat_xam/audio_0_001.wav,2,Rất mạnh,Cao,Trầm,Thấp,Chậm,Rất cao,Vừa
2860,Hát xẩm,hat_xam/audio_2_091.wav,1,Rất mạnh,Thấp,Rất trầm,Trung bình,Vừa,Rất thấp,Ít luyến
2861,Hát xẩm,hat_xam/audio_2_091.wav,2,Vừa,Thấp,Trầm,Trung bình,Vừa,Rất thấp,Ít luyến
2862,Hát xẩm,hat_xam/audio_3_018.wav,1,Rất yếu,Thấp,Rất trầm,Cao,Nhanh,Rất thấp,Ít luyến
2863,Hát xẩm,hat_xam/audio_3_018.wav,2,Rất yếu,Thấp,Rất trầm,Trung bình,Nhanh,Rất thấp,Ít luyến
2864,Hát xẩm,hat_xam/audio_2_036.wav,1,Rất mạnh,Thấp,Trung,Cao,Chậm,Rất thấp,Vừa
2865,Hát xẩm,hat_xam/audio_2_036.wav,2,Rất mạnh,Thấp,Trung,Cao,Nhanh,Rất thấp,Nhiều luyến
2866,Hát xẩm,hat_xam/audio_7_001.wav,1,Yếu,Thấp,Trầm,Cao,Vừa,Cao,Ít luyến
2867,Hát xẩm,hat_xam/audio_7_001.wav,2,Yếu,Thấp,Trầm,Cao,Vừa,Trung bình,Vừa
2868,Hát xẩm,hat_xam/audio_7_045.wav,1,Vừa,Thấp,Rất trầm,Trung bình,Vừa,Cao,Ít luyến
2869,Hát xẩm,hat_xam/audio_7_045.wav,2,Vừa,Thấp,Trung,Trung bình,Chậm,Rất cao,Vừa
2870,Hát xẩm,hat_xam/audio_2_139.wav,1,Rất mạnh,Cao,Rất trầm,Trung bình,Chậm,Rất thấp,Ít luyến
2871,Hát xẩm,hat_xam/audio_2_139.wav,2,Rất mạnh,Cao,Rất trầm,Trung bình,Chậm,Rất thấp,Ít luyến
2872,Hát xẩm,hat_xam/audio_2_109.wav,1,Rất mạnh,Trung bình,Trầm,Trung bình,Nhanh,Rất thấp,Vừa
2873,Hát xẩm,hat_xam/audio_2_109.wav,2,Rất mạnh,Thấp,Trung,Trung bình,Vừa,Rất thấp,Nhiều luyến
2874,Hát xẩm,hat_xam/audio_2_001.wav,1,Vừa,Cao,Trầm,Cao,Nhanh,Rất thấp,Nhiều luyến
2875,Hát xẩm,hat_xam/audio_2_001.wav,2,Yếu,Cao,Trầm,Cao,Nhanh,Rất thấp,Nhiều luyến
2876,Hát xẩm,hat_xam/audio_0_007.wav,1,Rất mạnh,Thấp,Trung,Thấp,Nhanh,Rất cao,Nhiều luyến
2877,Hát xẩm,hat_xam/audio_0_007.wav,2,Rất mạnh,Thấp,Trung,Thấp,Nhanh,Rất cao,Vừa
2878,Hát xẩm,hat_xam/audio_8_000.wav,1,Yếu,Thấp,Trầm,Trung bình,Chậm,Thấp,Nhiều luyến
2879,Hát xẩm,hat_xam/audio_8_000.wav,2,Yếu,Thấp,Trầm,Trung bình,Nhanh,Rất thấp,Vừa
2880,Hát xẩm,hat_xam/audio_7_066.wav,1,Mạnh,Cao,Rất trầm,Thấp,Chậm,Thấp,Ít luyến
2881,Hát xẩm,hat_xam/audio_7_066.wav,2,Yếu,Cao,Trầm,Thấp,Chậm,Thấp,Ít luyến
2882,Hát xẩm,hat_xam/audio_5_001.wav,1,Mạnh,Thấp,Trung,Cao,Vừa,Rất cao,Ít luyến
2883,Hát xẩm,hat_xam/audio_5_001.wav,2,Mạnh,Cao,Rất trầm,Cao,Chậm,Rất cao,Ít luyến
2884,Hát xẩm,hat_xam/audio_1_005.wav,1,Mạnh,Trung bình,Trầm,Cao,Vừa,Rất cao,Ít luyến
2885,Hát xẩm,hat_xam/audio_1_005.wav,2,Yếu,Cao,Rất trầm,Cao,Vừa,Rất cao,Ít luyến
2886,Hát xẩm,hat_xam/audio_7_009.wav,1,Rất yếu,Cao,Trầm,Trung bình,Vừa,Cao,Vừa
2887,Hát xẩm,hat_xam/audio_7_009.wav,2,Yếu,Cao,Trầm,Trung bình,Vừa,Cao,Ít luyến
2888,Hát xẩm,hat_xam/audio_2_004.wav,1,Mạnh,Cao,Trung,Trung bình,Nhanh,Rất thấp,Vừa
2889,Hát xẩm,hat_xam/audio_2_004.wav,2,Vừa,Trung bình,Trung,Trung bình,Chậm,Rất thấp,Nhiều luyến
2890,Hát xẩm,hat_xam/audio_7_075.wav,1,Rất mạnh,Thấp,Trầm,Thấp,Nhanh,Rất thấp,Vừa
2891,Hát xẩm,hat_xam/audio_7_075.wav,2,Rất mạnh,Thấp,Trầm,Thấp,Nhanh,Rất thấp,Vừa
2892,Hát xẩm,hat_xam/audio_7_031.wav,1,Vừa,Thấp,Rất trầm,Cao,Nhanh,Thấp,Ít luyến
2893,Hát xẩm,hat_xam/audio_7_031.wav,2,Yếu,Thấp,Rất trầm,Cao,Nhanh,Thấp,Vừa
2894,Hát xẩm,hat_xam/audio_7_052.wav,1,Yếu,Cao,Trung,Trung bình,Vừa,Rất cao,Nhiều luyến
2895,Hát xẩm,hat_xam/audio_7_052.wav,2,Rất mạnh,Thấp,Trung,Trung bình,Chậm,Rất cao,Vừa
2896,Hát xẩm,hat_xam/audio_9_003.wav,1,Rất mạnh,Cao,Rất trầm,Thấp,Nhanh,Rất cao,Ít luyến
2897,Hát xẩm,hat_xam/audio_9_003.wav,2,Rất mạnh,Cao,Trung,Thấp,Nhanh,Rất cao,Ít luyến
2898,Hát xẩm,hat_xam/audio_7_080.wav,1,Rất mạnh,Thấp,Trung,Thấp,Chậm,Rất thấp,Nhiều luyến
2899,Hát xẩm,hat_xam/audio_7_080.wav,2,Rất mạnh,Thấp,Trầm,Thấp,Chậm,Thấp,Vừa
2900,Hát xẩm,hat_xam/audio_2_000.wav,1,Vừa,Cao,Trung,Cao,Chậm,Rất thấp,Nhiều luyến
2901,Hát xẩm,hat_xam/audio_2_000.wav,2,Yếu,Cao,Trung,Trung bình,Vừa,Rất thấp,Vừa
2902,Hát xẩm,hat_xam/audio_2_108.wav,1,Rất mạnh,Thấp,Trung,Thấp,Chậm,Rất thấp,Nhiều luyến
2903,Hát xẩm,hat_xam/audio_2_108.wav,2,Rất mạnh,Thấp,Trầm,Thấp,Vừa,Rất thấp,Nhiều luyến
2904,Hát xẩm,hat_xam/audio_2_117.wav,1,Yếu,Thấp,Trung,Trung bình,Nhanh,Rất thấp,Vừa
2905,Hát xẩm,hat_xam/audio_2_117.wav,2,Yếu,Thấp,Trung,Trung bình,Nhanh,Rất thấp,Nhiều luyến
2906,Hát xẩm,hat_xam/audio_1_002.wav,1,Mạnh,Cao,Rất trầm,Trung bình,Chậm,Rất cao,Ít luyến
2907,Hát xẩm,hat_xam/audio_1_002.wav,2,Mạnh,Cao,Rất trầm,Cao,Chậm,Rất cao,Ít luyến
2908,Hát xẩm,hat_xam/audio_6_001.wav,1,Rất yếu,Thấp,Trầm,Thấp,Vừa,Rất thấp,Vừa
2909,Hát xẩm,hat_xam/audio_6_001.wav,2,Yếu,Cao,Trầm,Thấp,Vừa,Rất thấp,Vừa
2910,Hát xẩm,hat_xam/audio_2_122.wav,1,Rất mạnh,Thấp,Trầm,Trung bình,Vừa,Rất thấp,Vừa
2911,Hát xẩm,hat_xam/audio_2_122.wav,2,Vừa,Thấp,Trầm,Cao,Chậm,Rất thấp,Vừa
2912,Hát xẩm,hat_xam/audio_0_003.wav,1,Rất mạnh,Cao,Trầm,Trung bình,Chậm,Rất cao,Vừa
2913,Hát xẩm,hat_xam/audio_0_003.wav,2,Rất mạnh,Trung bình,Trung,Thấp,Nhanh,Rất cao,Nhiều luyến
2914,Hát xẩm,hat_xam/audio_9_009.wav,1,Vừa,Cao,Rất trầm,Thấp,Chậm,Rất cao,Ít luyến
2915,Hát xẩm,hat_xam/audio_9_009.wav,2,Vừa,Cao,Rất trầm,Thấp,Chậm,Rất cao,Ít luyến
2916,Hát xẩm,hat_xam/audio_3_023.wav,1,Rất yếu,Thấp,Rất trầm,Trung bình,Chậm,Rất thấp,Vừa
2917,Hát xẩm,hat_xam/audio_3_023.wav,2,Vừa,Thấp,Rất cao,Cao,Nhanh,Rất cao,Ít luyến
2918,Hát xẩm,hat_xam/audio_2_069.wav,1,Rất mạnh,Thấp,Trầm,Trung bình,Vừa,Rất thấp,Ít luyến
2919,Hát xẩm,hat_xam/audio_2_069.wav,2,Yếu,Thấp,Trung,Cao,Chậm,Rất thấp,Vừa
2920,Hát xẩm,hat_xam/audio_7_003.wav,1,Yếu,Thấp,Trầm,Cao,Vừa,Cao,Vừa
2921,Hát xẩm,hat_xam/audio_7_003.wav,2,Yếu,Thấp,Trung,Cao,Vừa,Cao,Ít luyến
2922,Hát xẩm,hat_xam/audio_2_130.wav,1,Yếu,Thấp,Trầm,Trung bình,Chậm,Rất thấp,Vừa
2923,Hát xẩm,hat_xam/audio_2_130.wav,2,Vừa,Thấp,Trầm,Trung bình,Chậm,Rất thấp,Vừa
2924,Hát xẩm,hat_xam/audio_7_005.wav,1,Yếu,Thấp,Trầm,Cao,Vừa,Cao,Ít luyến
2925,Hát xẩm,hat_xam/audio_7_005.wav,2,Yếu,Thấp,Trầm,Cao,Vừa,Trung bình,Vừa
2926,Hát xẩm,hat_xam/audio_3_003.wav,1,Vừa,Thấp,Rất trầm,Trung bình,Vừa,Rất thấp,Ít luyến
2927,Hát xẩm,hat_xam/audio_3_003.wav,2,Vừa,Thấp,Rất trầm,Trung bình,Vừa,Rất thấp,Ít luyến
2928,Hát xẩm,hat_xam/audio_2_090.wav,1,Rất mạnh,Thấp,Trầm,Thấp,Vừa,Rất thấp,Vừa
2929,Hát xẩm,hat_xam/audio_2_090.wav,2,Rất mạnh,Thấp,Rất trầm,Thấp,Vừa,Rất thấp,Ít luyến
2930,Hát xẩm,hat_xam/audio_2_053.wav,1,Mạnh,Thấp,Trầm,Trung bình,Vừa,Rất thấp,Vừa
2931,Hát xẩm,hat_xam/audio_2_053.wav,2,Rất mạnh,Thấp,Trầm,Trung bình,Chậm,Rất thấp,Vừa
2932,Hát xẩm,hat_xam/audio_2_072.wav,1,Vừa,Thấp,Rất trầm,Thấp,Chậm,Rất thấp,Ít luyến
2933,Hát xẩm,hat_xam/audio_2_072.wav,2,Mạnh,Thấp,Rất trầm,Thấp,Chậm,Rất thấp,Vừa
2934,Hát xẩm,hat_xam/audio_2_078.wav,1,Rất mạnh,Thấp,Trầm,Trung bình,Vừa,Rất thấp,Ít luyến
2935,Hát xẩm,hat_xam/audio_2_078.wav,2,Rất mạnh,Thấp,Trầm,Thấp,Nhanh,Rất thấp,Ít luyến
2936,Hát xẩm,hat_xam/audio_2_094.wav,1,Rất mạnh,Thấp,Trầm,Trung bình,Chậm,Rất thấp,Nhiều luyến
2937,Hát xẩm,hat_xam/audio_2_094.wav,2,Rất mạnh,Thấp,Trung,Trung bình,Vừa,Rất thấp,Vừa
2938,Hát xẩm,hat_xam/audio_7_024.wav,1,Yếu,Thấp,Trầm,Cao,Vừa,Thấp,Vừa
2939,Hát xẩm,hat_xam/audio_7_024.wav,2,Yếu,Thấp,Rất trầm,Cao,Nhanh,Cao,Vừa
2940,Hát xẩm,hat_xam/audio_9_000.wav,1,Vừa,Thấp,Trung,Trung bình,Chậm,Rất cao,Vừa
2941,Hát xẩm,hat_xam/audio_9_000.wav,2,Mạnh,Thấp,Rất trầm,Thấp,Chậm,Rất cao,Ít luyến
2942,Hát xẩm,hat_xam/audio_2_100.wav,1,Rất mạnh,Thấp,Trung,Cao,Vừa,Rất thấp,Nhiều luyến
2943,Hát xẩm,hat_xam/audio_2_100.wav,2,Rất mạnh,Thấp,Trầm,Trung bình,Nhanh,Rất thấp,Nhiều luyến
2944,Hát xẩm,hat_xam/audio_2_112.wav,1,Rất mạnh,Thấp,Trung,Thấp,Chậm,Rất thấp,Vừa
2945,Hát xẩm,hat_xam/audio_2_112.wav,2,Vừa,Thấp,Trầm,Trung bình,Vừa,Rất thấp,Vừa
2946,Hát xẩm,hat_xam/audio_2_119.wav,1,Yếu,Thấp,Trung,Trung bình,Nhanh,Rất thấp,Nhiều luyến
2947,Hát xẩm,hat_xam/audio_2_119.wav,2,Vừa,Thấp,Trầm,Trung bình,Vừa,Rất thấp,Vừa
2948,Hát xẩm,hat_xam/audio_2_127.wav,1,Vừa,Thấp,Trầm,Cao,Chậm,Rất thấp,Vừa
2949,Hát xẩm,hat_xam/audio_2_127.wav,2,Rất yếu,Cao,Trung,Cao,Chậm,Rất thấp,Ít luyến
2950,Hát xẩm,hat_xam/audio_7_053.wav,1,Mạnh,Cao,Rất trầm,Trung bình,Vừa,Rất cao,Ít luyến
2951,Hát xẩm,hat_xam/audio_7_053.wav,2,Rất yếu,Thấp,Rất trầm,Trung bình,Chậm,Rất cao,Ít luyến
2952,Hát xẩm,hat_xam/audio_9_006.wav,1,Vừa,Thấp,Rất trầm,Trung bình,Nhanh,Cao,Ít luyến
2953,Hát xẩm,hat_xam/audio_9_006.wav,2,Vừa,Thấp,Trầm,Trung bình,Chậm,Rất thấp,Ít luyến
2954,Hát xẩm,hat_xam/audio_1_004.wav,1,Yếu,Cao,Rất trầm,Cao,Nhanh,Rất cao,Ít luyến
2955,Hát xẩm,hat_xam/audio_1_004.wav,2,Yếu,Thấp,Cao,Cao,Vừa,Rất thấp,Ít luyến
2956,Hát xẩm,hat_xam/audio_2_048.wav,1,Rất mạnh,Thấp,Trầm,Trung bình,Chậm,Rất thấp,Vừa
2957,Hát xẩm,hat_xam/audio_2_048.wav,2,Rất mạnh,Thấp,Trung,Trung bình,Nhanh,Rất thấp,Nhiều luyến
2958,Hát xẩm,hat_xam/audio_7_040.wav,1,Vừa,Thấp,Trung,Trung bình,Vừa,Thấp,Ít luyến
2959,Hát xẩm,hat_xam/audio_7_040.wav,2,Vừa,Thấp,Trầm,Trung bình,Chậm,Thấp,Vừa
2960,Hát xẩm,hat_xam/audio_3_000.wav,1,Rất yếu,Thấp,Rất trầm,Cao,Vừa,Cao,Ít luyến
2961,Hát xẩm,hat_xam/audio_3_000.wav,2,Rất yếu,Thấp,Trầm,Cao,Vừa,Rất thấp,Ít luyến
2962,Hát xẩm,hat_xam/audio_2_063.wav,1,Rất mạnh,Thấp,Trầm,Trung bình,Vừa,Rất thấp,Ít luyến
2963,Hát xẩm,hat_xam/audio_2_063.wav,2,Vừa,Thấp,Rất trầm,Thấp,Vừa,Rất thấp,Ít luyến
2964,Hát xẩm,hat_xam/audio_2_128.wav,1,Rất yếu,Thấp,Trầm,Trung bình,Chậm,Rất thấp,Vừa
2965,Hát xẩm,hat_xam/audio_2_128.wav,2,Vừa,Thấp,Trầm,Trung bình,Chậm,Rất thấp,Vừa
2966,Hát xẩm,hat_xam/audio_10_008.wav,1,Vừa,Thấp,Trung,Thấp,Chậm,Rất cao,Vừa
2967,Hát xẩm,hat_xam/audio_10_008.wav,2,Rất yếu,Cao,Trung,Trung bình,Nhanh,Rất cao,Ít luyến
2968,Hát xẩm,hat_xam/audio_2_131.wav,1,Mạnh,Thấp,Trầm,Trung bình,Chậm,Rất thấp,Vừa
2969,Hát xẩm,hat_xam/audio_2_131.wav,2,Yếu,Thấp,Rất trầm,Trung bình,Chậm,Rất thấp,Ít luyến
2970,Hát xẩm,hat_xam/audio_6_002.wav,1,Yếu,Thấp,Rất trầm,Thấp,Nhanh,Rất thấp,Vừa
2971,Hát xẩm,hat_xam/audio_6_002.wav,2,Rất yếu,Cao,Trầm,Thấp,Vừa,Rất thấp,Ít luyến
2972,Hát xẩm,hat_xam/audio_1_009.wav,1,Vừa,Thấp,Cao,Trung bình,Chậm,Rất cao,Vừa
2973,Hát xẩm,hat_xam/audio_1_009.wav,2,Vừa,Thấp,Cao,Trung bình,Vừa,Rất cao,Ít luyến
2974,Hát xẩm,hat_xam/audio_2_105.wav,1,Rất mạnh,Thấp,Trung,Thấp,Nhanh,Rất thấp,Vừa
2975,Hát xẩm,hat_xam/audio_2_105.wav,2,Rất mạnh,Thấp,Trầm,Thấp,Chậm,Rất thấp,Ít luyến
2976,Hát xẩm,hat_xam/audio_7_063.wav,1,Vừa,Cao,Trầm,Thấp,Chậm,Rất thấp,Ít luyến
2977,Hát xẩm,hat_xam/audio_7_063.wav,2,Vừa,Cao,Trầm,Thấp,Vừa,Rất thấp,Ít luyến
2978,Hát xẩm,hat_xam/audio_2_006.wav,1,Rất mạnh,Trung bình,Trung,Thấp,Vừa,Rất thấp,Vừa
2979,Hát xẩm,hat_xam/audio_2_006.wav,2,Rất mạnh,Thấp,Trầm,Thấp,Chậm,Rất thấp,Vừa
2980,Hát xẩm,hat_xam/audio_3_024.wav,1,Vừa,Thấp,Rất trầm,Cao,Nhanh,Rất cao,Ít luyến
2981,Hát xẩm,hat_xam/audio_3_024.wav,2,Yếu,Thấp,Trầm,Cao,Nhanh,Rất cao,Ít luyến
2982,Hát xẩm,hat_xam/audio_6_014.wav,1,Yếu,Cao,Trầm,Trung bình,Vừa,Rất thấp,Vừa
2983,Hát xẩm,hat_xam/audio_6_014.wav,2,Yếu,Cao,Trầm,Thấp,Nhanh,Rất thấp,Nhiều luyến
2984,Hát xẩm,hat_xam/audio_7_000.wav,1,Yếu,Thấp,Trầm,Cao,Vừa,Trung bình,Ít luyến
2985,Hát xẩm,hat_xam/audio_7_000.wav,2,Yếu,Thấp,Trầm,Cao,Vừa,Cao,Ít luyến
2986,Hát xẩm,hat_xam/audio_7_033.wav,1,Yếu,Thấp,Trầm,Cao,Nhanh,Trung bình,Vừa
2987,Hát xẩm,hat_xam/audio_7_033.wav,2,Vừa,Thấp,Rất trầm,Trung bình,Nhanh,Cao,Vừa
2988,Hát xẩm,hat_xam/audio_6_005.wav,1,Yếu,Thấp,Trầm,Trung bình,Nhanh,Rất thấp,Vừa
2989,Hát xẩm,hat_xam/audio_6_005.wav,2,Yếu,Thấp,Trầm,Trung bình,Nhanh,Rất thấp,Vừa
2990,Hát xẩm,hat_xam/audio_2_120.wav,1,Yếu,Thấp,Trung,Thấp,Chậm,Rất thấp,Nhiều luyến
2991,Hát xẩm,hat_xam/audio_2_120.wav,2,Vừa,Thấp,Trầm,Trung bình,Vừa,Rất thấp,Nhiều luyến
2992,Hát xẩm,hat_xam/audio_7_017.wav,1,Yếu,Thấp,Trung,Trung bình,Vừa,Rất thấp,Ít luyến
2993,Hát xẩm,hat_xam/audio_7_017.wav,2,Mạnh,Thấp,Trầm,Trung bình,Nhanh,Rất thấp,Vừa
2994,Hát xẩm,hat_xam/audio_7_072.wav,1,Rất mạnh,Thấp,Trung,Thấp,Chậm,Cao,Vừa
2995,Hát xẩm,hat_xam/audio_7_072.wav,2,Rất mạnh,Thấp,Trầm,Thấp,Vừa,Cao,Vừa
2996,Hát xẩm,hat_xam/audio_2_077.wav,1,Rất mạnh,Thấp,Trầm,Trung bình,Vừa,Rất thấp,Ít luyến
2997,Hát xẩm,hat_xam/audio_2_077.wav,2,Rất mạnh,Thấp,Trầm,Thấp,Vừa,Rất thấp,Vừa
2998,Hát xẩm,hat_xam/audio_1_001.wav,1,Mạnh,Thấp,Trung,Trung bình,Nhanh,Rất thấp,Nhiều luyến
2999,Hát xẩm,hat_xam/audio_1_001.wav,2,Mạnh,Cao,Trầm,Trung bình,Chậm,Rất thấp,Vừa
3000,Quan họ,quanho/audio_17_111.wav,1,Rất mạnh,Thấp,Trung,Trung bình,Vừa,Thấp,Vừa
3001,Quan họ,quanho/audio_17_111.wav,2,Mạnh,Thấp,Cao,Trung bình,Vừa,Rất cao,Nhiều luyến
3002,Quan họ,quanho/audio_18_146.wav,1,Mạnh,Thấp,Trung,Trung bình,Vừa,Rất cao,Ít luyến
3003,Quan họ,quanho/audio_18_146.wav,2,Rất mạnh,Thấp,Trầm,Trung bình,Vừa,Rất cao,Vừa
3004,Quan họ,quanho/audio_15_034.wav,1,Mạnh,Thấp,Trung,Trung bình,Vừa,Rất cao,Vừa
3005,Quan họ,quanho/audio_15_034.wav,2,Rất mạnh,Trung bình,Trầm,Cao,Chậm,Cao,Ít luyến
3006,Quan họ,quanho/audio_10_062.wav,1,Mạnh,Cao,Trầm,Trung bình,Vừa,Thấp,Vừa
3007,Quan họ,quanho/audio_10_062.wav,2,Yếu,Cao,Rất trầm,Thấp,Chậm,Rất cao,Ít luyến
3008,Quan họ,quanho/audio_17_061.wav,1,Yếu,Thấp,Trung,Thấp,Vừa,Rất cao,Ít luyến
3009,Quan họ,quanho/audio_17_061.wav,2,Mạnh,Thấp,Cao,Trung bình,Vừa,Rất cao,Ít luyến
3010,Quan họ,quanho/audio_21_036.wav,1,Mạnh,Thấp,Trầm,Trung bình,Vừa,Cao,Ít luyến
3011,Quan họ,quanho/audio_21_036.wav,2,Yếu,Thấp,Trầm,Trung bình,Vừa,Cao,Vừa
3012,Quan họ,quanho/audio_4_007.wav,1,Rất mạnh,Thấp,Cao,Thấp,Vừa,Rất cao,Nhiều luyến
3013,Quan họ,quanho/audio_4_007.wav,2,Rất mạnh,Thấp,Trung,Cao,Vừa,Rất cao,Vừa
3014,Quan họ,quanho/audio_23_054.wav,1,Mạnh,Thấp,Rất trầm,Trung bình,Vừa,Rất cao,Ít luyến
3015,Quan họ,quanho/audio_23_054.wav,2,Mạnh,Thấp,Trầm,Trung bình,Vừa,Rất cao,Vừa
3016,Quan họ,quanho/audio_26_120.wav,1,Mạnh,Thấp,Trầm,Thấp,Vừa,Rất cao,Ít luyến
3017,Quan họ,quanho/audio_26_120.wav,2,Mạnh,Thấp,Trung,Trung bình,Vừa,Rất cao,Nhiều luyến
3018,Quan họ,quanho/audio_25_154.wav,1,Rất mạnh,Thấp,Trung,Thấp,Chậm,Rất cao,Vừa
3019,Quan họ,quanho/audio_25_154.wav,2,Rất mạnh,Thấp,Trung,Thấp,Vừa,Rất cao,Vừa
3020,Quan họ,quanho/audio_15_037.wav,1,Rất mạnh,Thấp,Trầm,Thấp,Vừa,Rất thấp,Vừa
3021,Quan họ,quanho/audio_15_037.wav,2,Mạnh,Thấp,Trầm,Trung bình,Vừa,Rất thấp,Ít luyến
3022,Quan họ,quanho/audio_7_037.wav,1,Yếu,Thấp,Trầm,Thấp,Vừa,Rất cao,Ít luyến
3023,Quan họ,quanho/audio_7_037.wav,2,Mạnh,Thấp,Trầm,Trung bình,Vừa,Rất cao,Ít luyến
3024,Quan họ,quanho/audio_12_025.wav,1,Vừa,Thấp,Rất cao,Thấp,Vừa,Rất cao,Vừa
3025,Quan họ,quanho/audio_12_025.wav,2,Yếu,Thấp,Rất trầm,Trung bình,Vừa,Rất cao,Ít luyến
3026,Quan họ,quanho/audio_19_136.wav,1,Yếu,Cao,Rất trầm,Thấp,Vừa,Rất cao,Ít luyến
3027,Quan họ,quanho/audio_19_136.wav,2,Mạnh,Cao,Trầm,Trung bình,Vừa,Rất cao,Vừa
3028,Quan họ,quanho/audio_5_006.wav,1,Mạnh,Cao,Trung,Trung bình,Vừa,Rất cao,Nhiều luyến
3029,Quan họ,quanho/audio_5_006.wav,2,Mạnh,Cao,Trầm,Trung bình,Vừa,Rất cao,Vừa
3030,Quan họ,quanho/audio_2_043.wav,1,Rất mạnh,Thấp,Trầm,Trung bình,Vừa,Rất cao,Vừa
3031,Quan họ,quanho/audio_2_043.wav,2,Rất mạnh,Thấp,Trung,Trung bình,Vừa,Rất cao,Ít luyến
3032,Quan họ,quanho/audio_10_049.wav,1,Mạnh,Thấp,Trầm,Trung bình,Vừa,Rất cao,Vừa
3033,Quan họ,quanho/audio_10_049.wav,2,Mạnh,Thấp,Trầm,Trung bình,Vừa,Cao,Ít luyến
3034,Quan họ,quanho/audio_14_014.wav,1,Mạnh,Cao,Rất trầm,Cao,Vừa,Rất cao,Ít luyến
3035,Quan họ,quanho/audio_14_014.wav,2,Mạnh,Thấp,Rất cao,Cao,Vừa,Rất cao,Ít luyến
3036,Quan họ,quanho/audio_26_067.wav,1,Rất mạnh,Thấp,Trung,Trung bình,Chậm,Rất cao,Vừa
3037,Quan họ,quanho/audio_26_067.wav,2,Rất mạnh,Thấp,Trung,Trung bình,Chậm,Rất cao,Nhiều luyến
3038,Quan họ,quanho/audio_12_027.wav,1,Mạnh,Thấp,Trầm,Trung bình,Vừa,Rất cao,Vừa
3039,Quan họ,quanho/audio_12_027.wav,2,Vừa,Thấp,Rất trầm,Thấp,Vừa,Rất cao,Ít luyến
3040,Quan họ,quanho/audio_14_202.wav,1,Rất mạnh,Thấp,Rất trầm,Trung bình,Vừa,Thấp,Ít luyến
3041,Quan họ,quanho/audio_14_202.wav,2,Rất mạnh,Thấp,Rất trầm,Trung bình,Vừa,Trung bình,Ít luyến
3042,Quan họ,quanho/audio_25_020.wav,1,Rất mạnh,Thấp,Trầm,Trung bình,Vừa,Cao,Vừa
3043,Quan họ,quanho/audio_25_020.wav,2,Rất mạnh,Thấp,Trầm,Trung bình,Vừa,Rất thấp,Vừa
3044,Quan họ,quanho/audio_22_038.wav,1,Mạnh,Thấp,Trung,Thấp,Vừa,Cao,Vừa
3045,Quan họ,quanho/audio_22_038.wav,2,Mạnh,Thấp,Rất trầm,Trung bình,Vừa,Trung bình,Ít luyến
3046,Quan họ,quanho/audio_20_097.wav,1,Vừa,Thấp,Cao,Thấp,Chậm,Rất cao,Vừa
3047,Quan họ,quanho/audio_20_097.wav,2,Yếu,Thấp,Rất trầm,Thấp,Vừa,Rất cao,Ít luyến
3048,Quan họ,quanho/audio_18_126.wav,1,Mạnh,Thấp,Trầm,Trung bình,Vừa,Cao,Ít luyến
3049,Quan họ,quanho/audio_18_126.wav,2,Yếu,Thấp,Rất trầm,Trung bình,Vừa,Cao,Ít luyến
3050,Quan họ,quanho/audio_7_064.wav,1,Yếu,Cao,Trung,Trung bình,Vừa,Rất cao,Vừa
3051,Quan họ,quanho/audio_7_064.wav,2,Mạnh,Cao,Cao,Trung bình,Vừa,Cao,Nhiều luyến
3052,Quan họ,quanho/audio_27_078.wav,1,Mạnh,Thấp,Rất trầm,Thấp,Vừa,Cao,Ít luyến
3053,Quan họ,quanho/audio_27_078.wav,2,Mạnh,Thấp,Rất trầm,Thấp,Vừa,Cao,Ít luyến
3054,Quan họ,quanho/audio_23_066.wav,1,Mạnh,Thấp,Rất trầm,Trung bình,Vừa,Cao,Ít luyến
3055,Quan họ,quanho/audio_23_066.wav,2,Mạnh,Thấp,Trung,Trung bình,Vừa,Rất cao,Vừa
3056,Quan họ,quanho/audio_28_081.wav,1,Rất mạnh,Thấp,Trung,Thấp,Vừa,Rất thấp,Vừa
3057,Quan họ,quanho/audio_28_081.wav,2,Mạnh,Thấp,Trầm,Trung bình,Vừa,Trung bình,Ít luyến
3058,Quan họ,quanho/audio_15_062.wav,1,Rất mạnh,Thấp,Trung,Trung bình,Vừa,Rất cao,Vừa
3059,Quan họ,quanho/audio_15_062.wav,2,Mạnh,Thấp,Trung,Thấp,Vừa,Rất cao,Vừa
3060,Quan họ,quanho/audio_2_125.wav,1,Yếu,Thấp,Trung,Trung bình,Vừa,Rất cao,Ít luyến
3061,Quan họ,quanho/audio_2_125.wav,2,Mạnh,Thấp,Trung,Trung bình,Vừa,Rất cao,Vừa
3062,Quan họ,quanho/audio_10_069.wav,1,Vừa,Thấp,Trầm,Thấp,Chậm,Rất cao,Ít luyến
3063,Quan họ,quanho/audio_10_069.wav,2,Rất mạnh,Thấp,Trầm,Thấp,Vừa,Trung bình,Ít luyến
3064,Quan họ,quanho/audio_3_004.wav,1,Mạnh,Thấp,Rất trầm,Cao,Vừa,Rất cao,Ít luyến
3065,Quan họ,quanho/audio_3_004.wav,2,Mạnh,Thấp,Trầm,Cao,Vừa,Rất cao,Ít luyến
3066,Quan họ,quanho/audio_7_060.wav,1,Yếu,Thấp,Trung,Trung bình,Vừa,Rất cao,Vừa
3067,Quan họ,quanho/audio_7_060.wav,2,Yếu,Trung bình,Trung,Trung bình,Vừa,Cao,Vừa
3068,Quan họ,quanho/audio_5_119.wav,1,Mạnh,Thấp,Rất trầm,Trung bình,Vừa,Rất cao,Ít luyến
3069,Quan họ,quanho/audio_5_119.wav,2,Mạnh,Thấp,Rất trầm,Trung bình,Vừa,Rất cao,Ít luyến
3070,Quan họ,quanho/audio_20_156.wav,1,Rất yếu,Cao,Trung,Cao,Vừa,Rất cao,Vừa
3071,Quan họ,quanho/audio_20_156.wav,2,Yếu,Cao,Rất trầm,Thấp,Vừa,Rất cao,Ít luyến
3072,Quan họ,quanho/audio_3_127.wav,1,Rất mạnh,Thấp,Trầm,Trung bình,Vừa,Rất thấp,Vừa
3073,Quan họ,quanho/audio_3_127.wav,2,Rất mạnh,Thấp,Trầm,Trung bình,Chậm,Rất thấp,Ít luyến
3074,Quan họ,quanho/audio_14_154.wav,1,Rất mạnh,Thấp,Rất trầm,Cao,Vừa,Cao,Ít luyến
3075,Quan họ,quanho/audio_14_154.wav,2,Rất mạnh,Thấp,Rất trầm,Trung bình,Vừa,Cao,Ít luyến
3076,Quan họ,quanho/audio_0_112.wav,1,Mạnh,Cao,Rất trầm,Trung bình,Chậm,Rất cao,Ít luyến
3077,Quan họ,quanho/audio_0_112.wav,2,Mạnh,Thấp,Trung,Trung bình,Vừa,Rất cao,Vừa
3078,Quan họ,quanho/audio_2_143.wav,1,Mạnh,Thấp,Trầm,Trung bình,Vừa,Rất cao,Ít luyến
3079,Quan họ,quanho/audio_2_143.wav,2,Mạnh,Thấp,Trầm,Trung bình,Vừa,Rất cao,Ít luyến
3080,Quan họ,quanho/audio_5_037.wav,1,Mạnh,Thấp,Trầm,Trung bình,Vừa,Thấp,Ít luyến
3081,Quan họ,quanho/audio_5_037.wav,2,Mạnh,Thấp,Trầm,Trung bình,Vừa,Rất thấp,Ít luyến
3082,Quan họ,quanho/audio_18_121.wav,1,Vừa,Thấp,Trung,Thấp,Vừa,Rất cao,Vừa
3083,Quan họ,quanho/audio_18_121.wav,2,Mạnh,Thấp,Trung,Trung bình,Vừa,Trung bình,Vừa
3084,Quan họ,quanho/audio_2_137.wav,1,Mạnh,Thấp,Rất cao,Trung bình,Nhanh,Rất thấp,Nhiều luyến
3085,Quan họ,quanho/audio_2_137.wav,2,Vừa,Thấp,Rất cao,Thấp,Vừa,Rất cao,Nhiều luyến
3086,Quan họ,quanho/audio_18_175.wav,1,Mạnh,Thấp,Rất trầm,Thấp,Vừa,Rất cao,Ít luyến
3087,Quan họ,quanho/audio_18_175.wav,2,Yếu,Thấp,Rất trầm,Trung bình,Nhanh,Rất cao,Ít luyến
3088,Quan họ,quanho/audio_25_121.wav,1,Mạnh,Thấp,Trầm,Trung bình,Vừa,Rất cao,Ít luyến
3089,Quan họ,quanho/audio_25_121.wav,2,Mạnh,Thấp,Cao,Trung bình,Vừa,Rất cao,Nhiều luyến
3090,Quan họ,quanho/audio_26_022.wav,1,Mạnh,Cao,Trầm,Trung bình,Chậm,Rất cao,Vừa
3091,Quan họ,quanho/audio_26_022.wav,2,Mạnh,Cao,Cao,Trung bình,Chậm,Rất cao,Ít luyến
3092,Quan họ,quanho/audio_8_127.wav,1,Mạnh,Cao,Trung,Cao,Vừa,Rất cao,Vừa
3093,Quan họ,quanho/audio_8_127.wav,2,Mạnh,Trung bình,Trung,Cao,Vừa,Rất cao,Vừa
3094,Quan họ,quanho/audio_25_061.wav,1,Yếu,Thấp,Trầm,Trung bình,Vừa,Rất cao,Ít luyến
3095,Quan họ,quanho/audio_25_061.wav,2,Mạnh,Thấp,Trầm,Trung bình,Vừa,Rất cao,Ít luyến
3096,Quan họ,quanho/audio_22_107.wav,1,Yếu,Thấp,Rất cao,Cao,Vừa,Rất cao,Vừa
3097,Quan họ,quanho/audio_22_107.wav,2,Yếu,Thấp,Trung,Trung bình,Vừa,Rất cao,Vừa
3098,Quan họ,quanho/audio_12_086.wav,1,Mạnh,Thấp,Cao,Trung bình,Vừa,Rất cao,Vừa
3099,Quan họ,quanho/audio_12_086.wav,2,Mạnh,Thấp,Trung,Thấp,Vừa,Rất cao,Vừa
3100,Quan họ,quanho/audio_20_081.wav,1,Yếu,Thấp,Rất trầm,Trung bình,Vừa,Cao,Ít luyến
3101,Quan họ,quanho/audio_20_081.wav,2,Yếu,Trung bình,Trầm,Trung bình,Vừa,Rất cao,Vừa
3102,Quan họ,quanho/audio_4_105.wav,1,Mạnh,Trung bình,Trung,Trung bình,Vừa,Rất cao,Ít luyến
3103,Quan họ,quanho/audio_4_105.wav,2,Mạnh,Cao,Trung,Trung bình,Vừa,Rất cao,Vừa
3104,Quan họ,quanho/audio_19_024.wav,1,Rất mạnh,Thấp,Trung,Trung bình,Chậm,Rất cao,Nhiều luyến
3105,Quan họ,quanho/audio_19_024.wav,2,Vừa,Thấp,Rất cao,Thấp,Vừa,Trung bình,Ít luyến
3106,Quan họ,quanho/audio_18_056.wav,1,Mạnh,Thấp,Rất trầm,Trung bình,Vừa,Rất cao,Ít luyến
3107,Quan họ,quanho/audio_18_056.wav,2,Rất mạnh,Thấp,Trung,Trung bình,Vừa,Rất cao,Ít luyến
3108,Quan họ,quanho/audio_26_171.wav,1,Rất mạnh,Thấp,Trung,Trung bình,Chậm,Rất cao,Ít luyến
3109,Quan họ,quanho/audio_26_171.wav,2,Mạnh,Thấp,Trầm,Trung bình,Chậm,Rất cao,Vừa
3110,Quan họ,quanho/audio_23_109.wav,1,Mạnh,Thấp,Trung,Thấp,Vừa,Rất thấp,Vừa
3111,Quan họ,quanho/audio_23_109.wav,2,Yếu,Thấp,Trung,Thấp,Vừa,Rất thấp,Vừa
3112,Quan họ,quanho/audio_14_009.wav,1,Rất mạnh,Thấp,Trầm,Cao,Vừa,Rất cao,Vừa
3113,Quan họ,quanho/audio_14_009.wav,2,Mạnh,Thấp,Cao,Thấp,Vừa,Rất cao,Nhiều luyến
3114,Quan họ,quanho/audio_25_092.wav,1,Mạnh,Cao,Trầm,Thấp,Vừa,Rất cao,Ít luyến
3115,Quan họ,quanho/audio_25_092.wav,2,Yếu,Cao,Rất trầm,Thấp,Vừa,Rất cao,Ít luyến
3116,Quan họ,quanho/audio_26_112.wav,1,Rất mạnh,Cao,Cao,Trung bình,Vừa,Rất cao,Nhiều luyến
3117,Quan họ,quanho/audio_26_112.wav,2,Rất mạnh,Trung bình,Trung,Trung bình,Vừa,Rất cao,Nhiều luyến
3118,Quan họ,quanho/audio_0_033.wav,1,Yếu,Thấp,Trung,Trung bình,Vừa,Rất cao,Vừa
3119,Quan họ,quanho/audio_0_033.wav,2,Yếu,Thấp,Trung,Trung bình,Vừa,Rất cao,Vừa
3120,Quan họ,quanho/audio_7_095.wav,1,Yếu,Thấp,Trầm,Thấp,Vừa,Rất thấp,Ít luyến
3121,Quan họ,quanho/audio_7_095.wav,2,Yếu,Thấp,Trầm,Thấp,Vừa,Cao,Ít luyến
3122,Quan họ,quanho/audio_25_124.wav,1,Mạnh,Thấp,Rất trầm,Thấp,Chậm,Rất cao,Ít luyến
3123,Quan họ,quanho/audio_25_124.wav,2,Rất mạnh,Thấp,Trầm,Thấp,Chậm,Trung bình,Vừa
3124,Quan họ,quanho/audio_10_090.wav,1,Mạnh,Thấp,Trung,Trung bình,Chậm,Rất cao,Ít luyến
3125,Quan họ,quanho/audio_10_090.wav,2,Yếu,Thấp,Trung,Trung bình,Vừa,Rất cao,Vừa
3126,Quan họ,quanho/audio_8_045.wav,1,Yếu,Thấp,Trung,Trung bình,Vừa,Rất cao,Nhiều luyến
3127,Quan họ,quanho/audio_8_045.wav,2,Yếu,Thấp,Trung,Cao,Vừa,Rất thấp,Vừa
3128,Quan họ,quanho/audio_21_069.wav,1,Mạnh,Cao,Rất trầm,Cao,Nhanh,Rất cao,Ít luyến
3129,Quan họ,quanho/audio_21_069.wav,2,Mạnh,Cao,Rất trầm,Thấp,Nhanh,Rất cao,Ít luyến
3130,Quan họ,quanho/audio_12_053.wav,1,Rất mạnh,Thấp,Rất trầm,Trung bình,Vừa,Cao,Ít luyến
3131,Quan họ,quanho/audio_12_053.wav,2,Mạnh,Thấp,Rất cao,Trung bình,Vừa,Rất cao,Vừa
3132,Quan họ,quanho/audio_9_039.wav,1,Mạnh,Thấp,Trung,Trung bình,Vừa,Rất cao,Vừa
3133,Quan họ,quanho/audio_9_039.wav,2,Rất mạnh,Thấp,Trung,Thấp,Vừa,Rất cao,Vừa
3134,Quan họ,quanho/audio_18_010.wav,1,Mạnh,Cao,Trầm,Cao,Vừa,Rất cao,Ít luyến
3135,Quan họ,quanho/audio_18_010.wav,2,Mạnh,Thấp,Rất cao,Trung bình,Vừa,Rất cao,Nhiều luyến
3136,Quan họ,quanho/audio_27_005.wav,1,Mạnh,Cao,Trầm,Trung bình,Vừa,Cao,Ít luyến
3137,Quan họ,quanho/audio_27_005.wav,2,Mạnh,Cao,Trung,Trung bình,Vừa,Rất cao,Nhiều luyến
3138,Quan họ,quanho/audio_17_071.wav,1,Mạnh,Thấp,Trung,Trung bình,Vừa,Rất cao,Vừa
3139,Quan họ,quanho/audio_17_071.wav,2,Mạnh,Thấp,Trầm,Trung bình,Vừa,Rất cao,Vừa
3140,Quan họ,quanho/audio_14_114.wav,1,Rất mạnh,Trung bình,Trầm,Trung bình,Vừa,Cao,Ít luyến
3141,Quan họ,quanho/audio_14_114.wav,2,Rất mạnh,Thấp,Trung,Trung bình,Vừa,Rất cao,Vừa
3142,Quan họ,quanho/audio_8_039.wav,1,Mạnh,Cao,Trầm,Trung bình,Vừa,Rất cao,Ít luyến
3143,Quan họ,quanho/audio_8_039.wav,2,Mạnh,Cao,Trầm,Thấp,Vừa,Rất cao,Ít luyến
3144,Quan họ,quanho/audio_27_123.wav,1,Rất mạnh,Thấp,Trung,Trung bình,Vừa,Rất cao,Nhiều luyến
3145,Quan họ,quanho/audio_27_123.wav,2,Rất mạnh,Thấp,Trung,Thấp,Vừa,Rất cao,Nhiều luyến
3146,Quan họ,quanho/audio_27_080.wav,1,Mạnh,Thấp,Rất trầm,Thấp,Vừa,Cao,Ít luyến
3147,Quan họ,quanho/audio_27_080.wav,2,Yếu,Thấp,Rất trầm,Thấp,Vừa,Rất cao,Ít luyến
3148,Quan họ,quanho/audio_19_096.wav,1,Mạnh,Thấp,Rất cao,Thấp,Vừa,Rất cao,Vừa
3149,Quan họ,quanho/audio_19_096.wav,2,Mạnh,Thấp,Trung,Thấp,Vừa,Cao,Vừa
3150,Quan họ,quanho/audio_2_148.wav,1,Mạnh,Thấp,Rất trầm,Cao,Vừa,Rất thấp,Ít luyến
3151,Quan họ,quanho/audio_2_148.wav,2,Mạnh,Cao,Rất trầm,Cao,Chậm,Rất thấp,Ít luyến
3152,Quan họ,quanho/audio_5_005.wav,1,Mạnh,Cao,Trầm,Trung bình,Vừa,Cao,Ít luyến
3153,Quan họ,quanho/audio_5_005.wav,2,Mạnh,Cao,Trung,Trung bình,Vừa,Rất cao,Nhiều luyến
3154,Quan họ,quanho/audio_20_115.wav,1,Rất mạnh,Thấp,Trầm,Trung bình,Nhanh,Rất thấp,Vừa
3155,Quan họ,quanho/audio_20_115.wav,2,Rất mạnh,Thấp,Trầm,Trung bình,Vừa,Rất thấp,Vừa
3156,Quan họ,quanho/audio_8_048.wav,1,Vừa,Thấp,Rất cao,Trung bình,Vừa,Rất thấp,Nhiều luyến
3157,Quan họ,quanho/audio_8_048.wav,2,Mạnh,Thấp,Trung,Cao,Vừa,Rất cao,Vừa
3158,Quan họ,quanho/audio_12_112.wav,1,Mạnh,Thấp,Trung,Trung bình,Vừa,Trung bình,Ít luyến
3159,Quan họ,quanho/audio_12_112.wav,2,Mạnh,Thấp,Trầm,Trung bình,Vừa,Trung bình,Ít luyến
3160,Quan họ,quanho/audio_27_116.wav,1,Mạnh,Thấp,Rất trầm,Trung bình,Chậm,Rất thấp,Ít luyến
3161,Quan họ,quanho/audio_27_116.wav,2,Mạnh,Thấp,Rất trầm,Thấp,Vừa,Cao,Ít luyến
3162,Quan họ,quanho/audio_5_033.wav,1,Mạnh,Thấp,Trung,Trung bình,Vừa,Cao,Vừa
3163,Quan họ,quanho/audio_5_033.wav,2,Mạnh,Thấp,Trung,Trung bình,Vừa,Cao,Vừa
3164,Quan họ,quanho/audio_15_043.wav,1,Mạnh,Thấp,Trầm,Thấp,Chậm,Rất thấp,Vừa
3165,Quan họ,quanho/audio_15_043.wav,2,Mạnh,Thấp,Rất trầm,Trung bình,Vừa,Rất cao,Ít luyến
3166,Quan họ,quanho/audio_1_005.wav,1,Rất mạnh,Thấp,Trầm,Trung bình,Vừa,Cao,Vừa
3167,Quan họ,quanho/audio_1_005.wav,2,Yếu,Thấp,Trầm,Trung bình,Vừa,Cao,Ít luyến
3168,Quan họ,quanho/audio_12_077.wav,1,Vừa,Thấp,Rất cao,Trung bình,Vừa,Rất thấp,Nhiều luyến
3169,Quan họ,quanho/audio_12_077.wav,2,Yếu,Thấp,Trung,Trung bình,Vừa,Rất cao,Vừa
3170,Quan họ,quanho/audio_14_197.wav,1,Vừa,Cao,Cao,Thấp,Vừa,Cao,Ít luyến
3171,Quan họ,quanho/audio_14_197.wav,2,Mạnh,Thấp,Trầm,Trung bình,Vừa,Rất cao,Ít luyến
3172,Quan họ,quanho/audio_7_086.wav,1,Yếu,Thấp,Rất trầm,Trung bình,Vừa,Thấp,Ít luyến
3173,Quan họ,quanho/audio_7_086.wav,2,Yếu,Thấp,Trung,Trung bình,Vừa,Rất cao,Vừa
3174,Quan họ,quanho/audio_18_156.wav,1,Rất mạnh,Cao,Trầm,Trung bình,Vừa,Cao,Ít luyến
3175,Quan họ,quanho/audio_18_156.wav,2,Mạnh,Cao,Rất cao,Trung bình,Vừa,Cao,Vừa
3176,Quan họ,quanho/audio_3_026.wav,1,Rất mạnh,Thấp,Trung,Trung bình,Vừa,Rất cao,Vừa
3177,Quan họ,quanho/audio_3_026.wav,2,Mạnh,Thấp,Trung,Cao,Vừa,Rất cao,Vừa
3178,Quan họ,quanho/audio_5_118.wav,1,Yếu,Thấp,Trầm,Trung bình,Chậm,Rất cao,Ít luyến
3179,Quan họ,quanho/audio_5_118.wav,2,Mạnh,Thấp,Rất trầm,Thấp,Vừa,Rất cao,Ít luyến
3180,Quan họ,quanho/audio_2_077.wav,1,Yếu,Thấp,Rất trầm,Trung bình,Vừa,Rất cao,Ít luyến
3181,Quan họ,quanho/audio_2_077.wav,2,Mạnh,Cao,Trung,Cao,Vừa,Rất cao,Ít luyến
3182,Quan họ,quanho/audio_25_071.wav,1,Rất mạnh,Thấp,Cao,Trung bình,Vừa,Rất cao,Nhiều luyến
3183,Quan họ,quanho/audio_25_071.wav,2,Yếu,Thấp,Trầm,Trung bình,Vừa,Rất cao,Ít luyến
3184,Quan họ,quanho/audio_12_104.wav,1,Mạnh,Thấp,Cao,Thấp,Vừa,Rất cao,Nhiều luyến
3185,Quan họ,quanho/audio_12_104.wav,2,Rất mạnh,Thấp,Trầm,Cao,Vừa,Rất cao,Vừa
3186,Quan họ,quanho/audio_5_095.wav,1,Rất mạnh,Cao,Rất trầm,Thấp,Vừa,Cao,Ít luyến
3187,Quan họ,quanho/audio_5_095.wav,2,Rất mạnh,Cao,Rất trầm,Thấp,Vừa,Rất cao,Ít luyến
3188,Quan họ,quanho/audio_25_094.wav,1,Mạnh,Cao,Trầm,Trung bình,Vừa,Rất cao,Vừa
3189,Quan họ,quanho/audio_25_094.wav,2,Mạnh,Cao,Trung,Trung bình,Vừa,Rất cao,Vừa
3190,Quan họ,quanho/audio_12_062.wav,1,Rất mạnh,Thấp,Trầm,Trung bình,Vừa,Rất cao,Vừa
3191,Quan họ,quanho/audio_12_062.wav,2,Rất mạnh,Thấp,Trung,Trung bình,Vừa,Rất cao,Vừa
3192,Quan họ,quanho/audio_14_018.wav,1,Rất mạnh,Cao,Rất trầm,Cao,Vừa,Rất cao,Ít luyến
3193,Quan họ,quanho/audio_14_018.wav,2,Rất mạnh,Cao,Trung,Cao,Vừa,Rất cao,Vừa
3194,Quan họ,quanho/audio_5_088.wav,1,Mạnh,Thấp,Rất trầm,Trung bình,Vừa,Rất cao,Ít luyến
3195,Quan họ,quanho/audio_5_088.wav,2,Yếu,Thấp,Cao,Trung bình,Vừa,Trung bình,Nhiều luyến
3196,Quan họ,quanho/audio_19_122.wav,1,Yếu,Thấp,Trung,Trung bình,Vừa,Rất cao,Vừa
3197,Quan họ,quanho/audio_19_122.wav,2,Mạnh,Thấp,Trầm,Trung bình,Vừa,Cao,Vừa
3198,Quan họ,quanho/audio_18_145.wav,1,Mạnh,Thấp,Rất trầm,Trung bình,Vừa,Rất thấp,Ít luyến
3199,Quan họ,quanho/audio_18_145.wav,2,Vừa,Thấp,Trầm,Thấp,Vừa,Rất cao,Ít luyến
3200,Quan họ,quanho/audio_12_049.wav,1,Yếu,Thấp,Trung,Trung bình,Chậm,Rất cao,Vừa
3201,Quan họ,quanho/audio_12_049.wav,2,Vừa,Thấp,Rất trầm,Thấp,Chậm,Rất cao,Ít luyến
3202,Quan họ,quanho/audio_15_067.wav,1,Yếu,Thấp,Cao,Trung bình,Chậm,Rất cao,Vừa
3203,Quan họ,quanho/audio_15_067.wav,2,Yếu,Thấp,Rất trầm,Thấp,Chậm,Rất cao,Ít luyến
3204,Quan họ,quanho/audio_19_017.wav,1,Yếu,Cao,Rất cao,Trung bình,Vừa,Rất cao,Nhiều luyến
3205,Quan họ,quanho/audio_19_017.wav,2,Mạnh,Cao,Trầm,Trung bình,Vừa,Rất cao,Nhiều luyến
3206,Quan họ,quanho/audio_5_061.wav,1,Yếu,Thấp,Trầm,Trung bình,Vừa,Cao,Ít luyến
3207,Quan họ,quanho/audio_5_061.wav,2,Yếu,Cao,Trung,Trung bình,Vừa,Cao,Vừa
3208,Quan họ,quanho/audio_5_044.wav,1,Mạnh,Thấp,Trung,Cao,Vừa,Rất cao,Ít luyến
3209,Quan họ,quanho/audio_5_044.wav,2,Mạnh,Cao,Rất trầm,Thấp,Nhanh,Rất cao,Ít luyến
3210,Quan họ,quanho/audio_7_098.wav,1,Mạnh,Thấp,Trầm,Trung bình,Vừa,Cao,Ít luyến
3211,Quan họ,quanho/audio_7_098.wav,2,Mạnh,Thấp,Trầm,Thấp,Vừa,Cao,Ít luyến
3212,Quan họ,quanho/audio_4_002.wav,1,Yếu,Trung bình,Rất trầm,Cao,Vừa,Rất cao,Ít luyến
3213,Quan họ,quanho/audio_4_002.wav,2,Mạnh,Thấp,Trung,Cao,Vừa,Rất cao,Ít luyến
3214,Quan họ,quanho/audio_19_112.wav,1,Vừa,Thấp,Trung,Trung bình,Chậm,Rất thấp,Ít luyến
3215,Quan họ,quanho/audio_19_112.wav,2,Mạnh,Thấp,Trung,Trung bình,Chậm,Rất thấp,Vừa
3216,Quan họ,quanho/audio_8_047.wav,1,Yếu,Thấp,Trung,Cao,Vừa,Rất cao,Vừa
3217,Quan họ,quanho/audio_8_047.wav,2,Yếu,Thấp,Trầm,Trung bình,Vừa,Rất thấp,Vừa
3218,Quan họ,quanho/audio_3_067.wav,1,Yếu,Thấp,Trung,Thấp,Vừa,Rất thấp,Vừa
3219,Quan họ,quanho/audio_3_067.wav,2,Yếu,Cao,Trầm,Trung bình,Vừa,Cao,Ít luyến
3220,Quan họ,quanho/audio_27_091.wav,1,Yếu,Trung bình,Rất trầm,Cao,Chậm,Cao,Ít luyến
3221,Quan họ,quanho/audio_27_091.wav,2,Rất yếu,Thấp,Rất cao,Cao,Chậm,Rất cao,Nhiều luyến
3222,Quan họ,quanho/audio_21_020.wav,1,Mạnh,Cao,Rất trầm,Trung bình,Vừa,Cao,Ít luyến
3223,Quan họ,quanho/audio_21_020.wav,2,Rất mạnh,Thấp,Rất trầm,Trung bình,Chậm,Cao,Ít luyến
3224,Quan họ,quanho/audio_5_009.wav,1,Mạnh,Thấp,Trầm,Cao,Vừa,Rất cao,Ít luyến
3225,Quan họ,quanho/audio_5_009.wav,2,Mạnh,Trung bình,Rất trầm,Trung bình,Vừa,Rất cao,Ít luyến
3226,Quan họ,quanho/audio_12_001.wav,1,Mạnh,Thấp,Trung,Trung bình,Vừa,Cao,Vừa
3227,Quan họ,quanho/audio_12_001.wav,2,Mạnh,Thấp,Trầm,Trung bình,Vừa,Cao,Ít luyến
3228,Quan họ,quanho/audio_5_137.wav,1,Mạnh,Thấp,Rất cao,Trung bình,Nhanh,Rất thấp,Nhiều luyến
3229,Quan họ,quanho/audio_5_137.wav,2,Vừa,Thấp,Rất cao,Thấp,Vừa,Rất cao,Nhiều luyến
3230,Quan họ,quanho/audio_19_060.wav,1,Rất mạnh,Thấp,Trầm,Trung bình,Vừa,Rất cao,Vừa
3231,Quan họ,quanho/audio_19_060.wav,2,Mạnh,Thấp,Rất trầm,Trung bình,Vừa,Rất cao,Ít luyến
3232,Quan họ,quanho/audio_14_216.wav,1,Rất mạnh,Thấp,Trung,Trung bình,Vừa,Rất cao,Vừa
3233,Quan họ,quanho/audio_14_216.wav,2,Rất mạnh,Thấp,Trung,Trung bình,Vừa,Rất cao,Vừa
3234,Quan họ,quanho/audio_22_108.wav,1,Yếu,Thấp,Trầm,Trung bình,Vừa,Rất cao,Vừa
3235,Quan họ,quanho/audio_22_108.wav,2,Yếu,Thấp,Trầm,Trung bình,Chậm,Rất cao,Vừa
3236,Quan họ,quanho/audio_14_041.wav,1,Mạnh,Thấp,Trầm,Trung bình,Vừa,Thấp,Vừa
3237,Quan họ,quanho/audio_14_041.wav,2,Mạnh,Thấp,Trầm,Trung bình,Vừa,Cao,Ít luyến
3238,Quan họ,quanho/audio_19_077.wav,1,Rất mạnh,Thấp,Trầm,Trung bình,Vừa,Rất cao,Ít luyến
3239,Quan họ,quanho/audio_19_077.wav,2,Rất mạnh,Thấp,Trung,Trung bình,Vừa,Rất cao,Vừa
3240,Quan họ,quanho/audio_15_107.wav,1,Rất mạnh,Cao,Trung,Cao,Vừa,Rất cao,Ít luyến
3241,Quan họ,quanho/audio_15_107.wav,2,Mạnh,Cao,Trung,Cao,Vừa,Rất cao,Vừa
3242,Quan họ,quanho/audio_7_035.wav,1,Mạnh,Thấp,Trầm,Trung bình,Vừa,Rất cao,Vừa
3243,Quan họ,quanho/audio_7_035.wav,2,Vừa,Thấp,Rất trầm,Thấp,Vừa,Rất cao,Ít luyến
3244,Quan họ,quanho/audio_17_118.wav,1,Mạnh,Cao,Trung,Trung bình,Vừa,Rất cao,Ít luyến
3245,Quan họ,quanho/audio_17_118.wav,2,Mạnh,Cao,Trung,Trung bình,Vừa,Rất cao,Vừa
3246,Quan họ,quanho/audio_18_035.wav,1,Mạnh,Thấp,Trầm,Trung bình,Vừa,Rất thấp,Ít luyến
3247,Quan họ,quanho/audio_18_035.wav,2,Rất yếu,Trung bình,Trầm,Trung bình,Chậm,Rất thấp,Ít luyến
3248,Quan họ,quanho/audio_2_042.wav,1,Vừa,Cao,Trầm,Thấp,Vừa,Rất cao,Ít luyến
3249,Quan họ,quanho/audio_2_042.wav,2,Mạnh,Thấp,Rất trầm,Trung bình,Vừa,Rất cao,Ít luyến
3250,Quan họ,quanho/audio_26_017.wav,1,Vừa,Cao,Trầm,Thấp,Chậm,Rất cao,Ít luyến
3251,Quan họ,quanho/audio_26_017.wav,2,Mạnh,Cao,Trung,Cao,Chậm,Cao,Vừa
3252,Quan họ,quanho/audio_7_024.wav,1,Yếu,Thấp,Trầm,Trung bình,Vừa,Cao,Ít luyến
3253,Quan họ,quanho/audio_7_024.wav,2,Mạnh,Thấp,Trầm,Thấp,Vừa,Rất cao,Ít luyến
3254,Quan họ,quanho/audio_23_022.wav,1,Rất mạnh,Thấp,Trầm,Thấp,Vừa,Rất cao,Vừa
3255,Quan họ,quanho/audio_23_022.wav,2,Rất mạnh,Thấp,Cao,Trung bình,Vừa,Trung bình,Vừa
3256,Quan họ,quanho/audio_13_046.wav,1,Mạnh,Cao,Rất cao,Trung bình,Nhanh,Rất cao,Ít luyến
3257,Quan họ,quanho/audio_13_046.wav,2,Mạnh,Thấp,Rất cao,Trung bình,Nhanh,Rất cao,Vừa
3258,Quan họ,quanho/audio_0_038.wav,1,Mạnh,Thấp,Trung,Trung bình,Vừa,Rất cao,Nhiều luyến
3259,Quan họ,quanho/audio_0_038.wav,2,Yếu,Thấp,Trung,Trung bình,Vừa,Trung bình,Vừa
3260,Quan họ,quanho/audio_20_134.wav,1,Mạnh,Thấp,Trầm,Thấp,Vừa,Cao,Ít luyến
3261,Quan họ,quanho/audio_20_134.wav,2,Mạnh,Cao,Rất trầm,Trung bình,Vừa,Cao,Ít luyến
3262,Quan họ,quanho/audio_23_007.wav,1,Mạnh,Cao,Trầm,Trung bình,Vừa,Rất cao,Ít luyến
3263,Quan họ,quanho/audio_23_007.wav,2,Mạnh,Cao,Trầm,Cao,Vừa,Rất cao,Ít luyến
3264,Quan họ,quanho/audio_23_151.wav,1,Yếu,Thấp,Trầm,Trung bình,Vừa,Rất cao,Ít luyến
3265,Quan họ,quanho/audio_23_151.wav,2,Mạnh,Thấp,Trầm,Trung bình,Vừa,Cao,Ít luyến
3266,Quan họ,quanho/audio_26_051.wav,1,Rất mạnh,Thấp,Trung,Trung bình,Vừa,Rất cao,Vừa
3267,Quan họ,quanho/audio_26_051.wav,2,Rất mạnh,Thấp,Trung,Trung bình,Chậm,Rất cao,Vừa
3268,Quan họ,quanho/audio_5_046.wav,1,Yếu,Cao,Rất trầm,Cao,Chậm,Rất cao,Ít luyến
3269,Quan họ,quanho/audio_5_046.wav,2,Mạnh,Cao,Rất trầm,Cao,Nhanh,Rất cao,Ít luyến
3270,Quan họ,quanho/audio_9_074.wav,1,Rất mạnh,Trung bình,Trầm,Trung bình,Vừa,Rất cao,Vừa
3271,Quan họ,quanho/audio_9_074.wav,2,Rất mạnh,Thấp,Trầm,Trung bình,Vừa,Rất cao,Ít luyến
3272,Quan họ,quanho/audio_22_096.wav,1,Mạnh,Thấp,Trầm,Thấp,Vừa,Rất cao,Vừa
3273,Quan họ,quanho/audio_22_096.wav,2,Mạnh,Thấp,Trung,Trung bình,Vừa,Rất cao,Vừa
3274,Quan họ,quanho/audio_17_055.wav,1,Yếu,Thấp,Trung,Thấp,Vừa,Rất thấp,Nhiều luyến
3275,Quan họ,quanho/audio_17_055.wav,2,Rất mạnh,Thấp,Trung,Thấp,Vừa,Cao,Vừa
3276,Quan họ,quanho/audio_27_065.wav,1,Mạnh,Cao,Cao,Trung bình,Chậm,Cao,Vừa
3277,Quan họ,quanho/audio_27_065.wav,2,Mạnh,Cao,Trầm,Trung bình,Vừa,Rất thấp,Vừa
3278,Quan họ,quanho/audio_21_083.wav,1,Rất mạnh,Cao,Cao,Trung bình,Vừa,Rất cao,Vừa
3279,Quan họ,quanho/audio_21_083.wav,2,Rất mạnh,Cao,Trung,Cao,Chậm,Rất cao,Vừa
3280,Quan họ,quanho/audio_23_018.wav,1,Mạnh,Thấp,Trung,Trung bình,Vừa,Rất thấp,Ít luyến
3281,Quan họ,quanho/audio_23_018.wav,2,Rất mạnh,Thấp,Trung,Trung bình,Vừa,Thấp,Vừa
3282,Quan họ,quanho/audio_22_019.wav,1,Mạnh,Cao,Trung,Trung bình,Vừa,Cao,Vừa
3283,Quan họ,quanho/audio_22_019.wav,2,Mạnh,Cao,Trầm,Thấp,Vừa,Rất cao,Ít luyến
3284,Quan họ,quanho/audio_28_033.wav,1,Mạnh,Cao,Rất trầm,Cao,Vừa,Rất cao,Ít luyến
3285,Quan họ,quanho/audio_28_033.wav,2,Yếu,Thấp,Rất trầm,Cao,Chậm,Rất cao,Ít luyến
3286,Quan họ,quanho/audio_21_037.wav,1,Mạnh,Thấp,Trung,Trung bình,Vừa,Cao,Ít luyến
3287,Quan họ,quanho/audio_21_037.wav,2,Mạnh,Thấp,Cao,Trung bình,Vừa,Thấp,Ít luyến
3288,Quan họ,quanho/audio_9_099.wav,1,Mạnh,Thấp,Trung,Trung bình,Vừa,Cao,Ít luyến
3289,Quan họ,quanho/audio_9_099.wav,2,Mạnh,Thấp,Trung,Trung bình,Vừa,Rất cao,Vừa
3290,Quan họ,quanho/audio_28_139.wav,1,Vừa,Thấp,Trầm,Thấp,Vừa,Rất cao,Ít luyến
3291,Quan họ,quanho/audio_28_139.wav,2,Mạnh,Thấp,Trung,Thấp,Vừa,Rất cao,Vừa
3292,Quan họ,quanho/audio_21_081.wav,1,Rất mạnh,Trung bình,Trung,Cao,Vừa,Rất cao,Vừa
3293,Quan họ,quanho/audio_21_081.wav,2,Rất mạnh,Cao,Trung,Cao,Vừa,Rất cao,Vừa
3294,Quan họ,quanho/audio_3_128.wav,1,Mạnh,Thấp,Trầm,Trung bình,Chậm,Thấp,Ít luyến
3295,Quan họ,quanho/audio_3_128.wav,2,Mạnh,Thấp,Trầm,Cao,Chậm,Rất thấp,Vừa
3296,Quan họ,quanho/audio_25_148.wav,1,Rất mạnh,Thấp,Cao,Cao,Vừa,Rất cao,Vừa
3297,Quan họ,quanho/audio_25_148.wav,2,Rất mạnh,Cao,Trung,Trung bình,Vừa,Rất cao,Ít luyến
3298,Quan họ,quanho/audio_22_081.wav,1,Mạnh,Thấp,Trầm,Trung bình,Chậm,Trung bình,Vừa
3299,Quan họ,quanho/audio_22_081.wav,2,Mạnh,Cao,Rất cao,Thấp,Vừa,Rất thấp,Nhiều luyến
3300,Quan họ,quanho/audio_12_022.wav,1,Rất mạnh,Cao,Rất trầm,Cao,Vừa,Rất cao,Ít luyến
3301,Quan họ,quanho/audio_12_022.wav,2,Rất mạnh,Cao,Rất trầm,Cao,Vừa,Rất cao,Ít luyến
3302,Quan họ,quanho/audio_28_196.wav,1,Mạnh,Thấp,Rất trầm,Thấp,Vừa,Rất cao,Ít luyến
3303,Quan họ,quanho/audio_28_196.wav,2,Mạnh,Thấp,Trung,Thấp,Vừa,Rất cao,Vừa
3304,Quan họ,quanho/audio_9_073.wav,1,Rất mạnh,Thấp,Trầm,Cao,Nhanh,Rất thấp,Ít luyến
3305,Quan họ,quanho/audio_9_073.wav,2,Rất mạnh,Thấp,Trầm,Cao,Vừa,Rất cao,Vừa
3306,Quan họ,quanho/audio_23_024.wav,1,Mạnh,Thấp,Trầm,Trung bình,Vừa,Rất thấp,Vừa
3307,Quan họ,quanho/audio_23_024.wav,2,Rất mạnh,Thấp,Trầm,Trung bình,Vừa,Rất thấp,Vừa
3308,Quan họ,quanho/audio_17_015.wav,1,Mạnh,Thấp,Trầm,Trung bình,Vừa,Trung bình,Vừa
3309,Quan họ,quanho/audio_17_015.wav,2,Mạnh,Thấp,Trầm,Trung bình,Vừa,Cao,Vừa
3310,Quan họ,quanho/audio_28_168.wav,1,Vừa,Thấp,Rất cao,Trung bình,Vừa,Rất thấp,Nhiều luyến
3311,Quan họ,quanho/audio_28_168.wav,2,Mạnh,Thấp,Trung,Cao,Vừa,Rất cao,Vừa
3312,Quan họ,quanho/audio_14_001.wav,1,Rất mạnh,Thấp,Rất cao,Trung bình,Vừa,Rất cao,Nhiều luyến
3313,Quan họ,quanho/audio_14_001.wav,2,Mạnh,Thấp,Trung,Trung bình,Vừa,Rất cao,Vừa
3314,Quan họ,quanho/audio_14_205.wav,1,Vừa,Thấp,Rất trầm,Thấp,Chậm,Rất cao,Ít luyến
3315,Quan họ,quanho/audio_14_205.wav,2,Mạnh,Thấp,Trung,Trung bình,Vừa,Rất cao,Vừa
3316,Quan họ,quanho/audio_27_156.wav,1,Mạnh,Thấp,Rất trầm,Cao,Vừa,Rất thấp,Ít luyến
3317,Quan họ,quanho/audio_27_156.wav,2,Mạnh,Thấp,Cao,Trung bình,Nhanh,Rất thấp,Nhiều luyến
3318,Quan họ,quanho/audio_3_017.wav,1,Mạnh,Thấp,Trung,Trung bình,Vừa,Rất cao,Vừa
3319,Quan họ,quanho/audio_3_017.wav,2,Rất mạnh,Thấp,Cao,Trung bình,Vừa,Rất cao,Nhiều luyến
3320,Quan họ,quanho/audio_25_165.wav,1,Mạnh,Thấp,Trung,Trung bình,Vừa,Cao,Nhiều luyến
3321,Quan họ,quanho/audio_25_165.wav,2,Mạnh,Thấp,Rất trầm,Trung bình,Vừa,Cao,Ít luyến
3322,Quan họ,quanho/audio_17_100.wav,1,Mạnh,Cao,Trung,Cao,Vừa,Rất cao,Ít luyến
3323,Quan họ,quanho/audio_17_100.wav,2,Rất mạnh,Cao,Trầm,Trung bình,Vừa,Rất cao,Ít luyến
3324,Quan họ,quanho/audio_18_061.wav,1,Mạnh,Cao,Rất trầm,Trung bình,Vừa,Cao,Ít luyến
3325,Quan họ,quanho/audio_18_061.wav,2,Mạnh,Cao,Rất trầm,Trung bình,Vừa,Rất cao,Ít luyến
3326,Quan họ,quanho/audio_5_133.wav,1,Mạnh,Thấp,Rất trầm,Thấp,Vừa,Rất cao,Ít luyến
3327,Quan họ,quanho/audio_5_133.wav,2,Mạnh,Thấp,Trung,Trung bình,Vừa,Rất cao,Vừa
3328,Quan họ,quanho/audio_8_081.wav,1,Mạnh,Thấp,Trầm,Trung bình,Vừa,Cao,Vừa
3329,Quan họ,quanho/audio_8_081.wav,2,Yếu,Thấp,Trung,Trung bình,Vừa,Rất cao,Vừa
3330,Quan họ,quanho/audio_2_084.wav,1,Mạnh,Cao,Trung,Trung bình,Vừa,Rất cao,Ít luyến
3331,Quan họ,quanho/audio_2_084.wav,2,Mạnh,Thấp,Rất cao,Cao,Vừa,Rất cao,Vừa
3332,Quan họ,quanho/audio_19_107.wav,1,Rất mạnh,Thấp,Trầm,Thấp,Vừa,Rất thấp,Vừa
3333,Quan họ,quanho/audio_19_107.wav,2,Vừa,Thấp,Trung,Thấp,Vừa,Rất thấp,Vừa
3334,Quan họ,quanho/audio_22_109.wav,1,Mạnh,Thấp,Trầm,Thấp,Vừa,Rất cao,Ít luyến
3335,Quan họ,quanho/audio_22_109.wav,2,Mạnh,Thấp,Trung,Trung bình,Chậm,Rất cao,Vừa
3336,Quan họ,quanho/audio_4_149.wav,1,Mạnh,Thấp,Trầm,Cao,Chậm,Rất thấp,Vừa
3337,Quan họ,quanho/audio_4_149.wav,2,Vừa,Thấp,Trầm,Cao,Nhanh,Rất thấp,Vừa
3338,Quan họ,quanho/audio_14_050.wav,1,Mạnh,Thấp,Trầm,Thấp,Vừa,Rất thấp,Vừa
3339,Quan họ,quanho/audio_14_050.wav,2,Rất mạnh,Thấp,Trung,Thấp,Vừa,Thấp,Vừa
3340,Quan họ,quanho/audio_26_023.wav,1,Rất mạnh,Cao,Trung,Trung bình,Chậm,Rất cao,Ít luyến
3341,Quan họ,quanho/audio_26_023.wav,2,Rất mạnh,Cao,Trung,Trung bình,Vừa,Rất cao,Ít luyến
3342,Quan họ,quanho/audio_10_034.wav,1,Mạnh,Thấp,Trung,Trung bình,Vừa,Rất cao,Vừa
3343,Quan họ,quanho/audio_10_034.wav,2,Yếu,Thấp,Trung,Trung bình,Vừa,Rất cao,Vừa
3344,Quan họ,quanho/audio_12_056.wav,1,Mạnh,Thấp,Rất trầm,Trung bình,Vừa,Rất cao,Ít luyến
3345,Quan họ,quanho/audio_12_056.wav,2,Rất mạnh,Thấp,Rất trầm,Trung bình,Vừa,Rất cao,Ít luyến
3346,Quan họ,quanho/audio_7_021.wav,1,Yếu,Cao,Rất cao,Cao,Vừa,Rất cao,Nhiều luyến
3347,Quan họ,quanho/audio_7_021.wav,2,Mạnh,Cao,Trầm,Cao,Vừa,Rất cao,Vừa
3348,Quan họ,quanho/audio_12_072.wav,1,Mạnh,Trung bình,Trung,Trung bình,Vừa,Rất cao,Ít luyến
3349,Quan họ,quanho/audio_12_072.wav,2,Yếu,Trung bình,Trầm,Trung bình,Nhanh,Rất thấp,Ít luyến
3350,Quan họ,quanho/audio_7_057.wav,1,Yếu,Thấp,Trung,Trung bình,Vừa,Rất cao,Vừa
3351,Quan họ,quanho/audio_7_057.wav,2,Mạnh,Thấp,Trầm,Trung bình,Vừa,Rất cao,Nhiều luyến
3352,Quan họ,quanho/audio_12_139.wav,1,Yếu,Thấp,Trầm,Thấp,Nhanh,Rất cao,Ít luyến
3353,Quan họ,quanho/audio_12_139.wav,2,Mạnh,Trung bình,Rất cao,Trung bình,Vừa,Rất cao,Nhiều luyến
3354,Quan họ,quanho/audio_14_219.wav,1,Rất mạnh,Thấp,Trầm,Trung bình,Vừa,Rất cao,Vừa
3355,Quan họ,quanho/audio_14_219.wav,2,Mạnh,Thấp,Trung,Trung bình,Vừa,Rất cao,Vừa
3356,Quan họ,quanho/audio_4_122.wav,1,Rất mạnh,Thấp,Trung,Trung bình,Vừa,Rất cao,Vừa
3357,Quan họ,quanho/audio_4_122.wav,2,Mạnh,Thấp,Rất cao,Cao,Vừa,Rất cao,Vừa
3358,Quan họ,quanho/audio_26_147.wav,1,Mạnh,Thấp,Trung,Trung bình,Vừa,Rất cao,Vừa
3359,Quan họ,quanho/audio_26_147.wav,2,Mạnh,Thấp,Trung,Trung bình,Vừa,Rất cao,Vừa
3360,Quan họ,quanho/audio_14_169.wav,1,Mạnh,Trung bình,Rất trầm,Trung bình,Vừa,Rất cao,Ít luyến
3361,Quan họ,quanho/audio_14_169.wav,2,Mạnh,Thấp,Trung,Trung bình,Vừa,Rất cao,Vừa
3362,Quan họ,quanho/audio_20_098.wav,1,Rất mạnh,Thấp,Trung,Trung bình,Vừa,Rất cao,Vừa
3363,Quan họ,quanho/audio_20_098.wav,2,Rất mạnh,Thấp,Rất trầm,Trung bình,Vừa,Trung bình,Ít luyến
3364,Quan họ,quanho/audio_25_010.wav,1,Mạnh,Thấp,Trung,Cao,Vừa,Rất cao,Vừa
3365,Quan họ,quanho/audio_25_010.wav,2,Mạnh,Trung bình,Rất trầm,Trung bình,Vừa,Rất cao,Ít luyến
3366,Quan họ,quanho/audio_24_007.wav,1,Mạnh,Cao,Trầm,Trung bình,Vừa,Rất cao,Ít luyến
3367,Quan họ,quanho/audio_24_007.wav,2,Rất mạnh,Thấp,Trầm,Trung bình,Vừa,Thấp,Ít luyến
3368,Quan họ,quanho/audio_27_018.wav,1,Mạnh,Thấp,Trung,Trung bình,Vừa,Rất cao,Vừa
3369,Quan họ,quanho/audio_27_018.wav,2,Rất mạnh,Thấp,Trung,Cao,Vừa,Rất cao,Vừa
3370,Quan họ,quanho/audio_26_138.wav,1,Rất mạnh,Thấp,Trung,Trung bình,Nhanh,Rất cao,Vừa
3371,Quan họ,quanho/audio_26_138.wav,2,Mạnh,Thấp,Cao,Trung bình,Nhanh,Rất cao,Vừa
3372,Quan họ,quanho/audio_26_126.wav,1,Mạnh,Thấp,Trầm,Thấp,Vừa,Rất cao,Vừa
3373,Quan họ,quanho/audio_26_126.wav,2,Rất mạnh,Trung bình,Trầm,Trung bình,Vừa,Rất cao,Vừa
3374,Quan họ,quanho/audio_7_009.wav,1,Mạnh,Thấp,Rất trầm,Cao,Vừa,Rất cao,Ít luyến
3375,Quan họ,quanho/audio_7_009.wav,2,Mạnh,Thấp,Trầm,Cao,Vừa,Rất cao,Ít luyến
3376,Quan họ,quanho/audio_14_189.wav,1,Rất yếu,Thấp,Trầm,Trung bình,Vừa,Cao,Ít luyến
3377,Quan họ,quanho/audio_14_189.wav,2,Yếu,Cao,Rất trầm,Thấp,Vừa,Rất cao,Ít luyến
3378,Quan họ,quanho/audio_26_047.wav,1,Rất mạnh,Thấp,Trung,Trung bình,Vừa,Rất cao,Vừa
3379,Quan họ,quanho/audio_26_047.wav,2,Rất mạnh,Thấp,Trung,Trung bình,Vừa,Rất cao,Vừa
3380,Quan họ,quanho/audio_4_032.wav,1,Yếu,Thấp,Trung,Trung bình,Vừa,Rất cao,Vừa
3381,Quan họ,quanho/audio_4_032.wav,2,Mạnh,Thấp,Trầm,Trung bình,Vừa,Rất cao,Nhiều luyến
3382,Quan họ,quanho/audio_4_102.wav,1,Mạnh,Trung bình,Trung,Trung bình,Vừa,Rất cao,Ít luyến
3383,Quan họ,quanho/audio_4_102.wav,2,Mạnh,Cao,Trung,Cao,Chậm,Trung bình,Vừa
3384,Quan họ,quanho/audio_27_125.wav,1,Rất mạnh,Thấp,Trầm,Thấp,Vừa,Cao,Ít luyến
3385,Quan họ,quanho/audio_27_125.wav,2,Rất mạnh,Thấp,Trung,Trung bình,Vừa,Rất thấp,Vừa
3386,Quan họ,quanho/audio_22_082.wav,1,Mạnh,Cao,Rất cao,Trung bình,Vừa,Rất thấp,Nhiều luyến
3387,Quan họ,quanho/audio_22_082.wav,2,Mạnh,Cao,Cao,Trung bình,Vừa,Rất thấp,Nhiều luyến
3388,Quan họ,quanho/audio_7_012.wav,1,Mạnh,Thấp,Trung,Cao,Vừa,Rất cao,Vừa
3389,Quan họ,quanho/audio_7_012.wav,2,Mạnh,Trung bình,Trầm,Cao,Vừa,Rất cao,Ít luyến
3390,Quan họ,quanho/audio_7_002.wav,1,Rất mạnh,Trung bình,Trung,Trung bình,Vừa,Rất cao,Vừa
3391,Quan họ,quanho/audio_7_002.wav,2,Rất mạnh,Thấp,Trầm,Trung bình,Chậm,Rất cao,Vừa
3392,Quan họ,quanho/audio_3_091.wav,1,Mạnh,Cao,Trầm,Trung bình,Vừa,Cao,Ít luyến
3393,Quan họ,quanho/audio_3_091.wav,2,Mạnh,Cao,Trầm,Trung bình,Vừa,Rất cao,Ít luyến
3394,Quan họ,quanho/audio_20_107.wav,1,Mạnh,Cao,Trung,Cao,Vừa,Rất cao,Vừa
3395,Quan họ,quanho/audio_20_107.wav,2,Mạnh,Thấp,Trầm,Trung bình,Vừa,Rất cao,Vừa
3396,Quan họ,quanho/audio_28_142.wav,1,Mạnh,Thấp,Trầm,Thấp,Vừa,Rất cao,Ít luyến
3397,Quan họ,quanho/audio_28_142.wav,2,Mạnh,Thấp,Trung,Trung bình,Vừa,Rất cao,Vừa
3398,Quan họ,quanho/audio_18_109.wav,1,Rất mạnh,Thấp,Trung,Trung bình,Vừa,Cao,Vừa
3399,Quan họ,quanho/audio_18_109.wav,2,Rất mạnh,Thấp,Trung,Trung bình,Vừa,Trung bình,Vừa
3400,Quan họ,quanho/audio_2_132.wav,1,Mạnh,Trung bình,Trầm,Trung bình,Chậm,Cao,Vừa
3401,Quan họ,quanho/audio_2_132.wav,2,Mạnh,Thấp,Trung,Trung bình,Vừa,Rất cao,Vừa
3402,Quan họ,quanho/audio_14_166.wav,1,Mạnh,Thấp,Rất trầm,Trung bình,Vừa,Rất cao,Ít luyến
3403,Quan họ,quanho/audio_14_166.wav,2,Rất mạnh,Thấp,Rất trầm,Trung bình,Vừa,Rất cao,Ít luyến
3404,Quan họ,quanho/audio_9_094.wav,1,Rất mạnh,Thấp,Trầm,Trung bình,Chậm,Trung bình,Ít luyến
3405,Quan họ,quanho/audio_9_094.wav,2,Mạnh,Thấp,Rất trầm,Trung bình,Chậm,Rất thấp,Ít luyến
3406,Quan họ,quanho/audio_18_026.wav,1,Mạnh,Thấp,Trầm,Trung bình,Vừa,Cao,Ít luyến
3407,Quan họ,quanho/audio_18_026.wav,2,Mạnh,Thấp,Trung,Trung bình,Vừa,Rất cao,Vừa
3408,Quan họ,quanho/audio_7_135.wav,1,Mạnh,Thấp,Trung,Trung bình,Nhanh,Rất cao,Vừa
3409,Quan họ,quanho/audio_7_135.wav,2,Mạnh,Thấp,Trung,Trung bình,Chậm,Rất cao,Ít luyến
3410,Quan họ,quanho/audio_20_078.wav,1,Mạnh,Thấp,Rất cao,Trung bình,Vừa,Trung bình,Vừa
3411,Quan họ,quanho/audio_20_078.wav,2,Yếu,Thấp,Trung,Trung bình,Vừa,Rất cao,Vừa
3412,Quan họ,quanho/audio_4_054.wav,1,Mạnh,Cao,Trung,Trung bình,Vừa,Rất cao,Nhiều luyến
3413,Quan họ,quanho/audio_4_054.wav,2,Yếu,Cao,Trung,Trung bình,Vừa,Rất cao,Vừa
3414,Quan họ,quanho/audio_9_137.wav,1,Yếu,Thấp,Rất cao,Trung bình,Vừa,Rất cao,Nhiều luyến
3415,Quan họ,quanho/audio_9_137.wav,2,Mạnh,Thấp,Trầm,Cao,Vừa,Rất cao,Ít luyến
3416,Quan họ,quanho/audio_5_097.wav,1,Mạnh,Cao,Rất trầm,Trung bình,Vừa,Rất cao,Ít luyến
3417,Quan họ,quanho/audio_5_097.wav,2,Rất mạnh,Cao,Trầm,Thấp,Vừa,Rất cao,Ít luyến
3418,Quan họ,quanho/audio_28_151.wav,1,Rất mạnh,Thấp,Trung,Trung bình,Vừa,Cao,Vừa
3419,Quan họ,quanho/audio_28_151.wav,2,Rất mạnh,Thấp,Trung,Trung bình,Vừa,Rất cao,Vừa
3420,Quan họ,quanho/audio_21_028.wav,1,Mạnh,Thấp,Trầm,Trung bình,Vừa,Rất cao,Ít luyến
3421,Quan họ,quanho/audio_21_028.wav,2,Mạnh,Thấp,Rất trầm,Trung bình,Vừa,Rất cao,Ít luyến
3422,Quan họ,quanho/audio_12_114.wav,1,Mạnh,Thấp,Trung,Trung bình,Vừa,Cao,Vừa
3423,Quan họ,quanho/audio_12_114.wav,2,Yếu,Thấp,Trầm,Trung bình,Vừa,Thấp,Ít luyến
3424,Quan họ,quanho/audio_22_120.wav,1,Rất mạnh,Thấp,Cao,Thấp,Vừa,Rất thấp,Nhiều luyến
3425,Quan họ,quanho/audio_22_120.wav,2,Mạnh,Thấp,Trung,Trung bình,Vừa,Cao,Ít luyến
3426,Quan họ,quanho/audio_15_121.wav,1,Mạnh,Thấp,Trầm,Trung bình,Chậm,Rất thấp,Vừa
3427,Quan họ,quanho/audio_15_121.wav,2,Mạnh,Thấp,Trầm,Cao,Vừa,Rất thấp,Nhiều luyến
3428,Quan họ,quanho/audio_7_119.wav,1,Mạnh,Cao,Trung,Trung bình,Vừa,Rất thấp,Vừa
3429,Quan họ,quanho/audio_7_119.wav,2,Yếu,Cao,Trung,Trung bình,Vừa,Thấp,Vừa
3430,Quan họ,quanho/audio_2_096.wav,1,Yếu,Thấp,Rất trầm,Cao,Chậm,Thấp,Ít luyến
3431,Quan họ,quanho/audio_2_096.wav,2,Yếu,Thấp,Rất cao,Thấp,Vừa,Cao,Vừa
3432,Quan họ,quanho/audio_23_029.wav,1,Rất mạnh,Thấp,Trung,Trung bình,Vừa,Rất cao,Vừa
3433,Quan họ,quanho/audio_23_029.wav,2,Rất mạnh,Trung bình,Trung,Trung bình,Vừa,Rất cao,Vừa
3434,Quan họ,quanho/audio_25_030.wav,1,Yếu,Thấp,Trầm,Trung bình,Vừa,Trung bình,Ít luyến
3435,Quan họ,quanho/audio_25_030.wav,2,Mạnh,Thấp,Trầm,Trung bình,Vừa,Cao,Vừa
3436,Quan họ,quanho/audio_18_148.wav,1,Rất mạnh,Thấp,Trung,Trung bình,Vừa,Rất cao,Ít luyến
3437,Quan họ,quanho/audio_18_148.wav,2,Mạnh,Thấp,Trung,Trung bình,Vừa,Rất cao,Ít luyến
3438,Quan họ,quanho/audio_19_062.wav,1,Mạnh,Thấp,Trung,Trung bình,Vừa,Rất cao,Vừa
3439,Quan họ,quanho/audio_19_062.wav,2,Rất mạnh,Thấp,Rất trầm,Trung bình,Vừa,Rất cao,Ít luyến
3440,Quan họ,quanho/audio_9_109.wav,1,Mạnh,Thấp,Trung,Trung bình,Vừa,Rất cao,Vừa
3441,Quan họ,quanho/audio_9_109.wav,2,Mạnh,Thấp,Rất cao,Trung bình,Vừa,Rất cao,Nhiều luyến
3442,Quan họ,quanho/audio_28_206.wav,1,Mạnh,Cao,Trung,Thấp,Vừa,Rất cao,Ít luyến
3443,Quan họ,quanho/audio_28_206.wav,2,Mạnh,Cao,Cao,Trung bình,Vừa,Rất cao,Nhiều luyến
3444,Quan họ,quanho/audio_13_043.wav,1,Mạnh,Cao,Rất cao,Cao,Nhanh,Rất cao,Ít luyến
3445,Quan họ,quanho/audio_13_043.wav,2,Mạnh,Thấp,Rất trầm,Trung bình,Nhanh,Rất cao,Ít luyến
3446,Quan họ,quanho/audio_22_147.wav,1,Rất mạnh,Cao,Trầm,Trung bình,Vừa,Cao,Ít luyến
3447,Quan họ,quanho/audio_22_147.wav,2,Rất mạnh,Cao,Trầm,Trung bình,Vừa,Cao,Ít luyến
3448,Quan họ,quanho/audio_18_149.wav,1,Rất mạnh,Trung bình,Trung,Trung bình,Vừa,Rất cao,Vừa
3449,Quan họ,quanho/audio_18_149.wav,2,Rất mạnh,Thấp,Trung,Trung bình,Vừa,Rất cao,Vừa
3450,Quan họ,quanho/audio_27_146.wav,1,Mạnh,Cao,Trầm,Cao,Chậm,Rất cao,Vừa
3451,Quan họ,quanho/audio_27_146.wav,2,Rất mạnh,Thấp,Trầm,Trung bình,Chậm,Rất cao,Vừa
3452,Quan họ,quanho/audio_27_020.wav,1,Rất mạnh,Thấp,Trầm,Cao,Vừa,Rất cao,Vừa
3453,Quan họ,quanho/audio_27_020.wav,2,Yếu,Thấp,Cao,Trung bình,Vừa,Rất cao,Ít luyến
3454,Quan họ,quanho/audio_12_012.wav,1,Yếu,Thấp,Trung,Cao,Vừa,Rất cao,Vừa
3455,Quan họ,quanho/audio_12_012.wav,2,Yếu,Cao,Rất trầm,Trung bình,Vừa,Rất cao,Ít luyến
3456,Quan họ,quanho/audio_9_053.wav,1,Mạnh,Cao,Rất trầm,Trung bình,Vừa,Rất cao,Ít luyến
3457,Quan họ,quanho/audio_9_053.wav,2,Yếu,Thấp,Trầm,Cao,Vừa,Rất cao,Ít luyến
3458,Quan họ,quanho/audio_5_022.wav,1,Vừa,Trung bình,Cao,Cao,Vừa,Rất cao,Vừa
3459,Quan họ,quanho/audio_5_022.wav,2,Mạnh,Thấp,Cao,Cao,Vừa,Rất cao,Nhiều luyến
3460,Quan họ,quanho/audio_4_093.wav,1,Rất yếu,Thấp,Trầm,Cao,Vừa,Rất cao,Ít luyến
3461,Quan họ,quanho/audio_4_093.wav,2,Vừa,Thấp,Trung,Thấp,Vừa,Rất cao,Ít luyến
3462,Quan họ,quanho/audio_5_073.wav,1,Mạnh,Thấp,Trung,Trung bình,Vừa,Rất cao,Ít luyến
3463,Quan họ,quanho/audio_5_073.wav,2,Rất mạnh,Thấp,Trung,Trung bình,Vừa,Rất cao,Vừa
3464,Quan họ,quanho/audio_0_005.wav,1,Rất mạnh,Thấp,Trầm,Trung bình,Vừa,Cao,Vừa
3465,Quan họ,quanho/audio_0_005.wav,2,Yếu,Thấp,Trầm,Trung bình,Vừa,Cao,Ít luyến
3466,Quan họ,quanho/audio_28_174.wav,1,Mạnh,Cao,Trung,Trung bình,Vừa,Cao,Vừa
3467,Quan họ,quanho/audio_28_174.wav,2,Yếu,Thấp,Trầm,Trung bình,Vừa,Rất cao,Ít luyến
3468,Quan họ,quanho/audio_26_064.wav,1,Rất mạnh,Thấp,Trung,Trung bình,Chậm,Rất cao,Vừa
3469,Quan họ,quanho/audio_26_064.wav,2,Rất mạnh,Thấp,Trung,Trung bình,Nhanh,Rất cao,Nhiều luyến
3470,Quan họ,quanho/audio_28_119.wav,1,Mạnh,Thấp,Trung,Trung bình,Vừa,Rất cao,Vừa
3471,Quan họ,quanho/audio_28_119.wav,2,Mạnh,Thấp,Trung,Trung bình,Vừa,Rất cao,Vừa
3472,Quan họ,quanho/audio_17_069.wav,1,Rất yếu,Thấp,Trầm,Thấp,Vừa,Rất cao,Ít luyến
3473,Quan họ,quanho/audio_17_069.wav,2,Vừa,Thấp,Trung,Thấp,Vừa,Rất cao,Ít luyến
3474,Quan họ,quanho/audio_18_045.wav,1,Mạnh,Thấp,Trầm,Thấp,Vừa,Rất thấp,Vừa
3475,Quan họ,quanho/audio_18_045.wav,2,Rất mạnh,Thấp,Trung,Thấp,Vừa,Rất thấp,Vừa
3476,Quan họ,quanho/audio_28_107.wav,1,Rất mạnh,Thấp,Trầm,Thấp,Vừa,Rất cao,Ít luyến
3477,Quan họ,quanho/audio_28_107.wav,2,Rất mạnh,Thấp,Rất trầm,Thấp,Vừa,Cao,Ít luyến
3478,Quan họ,quanho/audio_17_028.wav,1,Yếu,Trung bình,Trầm,Cao,Vừa,Rất cao,Ít luyến
3479,Quan họ,quanho/audio_17_028.wav,2,Mạnh,Cao,Cao,Cao,Vừa,Rất cao,Nhiều luyến
3480,Quan họ,quanho/audio_15_146.wav,1,Rất mạnh,Cao,Rất trầm,Trung bình,Vừa,Cao,Ít luyến
3481,Quan họ,quanho/audio_15_146.wav,2,Mạnh,Cao,Rất trầm,Trung bình,Vừa,Cao,Ít luyến
3482,Quan họ,quanho/audio_14_117.wav,1,Yếu,Thấp,Trung,Trung bình,Vừa,Rất thấp,Vừa
3483,Quan họ,quanho/audio_14_117.wav,2,Mạnh,Thấp,Cao,Trung bình,Vừa,Rất cao,Vừa
3484,Quan họ,quanho/audio_20_154.wav,1,Mạnh,Thấp,Trầm,Trung bình,Vừa,Rất cao,Vừa
3485,Quan họ,quanho/audio_20_154.wav,2,Mạnh,Thấp,Trầm,Trung bình,Vừa,Rất cao,Vừa
3486,Quan họ,quanho/audio_2_061.wav,1,Mạnh,Thấp,Trầm,Thấp,Vừa,Rất thấp,Vừa
3487,Quan họ,quanho/audio_2_061.wav,2,Mạnh,Thấp,Trung,Thấp,Vừa,Rất thấp,Vừa
3488,Quan họ,quanho/audio_14_129.wav,1,Yếu,Thấp,Rất trầm,Trung bình,Vừa,Cao,Ít luyến
3489,Quan họ,quanho/audio_14_129.wav,2,Mạnh,Thấp,Trầm,Trung bình,Vừa,Rất cao,Ít luyến
3490,Quan họ,quanho/audio_14_059.wav,1,Mạnh,Cao,Rất trầm,Trung bình,Chậm,Cao,Ít luyến
3491,Quan họ,quanho/audio_14_059.wav,2,Yếu,Thấp,Trung,Cao,Vừa,Rất thấp,Nhiều luyến
3492,Quan họ,quanho/audio_21_063.wav,1,Mạnh,Thấp,Cao,Cao,Vừa,Rất cao,Vừa
3493,Quan họ,quanho/audio_21_063.wav,2,Mạnh,Cao,Trung,Trung bình,Vừa,Rất cao,Ít luyến
3494,Quan họ,quanho/audio_2_034.wav,1,Rất yếu,Thấp,Rất trầm,Trung bình,Vừa,Trung bình,Ít luyến
3495,Quan họ,quanho/audio_2_034.wav,2,Yếu,Cao,Rất trầm,Thấp,Vừa,Rất cao,Ít luyến
3496,Quan họ,quanho/audio_28_103.wav,1,Rất mạnh,Thấp,Trầm,Trung bình,Vừa,Rất cao,Ít luyến
3497,Quan họ,quanho/audio_28_103.wav,2,Rất mạnh,Thấp,Rất trầm,Thấp,Vừa,Cao,Ít luyến
3498,Quan họ,quanho/audio_20_009.wav,1,Mạnh,Thấp,Trầm,Trung bình,Vừa,Cao,Vừa
3499,Quan họ,quanho/audio_20_009.wav,2,Mạnh,Thấp,Trung,Trung bình,Vừa,Cao,Vừa
3500,Quan họ,quanho/audio_8_075.wav,1,Mạnh,Thấp,Trầm,Trung bình,Vừa,Cao,Ít luyến
3501,Quan họ,quanho/audio_8_075.wav,2,Yếu,Thấp,Trung,Thấp,Vừa,Rất cao,Ít luyến
3502,Quan họ,quanho/audio_9_121.wav,1,Mạnh,Thấp,Trầm,Trung bình,Vừa,Rất cao,Ít luyến
3503,Quan họ,quanho/audio_9_121.wav,2,Mạnh,Thấp,Trầm,Trung bình,Vừa,Rất cao,Ít luyến
3504,Quan họ,quanho/audio_3_125.wav,1,Mạnh,Thấp,Trung,Trung bình,Vừa,Thấp,Vừa
3505,Quan họ,quanho/audio_3_125.wav,2,Rất mạnh,Thấp,Trung,Trung bình,Vừa,Cao,Vừa
3506,Quan họ,quanho/audio_28_197.wav,1,Mạnh,Thấp,Trung,Trung bình,Vừa,Rất cao,Vừa
3507,Quan họ,quanho/audio_28_197.wav,2,Mạnh,Thấp,Trung,Trung bình,Vừa,Rất cao,Vừa
3508,Quan họ,quanho/audio_25_100.wav,1,Mạnh,Thấp,Trung,Trung bình,Chậm,Cao,Vừa
3509,Quan họ,quanho/audio_25_100.wav,2,Mạnh,Thấp,Trung,Trung bình,Vừa,Cao,Vừa
3510,Quan họ,quanho/audio_15_126.wav,1,Mạnh,Thấp,Trung,Cao,Vừa,Thấp,Vừa
3511,Quan họ,quanho/audio_15_126.wav,2,Mạnh,Thấp,Trầm,Cao,Vừa,Thấp,Vừa
3512,Quan họ,quanho/audio_0_117.wav,1,Rất mạnh,Thấp,Trầm,Trung bình,Chậm,Rất cao,Vừa
3513,Quan họ,quanho/audio_0_117.wav,2,Mạnh,Thấp,Trung,Cao,Chậm,Rất cao,Vừa
3514,Quan họ,quanho/audio_8_132.wav,1,Yếu,Thấp,Rất trầm,Trung bình,Vừa,Rất cao,Ít luyến
3515,Quan họ,quanho/audio_8_132.wav,2,Mạnh,Trung bình,Trung,Cao,Vừa,Rất cao,Ít luyến
3516,Quan họ,quanho/audio_22_078.wav,1,Mạnh,Thấp,Trầm,Trung bình,Vừa,Cao,Ít luyến
3517,Quan họ,quanho/audio_22_078.wav,2,Mạnh,Trung bình,Rất trầm,Trung bình,Vừa,Rất cao,Ít luyến
3518,Quan họ,quanho/audio_2_164.wav,1,Rất mạnh,Thấp,Rất trầm,Trung bình,Vừa,Cao,Ít luyến
3519,Quan họ,quanho/audio_2_164.wav,2,Mạnh,Thấp,Trung,Trung bình,Nhanh,Trung bình,Ít luyến
3520,Quan họ,quanho/audio_20_145.wav,1,Rất mạnh,Thấp,Rất trầm,Thấp,Vừa,Cao,Ít luyến
3521,Quan họ,quanho/audio_20_145.wav,2,Rất mạnh,Thấp,Rất trầm,Thấp,Vừa,Trung bình,Ít luyến
3522,Quan họ,quanho/audio_22_132.wav,1,Rất mạnh,Cao,Trầm,Cao,Vừa,Trung bình,Vừa
3523,Quan họ,quanho/audio_22_132.wav,2,Rất mạnh,Trung bình,Trầm,Cao,Chậm,Thấp,Vừa
3524,Quan họ,quanho/audio_22_156.wav,1,Yếu,Thấp,Rất trầm,Trung bình,Vừa,Cao,Ít luyến
3525,Quan họ,quanho/audio_22_156.wav,2,Yếu,Thấp,Rất trầm,Trung bình,Vừa,Rất cao,Ít luyến
3526,Quan họ,quanho/audio_21_080.wav,1,Rất mạnh,Trung bình,Trầm,Trung bình,Nhanh,Rất thấp,Vừa
3527,Quan họ,quanho/audio_21_080.wav,2,Vừa,Thấp,Trung,Cao,Vừa,Cao,Nhiều luyến
3528,Quan họ,quanho/audio_17_140.wav,1,Rất mạnh,Cao,Trầm,Trung bình,Vừa,Cao,Ít luyến
3529,Quan họ,quanho/audio_17_140.wav,2,Mạnh,Cao,Rất trầm,Trung bình,Vừa,Cao,Ít luyến
3530,Quan họ,quanho/audio_3_054.wav,1,Rất mạnh,Thấp,Trung,Trung bình,Vừa,Rất cao,Vừa
3531,Quan họ,quanho/audio_3_054.wav,2,Mạnh,Thấp,Trung,Thấp,Vừa,Rất cao,Vừa
3532,Quan họ,quanho/audio_4_119.wav,1,Mạnh,Cao,Trung,Cao,Vừa,Rất cao,Ít luyến
3533,Quan họ,quanho/audio_4_119.wav,2,Mạnh,Thấp,Rất trầm,Cao,Chậm,Thấp,Ít luyến
3534,Quan họ,quanho/audio_19_020.wav,1,Mạnh,Cao,Trung,Trung bình,Vừa,Rất cao,Ít luyến
3535,Quan họ,quanho/audio_19_020.wav,2,Mạnh,Cao,Trầm,Trung bình,Vừa,Rất cao,Vừa
3536,Quan họ,quanho/audio_13_025.wav,1,Mạnh,Thấp,Cao,Trung bình,Vừa,Rất cao,Vừa
3537,Quan họ,quanho/audio_13_025.wav,2,Mạnh,Thấp,Trầm,Trung bình,Vừa,Trung bình,Ít luyến
3538,Quan họ,quanho/audio_2_111.wav,1,Mạnh,Thấp,Trung,Trung bình,Vừa,Rất cao,Vừa
3539,Quan họ,quanho/audio_2_111.wav,2,Mạnh,Thấp,Cao,Thấp,Chậm,Rất cao,Ít luyến
3540,Quan họ,quanho/audio_5_115.wav,1,Mạnh,Thấp,Trung,Trung bình,Vừa,Rất cao,Vừa
3541,Quan họ,quanho/audio_5_115.wav,2,Mạnh,Thấp,Trầm,Trung bình,Vừa,Cao,Ít luyến
3542,Quan họ,quanho/audio_22_037.wav,1,Mạnh,Thấp,Rất trầm,Trung bình,Vừa,Trung bình,Ít luyến
3543,Quan họ,quanho/audio_22_037.wav,2,Mạnh,Thấp,Rất cao,Thấp,Vừa,Rất thấp,Nhiều luyến
3544,Quan họ,quanho/audio_25_120.wav,1,Mạnh,Thấp,Trung,Trung bình,Vừa,Rất cao,Vừa
3545,Quan họ,quanho/audio_25_120.wav,2,Rất mạnh,Thấp,Trung,Cao,Vừa,Rất cao,Vừa
3546,Quan họ,quanho/audio_21_087.wav,1,Rất mạnh,Thấp,Trầm,Cao,Vừa,Cao,Vừa
3547,Quan họ,quanho/audio_21_087.wav,2,Mạnh,Thấp,Trầm,Cao,Vừa,Cao,Ít luyến
3548,Quan họ,quanho/audio_9_088.wav,1,Vừa,Thấp,Cao,Thấp,Vừa,Rất cao,Vừa
3549,Quan họ,quanho/audio_9_088.wav,2,Mạnh,Trung bình,Rất trầm,Trung bình,Vừa,Trung bình,Ít luyến
3550,Quan họ,quanho/audio_18_002.wav,1,Yếu,Trung bình,Rất trầm,Cao,Vừa,Rất cao,Ít luyến
3551,Quan họ,quanho/audio_18_002.wav,2,Mạnh,Thấp,Trung,Cao,Vừa,Rất cao,Ít luyến
3552,Quan họ,quanho/audio_27_072.wav,1,Mạnh,Thấp,Trung,Trung bình,Vừa,Rất cao,Vừa
3553,Quan họ,quanho/audio_27_072.wav,2,Mạnh,Cao,Trung,Trung bình,Vừa,Rất cao,Vừa
3554,Quan họ,quanho/audio_25_079.wav,1,Vừa,Thấp,Trầm,Thấp,Nhanh,Rất thấp,Ít luyến
3555,Quan họ,quanho/audio_25_079.wav,2,Yếu,Thấp,Cao,Trung bình,Vừa,Rất cao,Vừa
3556,Quan họ,quanho/audio_14_043.wav,1,Mạnh,Thấp,Trung,Trung bình,Vừa,Cao,Vừa
3557,Quan họ,quanho/audio_14_043.wav,2,Mạnh,Thấp,Trầm,Thấp,Vừa,Rất thấp,Ít luyến
3558,Quan họ,quanho/audio_0_090.wav,1,Mạnh,Cao,Rất trầm,Trung bình,Vừa,Rất cao,Ít luyến
3559,Quan họ,quanho/audio_0_090.wav,2,Mạnh,Thấp,Trầm,Trung bình,Vừa,Rất cao,Ít luyến
3560,Quan họ,quanho/audio_21_048.wav,1,Mạnh,Thấp,Trung,Trung bình,Vừa,Rất cao,Vừa
3561,Quan họ,quanho/audio_21_048.wav,2,Mạnh,Thấp,Rất trầm,Trung bình,Vừa,Rất cao,Ít luyến
3562,Quan họ,quanho/audio_22_121.wav,1,Mạnh,Thấp,Rất trầm,Trung bình,Vừa,Cao,Ít luyến
3563,Quan họ,quanho/audio_22_121.wav,2,Mạnh,Thấp,Trung,Trung bình,Vừa,Rất cao,Vừa
3564,Quan họ,quanho/audio_19_022.wav,1,Mạnh,Cao,Trung,Trung bình,Vừa,Rất cao,Vừa
3565,Quan họ,quanho/audio_19_022.wav,2,Mạnh,Cao,Trầm,Trung bình,Vừa,Rất cao,Vừa
3566,Quan họ,quanho/audio_13_024.wav,1,Mạnh,Thấp,Trầm,Trung bình,Vừa,Cao,Vừa
3567,Quan họ,quanho/audio_13_024.wav,2,Mạnh,Thấp,Trầm,Trung bình,Vừa,Rất cao,Ít luyến
3568,Quan họ,quanho/audio_4_143.wav,1,Rất mạnh,Thấp,Trầm,Cao,Vừa,Rất cao,Vừa
3569,Quan họ,quanho/audio_4_143.wav,2,Rất mạnh,Thấp,Trầm,Cao,Vừa,Cao,Vừa
3570,Quan họ,quanho/audio_26_137.wav,1,Mạnh,Thấp,Trầm,Trung bình,Nhanh,Rất cao,Vừa
3571,Quan họ,quanho/audio_26_137.wav,2,Mạnh,Thấp,Trung,Trung bình,Nhanh,Rất cao,Vừa
3572,Quan họ,quanho/audio_7_036.wav,1,Mạnh,Thấp,Rất cao,Thấp,Vừa,Rất cao,Nhiều luyến
3573,Quan họ,quanho/audio_7_036.wav,2,Vừa,Thấp,Rất cao,Thấp,Vừa,Rất cao,Ít luyến
3574,Quan họ,quanho/audio_14_057.wav,1,Yếu,Cao,Rất trầm,Cao,Vừa,Rất cao,Ít luyến
3575,Quan họ,quanho/audio_14_057.wav,2,Mạnh,Thấp,Rất trầm,Trung bình,Vừa,Rất cao,Ít luyến
3576,Quan họ,quanho/audio_15_035.wav,1,Mạnh,Thấp,Trầm,Cao,Vừa,Rất cao,Ít luyến
3577,Quan họ,quanho/audio_15_035.wav,2,Vừa,Thấp,Cao,Cao,Chậm,Rất cao,Nhiều luyến
3578,Quan họ,quanho/audio_15_103.wav,1,Rất mạnh,Thấp,Trầm,Trung bình,Vừa,Rất thấp,Vừa
3579,Quan họ,quanho/audio_15_103.wav,2,Rất mạnh,Trung bình,Rất cao,Cao,Vừa,Cao,Vừa
3580,Quan họ,quanho/audio_5_027.wav,1,Mạnh,Thấp,Trầm,Trung bình,Vừa,Rất cao,Vừa
3581,Quan họ,quanho/audio_5_027.wav,2,Mạnh,Thấp,Trung,Trung bình,Vừa,Rất cao,Ít luyến
3582,Quan họ,quanho/audio_19_016.wav,1,Vừa,Cao,Trung,Trung bình,Vừa,Thấp,Vừa
3583,Quan họ,quanho/audio_19_016.wav,2,Yếu,Cao,Trung,Trung bình,Vừa,Rất cao,Vừa
3584,Quan họ,quanho/audio_12_082.wav,1,Mạnh,Trung bình,Trung,Trung bình,Vừa,Cao,Vừa
3585,Quan họ,quanho/audio_12_082.wav,2,Yếu,Thấp,Trầm,Thấp,Vừa,Rất cao,Ít luyến
3586,Quan họ,quanho/audio_17_042.wav,1,Mạnh,Cao,Trung,Trung bình,Vừa,Rất cao,Ít luyến
3587,Quan họ,quanho/audio_17_042.wav,2,Mạnh,Thấp,Rất trầm,Trung bình,Chậm,Rất cao,Ít luyến
3588,Quan họ,quanho/audio_7_132.wav,1,Yếu,Thấp,Trung,Trung bình,Vừa,Rất cao,Ít luyến
3589,Quan họ,quanho/audio_7_132.wav,2,Yếu,Thấp,Trầm,Trung bình,Vừa,Rất cao,Ít luyến
3590,Quan họ,quanho/audio_22_100.wav,1,Yếu,Trung bình,Trung,Cao,Vừa,Rất thấp,Ít luyến
3591,Quan họ,quanho/audio_22_100.wav,2,Rất yếu,Trung bình,Trung,Trung bình,Vừa,Rất thấp,Vừa
3592,Quan họ,quanho/audio_0_087.wav,1,Mạnh,Thấp,Trung,Trung bình,Vừa,Rất cao,Vừa
3593,Quan họ,quanho/audio_0_087.wav,2,Mạnh,Thấp,Trung,Trung bình,Vừa,Cao,Vừa
3594,Quan họ,quanho/audio_27_043.wav,1,Mạnh,Thấp,Trung,Trung bình,Vừa,Rất cao,Vừa
3595,Quan họ,quanho/audio_27_043.wav,2,Mạnh,Thấp,Trầm,Thấp,Vừa,Rất cao,Vừa
3596,Quan họ,quanho/audio_14_078.wav,1,Yếu,Thấp,Trầm,Cao,Chậm,Rất cao,Ít luyến
3597,Quan họ,quanho/audio_14_078.wav,2,Yếu,Thấp,Rất trầm,Cao,Nhanh,Trung bình,Ít luyến
3598,Quan họ,quanho/audio_8_000.wav,1,Mạnh,Thấp,Cao,Thấp,Vừa,Rất cao,Nhiều luyến
3599,Quan họ,quanho/audio_8_000.wav,2,Rất mạnh,Thấp,Cao,Cao,Vừa,Rất cao,Vừa
